source_id,aperture_m,scenario,p_det,mean_snr,wa_frac
3267929947104804096,4.0,current_1e-9,0.0,0.00211854104905604,0.0
5642877846246495360,4.0,current_1e-9,0.0,0.0019964005820412023,0.0
6603465041679231872,4.0,current_1e-9,0.0,0.010201818409681648,0.0
2046526391572691328,4.0,current_1e-9,0.0,0.0034947261312372204,0.0
1016789806037687424,4.0,current_1e-9,0.0,0.009286318444003658,0.0
5679711000438989312,4.0,current_1e-9,0.0,0.0009260890805197668,0.0
2995683893041962368,4.0,current_1e-9,0.0,0.003316642014060295,0.0
5953737099445742848,4.0,current_1e-9,0.0,0.00231918462413553,0.0
4615401513032729088,4.0,current_1e-9,0.0,0.0032011063999508654,0.0
3004510772390701696,4.0,current_1e-9,0.0,0.004413722280591344,0.0
4069792782145982080,4.0,current_1e-9,0.0,0.005601065321615344,0.0
5814108395520777856,4.0,current_1e-9,0.0,0.00487938354742834,0.0
5962272505153840896,4.0,current_1e-9,0.0,0.007635047781140543,0.0
2149291627370030336,4.0,current_1e-9,0.0,0.001962905892472754,0.0
1323478680316848256,4.0,current_1e-9,0.0,0.0033759032201337415,0.0
5260504054704228736,4.0,current_1e-9,0.0,0.007821445564330178,0.0
5841541455445538432,4.0,current_1e-9,0.0,0.002598498575879525,0.0
3867940039451965952,4.0,current_1e-9,0.0,0.005938471840835545,0.0
87878642944408960,4.0,current_1e-9,0.0,0.0028487916964843258,0.0
3151482384299373696,4.0,current_1e-9,0.0,0.012010945564511285,0.0
6181044017297795968,4.0,current_1e-9,0.0,0.021814809511559723,0.0
803645216387486720,4.0,current_1e-9,0.0,0.010583214452229601,0.0
5914174364643486592,4.0,current_1e-9,0.0,0.004597380554314832,0.0
4797122403959920768,4.0,current_1e-9,0.0,0.006958415735809726,0.0
2575048093288905088,4.0,current_1e-9,0.0,0.006575069000554415,0.0
4229058961259584256,4.0,current_1e-9,0.0,0.012202908228650926,0.0
4561522831932945920,4.0,current_1e-9,0.0,0.008479617366650385,0.0
2208326773198648320,4.0,current_1e-9,0.0,0.00792930376463971,0.0
6094128791359632256,4.0,current_1e-9,0.0,0.006572218424110172,0.0
2769623267282593152,4.0,current_1e-9,0.0,0.005452070522785684,0.0
5660807578058341120,4.0,current_1e-9,0.0,0.004468799776971631,0.0
296496818102428544,4.0,current_1e-9,0.0,0.006140638605731506,0.0
158752853233960704,4.0,current_1e-9,0.0,0.0014888121587129394,0.0
2259514678757235200,4.0,current_1e-9,0.0,0.0025498569119314267,0.0
4227855172121285760,4.0,current_1e-9,0.0,0.005818005461830039,0.0
2196000977264781056,4.0,current_1e-9,0.0,0.0044577116680696895,0.0
1422765267499632640,4.0,current_1e-9,0.0,0.004217025298240852,0.0
5351303408563334912,4.0,current_1e-9,0.0,0.0039362768440182735,0.0
1364263517961035648,4.0,current_1e-9,0.0,0.0031120854684287304,0.0
5274946414813497344,4.0,current_1e-9,0.0,0.005170735824294164,0.0
3180960123537829760,4.0,current_1e-9,0.0,0.007411491818950584,0.0
2757278951454094208,4.0,current_1e-9,0.0,0.0030898248811458196,0.0
2703346703520007168,4.0,current_1e-9,0.0,0.0028647646930113403,0.0
4002529127504102656,4.0,current_1e-9,0.0,0.012800785452131933,0.0
5421588692928858752,4.0,current_1e-9,0.0,0.0022395772470257115,0.0
6050388913137070848,4.0,current_1e-9,0.0,0.0025917731669952444,0.0
4345060775182367232,4.0,current_1e-9,0.0,0.0020906308299937725,0.0
992946106114748032,4.0,current_1e-9,0.0,0.005900212809585687,0.0
676792841901784192,4.0,current_1e-9,0.0,0.004609145910528234,0.0
218953691837608960,4.0,current_1e-9,0.0,0.003915815704820668,0.0
2482368024800833024,4.0,current_1e-9,0.0,0.005743748376830945,0.0
4609966833215963392,4.0,current_1e-9,0.0,0.003495594590016893,0.0
6844037812175117440,4.0,current_1e-9,0.0,0.004218149837761764,0.0
6441225886185109632,4.0,current_1e-9,0.0,0.004795869217412969,0.0
1275271417631701504,4.0,current_1e-9,0.0,0.003623937601771761,0.0
6490173906174556416,4.0,current_1e-9,0.0,0.003424286456332821,0.0
5940429538445511808,4.0,current_1e-9,0.0,0.011831720691731709,0.0
3793148372312611456,4.0,current_1e-9,0.0,0.0041190462659234615,0.0
3138662151736925568,4.0,current_1e-9,0.0,0.0026284314280777717,0.0
5976199159903812736,4.0,current_1e-9,0.0,0.002127530754231864,0.0
1504338722359357568,4.0,current_1e-9,0.0,0.005218778595892084,0.0
1688451325954477184,4.0,current_1e-9,0.0,0.006855302075795245,0.0
5889045855385067136,4.0,current_1e-9,0.0,0.0023504394119942943,0.0
4081754605352170496,4.0,current_1e-9,0.0,0.011013211879707484,0.0
2691146831736184576,4.0,current_1e-9,0.0,0.0037795805006003943,0.0
334398010409366400,4.0,current_1e-9,0.0,0.004373906960751311,0.0
1383626089525174016,4.0,current_1e-9,0.0,0.0036986390348289757,0.0
3702063519102244480,4.0,current_1e-9,0.0,0.010267449487977129,0.0
5423016683660491264,4.0,current_1e-9,0.0,0.0026323171585432856,0.0
2804852929801600768,4.0,current_1e-9,0.0,0.013826790770805996,0.0
3114023912926376448,4.0,current_1e-9,0.0,0.0038250749039978643,0.0
5524591457617244928,4.0,current_1e-9,0.0,0.0032109351139338986,0.0
4060366016201160320,4.0,current_1e-9,0.0,0.0001890233335909664,0.0
6694638847956909696,4.0,current_1e-9,0.0,0.0033197984133092493,0.0
3039556915253606144,4.0,current_1e-9,0.0,0.007331056017142053,0.0
6237927045205600000,4.0,current_1e-9,0.0,0.0021077722495437866,0.0
1878241773237645184,4.0,current_1e-9,0.0,0.003620505266806984,0.0
4288946748293342080,4.0,current_1e-9,0.0,0.03195954493865796,0.0
2337648311488015360,4.0,current_1e-9,0.0,0.005739741084850666,0.0
4395214100433309184,4.0,current_1e-9,0.0,0.009669931947275973,0.0
2796277112767076864,4.0,current_1e-9,0.0,0.0013977996676087132,0.0
6016504747910034432,4.0,current_1e-9,0.0,0.0023389830793723435,0.0
5166280100090122880,4.0,current_1e-9,0.0,0.008939825021577282,0.0
1130573557111974912,4.0,current_1e-9,0.0,0.008210791298202008,0.0
164738354017665664,4.0,current_1e-9,0.0,0.0004692574642040021,0.0
1761771910959772032,4.0,current_1e-9,0.0,0.0036625324237453596,0.0
1329848490477856768,4.0,current_1e-9,0.0,0.03412763008276082,0.0
3311535375672171776,4.0,current_1e-9,0.0,0.0074273326873827246,0.0
6112272348126668800,4.0,current_1e-9,0.0,0.005332067977773466,0.0
6755038496304470144,4.0,current_1e-9,0.0,0.004418370480719325,0.0
4283053988756001920,4.0,current_1e-9,0.0,0.0037880482097747306,0.0
2599647119044490496,4.0,current_1e-9,0.0,0.004381038661553174,0.0
490441735713670528,4.0,current_1e-9,0.0,0.003799537141884172,0.0
4934043968492272896,4.0,current_1e-9,0.0,0.005491171857134896,0.0
2621100450623361280,4.0,current_1e-9,0.0,0.024777618158759375,0.0
1851315420672845056,4.0,current_1e-9,0.0,0.005141717534881316,0.0
5541455315986463104,4.0,current_1e-9,0.0,0.0023423361651397443,0.0
5976098417137532800,4.0,current_1e-9,0.0,0.00306531646662665,0.0
28898090451449472,4.0,current_1e-9,0.0,0.0028575113322220807,0.0
6592347918267168128,4.0,current_1e-9,0.0,0.006111304896043363,0.0
5887064359268864256,4.0,current_1e-9,0.0,0.0009262665403161223,0.0
6518913495153329920,4.0,current_1e-9,0.0,0.00227333540053195,0.0
4600878063941953280,4.0,current_1e-9,0.0,0.0037924039528021477,0.0
992845122843798016,4.0,current_1e-9,0.0,0.004282417637033265,0.0
3664521351702250752,4.0,current_1e-9,0.0,0.014146013644355745,0.0
3711953493050429568,4.0,current_1e-9,0.0,0.005283515315067015,0.0
5473228871432372992,4.0,current_1e-9,0.0,0.004009364172483542,0.0
6752384069075512320,4.0,current_1e-9,0.0,0.0031552375843950584,0.0
4115513220094402048,4.0,current_1e-9,0.0,0.0018264995885935128,0.0
4602130957441446400,4.0,current_1e-9,0.0,0.0027677022132215636,0.0
377546664910219776,4.0,current_1e-9,0.0,0.009480522272012855,0.0
4364333977066797056,4.0,current_1e-9,0.0,0.0011230576715742387,0.0
5768315046181771904,4.0,current_1e-9,0.0,0.0028220470490204243,0.0
123580919370477952,4.0,current_1e-9,0.0,0.002741562559034653,0.0
4366334126156046976,4.0,current_1e-9,0.0,0.00204868386380008,0.0
4901782819863332608,4.0,current_1e-9,0.0,0.014912036955869363,0.0
2151838817854979456,4.0,current_1e-9,0.0,0.0022306891903957596,0.0
1343460895402697600,4.0,current_1e-9,0.0,0.008364077332457486,0.0
6136053959995638016,4.0,current_1e-9,0.0,0.0029608800524346186,0.0
2221263218985851520,4.0,current_1e-9,0.0,0.02966436996022088,0.0
4162186251740404608,4.0,current_1e-9,0.0,0.009578585356147036,0.0
1678399143976755584,4.0,current_1e-9,0.0,0.008110577232094454,0.0
2704125913666895104,4.0,current_1e-9,0.0,0.0025815817809658036,0.0
5000393997669149952,4.0,current_1e-9,0.0,0.005605238362315062,0.0
2491206105423269504,4.0,current_1e-9,0.0,0.0101903354703317,0.0
6274538269849968512,4.0,current_1e-9,0.0,0.00312856077882161,0.0
707365862223681408,4.0,current_1e-9,0.0,0.0030858120260013225,0.0
4735086373076351744,4.0,current_1e-9,0.0,0.012155798849544618,0.0
2799316059826451328,4.0,current_1e-9,0.0,0.005611959532875959,0.0
1875970079134757760,4.0,current_1e-9,0.0,0.003390109970635896,0.0
1783649894544856960,4.0,current_1e-9,0.0,0.003234279457057934,0.0
2554116930949289856,4.0,current_1e-9,0.0,0.005107187818286943,0.0
2753295523906432384,4.0,current_1e-9,0.0,0.0027662090789287454,0.0
886990809110955008,4.0,current_1e-9,0.0,0.006602582879855329,0.0
919018036639891968,4.0,current_1e-9,0.0,0.008168247035513675,0.0
2833555985786735232,4.0,current_1e-9,0.0,0.007144348933446032,0.0
3023472056569280512,4.0,current_1e-9,0.0,0.0038941728032900118,0.0
868768602903736832,4.0,current_1e-9,0.0,0.0037200553837143293,0.0
5178460008866279808,4.0,current_1e-9,0.0,0.004245328325838479,0.0
3004697238395042176,4.0,current_1e-9,0.0,0.011476152606606031,0.0
2346247935526578688,4.0,current_1e-9,0.0,0.003685762072372891,0.0
1933622971340170496,4.0,current_1e-9,0.0,0.0031281980797842764,0.0
1014188567684692224,4.0,current_1e-9,0.0,0.003742647475501807,0.0
5466445022127902976,4.0,current_1e-9,0.0,0.0038086456169289817,0.0
6681692893110527232,4.0,current_1e-9,0.0,0.004431759225106505,0.0
5185560414440293632,4.0,current_1e-9,0.0,0.010030346482090974,0.0
5800349145690204288,4.0,current_1e-9,0.0,0.0031606168844170415,0.0
4105409399796978944,4.0,current_1e-9,0.0,0.0019693707323974997,0.0
4708692944344873216,4.0,current_1e-9,0.0,0.002629104141206722,0.0
2027994226190382848,4.0,current_1e-9,0.0,0.0029225891682351035,0.0
2511654375999952640,4.0,current_1e-9,0.0,0.003933149995418628,0.0
5493261389176885632,4.0,current_1e-9,0.0,0.00471449202829295,0.0
2240388880151078528,4.0,current_1e-9,0.0,0.0032645226144283265,0.0
5658455555185799040,4.0,current_1e-9,0.0,0.002489408690227999,0.0
5052502602489649664,4.0,current_1e-9,0.0,0.009421110493983576,0.0
1979258613779627520,4.0,current_1e-9,0.0,0.003807634262863472,0.0
446639254048922112,4.0,current_1e-9,0.0,0.0020886439192697353,0.0
5601915746720479104,4.0,current_1e-9,0.0,0.004135957437860003,0.0
4776963682897871616,4.0,current_1e-9,0.0,0.013771208962081264,0.0
3280686721529098368,4.0,current_1e-9,0.0,0.0027633012821824156,0.0
1285339370727734400,4.0,current_1e-9,0.0,0.004950524839393313,0.0
5511484179500121088,4.0,current_1e-9,0.0,0.003678934231591418,0.0
519978157091449088,4.0,current_1e-9,0.0,0.0018011050114627705,0.0
3855789469596668544,4.0,current_1e-9,0.0,0.0019155776264524005,0.0
572054498112591744,4.0,current_1e-9,0.0,0.0021110492672050574,0.0
357842591908022912,4.0,current_1e-9,0.0,0.0022742114400870466,0.0
5927844322167316352,4.0,current_1e-9,0.0,0.0019270133974852686,0.0
2281306105868025600,4.0,current_1e-9,0.0,0.0050271980903269274,0.0
6342743866636102528,4.0,current_1e-9,0.0,0.0022667697884775533,0.0
1690963263347609088,4.0,current_1e-9,0.0,0.004741710462447795,0.0
1230823728796492672,4.0,current_1e-9,0.0,0.0039039257254441287,0.0
6411524297547089024,4.0,current_1e-9,0.0,0.0030717601823652256,0.0
2935813011016890752,4.0,current_1e-9,0.0,0.003043317811330924,0.0
1510354597152530176,4.0,current_1e-9,0.0,0.005022474722049764,0.0
263711679169833728,4.0,current_1e-9,0.0,0.002650712207558131,0.0
2203996935067479424,4.0,current_1e-9,0.0,0.008425587411232947,0.0
4637390027600793344,4.0,current_1e-9,0.0,0.003647741376566509,0.0
3326809997366173568,4.0,current_1e-9,0.0,0.004828624067658343,0.0
359891153870510208,4.0,current_1e-9,0.0,0.01366589416379716,0.0
3194157939562713472,4.0,current_1e-9,0.0,0.004099356466834365,0.0
5654914887224650240,4.0,current_1e-9,0.0,0.003861932801452732,0.0
132596261882440320,4.0,current_1e-9,0.0,0.0037594622902374585,0.0
4262558915898078720,4.0,current_1e-9,0.0,0.0030621522252108086,0.0
6149021149160162176,4.0,current_1e-9,0.0,0.0022452001833930773,0.0
2811411825899219200,4.0,current_1e-9,0.0,0.013826566441757861,0.0
1900800964403932800,4.0,current_1e-9,0.0,0.0023078462136694924,0.0
6009934130839583488,4.0,current_1e-9,0.0,0.0015990257484228725,0.0
6872322302128569344,4.0,current_1e-9,0.0,0.002755372807925218,0.0
4548634356637185792,4.0,current_1e-9,0.0,0.005771545017252928,0.0
6527091903161249152,4.0,current_1e-9,0.0,0.0027638950236951692,0.0
2639759162947729408,4.0,current_1e-9,0.0,0.002559033885669565,0.0
4100927786033595648,4.0,current_1e-9,0.0,0.0022090263775479545,0.0
5371882654157606912,4.0,current_1e-9,0.0,0.010588499307909718,0.0
6775009922429158272,4.0,current_1e-9,0.0,0.0029824426037732893,0.0
665668979685323648,4.0,current_1e-9,0.0,0.007957105065732025,0.0
1832230956847006592,4.0,current_1e-9,0.0,0.021326607072444985,0.0
6284599664533612544,4.0,current_1e-9,0.0,0.005515750970746269,0.0
4641784775576833536,4.0,current_1e-9,0.0,0.008098455911050028,0.0
4268847611328000256,4.0,current_1e-9,0.0,0.30165322585220794,0.0
4278176623883730176,4.0,current_1e-9,0.0,0.0016450877023340472,0.0
3267929947104804096,4.0,nearterm_1e-10,0.0,0.002118622258909852,0.0
5642877846246495360,4.0,nearterm_1e-10,0.0,0.0019964508551807616,0.0
6603465041679231872,4.0,nearterm_1e-10,0.0,0.01020638492447672,0.0
2046526391572691328,4.0,nearterm_1e-10,0.0,0.003495181409713226,0.0
1016789806037687424,4.0,nearterm_1e-10,0.0,0.009289516319332598,0.0
5679711000438989312,4.0,nearterm_1e-10,0.0,0.000926114171373637,0.0
2995683893041962368,4.0,nearterm_1e-10,0.0,0.003316949644563371,0.0
5953737099445742848,4.0,nearterm_1e-10,0.0,0.002319402752879958,0.0
4615401513032729088,4.0,nearterm_1e-10,0.0,0.003201288205638339,0.0
3004510772390701696,4.0,nearterm_1e-10,0.0,0.0044141870163634835,0.0
4069792782145982080,4.0,nearterm_1e-10,0.0,0.005601736045008685,0.0
5814108395520777856,4.0,nearterm_1e-10,0.0,0.004880017352658935,0.0
5962272505153840896,4.0,nearterm_1e-10,0.0,0.007637166315502192,0.0
2149291627370030336,4.0,nearterm_1e-10,0.0,0.0019629694636951315,0.0
1323478680316848256,4.0,nearterm_1e-10,0.0,0.0033766434009797237,0.0
5260504054704228736,4.0,nearterm_1e-10,0.0,0.007823087442241493,0.0
5841541455445538432,4.0,nearterm_1e-10,0.0,0.002598804779976753,0.0
3867940039451965952,4.0,nearterm_1e-10,0.0,0.005939199794096983,0.0
87878642944408960,4.0,nearterm_1e-10,0.0,0.0028489389276079666,0.0
3151482384299373696,4.0,nearterm_1e-10,0.0,0.012016309853566937,0.0
6181044017297795968,4.0,nearterm_1e-10,0.0,0.021827161845078172,0.0
803645216387486720,4.0,nearterm_1e-10,0.0,0.01058550919593087,0.0
5914174364643486592,4.0,nearterm_1e-10,0.0,0.00459842597660038,0.0
4797122403959920768,4.0,nearterm_1e-10,0.0,0.00695971326752803,0.0
2575048093288905088,4.0,nearterm_1e-10,0.0,0.006575810922828244,0.0
4229058961259584256,4.0,nearterm_1e-10,0.0,0.012208704952333926,0.0
4561522831932945920,4.0,nearterm_1e-10,0.0,0.008481778341691441,0.0
2208326773198648320,4.0,nearterm_1e-10,0.0,0.007931785213238403,0.0
6094128791359632256,4.0,nearterm_1e-10,0.0,0.0065736314573616485,0.0
2769623267282593152,4.0,nearterm_1e-10,0.0,0.005453751722429259,0.0
5660807578058341120,4.0,nearterm_1e-10,0.0,0.004469354197322353,0.0
296496818102428544,4.0,nearterm_1e-10,0.0,0.00614188160445958,0.0
158752853233960704,4.0,nearterm_1e-10,0.0,0.0014888444418347795,0.0
2259514678757235200,4.0,nearterm_1e-10,0.0,0.002549998697180956,0.0
4227855172121285760,4.0,nearterm_1e-10,0.0,0.005818694498974047,0.0
2196000977264781056,4.0,nearterm_1e-10,0.0,0.004458146481983632,0.0
1422765267499632640,4.0,nearterm_1e-10,0.0,0.004217614426017641,0.0
5351303408563334912,4.0,nearterm_1e-10,0.0,0.003936650651297507,0.0
1364263517961035648,4.0,nearterm_1e-10,0.0,0.003112280043438283,0.0
5274946414813497344,4.0,nearterm_1e-10,0.0,0.005171076064384009,0.0
3180960123537829760,4.0,nearterm_1e-10,0.0,0.007413484454059402,0.0
2757278951454094208,4.0,nearterm_1e-10,0.0,0.003089984670062253,0.0
2703346703520007168,4.0,nearterm_1e-10,0.0,0.002864981399282298,0.0
4002529127504102656,4.0,nearterm_1e-10,0.0,0.01280592175529625,0.0
5421588692928858752,4.0,nearterm_1e-10,0.0,0.002239673709517776,0.0
6050388913137070848,4.0,nearterm_1e-10,0.0,0.002592110771647687,0.0
4345060775182367232,4.0,nearterm_1e-10,0.0,0.0020907288742963905,0.0
992946106114748032,4.0,nearterm_1e-10,0.0,0.0059005979365821986,0.0
676792841901784192,4.0,nearterm_1e-10,0.0,0.004610369629912964,0.0
218953691837608960,4.0,nearterm_1e-10,0.0,0.003916504093173622,0.0
2482368024800833024,4.0,nearterm_1e-10,0.0,0.005745173403283482,0.0
4609966833215963392,4.0,nearterm_1e-10,0.0,0.0034957190189291777,0.0
6844037812175117440,4.0,nearterm_1e-10,0.0,0.0042195134970382945,0.0
6441225886185109632,4.0,nearterm_1e-10,0.0,0.004796786929073208,0.0
1275271417631701504,4.0,nearterm_1e-10,0.0,0.003624205375914373,0.0
6490173906174556416,4.0,nearterm_1e-10,0.0,0.0034246145654372533,0.0
5940429538445511808,4.0,nearterm_1e-10,0.0,0.011834615211909403,0.0
3793148372312611456,4.0,nearterm_1e-10,0.0,0.004119301054588979,0.0
3138662151736925568,4.0,nearterm_1e-10,0.0,0.002628549064716275,0.0
5976199159903812736,4.0,nearterm_1e-10,0.0,0.00212776758456261,0.0
1504338722359357568,4.0,nearterm_1e-10,0.0,0.005220182701969767,0.0
1688451325954477184,4.0,nearterm_1e-10,0.0,0.006856345103848625,0.0
5889045855385067136,4.0,nearterm_1e-10,0.0,0.002350536598035356,0.0
4081754605352170496,4.0,nearterm_1e-10,0.0,0.01101984687210669,0.0
2691146831736184576,4.0,nearterm_1e-10,0.0,0.0037797989253283907,0.0
334398010409366400,4.0,nearterm_1e-10,0.0,0.00437504077926628,0.0
1383626089525174016,4.0,nearterm_1e-10,0.0,0.0036990994177968205,0.0
3702063519102244480,4.0,nearterm_1e-10,0.0,0.010271000585663746,0.0
5423016683660491264,4.0,nearterm_1e-10,0.0,0.00263244384599578,0.0
2804852929801600768,4.0,nearterm_1e-10,0.0,0.01382945489866131,0.0
3114023912926376448,4.0,nearterm_1e-10,0.0,0.0038260513078112748,0.0
5524591457617244928,4.0,nearterm_1e-10,0.0,0.003211096741227326,0.0
4060366016201160320,4.0,nearterm_1e-10,0.0,0.00018902405544128458,0.0
6694638847956909696,4.0,nearterm_1e-10,0.0,0.0033204664173539927,0.0
3039556915253606144,4.0,nearterm_1e-10,0.0,0.0073325737988129466,0.0
6237927045205600000,4.0,nearterm_1e-10,0.0,0.0021079796343009,0.0
1878241773237645184,4.0,nearterm_1e-10,0.0,0.0036207701443522746,0.0
4288946748293342080,4.0,nearterm_1e-10,0.0,0.03198174258343425,0.0
2337648311488015360,4.0,nearterm_1e-10,0.0,0.005740398024105419,0.0
4395214100433309184,4.0,nearterm_1e-10,0.0,0.009673085563474418,0.0
2796277112767076864,4.0,nearterm_1e-10,0.0,0.0013978352811536193,0.0
6016504747910034432,4.0,nearterm_1e-10,0.0,0.0023390338084078276,0.0
5166280100090122880,4.0,nearterm_1e-10,0.0,0.008942787287838677,0.0
1130573557111974912,4.0,nearterm_1e-10,0.0,0.008212734143420927,0.0
164738354017665664,4.0,nearterm_1e-10,0.0,0.00046926033521490476,0.0
1761771910959772032,4.0,nearterm_1e-10,0.0,0.003662695104306466,0.0
1329848490477856768,4.0,nearterm_1e-10,0.0,0.03414806110587622,0.0
3311535375672171776,4.0,nearterm_1e-10,0.0,0.007428869997168084,0.0
6112272348126668800,4.0,nearterm_1e-10,0.0,0.00533279528794881,0.0
6755038496304470144,4.0,nearterm_1e-10,0.0,0.00441891594265665,0.0
4283053988756001920,4.0,nearterm_1e-10,0.0,0.003788678420013679,0.0
2599647119044490496,4.0,nearterm_1e-10,0.0,0.004381460792387282,0.0
490441735713670528,4.0,nearterm_1e-10,0.0,0.003800244046358797,0.0
4934043968492272896,4.0,nearterm_1e-10,0.0,0.0054931363772588206,0.0
2621100450623361280,4.0,nearterm_1e-10,0.0,0.024796534200812667,0.0
1851315420672845056,4.0,nearterm_1e-10,0.0,0.005142124318027694,0.0
5541455315986463104,4.0,nearterm_1e-10,0.0,0.00234242534076164,0.0
5976098417137532800,4.0,nearterm_1e-10,0.0,0.0030655789326798012,0.0
28898090451449472,4.0,nearterm_1e-10,0.0,0.002857673056424465,0.0
6592347918267168128,4.0,nearterm_1e-10,0.0,0.0061123458866706,0.0
5887064359268864256,4.0,nearterm_1e-10,0.0,0.000926289688217234,0.0
6518913495153329920,4.0,nearterm_1e-10,0.0,0.002273418593372791,0.0
4600878063941953280,4.0,nearterm_1e-10,0.0,0.003792575792435453,0.0
992845122843798016,4.0,nearterm_1e-10,0.0,0.004282779105826459,0.0
3664521351702250752,4.0,nearterm_1e-10,0.0,0.01415135124552183,0.0
3711953493050429568,4.0,nearterm_1e-10,0.0,0.005283859500389353,0.0
5473228871432372992,4.0,nearterm_1e-10,0.0,0.004009579205823458,0.0
6752384069075512320,4.0,nearterm_1e-10,0.0,0.0031554925794063603,0.0
4115513220094402048,4.0,nearterm_1e-10,0.0,0.0018265515119832495,0.0
4602130957441446400,4.0,nearterm_1e-10,0.0,0.0027678264077396894,0.0
377546664910219776,4.0,nearterm_1e-10,0.0,0.009481857049533509,0.0
4364333977066797056,4.0,nearterm_1e-10,0.0,0.0011230707433664091,0.0
5768315046181771904,4.0,nearterm_1e-10,0.0,0.002822350878424869,0.0
123580919370477952,4.0,nearterm_1e-10,0.0,0.0027416838378189518,0.0
4366334126156046976,4.0,nearterm_1e-10,0.0,0.002048865277409672,0.0
4901782819863332608,4.0,nearterm_1e-10,0.0,0.01492137984593613,0.0
2151838817854979456,4.0,nearterm_1e-10,0.0,0.002230746094290977,0.0
1343460895402697600,4.0,nearterm_1e-10,0.0,0.008368313478420177,0.0
6136053959995638016,4.0,nearterm_1e-10,0.0,0.002961044056402557,0.0
2221263218985851520,4.0,nearterm_1e-10,0.0,0.029722395269670816,0.0
4162186251740404608,4.0,nearterm_1e-10,0.0,0.00958449833937471,0.0
1678399143976755584,4.0,nearterm_1e-10,0.0,0.008111847066993581,0.0
2704125913666895104,4.0,nearterm_1e-10,0.0,0.002581689690109825,0.0
5000393997669149952,4.0,nearterm_1e-10,0.0,0.005605938146740034,0.0
2491206105423269504,4.0,nearterm_1e-10,0.0,0.010192150414189716,0.0
6274538269849968512,4.0,nearterm_1e-10,0.0,0.003129075596882732,0.0
707365862223681408,4.0,nearterm_1e-10,0.0,0.003086103578991822,0.0
4735086373076351744,4.0,nearterm_1e-10,0.0,0.01216197934293993,0.0
2799316059826451328,4.0,nearterm_1e-10,0.0,0.005612837457513609,0.0
1875970079134757760,4.0,nearterm_1e-10,0.0,0.0033904983035628884,0.0
1783649894544856960,4.0,nearterm_1e-10,0.0,0.0032344560023730563,0.0
2554116930949289856,4.0,nearterm_1e-10,0.0,0.005107495722931386,0.0
2753295523906432384,4.0,nearterm_1e-10,0.0,0.002766434144379173,0.0
886990809110955008,4.0,nearterm_1e-10,0.0,0.006605339076501883,0.0
919018036639891968,4.0,nearterm_1e-10,0.0,0.008169854595497428,0.0
2833555985786735232,4.0,nearterm_1e-10,0.0,0.0071471952941417225,0.0
3023472056569280512,4.0,nearterm_1e-10,0.0,0.003894954214707826,0.0
868768602903736832,4.0,nearterm_1e-10,0.0,0.0037205150541811003,0.0
5178460008866279808,4.0,nearterm_1e-10,0.0,0.004245687454600963,0.0
3004697238395042176,4.0,nearterm_1e-10,0.0,0.011483218996259691,0.0
2346247935526578688,4.0,nearterm_1e-10,0.0,0.0036865524513667834,0.0
1933622971340170496,4.0,nearterm_1e-10,0.0,0.0031283502014077965,0.0
1014188567684692224,4.0,nearterm_1e-10,0.0,0.003743175499924858,0.0
5466445022127902976,4.0,nearterm_1e-10,0.0,0.0038090357555696885,0.0
6681692893110527232,4.0,nearterm_1e-10,0.0,0.004432157394182943,0.0
5185560414440293632,4.0,nearterm_1e-10,0.0,0.01003210599221924,0.0
5800349145690204288,4.0,nearterm_1e-10,0.0,0.003160982743400568,0.0
4105409399796978944,4.0,nearterm_1e-10,0.0,0.0019694284758448462,0.0
4708692944344873216,4.0,nearterm_1e-10,0.0,0.0026292259308549662,0.0
2027994226190382848,4.0,nearterm_1e-10,0.0,0.0029227896151318333,0.0
2511654375999952640,4.0,nearterm_1e-10,0.0,0.003933398527929118,0.0
5493261389176885632,4.0,nearterm_1e-10,0.0,0.004714884419847832,0.0
2240388880151078528,4.0,nearterm_1e-10,0.0,0.0032652540514475836,0.0
5658455555185799040,4.0,nearterm_1e-10,0.0,0.0024896358715297846,0.0
5052502602489649664,4.0,nearterm_1e-10,0.0,0.009423064905792993,0.0
1979258613779627520,4.0,nearterm_1e-10,0.0,0.0038083168817274016,0.0
446639254048922112,4.0,nearterm_1e-10,0.0,0.002088738639245558,0.0
5601915746720479104,4.0,nearterm_1e-10,0.0,0.004136401424473318,0.0
4776963682897871616,4.0,nearterm_1e-10,0.0,0.013775209896917683,0.0
3280686721529098368,4.0,nearterm_1e-10,0.0,0.0027635603817273637,0.0
1285339370727734400,4.0,nearterm_1e-10,0.0,0.004950787699116139,0.0
5511484179500121088,4.0,nearterm_1e-10,0.0,0.0036791169151799627,0.0
519978157091449088,4.0,nearterm_1e-10,0.0,0.0018011620777107014,0.0
3855789469596668544,4.0,nearterm_1e-10,0.0,0.0019156188195874324,0.0
572054498112591744,4.0,nearterm_1e-10,0.0,0.0021111230392951343,0.0
357842591908022912,4.0,nearterm_1e-10,0.0,0.002274290669099382,0.0
5927844322167316352,4.0,nearterm_1e-10,0.0,0.0019270524624487714,0.0
2281306105868025600,4.0,nearterm_1e-10,0.0,0.00502753341702792,0.0
6342743866636102528,4.0,nearterm_1e-10,0.0,0.002266885357179513,0.0
1690963263347609088,4.0,nearterm_1e-10,0.0,0.004742374826480844,0.0
1230823728796492672,4.0,nearterm_1e-10,0.0,0.0039043063886415813,0.0
6411524297547089024,4.0,nearterm_1e-10,0.0,0.0030722330393957472,0.0
2935813011016890752,4.0,nearterm_1e-10,0.0,0.0030434810099308255,0.0
1510354597152530176,4.0,nearterm_1e-10,0.0,0.005023157569386101,0.0
263711679169833728,4.0,nearterm_1e-10,0.0,0.00265119423653663,0.0
2203996935067479424,4.0,nearterm_1e-10,0.0,0.008426385225610058,0.0
4637390027600793344,4.0,nearterm_1e-10,0.0,0.003648292127883843,0.0
3326809997366173568,4.0,nearterm_1e-10,0.0,0.004829414328302762,0.0
359891153870510208,4.0,nearterm_1e-10,0.0,0.013675360916958014,0.0
3194157939562713472,4.0,nearterm_1e-10,0.0,0.004099933929840058,0.0
5654914887224650240,4.0,nearterm_1e-10,0.0,0.0038624108552275495,0.0
132596261882440320,4.0,nearterm_1e-10,0.0,0.0037598574686966185,0.0
4262558915898078720,4.0,nearterm_1e-10,0.0,0.003062685987502551,0.0
6149021149160162176,4.0,nearterm_1e-10,0.0,0.0022453020136156978,0.0
2811411825899219200,4.0,nearterm_1e-10,0.0,0.013838628131586848,0.0
1900800964403932800,4.0,nearterm_1e-10,0.0,0.0023079506021012482,0.0
6009934130839583488,4.0,nearterm_1e-10,0.0,0.001599184070055615,0.0
6872322302128569344,4.0,nearterm_1e-10,0.0,0.002755615580971727,0.0
4548634356637185792,4.0,nearterm_1e-10,0.0,0.005772734953187552,0.0
6527091903161249152,4.0,nearterm_1e-10,0.0,0.0027640453452359194,0.0
2639759162947729408,4.0,nearterm_1e-10,0.0,0.0025591054407675426,0.0
4100927786033595648,4.0,nearterm_1e-10,0.0,0.0022093775420813336,0.0
5371882654157606912,4.0,nearterm_1e-10,0.0,0.010592629698202101,0.0
6775009922429158272,4.0,nearterm_1e-10,0.0,0.002983002468216081,0.0
665668979685323648,4.0,nearterm_1e-10,0.0,0.007960719606400182,0.0
1832230956847006592,4.0,nearterm_1e-10,0.0,0.021333015244045208,0.0
6284599664533612544,4.0,nearterm_1e-10,0.0,0.005516786071731367,0.0
4641784775576833536,4.0,nearterm_1e-10,0.0,0.008099973570495706,0.0
4268847611328000256,4.0,nearterm_1e-10,0.0,0.3039050304236076,0.0
4278176623883730176,4.0,nearterm_1e-10,0.0,0.0016451236585920547,0.0
3267929947104804096,4.0,goal_1e-11,0.0,0.0021186303765311516,0.0
5642877846246495360,4.0,goal_1e-11,0.0,0.0019964558812836054,0.0
6603465041679231872,4.0,goal_1e-11,0.0,0.010206838098950226,0.0
2046526391572691328,4.0,goal_1e-11,0.0,0.003495226842459103,0.0
1016789806037687424,4.0,goal_1e-11,0.0,0.009289834439267857,0.0
5679711000438989312,4.0,goal_1e-11,0.0,0.0009261166795336608,0.0
2995683893041962368,4.0,goal_1e-11,0.0,0.0033169803701841643,0.0
5953737099445742848,4.0,goal_1e-11,0.0,0.0023194245326623782,0.0
4615401513032729088,4.0,goal_1e-11,0.0,0.003201306375406085,0.0
3004510772390701696,4.0,goal_1e-11,0.0,0.004414233431279481,0.0
4069792782145982080,4.0,goal_1e-11,0.0,0.005601803026588934,0.0
5814108395520777856,4.0,goal_1e-11,0.0,0.004880080629844189,0.0
5962272505153840896,4.0,goal_1e-11,0.0,0.007637377269631032,0.0
2149291627370030336,4.0,goal_1e-11,0.0,0.0019629758186614473,0.0
1323478680316848256,4.0,goal_1e-11,0.0,0.003376717007091095,0.0
5260504054704228736,4.0,goal_1e-11,0.0,0.007823251195105095,0.0
5841541455445538432,4.0,goal_1e-11,0.0,0.002598835333834086,0.0
3867940039451965952,4.0,goal_1e-11,0.0,0.00593927248898558,0.0
87878642944408960,4.0,goal_1e-11,0.0,0.0028489536426036213,0.0
3151482384299373696,4.0,goal_1e-11,0.0,0.012016842452789726,0.0
6181044017297795968,4.0,goal_1e-11,0.0,0.021828388610104263,0.0
803645216387486720,4.0,goal_1e-11,0.0,0.010585738113664657,0.0
5914174364643486592,4.0,goal_1e-11,0.0,0.004598530056424241,0.0
4797122403959920768,4.0,goal_1e-11,0.0,0.006959842712696799,0.0
2575048093288905088,4.0,goal_1e-11,0.0,0.0065758850268904205,0.0
4229058961259584256,4.0,goal_1e-11,0.0,0.012209280339497816,0.0
4561522831932945920,4.0,goal_1e-11,0.0,0.008481993685475857,0.0
2208326773198648320,4.0,goal_1e-11,0.0,0.007932032152468854,0.0
6094128791359632256,4.0,goal_1e-11,0.0,0.0065737723313429725,0.0
2769623267282593152,4.0,goal_1e-11,0.0,0.005453918719384694,0.0
5660807578058341120,4.0,goal_1e-11,0.0,0.0044694095513194065,0.0
296496818102428544,4.0,goal_1e-11,0.0,0.00614200554478283,0.0
158752853233960704,4.0,goal_1e-11,0.0,0.0014888476694388416,0.0
2259514678757235200,4.0,goal_1e-11,0.0,0.002550012866565486,0.0
4227855172121285760,4.0,goal_1e-11,0.0,0.005818763311534079,0.0
2196000977264781056,4.0,goal_1e-11,0.0,0.004458189913794024,0.0
1422765267499632640,4.0,goal_1e-11,0.0,0.004217673216674154,0.0
5351303408563334912,4.0,goal_1e-11,0.0,0.003936687988569335,0.0
1364263517961035648,4.0,goal_1e-11,0.0,0.003112299487490174,0.0
5274946414813497344,4.0,goal_1e-11,0.0,0.005171110066948594,0.0
3180960123537829760,4.0,goal_1e-11,0.0,0.007413682879618707,0.0
2757278951454094208,4.0,goal_1e-11,0.0,0.003090000640212706,0.0
2703346703520007168,4.0,goal_1e-11,0.0,0.0028650030493133963,0.0
4002529127504102656,4.0,goal_1e-11,0.0,0.012806432509165348,0.0
5421588692928858752,4.0,goal_1e-11,0.0,0.0022396833512189204,0.0
6050388913137070848,4.0,goal_1e-11,0.0,0.0025921444461492415,0.0
4345060775182367232,4.0,goal_1e-11,0.0,0.0020907386733520885,0.0
992946106114748032,4.0,goal_1e-11,0.0,0.005900636425837604,0.0
676792841901784192,4.0,goal_1e-11,0.0,0.0046104912704052,0.0
218953691837608960,4.0,goal_1e-11,0.0,0.0039165727126270694,0.0
2482368024800833024,4.0,goal_1e-11,0.0,0.005745315305227933,0.0
4609966833215963392,4.0,goal_1e-11,0.0,0.0034957314578270104,0.0
6844037812175117440,4.0,goal_1e-11,0.0,0.0042196485443970495,0.0
6441225886185109632,4.0,goal_1e-11,0.0,0.00479687839734007,0.0
1275271417631701504,4.0,goal_1e-11,0.0,0.003624232131191924,0.0
6490173906174556416,4.0,goal_1e-11,0.0,0.0034246473353353513,0.0
5940429538445511808,4.0,goal_1e-11,0.0,0.011834903866969395,0.0
3793148372312611456,4.0,goal_1e-11,0.0,0.004119326517518026,0.0
3138662151736925568,4.0,goal_1e-11,0.0,0.0026285608229492208,0.0
5976199159903812736,4.0,goal_1e-11,0.0,0.002127791214132678,0.0
1504338722359357568,4.0,goal_1e-11,0.0,0.005220322352064764,0.0
1688451325954477184,4.0,goal_1e-11,0.0,0.006856449220332612,0.0
5889045855385067136,4.0,goal_1e-11,0.0,0.0023505463123391673,0.0
4081754605352170496,4.0,goal_1e-11,0.0,0.011020502211150454,0.0
2691146831736184576,4.0,goal_1e-11,0.0,0.003779820755153131,0.0
334398010409366400,4.0,goal_1e-11,0.0,0.00437515348959364,0.0
1383626089525174016,4.0,goal_1e-11,0.0,0.0036991453693743406,0.0
3702063519102244480,4.0,goal_1e-11,0.0,0.010271353920816843,0.0
5423016683660491264,4.0,goal_1e-11,0.0,0.0026324565080994215,0.0
2804852929801600768,4.0,goal_1e-11,0.0,0.013829720805929044,0.0
3114023912926376448,4.0,goal_1e-11,0.0,0.0038261482892992145,0.0
5524591457617244928,4.0,goal_1e-11,0.0,0.0032111128955363347,0.0
4060366016201160320,4.0,goal_1e-11,0.0,0.0001890241276232069,0.0
6694638847956909696,4.0,goal_1e-11,0.0,0.003320532897904786,0.0
3039556915253606144,4.0,goal_1e-11,0.0,0.007332725155536476,0.0
6237927045205600000,4.0,goal_1e-11,0.0,0.002108000333764449,0.0
1878241773237645184,4.0,goal_1e-11,0.0,0.0036207966105114746,0.0
4288946748293342080,4.0,goal_1e-11,0.0,0.031983945152566466,0.0
2337648311488015360,4.0,goal_1e-11,0.0,0.0057404636331617,0.0
4395214100433309184,4.0,goal_1e-11,0.0,0.009673399478978151,0.0
2796277112767076864,4.0,goal_1e-11,0.0,0.0013978388415507399,0.0
6016504747910034432,4.0,goal_1e-11,0.0,0.002339038880337933,0.0
5166280100090122880,4.0,goal_1e-11,0.0,0.008943082051297103,0.0
1130573557111974912,4.0,goal_1e-11,0.0,0.008212927827399633,0.0
164738354017665664,4.0,goal_1e-11,0.0,0.0004692606222989836,0.0
1761771910959772032,4.0,goal_1e-11,0.0,0.003662711365466209,0.0
1329848490477856768,4.0,goal_1e-11,0.0,0.03415009142463723,0.0
3311535375672171776,4.0,goal_1e-11,0.0,0.007429023295147433,0.0
6112272348126668800,4.0,goal_1e-11,0.0,0.0053328678966508445,0.0
6755038496304470144,4.0,goal_1e-11,0.0,0.004418970403028251,0.0
4283053988756001920,4.0,goal_1e-11,0.0,0.0037887412543380953,0.0
2599647119044490496,4.0,goal_1e-11,0.0,0.004381502958487389,0.0
490441735713670528,4.0,goal_1e-11,0.0,0.0038003144910165225,0.0
4934043968492272896,4.0,goal_1e-11,0.0,0.00549333107319262,0.0
2621100450623361280,4.0,goal_1e-11,0.0,0.024798406273608655,0.0
1851315420672845056,4.0,goal_1e-11,0.0,0.00514216496417736,0.0
5541455315986463104,4.0,goal_1e-11,0.0,0.0023424342548781143,0.0
5976098417137532800,4.0,goal_1e-11,0.0,0.003065605150056917,0.0
28898090451449472,4.0,goal_1e-11,0.0,0.0028576892186929436,0.0
6592347918267168128,4.0,goal_1e-11,0.0,0.006112449759669874,0.0
5887064359268864256,4.0,goal_1e-11,0.0,0.0009262920022829224,0.0
6518913495153329920,4.0,goal_1e-11,0.0,0.002273426909494054,0.0
4600878063941953280,4.0,goal_1e-11,0.0,0.0037925929690541217,0.0
992845122843798016,4.0,goal_1e-11,0.0,0.004282815218860017,0.0
3664521351702250752,4.0,goal_1e-11,0.0,0.01415188239546707,0.0
3711953493050429568,4.0,goal_1e-11,0.0,0.00528389389778199,0.0
5473228871432372992,4.0,goal_1e-11,0.0,0.004009600698024844,0.0
6752384069075512320,4.0,goal_1e-11,0.0,0.003155518052522803,0.0
4115513220094402048,4.0,goal_1e-11,0.0,0.001826556702813106,0.0
4602130957441446400,4.0,goal_1e-11,0.0,0.002767838821456702,0.0
377546664910219776,4.0,goal_1e-11,0.0,0.009481990337564085,0.0
4364333977066797056,4.0,goal_1e-11,0.0,0.0011230720504066302,0.0
5768315046181771904,4.0,goal_1e-11,0.0,0.002822381209732264,0.0
123580919370477952,4.0,goal_1e-11,0.0,0.0027416959602083488,0.0
4366334126156046976,4.0,goal_1e-11,0.0,0.0020488833914723338,0.0
4901782819863332608,4.0,goal_1e-11,0.0,0.014922304425722819,0.0
2151838817854979456,4.0,goal_1e-11,0.0,0.0022307517833242323,0.0
1343460895402697600,4.0,goal_1e-11,0.0,0.008368732250819334,0.0
6136053959995638016,4.0,goal_1e-11,0.0,0.00296106044706102,0.0
2221263218985851520,4.0,goal_1e-11,0.0,0.029727949042049288,0.0
4162186251740404608,4.0,goal_1e-11,0.0,0.009585080249864562,0.0
1678399143976755584,4.0,goal_1e-11,0.0,0.008111973833196812,0.0
2704125913666895104,4.0,goal_1e-11,0.0,0.0025817004763501235,0.0
5000393997669149952,4.0,goal_1e-11,0.0,0.005606008023279977,0.0
2491206105423269504,4.0,goal_1e-11,0.0,0.010192331567114452,0.0
6274538269849968512,4.0,goal_1e-11,0.0,0.0031291269074795194,0.0
707365862223681408,4.0,goal_1e-11,0.0,0.0030861326956374787,0.0
4735086373076351744,4.0,goal_1e-11,0.0,0.012162592167022233,0.0
2799316059826451328,4.0,goal_1e-11,0.0,0.0056129250711923675,0.0
1875970079134757760,4.0,goal_1e-11,0.0,0.0033905370713573487,0.0
1783649894544856960,4.0,goal_1e-11,0.0,0.0032344736468991526,0.0
2554116930949289856,4.0,goal_1e-11,0.0,0.005107526495754529,0.0
2753295523906432384,4.0,goal_1e-11,0.0,0.002766456626750955,0.0
886990809110955008,4.0,goal_1e-11,0.0,0.006605611881897651,0.0
919018036639891968,4.0,goal_1e-11,0.0,0.008170014972165978,0.0
2833555985786735232,4.0,goal_1e-11,0.0,0.007147477444543661,0.0
3023472056569280512,4.0,goal_1e-11,0.0,0.0038950320449908787,0.0
868768602903736832,4.0,goal_1e-11,0.0,0.0037205609408589115,0.0
5178460008866279808,4.0,goal_1e-11,0.0,0.004245723333591885,0.0
3004697238395042176,4.0,goal_1e-11,0.0,0.011483916503133525,0.0
2346247935526578688,4.0,goal_1e-11,0.0,0.0036866311091098784,0.0
1933622971340170496,4.0,goal_1e-11,0.0,0.0031283654061523914,0.0
1014188567684692224,4.0,goal_1e-11,0.0,0.003743228184952862,0.0
5466445022127902976,4.0,goal_1e-11,0.0,0.003809074718002916,0.0
6681692893110527232,4.0,goal_1e-11,0.0,0.00443219717007813,0.0
5185560414440293632,4.0,goal_1e-11,0.0,0.010032281617265316,0.0
5800349145690204288,4.0,goal_1e-11,0.0,0.003161019263540003,0.0
4105409399796978944,4.0,goal_1e-11,0.0,0.0019694342485063357,0.0
4708692944344873216,4.0,goal_1e-11,0.0,0.002629238103817155,0.0
2027994226190382848,4.0,goal_1e-11,0.0,0.0029228096437381836,0.0
2511654375999952640,4.0,goal_1e-11,0.0,0.0039334233649778024,0.0
5493261389176885632,4.0,goal_1e-11,0.0,0.004714923624451457,0.0
2240388880151078528,4.0,goal_1e-11,0.0,0.0032653267532375815,0.0
5658455555185799040,4.0,goal_1e-11,0.0,0.0024896585574955632,0.0
5052502602489649664,4.0,goal_1e-11,0.0,0.00942325987591667,0.0
1979258613779627520,4.0,goal_1e-11,0.0,0.0038083849114472416,0.0
446639254048922112,4.0,goal_1e-11,0.0,0.0020887481062798114,0.0
5601915746720479104,4.0,goal_1e-11,0.0,0.004136445762691555,0.0
4776963682897871616,4.0,goal_1e-11,0.0,0.013775608693346665,0.0
3280686721529098368,4.0,goal_1e-11,0.0,0.002763586255327673,0.0
1285339370727734400,4.0,goal_1e-11,0.0,0.0049508139722253194,0.0
5511484179500121088,4.0,goal_1e-11,0.0,0.003679135174722589,0.0
519978157091449088,4.0,goal_1e-11,0.0,0.0018011677824619815,0.0
3855789469596668544,4.0,goal_1e-11,0.0,0.0019156229380824117,0.0
572054498112591744,4.0,goal_1e-11,0.0,0.0021111304138290705,0.0
357842591908022912,4.0,goal_1e-11,0.0,0.0022742985891658243,0.0
5927844322167316352,4.0,goal_1e-11,0.0,0.001927056368223638,0.0
2281306105868025600,4.0,goal_1e-11,0.0,0.0050275669281241156,0.0
6342743866636102528,4.0,goal_1e-11,0.0,0.0022668969071710475,0.0
1690963263347609088,4.0,goal_1e-11,0.0,0.004742441136683194,0.0
1230823728796492672,4.0,goal_1e-11,0.0,0.0039043444098220935,0.0
6411524297547089024,4.0,goal_1e-11,0.0,0.0030722801809599277,0.0
2935813011016890752,4.0,goal_1e-11,0.0,0.0030434973204928667,0.0
1510354597152530176,4.0,goal_1e-11,0.0,0.005023225738753649,0.0
263711679169833728,4.0,goal_1e-11,0.0,0.0026512422024950483,0.0
2203996935067479424,4.0,goal_1e-11,0.0,0.00842646493647454,0.0
4637390027600793344,4.0,goal_1e-11,0.0,0.0036483470611171596,0.0
3326809997366173568,4.0,goal_1e-11,0.0,0.004829493162904322,0.0
359891153870510208,4.0,goal_1e-11,0.0,0.013676295172283982,0.0
3194157939562713472,4.0,goal_1e-11,0.0,0.004099991553550944,0.0
5654914887224650240,4.0,goal_1e-11,0.0,0.003862458575486092,0.0
132596261882440320,4.0,goal_1e-11,0.0,0.003759896930226364,0.0
4262558915898078720,4.0,goal_1e-11,0.0,0.003062739166968984,0.0
6149021149160162176,4.0,goal_1e-11,0.0,0.002245312191541248,0.0
2811411825899219200,4.0,goal_1e-11,0.0,0.013839809543118147,0.0
1900800964403932800,4.0,goal_1e-11,0.0,0.002307961035727632,0.0
6009934130839583488,4.0,goal_1e-11,0.0,0.0015991998646928019,0.0
6872322302128569344,4.0,goal_1e-11,0.0,0.0027556398281957262,0.0
4548634356637185792,4.0,goal_1e-11,0.0,0.005772853571338695,0.0
6527091903161249152,4.0,goal_1e-11,0.0,0.002764060368191756,0.0
2639759162947729408,4.0,goal_1e-11,0.0,0.0025591125944168366,0.0
4100927786033595648,4.0,goal_1e-11,0.0,0.002209412505570442,0.0
5371882654157606912,4.0,goal_1e-11,0.0,0.010593040247985696,0.0
6775009922429158272,4.0,goal_1e-11,0.0,0.002983058188846151,0.0
665668979685323648,4.0,goal_1e-11,0.0,0.00796107748397144,0.0
1832230956847006592,4.0,goal_1e-11,0.0,0.021333654174925377,0.0
6284599664533612544,4.0,goal_1e-11,0.0,0.005516889291918627,0.0
4641784775576833536,4.0,goal_1e-11,0.0,0.008100125000805375,0.0
4268847611328000256,4.0,goal_1e-11,0.0,0.3041135104501882,0.0
4278176623883730176,4.0,goal_1e-11,0.0,0.001645127253446184,0.0
3267929947104804096,6.0,current_1e-9,0.0,0.004765837142988904,0.0
5642877846246495360,6.0,current_1e-9,0.0,0.0044912294044953715,0.0
6603465041679231872,6.0,current_1e-9,0.0,0.022928444034494747,0.0
2046526391572691328,6.0,current_1e-9,0.0,0.007860017802572627,0.0
1016789806037687424,6.0,current_1e-9,0.0,0.020874011214966893,0.0
5679711000438989312,6.0,current_1e-9,0.0,0.0020835067573150537,0.0
2995683893041962368,6.0,current_1e-9,0.0,0.007460064150763608,0.0
5953737099445742848,6.0,current_1e-9,0.0,0.005216847106192323,0.0
4615401513032729088,6.0,current_1e-9,0.0,0.0072006617608601315,0.0
3004510772390701696,6.0,current_1e-9,0.0,0.009926644662672733,0.0
4069792782145982080,6.0,current_1e-9,0.0,0.012595909018811236,0.0
5814108395520777856,6.0,current_1e-9,0.0,0.010973879722851005,0.0
5962272505153840896,6.0,current_1e-9,0.0,0.01716406529877791,0.0
2149291627370030336,6.0,current_1e-9,0.0,0.004415631414642604,0.0
1323478680316848256,6.0,current_1e-9,0.0,0.007592285956035728,0.0
5260504054704228736,6.0,current_1e-9,0.0,0.01758463297678046,0.0
5841541455445538432,6.0,current_1e-9,0.0,0.005844905509634211,0.0
3867940039451965952,6.0,current_1e-9,0.0,0.013353810154906253,0.0
87878642944408960,6.0,current_1e-9,0.0,0.006408107982033272,0.0
3151482384299373696,6.0,current_1e-9,0.0,0.02698580911458508,0.0
6181044017297795968,6.0,current_1e-9,0.0,0.04898394945109212,0.0
803645216387486720,6.0,current_1e-9,0.0,0.023787840303779915,0.0
5914174364643486592,6.0,current_1e-9,0.0,0.010338426216108485,0.0
4797122403959920768,6.0,current_1e-9,0.0,0.01564403076166396,0.0
2575048093288905088,6.0,current_1e-9,0.0,0.014784109496175403,0.0
4229058961259584256,6.0,current_1e-9,0.0,0.02742195205753911,0.0
4561522831932945920,6.0,current_1e-9,0.0,0.01906253700200328,0.0
2208326773198648320,6.0,current_1e-9,0.0,0.017825604022986767,0.0
6094128791359632256,6.0,current_1e-9,0.0,0.014777181595655019,0.0
2769623267282593152,6.0,current_1e-9,0.0,0.012258811466089642,0.0
5660807578058341120,6.0,current_1e-9,0.0,0.010050519220947013,0.0
296496818102428544,6.0,current_1e-9,0.0,0.013808318751863825,0.0
158752853233960704,6.0,current_1e-9,0.0,0.003349248794164508,0.0
2259514678757235200,6.0,current_1e-9,0.0,0.005735835879566179,0.0
4227855172121285760,6.0,current_1e-9,0.0,0.013084052354061598,0.0
2196000977264781056,6.0,current_1e-9,0.0,0.010025719627860962,0.0
1422765267499632640,6.0,current_1e-9,0.0,0.009484181599525372,0.0
5351303408563334912,6.0,current_1e-9,0.0,0.008853415505447706,0.0
1364263517961035648,6.0,current_1e-9,0.0,0.007000370051148931,0.0
5274946414813497344,6.0,current_1e-9,0.0,0.011628727821925693,0.0
3180960123537829760,6.0,current_1e-9,0.0,0.016662095076597994,0.0
2757278951454094208,6.0,current_1e-9,0.0,0.006949729213960422,0.0
2703346703520007168,6.0,current_1e-9,0.0,0.006443970973085699,0.0
4002529127504102656,6.0,current_1e-9,0.0,0.028763575513748037,0.0
5421588692928858752,6.0,current_1e-9,0.0,0.00503809692470843,0.0
6050388913137070848,6.0,current_1e-9,0.0,0.005829742518404012,0.0
4345060775182367232,6.0,current_1e-9,0.0,0.004702991887723768,0.0
992946106114748032,6.0,current_1e-9,0.0,0.013267701199809509,0.0
676792841901784192,6.0,current_1e-9,0.0,0.010364759384833637,0.0
218953691837608960,6.0,current_1e-9,0.0,0.008806537733675774,0.0
2482368024800833024,6.0,current_1e-9,0.0,0.012915081933513324,0.0
4609966833215963392,6.0,current_1e-9,0.0,0.007862753222403407,0.0
6844037812175117440,6.0,current_1e-9,0.0,0.009485025235056328,0.0
6441225886185109632,6.0,current_1e-9,0.0,0.010782512583322804,0.0
1275271417631701504,6.0,current_1e-9,0.0,0.008151220871425818,0.0
6490173906174556416,6.0,current_1e-9,0.0,0.0077020001551331135,0.0
5940429538445511808,6.0,current_1e-9,0.0,0.02659444574347413,0.0
3793148372312611456,6.0,current_1e-9,0.0,0.009264529687269797,0.0
3138662151736925568,6.0,current_1e-9,0.0,0.005912590584204025,0.0
5976199159903812736,6.0,current_1e-9,0.0,0.00478550975785598,0.0
1504338722359357568,6.0,current_1e-9,0.0,0.011734340956514372,0.0
1688451325954477184,6.0,current_1e-9,0.0,0.01541498940899047,0.0
5889045855385067136,6.0,current_1e-9,0.0,0.005287419619934305,0.0
4081754605352170496,6.0,current_1e-9,0.0,0.024745147958971817,0.0
2691146831736184576,6.0,current_1e-9,0.0,0.00850153073370813,0.0
334398010409366400,6.0,current_1e-9,0.0,0.009835953377690566,0.0
1383626089525174016,6.0,current_1e-9,0.0,0.0083182432607484,0.0
3702063519102244480,6.0,current_1e-9,0.0,0.023073809480312554,0.0
5423016683660491264,6.0,current_1e-9,0.0,0.005921274870666884,0.0
2804852929801600768,6.0,current_1e-9,0.0,0.031065728941880068,0.0
3114023912926376448,6.0,current_1e-9,0.0,0.00860203895836949,0.0
5524591457617244928,6.0,current_1e-9,0.0,0.007222137148939812,0.0
4060366016201160320,6.0,current_1e-9,0.0,0.00042529510565376185,0.0
6694638847956909696,6.0,current_1e-9,0.0,0.0074664270477513795,0.0
3039556915253606144,6.0,current_1e-9,0.0,0.016482063252975607,0.0
6237927045205600000,6.0,current_1e-9,0.0,0.004740670376847215,0.0
1878241773237645184,6.0,current_1e-9,0.0,0.00814224657780929,0.0
4288946748293342080,6.0,current_1e-9,0.0,0.07171183084608532,0.0
2337648311488015360,6.0,current_1e-9,0.0,0.012904655846198715,0.0
4395214100433309184,6.0,current_1e-9,0.0,0.02173487947161499,0.0
2796277112767076864,6.0,current_1e-9,0.0,0.003144669063662331,0.0
6016504747910034432,6.0,current_1e-9,0.0,0.0052618148280150125,0.0
5166280100090122880,6.0,current_1e-9,0.0,0.020096470626559282,0.0
1130573557111974912,6.0,current_1e-9,0.0,0.018458672435787308,0.0
164738354017665664,6.0,current_1e-9,0.0,0.0010557842161482483,0.0
1761771910959772032,6.0,current_1e-9,0.0,0.008237881512208514,0.0
1329848490477856768,6.0,current_1e-9,0.0,0.07654723744598554,0.0
3311535375672171776,6.0,current_1e-9,0.0,0.01668665981991116,0.0
6112272348126668800,6.0,current_1e-9,0.0,0.011990876505828548,0.0
6755038496304470144,6.0,current_1e-9,0.0,0.009936942707840466,0.0
4283053988756001920,6.0,current_1e-9,0.0,0.00851862822030221,0.0
2599647119044490496,6.0,current_1e-9,0.0,0.009853488647747065,0.0
490441735713670528,6.0,current_1e-9,0.0,0.008545197183472856,0.0
4934043968492272896,6.0,current_1e-9,0.0,0.01234585642928372,0.0
2621100450623361280,6.0,current_1e-9,0.0,0.0556075394492538,0.0
1851315420672845056,6.0,current_1e-9,0.0,0.01156390888758133,0.0
5541455315986463104,6.0,current_1e-9,0.0,0.005269117652985468,0.0
5976098417137532800,6.0,current_1e-9,0.0,0.006894966780850469,0.0
28898090451449472,6.0,current_1e-9,0.0,0.006427444093738794,0.0
6592347918267168128,6.0,current_1e-9,0.0,0.013742286187968222,0.0
5887064359268864256,6.0,current_1e-9,0.0,0.002083918203287147,0.0
6518913495153329920,6.0,current_1e-9,0.0,0.005113918919558023,0.0
4600878063941953280,6.0,current_1e-9,0.0,0.008530280920637894,0.0
992845122843798016,6.0,current_1e-9,0.0,0.009631434788052317,0.0
3664521351702250752,6.0,current_1e-9,0.0,0.031772599899773935,0.0
3711953493050429568,6.0,current_1e-9,0.0,0.011882016476012862,0.0
5473228871432372992,6.0,current_1e-9,0.0,0.009018097329769666,0.0
6752384069075512320,6.0,current_1e-9,0.0,0.007097004081238278,0.0
4115513220094402048,6.0,current_1e-9,0.0,0.004108993435505118,0.0
4602130957441446400,6.0,current_1e-9,0.0,0.006225831917948692,0.0
377546664910219776,6.0,current_1e-9,0.0,0.021307086384043612,0.0
4364333977066797056,6.0,current_1e-9,0.0,0.0025266473684293477,0.0
5768315046181771904,6.0,current_1e-9,0.0,0.006347808735623041,0.0
123580919370477952,6.0,current_1e-9,0.0,0.006167186516180225,0.0
4366334126156046976,6.0,current_1e-9,0.0,0.004608470304863783,0.0
4901782819863332608,6.0,current_1e-9,0.0,0.033490832100906205,0.0
2151838817854979456,6.0,current_1e-9,0.0,0.005018027870186449,0.0
1343460895402697600,6.0,current_1e-9,0.0,0.018799529685778894,0.0
6136053959995638016,6.0,current_1e-9,0.0,0.006660088520843839,0.0
2221263218985851520,6.0,current_1e-9,0.0,0.06646438631487911,0.0
4162186251740404608,6.0,current_1e-9,0.0,0.021523401914865205,0.0
1678399143976755584,6.0,current_1e-9,0.0,0.018236603920992852,0.0
2704125913666895104,6.0,current_1e-9,0.0,0.005807025035049595,0.0
5000393997669149952,6.0,current_1e-9,0.0,0.01260553905495512,0.0
2491206105423269504,6.0,current_1e-9,0.0,0.022904114266262057,0.0
6274538269849968512,6.0,current_1e-9,0.0,0.0070366338468656085,0.0
707365862223681408,6.0,current_1e-9,0.0,0.0069407052050624056,0.0
4735086373076351744,6.0,current_1e-9,0.0,0.027312148579536958,0.0
2799316059826451328,6.0,current_1e-9,0.0,0.012620004792703138,0.0
1875970079134757760,6.0,current_1e-9,0.0,0.007625222955575006,0.0
1783649894544856960,6.0,current_1e-9,0.0,0.007275127942386433,0.0
2554116930949289856,6.0,current_1e-9,0.0,0.011486330034945137,0.0
2753295523906432384,6.0,current_1e-9,0.0,0.006222155085117158,0.0
886990809110955008,6.0,current_1e-9,0.0,0.014842899169529425,0.0
919018036639891968,6.0,current_1e-9,0.0,0.018362363522695362,0.0
2833555985786735232,6.0,current_1e-9,0.0,0.016059687574576847,0.0
3023472056569280512,6.0,current_1e-9,0.0,0.008757912951571129,0.0
868768602903736832,6.0,current_1e-9,0.0,0.00836702594475673,0.0
5178460008866279808,6.0,current_1e-9,0.0,0.009548470559260055,0.0
3004697238395042176,6.0,current_1e-9,0.0,0.025776803556013257,0.0
2346247935526578688,6.0,current_1e-9,0.0,0.008289145246824092,0.0
1933622971340170496,6.0,current_1e-9,0.0,0.007036583142007313,0.0
1014188567684692224,6.0,current_1e-9,0.0,0.008417357369463791,0.0
5466445022127902976,6.0,current_1e-9,0.0,0.008566340556495331,0.0
6681692893110527232,6.0,current_1e-9,0.0,0.009965098350805888,0.0
5185560414440293632,6.0,current_1e-9,0.0,0.02254821996036288,0.0
5800349145690204288,6.0,current_1e-9,0.0,0.007108980001632531,0.0
4105409399796978944,6.0,current_1e-9,0.0,0.0044303584175848735,0.0
4708692944344873216,6.0,current_1e-9,0.0,0.005914105059092564,0.0
2027994226190382848,6.0,current_1e-9,0.0,0.006574073275737785,0.0
2511654375999952640,6.0,current_1e-9,0.0,0.008846569569321063,0.0
5493261389176885632,6.0,current_1e-9,0.0,0.010603022410274526,0.0
2240388880151078528,6.0,current_1e-9,0.0,0.007340677717408109,0.0
5658455555185799040,6.0,current_1e-9,0.0,0.005599735988053371,0.0
5052502602489649664,6.0,current_1e-9,0.0,0.021179201427517697,0.0
1979258613779627520,6.0,current_1e-9,0.0,0.008563224165822347,0.0
446639254048922112,6.0,current_1e-9,0.0,0.004698536527707134,0.0
5601915746720479104,6.0,current_1e-9,0.0,0.009302376711791073,0.0
4776963682897871616,6.0,current_1e-9,0.0,0.030949106673459872,0.0
3280686721529098368,6.0,current_1e-9,0.0,0.006215491954676665,0.0
1285339370727734400,6.0,current_1e-9,0.0,0.011133786689395023,0.0
5511484179500121088,6.0,current_1e-9,0.0,0.008275079171948526,0.0
519978157091449088,6.0,current_1e-9,0.0,0.004051793715050216,0.0
3855789469596668544,6.0,current_1e-9,0.0,0.004309288948592032,0.0
572054498112591744,6.0,current_1e-9,0.0,0.00474901117893745,0.0
357842591908022912,6.0,current_1e-9,0.0,0.005115746169202978,0.0
5927844322167316352,6.0,current_1e-9,0.0,0.00433514033859319,0.0
2281306105868025600,6.0,current_1e-9,0.0,0.011306312464226614,0.0
6342743866636102528,6.0,current_1e-9,0.0,0.005099067601958694,0.0
1690963263347609088,6.0,current_1e-9,0.0,0.010663152171984385,0.0
1230823728796492672,6.0,current_1e-9,0.0,0.008780737729855303,0.0
6411524297547089024,6.0,current_1e-9,0.0,0.00690871214122977,0.0
2935813011016890752,6.0,current_1e-9,0.0,0.006845716583215797,0.0
1510354597152530176,6.0,current_1e-9,0.0,0.011295320736763993,0.0
263711679169833728,6.0,current_1e-9,0.0,0.005961630144640667,0.0
2203996935067479424,6.0,current_1e-9,0.0,0.01894426032073276,0.0
4637390027600793344,6.0,current_1e-9,0.0,0.008204095466015096,0.0
3326809997366173568,6.0,current_1e-9,0.0,0.010858982381037208,0.0
359891153870510208,6.0,current_1e-9,0.0,0.030698383628930608,0.0
3194157939562713472,6.0,current_1e-9,0.0,0.009219161293245088,0.0
5654914887224650240,6.0,current_1e-9,0.0,0.008683792373518254,0.0
132596261882440320,6.0,current_1e-9,0.0,0.008455371142239132,0.0
4262558915898078720,6.0,current_1e-9,0.0,0.006887292215799652,0.0
6149021149160162176,6.0,current_1e-9,0.0,0.005050694591444985,0.0
2811411825899219200,6.0,current_1e-9,0.0,0.03105043636751312,0.0
1900800964403932800,6.0,current_1e-9,0.0,0.005191615914460888,0.0
6009934130839583488,6.0,current_1e-9,0.0,0.0035970400966056208,0.0
6872322302128569344,6.0,current_1e-9,0.0,0.006197941371472836,0.0
4548634356637185792,6.0,current_1e-9,0.0,0.012978017636731055,0.0
6527091903161249152,6.0,current_1e-9,0.0,0.006216903897869086,0.0
2639759162947729408,6.0,current_1e-9,0.0,0.005756545101221569,0.0
4100927786033595648,6.0,current_1e-9,0.0,0.004968799455943998,0.0
5371882654157606912,6.0,current_1e-9,0.0,0.02379811315316159,0.0
6775009922429158272,6.0,current_1e-9,0.0,0.006707721706429636,0.0
665668979685323648,6.0,current_1e-9,0.0,0.017882180917221324,0.0
1832230956847006592,6.0,current_1e-9,0.0,0.04789059126617809,0.0
6284599664533612544,6.0,current_1e-9,0.0,0.012401354998962433,0.0
4641784775576833536,6.0,current_1e-9,0.0,0.01820609068689719,0.0
4268847611328000256,6.0,current_1e-9,0.0,0.660120923989384,0.0
4278176623883730176,6.0,current_1e-9,0.0,0.00370076794395638,0.0
3267929947104804096,6.0,nearterm_1e-10,0.0,0.00476624834226878,0.0
5642877846246495360,6.0,nearterm_1e-10,0.0,0.004491483909898777,0.0
6603465041679231872,6.0,nearterm_1e-10,0.0,0.022951771637635864,0.0
2046526391572691328,6.0,nearterm_1e-10,0.0,0.007862327843761415,0.0
1016789806037687424,6.0,nearterm_1e-10,0.0,0.020890293776192725,0.0
5679711000438989312,6.0,nearterm_1e-10,0.0,0.002083633823738919,0.0
2995683893041962368,6.0,nearterm_1e-10,0.0,0.007461623272081008,0.0
5953737099445742848,6.0,nearterm_1e-10,0.0,0.0052179533045739355,0.0
4615401513032729088,6.0,nearterm_1e-10,0.0,0.007201582428410684,0.0
3004510772390701696,6.0,nearterm_1e-10,0.0,0.009928999535497326,0.0
4069792782145982080,6.0,nearterm_1e-10,0.0,0.012599307383300921,0.0
5814108395520777856,6.0,nearterm_1e-10,0.0,0.010977093208353194,0.0
5962272505153840896,6.0,nearterm_1e-10,0.0,0.01717483822347144,0.0
2149291627370030336,6.0,nearterm_1e-10,0.0,0.0044159532408251405,0.0
1323478680316848256,6.0,nearterm_1e-10,0.0,0.007596060318579774,0.0
5260504054704228736,6.0,nearterm_1e-10,0.0,0.017592963508042046,0.0
5841541455445538432,6.0,nearterm_1e-10,0.0,0.005846459741003972,0.0
3867940039451965952,6.0,nearterm_1e-10,0.0,0.013357497948153909,0.0
87878642944408960,6.0,nearterm_1e-10,0.0,0.006408853487195743,0.0
3151482384299373696,6.0,nearterm_1e-10,0.0,0.02701316811508753,0.0
6181044017297795968,6.0,nearterm_1e-10,0.0,0.04904684413918672,0.0
803645216387486720,6.0,nearterm_1e-10,0.0,0.023799471412924707,0.0
5914174364643486592,6.0,nearterm_1e-10,0.0,0.01034374744540584,0.0
4797122403959920768,6.0,nearterm_1e-10,0.0,0.01565061067524262,0.0
2575048093288905088,6.0,nearterm_1e-10,0.0,0.014787865988404505,0.0
4229058961259584256,6.0,nearterm_1e-10,0.0,0.0274515457573207,0.0
4561522831932945920,6.0,nearterm_1e-10,0.0,0.01907351292830635,0.0
2208326773198648320,6.0,nearterm_1e-10,0.0,0.01783823499850304,0.0
6094128791359632256,6.0,nearterm_1e-10,0.0,0.014784356684629437,0.0
2769623267282593152,6.0,nearterm_1e-10,0.0,0.012267394977333129,0.0
5660807578058341120,6.0,nearterm_1e-10,0.0,0.010053330025806748,0.0
296496818102428544,6.0,nearterm_1e-10,0.0,0.01381463090054272,0.0
158752853233960704,6.0,nearterm_1e-10,0.0,0.0033494122074806476,0.0
2259514678757235200,6.0,nearterm_1e-10,0.0,0.005736553972418971,0.0
4227855172121285760,6.0,nearterm_1e-10,0.0,0.013087543565549269,0.0
2196000977264781056,6.0,nearterm_1e-10,0.0,0.010027922532168667,0.0
1422765267499632640,6.0,nearterm_1e-10,0.0,0.00948717048484716,0.0
5351303408563334912,6.0,nearterm_1e-10,0.0,0.008855309651613965,0.0
1364263517961035648,6.0,nearterm_1e-10,0.0,0.0070013555199015635,0.0
5274946414813497344,6.0,nearterm_1e-10,0.0,0.011630449857920434,0.0
3180960123537829760,6.0,nearterm_1e-10,0.0,0.016672227963265163,0.0
2757278951454094208,6.0,nearterm_1e-10,0.0,0.00695053810536264,0.0
2703346703520007168,6.0,nearterm_1e-10,0.0,0.006445068948532381,0.0
4002529127504102656,6.0,nearterm_1e-10,0.0,0.028789719912090672,0.0
5421588692928858752,6.0,nearterm_1e-10,0.0,0.005038585396669477,0.0
6050388913137070848,6.0,nearterm_1e-10,0.0,0.005831457074758047,0.0
4345060775182367232,6.0,nearterm_1e-10,0.0,0.004703488418210333,0.0
992946106114748032,6.0,nearterm_1e-10,0.0,0.013269649661888422,0.0
676792841901784192,6.0,nearterm_1e-10,0.0,0.010371002275182692,0.0
218953691837608960,6.0,nearterm_1e-10,0.0,0.008810035863721317,0.0
2482368024800833024,6.0,nearterm_1e-10,0.0,0.012922331791398043,0.0
4609966833215963392,6.0,nearterm_1e-10,0.0,0.007863382957350723,0.0
6844037812175117440,6.0,nearterm_1e-10,0.0,0.009492018015384723,0.0
6441225886185109632,6.0,nearterm_1e-10,0.0,0.010787172931645035,0.0
1275271417631701504,6.0,nearterm_1e-10,0.0,0.008152577135150847,0.0
6490173906174556416,6.0,nearterm_1e-10,0.0,0.00770366304249286,0.0
5940429538445511808,6.0,nearterm_1e-10,0.0,0.026609125658078697,0.0
3793148372312611456,6.0,nearterm_1e-10,0.0,0.009265819620110954,0.0
3138662151736925568,6.0,nearterm_1e-10,0.0,0.0059131861956133415,0.0
5976199159903812736,6.0,nearterm_1e-10,0.0,0.00478671194736825,0.0
1504338722359357568,6.0,nearterm_1e-10,0.0,0.011741496267918292,0.0
1688451325954477184,6.0,nearterm_1e-10,0.0,0.015420276479236897,0.0
5889045855385067136,6.0,nearterm_1e-10,0.0,0.0052879117129540154,0.0
4081754605352170496,6.0,nearterm_1e-10,0.0,0.02477925380182937,0.0
2691146831736184576,6.0,nearterm_1e-10,0.0,0.008502636678979183,0.0
334398010409366400,6.0,nearterm_1e-10,0.0,0.009841737372897758,0.0
1383626089525174016,6.0,nearterm_1e-10,0.0,0.008320578150609173,0.0
3702063519102244480,6.0,nearterm_1e-10,0.0,0.023091872329882728,0.0
5423016683660491264,6.0,nearterm_1e-10,0.0,0.005921916354025914,0.0
2804852929801600768,6.0,nearterm_1e-10,0.0,0.031079204652332527,0.0
3114023912926376448,6.0,nearterm_1e-10,0.0,0.008607026009732456,0.0
5524591457617244928,6.0,nearterm_1e-10,0.0,0.007222955313433342,0.0
4060366016201160320,6.0,nearterm_1e-10,0.0,0.0004252987601071569,0.0
6694638847956909696,6.0,nearterm_1e-10,0.0,0.00746982989254141,0.0
3039556915253606144,6.0,nearterm_1e-10,0.0,0.01648976535751157,0.0
6237927045205600000,6.0,nearterm_1e-10,0.0,0.004741722230898356,0.0
1878241773237645184,6.0,nearterm_1e-10,0.0,0.00814358753501549,0.0
4288946748293342080,6.0,nearterm_1e-10,0.0,0.07182481124169238,0.0
2337648311488015360,6.0,nearterm_1e-10,0.0,0.012907981639492559,0.0
4395214100433309184,6.0,nearterm_1e-10,0.0,0.021750918424517193,0.0
2796277112767076864,6.0,nearterm_1e-10,0.0,0.0031448493782930023,0.0
6016504747910034432,6.0,nearterm_1e-10,0.0,0.005262071604074989,0.0
5166280100090122880,6.0,nearterm_1e-10,0.0,0.02011154994772149,0.0
1130573557111974912,6.0,nearterm_1e-10,0.0,0.018468535041978214,0.0
164738354017665664,6.0,nearterm_1e-10,0.0,0.0010557987503460515,0.0
1761771910959772032,6.0,nearterm_1e-10,0.0,0.008238704875830142,0.0
1329848490477856768,6.0,nearterm_1e-10,0.0,0.07665085840008028,0.0
3311535375672171776,6.0,nearterm_1e-10,0.0,0.016694445397235236,0.0
6112272348126668800,6.0,nearterm_1e-10,0.0,0.011994563420956256,0.0
6755038496304470144,6.0,nearterm_1e-10,0.0,0.009939707900299265,0.0
4283053988756001920,6.0,nearterm_1e-10,0.0,0.008521828966120972,0.0
2599647119044490496,6.0,nearterm_1e-10,0.0,0.009855627341502242,0.0
490441735713670528,6.0,nearterm_1e-10,0.0,0.008548791207346092,0.0
4934043968492272896,6.0,nearterm_1e-10,0.0,0.012355917567512692,0.0
2621100450623361280,6.0,nearterm_1e-10,0.0,0.055704242481847736,0.0
1851315420672845056,6.0,nearterm_1e-10,0.0,0.011565968520301244,0.0
5541455315986463104,6.0,nearterm_1e-10,0.0,0.005269569125840745,0.0
5976098417137532800,6.0,nearterm_1e-10,0.0,0.006896296890092926,0.0
28898090451449472,6.0,nearterm_1e-10,0.0,0.0064282629824823035,0.0
6592347918267168128,6.0,nearterm_1e-10,0.0,0.013747566452732524,0.0
5887064359268864256,6.0,nearterm_1e-10,0.0,0.0020840354220481353,0.0
6518913495153329920,6.0,nearterm_1e-10,0.0,0.005114340101783689,0.0
4600878063941953280,6.0,nearterm_1e-10,0.0,0.008531150735833744,0.0
992845122843798016,6.0,nearterm_1e-10,0.0,0.009633265465012645,0.0
3664521351702250752,6.0,nearterm_1e-10,0.0,0.03179970527919277,0.0
3711953493050429568,6.0,nearterm_1e-10,0.0,0.011883758289259357,0.0
5473228871432372992,6.0,nearterm_1e-10,0.0,0.009019185886063458,0.0
6752384069075512320,6.0,nearterm_1e-10,0.0,0.007098296038742359,0.0
4115513220094402048,6.0,nearterm_1e-10,0.0,0.0041092563138833,0.0
4602130957441446400,6.0,nearterm_1e-10,0.0,0.006226460719723545,0.0
377546664910219776,6.0,nearterm_1e-10,0.0,0.021313838289201893,0.0
4364333977066797056,6.0,nearterm_1e-10,0.0,0.0025267135391029857,0.0
5768315046181771904,6.0,nearterm_1e-10,0.0,0.006349349884521437,0.0
123580919370477952,6.0,nearterm_1e-10,0.0,0.006167800592093389,0.0
4366334126156046976,6.0,nearterm_1e-10,0.0,0.00460939033018169,0.0
4901782819863332608,6.0,nearterm_1e-10,0.0,0.03353867589991448,0.0
2151838817854979456,6.0,nearterm_1e-10,0.0,0.005018315896102439,0.0
1343460895402697600,6.0,nearterm_1e-10,0.0,0.018821293216398565,0.0
6136053959995638016,6.0,nearterm_1e-10,0.0,0.00666091896006459,0.0
2221263218985851520,6.0,nearterm_1e-10,0.0,0.06677421419911439,0.0
4162186251740404608,6.0,nearterm_1e-10,0.0,0.021553953847553344,0.0
1678399143976755584,6.0,nearterm_1e-10,0.0,0.01824303902632383,0.0
2704125913666895104,6.0,nearterm_1e-10,0.0,0.005807571316417599,0.0
5000393997669149952,6.0,nearterm_1e-10,0.0,0.01260908545100966,0.0
2491206105423269504,6.0,nearterm_1e-10,0.0,0.022913304327849923,0.0
6274538269849968512,6.0,nearterm_1e-10,0.0,0.007039251012235673,0.0
707365862223681408,6.0,nearterm_1e-10,0.0,0.006942182977305021,0.0
4735086373076351744,6.0,nearterm_1e-10,0.0,0.027343738463912744,0.0
2799316059826451328,6.0,nearterm_1e-10,0.0,0.012624457453169046,0.0
1875970079134757760,6.0,nearterm_1e-10,0.0,0.007627192479873673,0.0
1783649894544856960,6.0,nearterm_1e-10,0.0,0.00727602187241792,0.0
2554116930949289856,6.0,nearterm_1e-10,0.0,0.0114878884636852,0.0
2753295523906432384,6.0,nearterm_1e-10,0.0,0.006223295567535743,0.0
886990809110955008,6.0,nearterm_1e-10,0.0,0.01485703792858293,0.0
919018036639891968,6.0,nearterm_1e-10,0.0,0.018370513652321344,0.0
2833555985786735232,6.0,nearterm_1e-10,0.0,0.016074255120495835,0.0
3023472056569280512,6.0,nearterm_1e-10,0.0,0.008761888610500715,0.0
868768602903736832,6.0,nearterm_1e-10,0.0,0.00836935728727108,0.0
5178460008866279808,6.0,nearterm_1e-10,0.0,0.009550289661970903,0.0
3004697238395042176,6.0,nearterm_1e-10,0.0,0.025813125130750684,0.0
2346247935526578688,6.0,nearterm_1e-10,0.0,0.008293171298360952,0.0
1933622971340170496,6.0,nearterm_1e-10,0.0,0.007037353323842638,0.0
1014188567684692224,6.0,nearterm_1e-10,0.0,0.008420036888110948,0.0
5466445022127902976,6.0,nearterm_1e-10,0.0,0.008568317938643301,0.0
6681692893110527232,6.0,nearterm_1e-10,0.0,0.009967113876212644,0.0
5185560414440293632,6.0,nearterm_1e-10,0.0,0.022557133138049912,0.0
5800349145690204288,6.0,nearterm_1e-10,0.0,0.007110835795713575,0.0
4105409399796978944,6.0,nearterm_1e-10,0.0,0.0044306507542033885,0.0
4708692944344873216,6.0,nearterm_1e-10,0.0,0.005914721728908446,0.0
2027994226190382848,6.0,nearterm_1e-10,0.0,0.006575088647225556,0.0
2511654375999952640,6.0,nearterm_1e-10,0.0,0.00884782794820843,0.0
5493261389176885632,6.0,nearterm_1e-10,0.0,0.010605009434527645,0.0
2240388880151078528,6.0,nearterm_1e-10,0.0,0.007344408328290837,0.0
5658455555185799040,6.0,nearterm_1e-10,0.0,0.005600887908200721,0.0
5052502602489649664,6.0,nearterm_1e-10,0.0,0.021189111649833905,0.0
1979258613779627520,6.0,nearterm_1e-10,0.0,0.008566694033902639,0.0
446639254048922112,6.0,nearterm_1e-10,0.0,0.004699016207820375,0.0
5601915746720479104,6.0,nearterm_1e-10,0.0,0.009304627090428863,0.0
4776963682897871616,6.0,nearterm_1e-10,0.0,0.030969406102749814,0.0
3280686721529098368,6.0,nearterm_1e-10,0.0,0.00621680548840533,0.0
1285339370727734400,6.0,nearterm_1e-10,0.0,0.011135116863660801,0.0
5511484179500121088,6.0,nearterm_1e-10,0.0,0.008276003973296525,0.0
519978157091449088,6.0,nearterm_1e-10,0.0,0.00405208263469098,0.0
3855789469596668544,6.0,nearterm_1e-10,0.0,0.004309497454716033,0.0
572054498112591744,6.0,nearterm_1e-10,0.0,0.004749384692154862,0.0
357842591908022912,6.0,nearterm_1e-10,0.0,0.0051161472347570755,0.0
5927844322167316352,6.0,nearterm_1e-10,0.0,0.004335338084854953,0.0
2281306105868025600,6.0,nearterm_1e-10,0.0,0.011308009846024928,0.0
6342743866636102528,6.0,nearterm_1e-10,0.0,0.005099652875634922,0.0
1690963263347609088,6.0,nearterm_1e-10,0.0,0.010666520960430479,0.0
1230823728796492672,6.0,nearterm_1e-10,0.0,0.00878266675491728,0.0
6411524297547089024,6.0,nearterm_1e-10,0.0,0.0069111147884502525,0.0
2935813011016890752,6.0,nearterm_1e-10,0.0,0.006846542981355779,0.0
1510354597152530176,6.0,nearterm_1e-10,0.0,0.011298782898360189,0.0
263711679169833728,6.0,nearterm_1e-10,0.0,0.005964085881830884,0.0
2203996935067479424,6.0,nearterm_1e-10,0.0,0.018948297307199068,0.0
4637390027600793344,6.0,nearterm_1e-10,0.0,0.008206891983021153,0.0
3326809997366173568,6.0,nearterm_1e-10,0.0,0.010862993264296218,0.0
359891153870510208,6.0,nearterm_1e-10,0.0,0.030747085091829676,0.0
3194157939562713472,6.0,nearterm_1e-10,0.0,0.009222090854830023,0.0
5654914887224650240,6.0,nearterm_1e-10,0.0,0.008686215133025754,0.0
132596261882440320,6.0,nearterm_1e-10,0.0,0.00845737414201563,0.0
4262558915898078720,6.0,nearterm_1e-10,0.0,0.0068900071762610735,0.0
6149021149160162176,6.0,nearterm_1e-10,0.0,0.005051210254717616,0.0
2811411825899219200,6.0,nearterm_1e-10,0.0,0.031113107129461807,0.0
1900800964403932800,6.0,nearterm_1e-10,0.0,0.005192144530243892,0.0
6009934130839583488,6.0,nearterm_1e-10,0.0,0.0035978440550698183,0.0
6872322302128569344,6.0,nearterm_1e-10,0.0,0.0061991719954232515,0.0
4548634356637185792,6.0,nearterm_1e-10,0.0,0.012984062157632809,0.0
6527091903161249152,6.0,nearterm_1e-10,0.0,0.006217665037584439,0.0
2639759162947729408,6.0,nearterm_1e-10,0.0,0.00575690728018076,0.0
4100927786033595648,6.0,nearterm_1e-10,0.0,0.004970587534704928,0.0
5371882654157606912,6.0,nearterm_1e-10,0.0,0.023819163442136953,0.0
6775009922429158272,6.0,nearterm_1e-10,0.0,0.006710573400867322,0.0
665668979685323648,6.0,nearterm_1e-10,0.0,0.017900699940932498,0.0
1832230956847006592,6.0,nearterm_1e-10,0.0,0.04792301520004598,0.0
6284599664533612544,6.0,nearterm_1e-10,0.0,0.012406608177197437,0.0
4641784775576833536,6.0,nearterm_1e-10,0.0,0.018213783932508866,0.0
4268847611328000256,6.0,nearterm_1e-10,0.0,0.6720618303052172,0.0
4278176623883730176,6.0,nearterm_1e-10,0.0,0.0037009499431914883,0.0
3267929947104804096,6.0,goal_1e-11,0.0,0.004766289423898585,0.0
5642877846246495360,6.0,goal_1e-11,0.0,0.004491509346649718,0.0
6603465041679231872,6.0,goal_1e-11,0.0,0.02295406493224306,0.0
2046526391572691328,6.0,goal_1e-11,0.0,0.007862557765943655,0.0
1016789806037687424,6.0,goal_1e-11,0.0,0.020891903094586474,0.0
5679711000438989312,6.0,goal_1e-11,0.0,0.002083646519843842,0.0
2995683893041962368,6.0,goal_1e-11,0.0,0.007461778758282619,0.0
5953737099445742848,6.0,goal_1e-11,0.0,0.005218063547772799,0.0
4615401513032729088,6.0,goal_1e-11,0.0,0.007201674372227868,0.0
3004510772390701696,6.0,goal_1e-11,0.0,0.009929234355445234,0.0
4069792782145982080,6.0,goal_1e-11,0.0,0.012599646187530062,0.0
5814108395520777856,6.0,goal_1e-11,0.0,0.010977413381375015,0.0
5962272505153840896,6.0,goal_1e-11,0.0,0.017175905299490517,0.0
2149291627370030336,6.0,goal_1e-11,0.0,0.004415985398900593,0.0
1323478680316848256,6.0,goal_1e-11,0.0,0.007596433069153971,0.0
5260504054704228736,6.0,goal_1e-11,0.0,0.017593791618669315,0.0
5841541455445538432,6.0,goal_1e-11,0.0,0.005846614406773462,0.0
3867940039451965952,6.0,goal_1e-11,0.0,0.013357865585388385,0.0
87878642944408960,6.0,goal_1e-11,0.0,0.006408927945328232,0.0
3151482384299373696,6.0,goal_1e-11,0.0,0.02701586058482517,0.0
6181044017297795968,6.0,goal_1e-11,0.0,0.049053037738102316,0.0
803645216387486720,6.0,goal_1e-11,0.0,0.02380062820249827,0.0
5914174364643486592,6.0,goal_1e-11,0.0,0.010344274310442771,0.0
4797122403959920768,6.0,goal_1e-11,0.0,0.015651265166546243,0.0
2575048093288905088,6.0,goal_1e-11,0.0,0.014788240635290278,0.0
4229058961259584256,6.0,goal_1e-11,0.0,0.02745445650871028,0.0
4561522831932945920,6.0,goal_1e-11,0.0,0.019074601958398968,0.0
2208326773198648320,6.0,goal_1e-11,0.0,0.017839484400073404,0.0
6094128791359632256,6.0,goal_1e-11,0.0,0.0147850693135039,0.0
2769623267282593152,6.0,goal_1e-11,0.0,0.012268240564539611,0.0
5660807578058341120,6.0,goal_1e-11,0.0,0.01005361010478779,0.0
296496818102428544,6.0,goal_1e-11,0.0,0.013815258027402055,0.0
158752853233960704,6.0,goal_1e-11,0.0,0.0033494285407502473,0.0
2259514678757235200,6.0,goal_1e-11,0.0,0.005736625677661836,0.0
4227855172121285760,6.0,goal_1e-11,0.0,0.013087891649920703,0.0
2196000977264781056,6.0,goal_1e-11,0.0,0.010028142258534984,0.0
1422765267499632640,6.0,goal_1e-11,0.0,0.00948746798421257,0.0
5351303408563334912,6.0,goal_1e-11,0.0,0.008855498571779424,0.0
1364263517961035648,6.0,goal_1e-11,0.0,0.007001453913702489,0.0
5274946414813497344,6.0,goal_1e-11,0.0,0.011630621817577748,0.0
3180960123537829760,6.0,goal_1e-11,0.0,0.016673231731485258,0.0
2757278951454094208,6.0,goal_1e-11,0.0,0.006950618895032849,0.0
2703346703520007168,6.0,goal_1e-11,0.0,0.006445178511669287,0.0
4002529127504102656,6.0,goal_1e-11,0.0,0.028792301720221056,0.0
5421588692928858752,6.0,goal_1e-11,0.0,0.005038634192089355,0.0
6050388913137070848,6.0,goal_1e-11,0.0,0.005831627552151944,0.0
4345060775182367232,6.0,goal_1e-11,0.0,0.004703538010075406,0.0
992946106114748032,6.0,goal_1e-11,0.0,0.01326984424148781,0.0
676792841901784192,6.0,goal_1e-11,0.0,0.010371618247630323,0.0
218953691837608960,6.0,goal_1e-11,0.0,0.008810383181447199,0.0
2482368024800833024,6.0,goal_1e-11,0.0,0.01292304994875224,0.0
4609966833215963392,6.0,goal_1e-11,0.0,0.007863445885395887,0.0
6844037812175117440,6.0,goal_1e-11,0.0,0.009492702303868434,0.0
6441225886185109632,6.0,goal_1e-11,0.0,0.010787635524184096,0.0
1275271417631701504,6.0,goal_1e-11,0.0,0.008152712509614694,0.0
6490173906174556416,6.0,goal_1e-11,0.0,0.007703828864560277,0.0
5940429538445511808,6.0,goal_1e-11,0.0,0.02661058459906208,0.0
3793148372312611456,6.0,goal_1e-11,0.0,0.009265948432044847,0.0
3138662151736925568,6.0,goal_1e-11,0.0,0.005913245694934946,0.0
5976199159903812736,6.0,goal_1e-11,0.0,0.004786831557916457,0.0
1504338722359357568,6.0,goal_1e-11,0.0,0.011742203154779344,0.0
1688451325954477184,6.0,goal_1e-11,0.0,0.015420803067836506,0.0
5889045855385067136,6.0,goal_1e-11,0.0,0.005287960873302008,0.0
4081754605352170496,6.0,goal_1e-11,0.0,0.02478257184691695,0.0
2691146831736184576,6.0,goal_1e-11,0.0,0.00850274712956161,0.0
334398010409366400,6.0,goal_1e-11,0.0,0.009842308136701975,0.0
1383626089525174016,6.0,goal_1e-11,0.0,0.00832081065314615,0.0
3702063519102244480,6.0,goal_1e-11,0.0,0.023093658475143133,0.0
5423016683660491264,6.0,goal_1e-11,0.0,0.005921980426763614,0.0
2804852929801600768,6.0,goal_1e-11,0.0,0.031080546488493843,0.0
3114023912926376448,6.0,goal_1e-11,0.0,0.008607517222007267,0.0
5524591457617244928,6.0,goal_1e-11,0.0,0.0072230370340634256,0.0
4060366016201160320,6.0,goal_1e-11,0.0,0.0004252991255170792,0.0
6694638847956909696,6.0,goal_1e-11,0.0,0.007470166538597364,0.0
3039556915253606144,6.0,goal_1e-11,0.0,0.016490530778736072,0.0
6237927045205600000,6.0,goal_1e-11,0.0,0.004741826972448052,0.0
1878241773237645184,6.0,goal_1e-11,0.0,0.008143721385089111,0.0
4288946748293342080,6.0,goal_1e-11,0.0,0.07183591501393079,0.0
2337648311488015360,6.0,goal_1e-11,0.0,0.012908313254206957,0.0
4395214100433309184,6.0,goal_1e-11,0.0,0.0217525058999215,0.0
2796277112767076864,6.0,goal_1e-11,0.0,0.003144867398854908,0.0
6016504747910034432,6.0,goal_1e-11,0.0,0.005262097270598153,0.0
5166280100090122880,6.0,goal_1e-11,0.0,0.020113041260458465,0.0
1130573557111974912,6.0,goal_1e-11,0.0,0.018469514479579133,0.0
164738354017665664,6.0,goal_1e-11,0.0,0.001055800203572084,0.0
1761771910959772032,6.0,goal_1e-11,0.0,0.008238787133714072,0.0
1329848490477856768,6.0,goal_1e-11,0.0,0.0766610761965217,0.0
3311535375672171776,6.0,goal_1e-11,0.0,0.01669521904380239,0.0
6112272348126668800,6.0,goal_1e-11,0.0,0.01199493072141668,0.0
6755038496304470144,6.0,goal_1e-11,0.0,0.009939983443289663,0.0
4283053988756001920,6.0,goal_1e-11,0.0,0.008522146917530933,0.0
2599647119044490496,6.0,goal_1e-11,0.0,0.00985584067633419,0.0
490441735713670528,6.0,goal_1e-11,0.0,0.00854914781395991,0.0
4934043968492272896,6.0,goal_1e-11,0.0,0.012356903726697968,0.0
2621100450623361280,6.0,goal_1e-11,0.0,0.05571369203171905,0.0
1851315420672845056,6.0,goal_1e-11,0.0,0.011566174117649076,0.0
5541455315986463104,6.0,goal_1e-11,0.0,0.005269614233901957,0.0
5976098417137532800,6.0,goal_1e-11,0.0,0.0068964295683844445,0.0
28898090451449472,6.0,goal_1e-11,0.0,0.006428344755824407,0.0
6592347918267168128,6.0,goal_1e-11,0.0,0.013748091908853401,0.0
5887064359268864256,6.0,goal_1e-11,0.0,0.0020840471356747985,0.0
6518913495153329920,6.0,goal_1e-11,0.0,0.005114382184001858,0.0
4600878063941953280,6.0,goal_1e-11,0.0,0.00853123763376621,0.0
992845122843798016,6.0,goal_1e-11,0.0,0.009633448147655028,0.0
3664521351702250752,6.0,goal_1e-11,0.0,0.031802386239807585,0.0
3711953493050429568,6.0,goal_1e-11,0.0,0.011883932230126664,0.0
5473228871432372992,6.0,goal_1e-11,0.0,0.009019294615005186,0.0
6752384069075512320,6.0,goal_1e-11,0.0,0.0070984249342453095,0.0
4115513220094402048,6.0,goal_1e-11,0.0,0.004109282584538995,0.0
4602130957441446400,6.0,goal_1e-11,0.0,0.006226523534623757,0.0
377546664910219776,6.0,goal_1e-11,0.0,0.021314511325523405,0.0
4364333977066797056,6.0,goal_1e-11,0.0,0.002526720154587511,0.0
5768315046181771904,6.0,goal_1e-11,0.0,0.006349503411803304,0.0
123580919370477952,6.0,goal_1e-11,0.0,0.0061678619372006645,0.0
4366334126156046976,6.0,goal_1e-11,0.0,0.004609482021996223,0.0
4901782819863332608,6.0,goal_1e-11,0.0,0.0335433503092326,0.0
2151838817854979456,6.0,goal_1e-11,0.0,0.00501834468325416,0.0
1343460895402697600,6.0,goal_1e-11,0.0,0.01882341459852769,0.0
6136053959995638016,6.0,goal_1e-11,0.0,0.006661001893153079,0.0
2221263218985851520,6.0,goal_1e-11,0.0,0.06680240027018715,0.0
4162186251740404608,6.0,goal_1e-11,0.0,0.02155690255551662,0.0
1678399143976755584,6.0,goal_1e-11,0.0,0.01824368006674011,0.0
2704125913666895104,6.0,goal_1e-11,0.0,0.005807625891353819,0.0
5000393997669149952,6.0,goal_1e-11,0.0,0.01260943893160649,0.0
2491206105423269504,6.0,goal_1e-11,0.0,0.02291421945633856,0.0
6274538269849968512,6.0,goal_1e-11,0.0,0.007039510780922541,0.0
707365862223681408,6.0,goal_1e-11,0.0,0.006942330314700817,0.0
4735086373076351744,6.0,goal_1e-11,0.0,0.027346838193555045,0.0
2799316059826451328,6.0,goal_1e-11,0.0,0.01262490068613471,0.0
1875970079134757760,6.0,goal_1e-11,0.0,0.007627388687007297,0.0
1783649894544856960,6.0,goal_1e-11,0.0,0.007276111151544737,0.0
2554116930949289856,6.0,goal_1e-11,0.0,0.011488044105853894,0.0
2753295523906432384,6.0,goal_1e-11,0.0,0.006223409340673368,0.0
886990809110955008,6.0,goal_1e-11,0.0,0.014858419837561882,0.0
919018036639891968,6.0,goal_1e-11,0.0,0.01837132435575905,0.0
2833555985786735232,6.0,goal_1e-11,0.0,0.01607568364606548,0.0
3023472056569280512,6.0,goal_1e-11,0.0,0.008762282640661706,0.0
868768602903736832,6.0,goal_1e-11,0.0,0.008369589507122388,0.0
5178460008866279808,6.0,goal_1e-11,0.0,0.009550471186689223,0.0
3004697238395042176,6.0,goal_1e-11,0.0,0.025816653822422837,0.0
2346247935526578688,6.0,goal_1e-11,0.0,0.008293569579709708,0.0
1933622971340170496,6.0,goal_1e-11,0.0,0.007037430257598114,0.0
1014188567684692224,6.0,goal_1e-11,0.0,0.008420303504326118,0.0
5466445022127902976,6.0,goal_1e-11,0.0,0.008568515091676158,0.0
6681692893110527232,6.0,goal_1e-11,0.0,0.009967314962448981,0.0
5185560414440293632,6.0,goal_1e-11,0.0,0.02255802075249149,0.0
5800349145690204288,6.0,goal_1e-11,0.0,0.00711102062687631,0.0
4105409399796978944,6.0,goal_1e-11,0.0,0.00443067996870111,0.0
4708692944344873216,6.0,goal_1e-11,0.0,0.005914783327562936,0.0
2027994226190382848,6.0,goal_1e-11,0.0,0.006575190001322131,0.0
2511654375999952640,6.0,goal_1e-11,0.0,0.008847953601724988,0.0
5493261389176885632,6.0,goal_1e-11,0.0,0.010605207743882001,0.0
2240388880151078528,6.0,goal_1e-11,0.0,0.007344776365373889,0.0
5658455555185799040,6.0,goal_1e-11,0.0,0.005601002734136299,0.0
5052502602489649664,6.0,goal_1e-11,0.0,0.02119009732024508,0.0
1979258613779627520,6.0,goal_1e-11,0.0,0.008567038380040191,0.0
446639254048922112,6.0,goal_1e-11,0.0,0.004699064119328998,0.0
5601915746720479104,6.0,goal_1e-11,0.0,0.009304851440602302,0.0
4776963682897871616,6.0,goal_1e-11,0.0,0.0309714213228545,0.0
3280686721529098368,6.0,goal_1e-11,0.0,0.0062169364280775545,0.0
1285339370727734400,6.0,goal_1e-11,0.0,0.011135249734748715,0.0
5511484179500121088,6.0,goal_1e-11,0.0,0.008276096353096712,0.0
519978157091449088,6.0,goal_1e-11,0.0,0.004052111505325175,0.0
3855789469596668544,6.0,goal_1e-11,0.0,0.004309518296009547,0.0
572054498112591744,6.0,goal_1e-11,0.0,0.0047494220130217925,0.0
357842591908022912,6.0,goal_1e-11,0.0,0.00511618730904459,0.0
5927844322167316352,6.0,goal_1e-11,0.0,0.0043353578512664,0.0
2281306105868025600,6.0,goal_1e-11,0.0,0.011308179338767235,0.0
6342743866636102528,6.0,goal_1e-11,0.0,0.005099711324703415,0.0
1690963263347609088,6.0,goal_1e-11,0.0,0.010666856404088319,0.0
1230823728796492672,6.0,goal_1e-11,0.0,0.008782859143808984,0.0
6411524297547089024,6.0,goal_1e-11,0.0,0.006911353413401324,0.0
2935813011016890752,6.0,goal_1e-11,0.0,0.006846625515339882,0.0
1510354597152530176,6.0,goal_1e-11,0.0,0.011299127802290101,0.0
263711679169833728,6.0,goal_1e-11,0.0,0.005964328760231677,0.0
2203996935067479424,6.0,goal_1e-11,0.0,0.018948700203563772,0.0
4637390027600793344,6.0,goal_1e-11,0.0,0.008207170020467093,0.0
3326809997366173568,6.0,goal_1e-11,0.0,0.010863392175110656,0.0
359891153870510208,6.0,goal_1e-11,0.0,0.030751814491772975,0.0
3194157939562713472,6.0,goal_1e-11,0.0,0.009222382416653477,0.0
5654914887224650240,6.0,goal_1e-11,0.0,0.008686456441246488,0.0
132596261882440320,6.0,goal_1e-11,0.0,0.008457573801300765,0.0
4262558915898078720,6.0,goal_1e-11,0.0,0.00689027643373202,0.0
6149021149160162176,6.0,goal_1e-11,0.0,0.00505126176302446,0.0
2811411825899219200,6.0,goal_1e-11,0.0,0.03111909390035765,0.0
1900800964403932800,6.0,goal_1e-11,0.0,0.0051921973324349155,0.0
6009934130839583488,6.0,goal_1e-11,0.0,0.0035979240237645166,0.0
6872322302128569344,6.0,goal_1e-11,0.0,0.006199294715463279,0.0
4548634356637185792,6.0,goal_1e-11,0.0,0.012984662341335869,0.0
6527091903161249152,6.0,goal_1e-11,0.0,0.006217741046873634,0.0
2639759162947729408,6.0,goal_1e-11,0.0,0.00575694347689762,0.0
4100927786033595648,6.0,goal_1e-11,0.0,0.0049707646019462,0.0
5371882654157606912,6.0,goal_1e-11,0.0,0.02382124021343431,0.0
6775009922429158272,6.0,goal_1e-11,0.0,0.0067108555465325475,0.0
665668979685323648,6.0,goal_1e-11,0.0,0.017902511256457174,0.0
1832230956847006592,6.0,goal_1e-11,0.0,0.04792623622740595,0.0
6284599664533612544,6.0,goal_1e-11,0.0,0.012407130200049262,0.0
4641784775576833536,6.0,goal_1e-11,0.0,0.018214549443561483,0.0
4268847611328000256,6.0,goal_1e-11,0.0,0.6730802142565379,0.0
4278176623883730176,6.0,goal_1e-11,0.0,0.003700968134329721,0.0
3267929947104804096,8.0,current_1e-9,0.0,0.008470409836565718,0.0
5642877846246495360,8.0,current_1e-9,0.0,0.007982736358903338,0.0
6603465041679231872,8.0,current_1e-9,0.0,0.04069724504957826,0.0
2046526391572691328,8.0,current_1e-9,0.0,0.013965602431736984,0.0
1016789806037687424,8.0,current_1e-9,0.0,0.037058855825164154,0.0
5679711000438989312,8.0,current_1e-9,0.0,0.003703529989059244,0.0
2995683893041962368,8.0,current_1e-9,0.0,0.013256411261890403,0.0
5953737099445742848,8.0,current_1e-9,0.0,0.009271109142974897,0.0
4615401513032729088,8.0,current_1e-9,0.0,0.012796629994531076,0.0
3004510772390701696,8.0,current_1e-9,0.0,0.01763684944517666,0.0
4069792782145982080,8.0,current_1e-9,0.0,0.022376600547215696,0.0
5814108395520777856,8.0,current_1e-9,0.0,0.019497334095199124,0.0
5962272505153840896,8.0,current_1e-9,0.0,0.0304770196804464,0.0
2149291627370030336,8.0,current_1e-9,0.0,0.007847758075495634,0.0
1323478680316848256,8.0,current_1e-9,0.0,0.013488610571831433,0.0
5260504054704228736,8.0,current_1e-9,0.0,0.031227714269207084,0.0
5841541455445538432,8.0,current_1e-9,0.0,0.010386660021111724,0.0
3867940039451965952,8.0,current_1e-9,0.0,0.02372086551887542,0.0
87878642944408960,8.0,current_1e-9,0.0,0.011388033768952201,0.0
3151482384299373696,8.0,current_1e-9,0.0,0.04787803934577143,0.0
6181044017297795968,8.0,current_1e-9,0.0,0.08683535292979312,0.0
803645216387486720,8.0,current_1e-9,0.0,0.04222915823169725,0.0
5914174364643486592,8.0,current_1e-9,0.0,0.018365202434492873,0.0
4797122403959920768,8.0,current_1e-9,0.0,0.027780884381565903,0.0
2575048093288905088,8.0,current_1e-9,0.0,0.02625858795381683,0.0
4229058961259584256,8.0,current_1e-9,0.0,0.048663392556098355,0.0
4561522831932945920,8.0,current_1e-9,0.0,0.03384764404938474,0.0
2208326773198648320,8.0,current_1e-9,0.0,0.031651645848579706,0.0
6094128791359632256,8.0,current_1e-9,0.0,0.02624488373749062,0.0
2769623267282593152,8.0,current_1e-9,0.0,0.021772440377467457,0.0
5660807578058341120,8.0,current_1e-9,0.0,0.017856934456270613,0.0
296496818102428544,8.0,current_1e-9,0.0,0.024527872683124733,0.0
158752853233960704,8.0,current_1e-9,0.0,0.005952784443340232,0.0
2259514678757235200,8.0,current_1e-9,0.0,0.010193702877157332,0.0
4227855172121285760,8.0,current_1e-9,0.0,0.02324447224829671,0.0
2196000977264781056,8.0,current_1e-9,0.0,0.01781322961825517,0.0
1422765267499632640,8.0,current_1e-9,0.0,0.0168504891877716,0.0
5351303408563334912,8.0,current_1e-9,0.0,0.01573142706857253,0.0
1364263517961035648,8.0,current_1e-9,0.0,0.012440568726981039,0.0
5274946414813497344,8.0,current_1e-9,0.0,0.020659823229110485,0.0
3180960123537829760,8.0,current_1e-9,0.0,0.029587191860921777,0.0
2757278951454094208,8.0,current_1e-9,0.0,0.01234917567745196,0.0
2703346703520007168,8.0,current_1e-9,0.0,0.011451594415399455,0.0
4002529127504102656,8.0,current_1e-9,0.0,0.0510401078189271,0.0
5421588692928858752,8.0,current_1e-9,0.0,0.008954248702713464,0.0
6050388913137070848,8.0,current_1e-9,0.0,0.010359621671651272,0.0
4345060775182367232,8.0,current_1e-9,0.0,0.008358567274065738,0.0
992946106114748032,8.0,current_1e-9,0.0,0.02356775192918603,0.0
676792841901784192,8.0,current_1e-9,0.0,0.018411603485483524,0.0
218953691837608960,8.0,current_1e-9,0.0,0.015645961075116635,0.0
2482368024800833024,8.0,current_1e-9,0.0,0.02293926563876581,0.0
4609966833215963392,8.0,current_1e-9,0.0,0.013972429204771196,0.0
6844037812175117440,8.0,current_1e-9,0.0,0.0168475092546565,0.0
6441225886185109632,8.0,current_1e-9,0.0,0.01914862912567714,0.0
1275271417631701504,8.0,current_1e-9,0.0,0.014484497512667473,0.0
6490173906174556416,8.0,current_1e-9,0.0,0.013685864430492193,0.0
5940429538445511808,8.0,current_1e-9,0.0,0.04721209453636682,0.0
3793148372312611456,8.0,current_1e-9,0.0,0.016462016752466217,0.0
3138662151736925568,8.0,current_1e-9,0.0,0.010507840389637958,0.0
5976199159903812736,8.0,current_1e-9,0.0,0.008503996380848677,0.0
1504338722359357568,8.0,current_1e-9,0.0,0.020841244283758883,0.0
1688451325954477184,8.0,current_1e-9,0.0,0.027380954064541996,0.0
5889045855385067136,8.0,current_1e-9,0.0,0.00939719807297099,0.0
4081754605352170496,8.0,current_1e-9,0.0,0.04390377153116761,0.0
2691146831736184576,8.0,current_1e-9,0.0,0.015107552576380698,0.0
334398010409366400,8.0,current_1e-9,0.0,0.017472714711712526,0.0
1383626089525174016,8.0,current_1e-9,0.0,0.014778805419488717,0.0
3702063519102244480,8.0,current_1e-9,0.0,0.040950839002557575,0.0
5423016683660491264,8.0,current_1e-9,0.0,0.010523133411368263,0.0
2804852929801600768,8.0,current_1e-9,0.0,0.05511813879322693,0.0
3114023912926376448,8.0,current_1e-9,0.0,0.015281471183593005,0.0
5524591457617244928,8.0,current_1e-9,0.0,0.012833233300704312,0.0
4060366016201160320,8.0,current_1e-9,0.0,0.000756061783640484,0.0
6694638847956909696,8.0,current_1e-9,0.0,0.013265816676662157,0.0
3039556915253606144,8.0,current_1e-9,0.0,0.029269612763856475,0.0
6237927045205600000,8.0,current_1e-9,0.0,0.008423354930848646,0.0
1878241773237645184,8.0,current_1e-9,0.0,0.014465503545976281,0.0
4288946748293342080,8.0,current_1e-9,0.0,0.1269991329996402,0.0
2337648311488015360,8.0,current_1e-9,0.0,0.022917518626469357,0.0
4395214100433309184,8.0,current_1e-9,0.0,0.03858382462618735,0.0
2796277112767076864,8.0,current_1e-9,0.0,0.005589576854898389,0.0
6016504747910034432,8.0,current_1e-9,0.0,0.009352106298011935,0.0
5166280100090122880,8.0,current_1e-9,0.0,0.03568170966421197,0.0
1130573557111974912,8.0,current_1e-9,0.0,0.032776614945253045,0.0
164738354017665664,8.0,current_1e-9,0.0,0.0018768375535474764,0.0
1761771910959772032,8.0,current_1e-9,0.0,0.014638127954076197,0.0
1329848490477856768,8.0,current_1e-9,0.0,0.13549660978505823,0.0
3311535375672171776,8.0,current_1e-9,0.0,0.02960496118434513,0.0
6112272348126668800,8.0,current_1e-9,0.0,0.02130150329614768,0.0
6755038496304470144,8.0,current_1e-9,0.0,0.017654749026179774,0.0
4283053988756001920,8.0,current_1e-9,0.0,0.015133090764649115,0.0
2599647119044490496,8.0,current_1e-9,0.0,0.017507740718491285,0.0
490441735713670528,8.0,current_1e-9,0.0,0.015182054372136305,0.0
4934043968492272896,8.0,current_1e-9,0.0,0.021924726315436467,0.0
2621100450623361280,8.0,current_1e-9,0.0,0.09850403482723942,0.0
1851315420672845056,8.0,current_1e-9,0.0,0.02054574488127074,0.0
5541455315986463104,8.0,current_1e-9,0.0,0.009364489152913014,0.0
5976098417137532800,8.0,current_1e-9,0.0,0.012252751499788427,0.0
28898090451449472,8.0,current_1e-9,0.0,0.0114217096760496,0.0
6592347918267168128,8.0,current_1e-9,0.0,0.024410448991266123,0.0
5887064359268864256,8.0,current_1e-9,0.0,0.003704291700667785,0.0
6518913495153329920,8.0,current_1e-9,0.0,0.009088712705521884,0.0
4600878063941953280,8.0,current_1e-9,0.0,0.015158414151694298,0.0
992845122843798016,8.0,current_1e-9,0.0,0.017112600787968175,0.0
3664521351702250752,8.0,current_1e-9,0.0,0.05634687582131602,0.0
3711953493050429568,8.0,current_1e-9,0.0,0.021109003787387465,0.0
5473228871432372992,8.0,current_1e-9,0.0,0.016024786606459812,0.0
6752384069075512320,8.0,current_1e-9,0.0,0.01261122496231016,0.0
4115513220094402048,8.0,current_1e-9,0.0,0.0073033084933975196,0.0
4602130957441446400,8.0,current_1e-9,0.0,0.011064421350530927,0.0
377546664910219776,8.0,current_1e-9,0.0,0.0378202478254357,0.0
4364333977066797056,8.0,current_1e-9,0.0,0.004491239444955163,0.0
5768315046181771904,8.0,current_1e-9,0.0,0.011280512194680944,0.0
123580919370477952,8.0,current_1e-9,0.0,0.010960580618564695,0.0
4366334126156046976,8.0,current_1e-9,0.0,0.008190172810578699,0.0
4901782819863332608,8.0,current_1e-9,0.0,0.05938599030048218,0.0
2151838817854979456,8.0,current_1e-9,0.0,0.008918396690675184,0.0
1343460895402697600,8.0,current_1e-9,0.0,0.03337147485985905,0.0
6136053959995638016,8.0,current_1e-9,0.0,0.011835456073230104,0.0
2221263218985851520,8.0,current_1e-9,0.0,0.11741158424413962,0.0
4162186251740404608,8.0,current_1e-9,0.0,0.03819119955237338,0.0
1678399143976755584,8.0,current_1e-9,0.0,0.03239031356197522,0.0
2704125913666895104,8.0,current_1e-9,0.0,0.010319791088245621,0.0
5000393997669149952,8.0,current_1e-9,0.0,0.022394309092031023,0.0
2491206105423269504,8.0,current_1e-9,0.0,0.04065892502321917,0.0
6274538269849968512,8.0,current_1e-9,0.0,0.012502997186461322,0.0
707365862223681408,8.0,current_1e-9,0.0,0.012333131328048379,0.0
4735086373076351744,8.0,current_1e-9,0.0,0.04845875809750399,0.0
2799316059826451328,8.0,current_1e-9,0.0,0.022418383950152554,0.0
1875970079134757760,8.0,current_1e-9,0.0,0.013549660553373725,0.0
1783649894544856960,8.0,current_1e-9,0.0,0.012928585658138777,0.0
2554116930949289856,8.0,current_1e-9,0.0,0.020408114337488042,0.0
2753295523906432384,8.0,current_1e-9,0.0,0.01105709382131242,0.0
886990809110955008,8.0,current_1e-9,0.0,0.026354647667290818,0.0
919018036639891968,8.0,current_1e-9,0.0,0.03260412552357464,0.0
2833555985786735232,8.0,current_1e-9,0.0,0.028512526169915554,0.0
3023472056569280512,8.0,current_1e-9,0.0,0.015559666971322755,0.0
868768602903736832,8.0,current_1e-9,0.0,0.014866992586108846,0.0
5178460008866279808,8.0,current_1e-9,0.0,0.016966310728153425,0.0
3004697238395042176,8.0,current_1e-9,0.0,0.0457140342958254,0.0
2346247935526578688,8.0,current_1e-9,0.0,0.014726674586157435,0.0
1933622971340170496,8.0,current_1e-9,0.0,0.012504850128300106,0.0
1014188567684692224,8.0,current_1e-9,0.0,0.01495522694382069,0.0
5466445022127902976,8.0,current_1e-9,0.0,0.015221305072532014,0.0
6681692893110527232,8.0,current_1e-9,0.0,0.017700023062670173,0.0
5185560414440293632,8.0,current_1e-9,0.0,0.0400359515061344,0.0
5800349145690204288,8.0,current_1e-9,0.0,0.012632186842172034,0.0
4105409399796978944,8.0,current_1e-9,0.0,0.007874387585776237,0.0
4708692944344873216,8.0,current_1e-9,0.0,0.010510534796870316,0.0
2027994226190382848,8.0,current_1e-9,0.0,0.011682881236682856,0.0
2511654375999952640,8.0,current_1e-9,0.0,0.015719734026930197,0.0
5493261389176885632,8.0,current_1e-9,0.0,0.018838426824161713,0.0
2240388880151078528,8.0,current_1e-9,0.0,0.01303885959571742,0.0
5658455555185799040,8.0,current_1e-9,0.0,0.009951514151684712,0.0
5052502602489649664,8.0,current_1e-9,0.0,0.03760645810391562,0.0
1979258613779627520,8.0,current_1e-9,0.0,0.015213634522909143,0.0
446639254048922112,8.0,current_1e-9,0.0,0.008350684251295048,0.0
5601915746720479104,8.0,current_1e-9,0.0,0.016528779089154698,0.0
4776963682897871616,8.0,current_1e-9,0.0,0.054930870852321734,0.0
3280686721529098368,8.0,current_1e-9,0.0,0.011044944839590752,0.0
1285339370727734400,8.0,current_1e-9,0.0,0.01978126148687783,0.0
5511484179500121088,8.0,current_1e-9,0.0,0.014704982279990607,0.0
519978157091449088,8.0,current_1e-9,0.0,0.007201466628779778,0.0
3855789469596668544,8.0,current_1e-9,0.0,0.007659067689778373,0.0
572054498112591744,8.0,current_1e-9,0.0,0.008440573090126352,0.0
357842591908022912,8.0,current_1e-9,0.0,0.009091607063538013,0.0
5927844322167316352,8.0,current_1e-9,0.0,0.0077053247932742435,0.0
2281306105868025600,8.0,current_1e-9,0.0,0.020087983754995185,0.0
6342743866636102528,8.0,current_1e-9,0.0,0.009062113179029675,0.0
1690963263347609088,8.0,current_1e-9,0.0,0.01894255583269841,0.0
1230823728796492672,8.0,current_1e-9,0.0,0.015602497628539257,0.0
6411524297547089024,8.0,current_1e-9,0.0,0.012275293050267255,0.0
2935813011016890752,8.0,current_1e-9,0.0,0.0121658140797547,0.0
1510354597152530176,8.0,current_1e-9,0.0,0.02006750551025604,0.0
263711679169833728,8.0,current_1e-9,0.0,0.01059225807998163,0.0
2203996935067479424,8.0,current_1e-9,0.0,0.03364567722811315,0.0
4637390027600793344,8.0,current_1e-9,0.0,0.014576769016357589,0.0
3326809997366173568,8.0,current_1e-9,0.0,0.019291344548409705,0.0
359891153870510208,8.0,current_1e-9,0.0,0.05444842787059406,0.0
3194157939562713472,8.0,current_1e-9,0.0,0.01637869202833554,0.0
5654914887224650240,8.0,current_1e-9,0.0,0.015424157581050516,0.0
132596261882440320,8.0,current_1e-9,0.0,0.01502327083619151,0.0
4262558915898078720,8.0,current_1e-9,0.0,0.012237686854242015,0.0
6149021149160162176,8.0,current_1e-9,0.0,0.00897651059566063,0.0
2811411825899219200,8.0,current_1e-9,0.0,0.055048175167409466,0.0
1900800964403932800,8.0,current_1e-9,0.0,0.009226956871451744,0.0
6009934130839583488,8.0,current_1e-9,0.0,0.0063928191669903505,0.0
6872322302128569344,8.0,current_1e-9,0.0,0.011014459019763067,0.0
4548634356637185792,8.0,current_1e-9,0.0,0.02305218589014551,0.0
6527091903161249152,8.0,current_1e-9,0.0,0.011047656044010028,0.0
2639759162947729408,8.0,current_1e-9,0.0,0.01023067355637981,0.0
4100927786033595648,8.0,current_1e-9,0.0,0.008829629487028489,0.0
5371882654157606912,8.0,current_1e-9,0.0,0.042242697671995344,0.0
6775009922429158272,8.0,current_1e-9,0.0,0.011917881306140195,0.0
665668979685323648,8.0,current_1e-9,0.0,0.03173705230681859,0.0
1832230956847006592,8.0,current_1e-9,0.0,0.08490714125535771,0.0
6284599664533612544,8.0,current_1e-9,0.0,0.02202433244721575,0.0
4641784775576833536,8.0,current_1e-9,0.0,0.03232817618395701,0.0
4268847611328000256,8.0,current_1e-9,0.0,1.128731542887651,0.0
4278176623883730176,8.0,current_1e-9,0.0,0.006577455222523518,0.0
3267929947104804096,8.0,nearterm_1e-10,0.0,0.008471709758300928,0.0
5642877846246495360,8.0,nearterm_1e-10,0.0,0.007983540711211795,0.0
6603465041679231872,8.0,nearterm_1e-10,0.0,0.04077189140688756,0.0
2046526391572691328,8.0,nearterm_1e-10,0.0,0.0139729262260662,0.0
1016789806037687424,8.0,nearterm_1e-10,0.0,0.03711072674172822,0.0
5679711000438989312,8.0,nearterm_1e-10,0.0,0.003703931776180876,0.0
2995683893041962368,8.0,nearterm_1e-10,0.0,0.013261346545793331,0.0
5953737099445742848,8.0,nearterm_1e-10,0.0,0.009274613763215296,0.0
4615401513032729088,8.0,nearterm_1e-10,0.0,0.012799540978660165,0.0
3004510772390701696,8.0,nearterm_1e-10,0.0,0.017644301491920856,0.0
4069792782145982080,8.0,nearterm_1e-10,0.0,0.022387353537580156,0.0
5814108395520777856,8.0,nearterm_1e-10,0.0,0.019507511670682293,0.0
5962272505153840896,8.0,nearterm_1e-10,0.0,0.030511277972135504,0.0
2149291627370030336,8.0,nearterm_1e-10,0.0,0.007848775192731635,0.0
1323478680316848256,8.0,nearterm_1e-10,0.0,0.013500659354924996,0.0
5260504054704228736,8.0,nearterm_1e-10,0.0,0.03125412451500165,0.0
5841541455445538432,8.0,nearterm_1e-10,0.0,0.010391590142963,0.0
3867940039451965952,8.0,nearterm_1e-10,0.0,0.023732531978311357,0.0
87878642944408960,8.0,nearterm_1e-10,0.0,0.011390390589111288,0.0
3151482384299373696,8.0,nearterm_1e-10,0.0,0.04796539506907514,0.0
6181044017297795968,8.0,nearterm_1e-10,0.0,0.08703570539118942,0.0
803645216387486720,8.0,nearterm_1e-10,0.0,0.04226598063700699,0.0
5914174364643486592,8.0,nearterm_1e-10,0.0,0.01838214696047595,0.0
4797122403959920768,8.0,nearterm_1e-10,0.0,0.027801729678855174,0.0
2575048093288905088,8.0,nearterm_1e-10,0.0,0.026270462701374633,0.0
4229058961259584256,8.0,nearterm_1e-10,0.0,0.048758009136898164,0.0
4561522831932945920,8.0,nearterm_1e-10,0.0,0.033882491844627965,0.0
2208326773198648320,8.0,nearterm_1e-10,0.0,0.03169186776637776,0.0
6094128791359632256,8.0,nearterm_1e-10,0.0,0.02626765580695379,0.0
2769623267282593152,8.0,nearterm_1e-10,0.0,0.021799887381820766,0.0
5660807578058341120,8.0,nearterm_1e-10,0.0,0.01786583586059033,0.0
296496818102428544,8.0,nearterm_1e-10,0.0,0.02454790793680875,0.0
158752853233960704,8.0,nearterm_1e-10,0.0,0.00595330082325508,0.0
2259514678757235200,8.0,nearterm_1e-10,0.0,0.010195973753286043,0.0
4227855172121285760,8.0,nearterm_1e-10,0.0,0.023255519256488874,0.0
2196000977264781056,8.0,nearterm_1e-10,0.0,0.017820199211301294,0.0
1422765267499632640,8.0,nearterm_1e-10,0.0,0.016859963885616117,0.0
5351303408563334912,8.0,nearterm_1e-10,0.0,0.015737421219818255,0.0
1364263517961035648,8.0,nearterm_1e-10,0.0,0.012443685206086155,0.0
5274946414813497344,8.0,nearterm_1e-10,0.0,0.020665263840023235,0.0
3180960123537829760,8.0,nearterm_1e-10,0.0,0.029619415598890447,0.0
2757278951454094208,8.0,nearterm_1e-10,0.0,0.012351732007730477,0.0
2703346703520007168,8.0,nearterm_1e-10,0.0,0.011455068534959832,0.0
4002529127504102656,8.0,nearterm_1e-10,0.0,0.05112335937112593,0.0
5421588692928858752,8.0,nearterm_1e-10,0.0,0.008955793092582858,0.0
6050388913137070848,8.0,nearterm_1e-10,0.0,0.010365064500283228,0.0
4345060775182367232,8.0,nearterm_1e-10,0.0,0.008360137356731996,0.0
992946106114748032,8.0,nearterm_1e-10,0.0,0.023573904606028255,0.0
676792841901784192,8.0,nearterm_1e-10,0.0,0.01843154475217075,0.0
218953691837608960,8.0,nearterm_1e-10,0.0,0.015657074954999163,0.0
2482368024800833024,8.0,nearterm_1e-10,0.0,0.022962335813737623,0.0
4609966833215963392,8.0,nearterm_1e-10,0.0,0.013974418658738571,0.0
6844037812175117440,8.0,nearterm_1e-10,0.0,0.016870003010328757,0.0
6441225886185109632,8.0,nearterm_1e-10,0.0,0.01916342207891563,0.0
1275271417631701504,8.0,nearterm_1e-10,0.0,0.014488786879273581,0.0
6490173906174556416,8.0,nearterm_1e-10,0.0,0.013691128077963754,0.0
5940429538445511808,8.0,nearterm_1e-10,0.0,0.047258606278356395,0.0
3793148372312611456,8.0,nearterm_1e-10,0.0,0.016466093873218797,0.0
3138662151736925568,8.0,nearterm_1e-10,0.0,0.010509723152120298,0.0
5976199159903812736,8.0,nearterm_1e-10,0.0,0.008507810185349044,0.0
1504338722359357568,8.0,nearterm_1e-10,0.0,0.02086406572797337,0.0
1688451325954477184,8.0,nearterm_1e-10,0.0,0.02739769353328542,0.0
5889045855385067136,8.0,nearterm_1e-10,0.0,0.009398753722109177,0.0
4081754605352170496,8.0,nearterm_1e-10,0.0,0.04401382317092271,0.0
2691146831736184576,8.0,nearterm_1e-10,0.0,0.01511104866107187,0.0
334398010409366400,8.0,nearterm_1e-10,0.0,0.017491189054785153,0.0
1383626089525174016,8.0,nearterm_1e-10,0.0,0.014786203393796481,0.0
3702063519102244480,8.0,nearterm_1e-10,0.0,0.04100830371067438,0.0
5423016683660491264,8.0,nearterm_1e-10,0.0,0.010525161382640674,0.0
2804852929801600768,8.0,nearterm_1e-10,0.0,0.055160680421049386,0.0
3114023912926376448,8.0,nearterm_1e-10,0.0,0.015297426705853106,0.0
5524591457617244928,8.0,nearterm_1e-10,0.0,0.012835818790198574,0.0
4060366016201160320,8.0,nearterm_1e-10,0.0,0.0007560733338990857,0.0
6694638847956909696,8.0,nearterm_1e-10,0.0,0.013276664300908124,0.0
3039556915253606144,8.0,nearterm_1e-10,0.0,0.029294036103452777,0.0
6237927045205600000,8.0,nearterm_1e-10,0.0,0.008426688037377117,0.0
1878241773237645184,8.0,nearterm_1e-10,0.0,0.01446974179194056,0.0
4288946748293342080,8.0,nearterm_1e-10,0.0,0.12735883648143934,0.0
2337648311488015360,8.0,nearterm_1e-10,0.0,0.02292803026694415,0.0
4395214100433309184,8.0,nearterm_1e-10,0.0,0.03863484004387799,0.0
2796277112767076864,8.0,nearterm_1e-10,0.0,0.00559014683130378,0.0
6016504747910034432,8.0,nearterm_1e-10,0.0,0.00935291766186823,0.0
5166280100090122880,8.0,nearterm_1e-10,0.0,0.035729731801143624,0.0
1130573557111974912,8.0,nearterm_1e-10,0.0,0.03280790441058184,0.0
164738354017665664,8.0,nearterm_1e-10,0.0,0.0018768834874871966,0.0
1761771910959772032,8.0,nearterm_1e-10,0.0,0.014640729282733581,0.0
1329848490477856768,8.0,nearterm_1e-10,0.0,0.13582497396052226,0.0
3311535375672171776,8.0,nearterm_1e-10,0.0,0.029629585548811073,0.0
6112272348126668800,8.0,nearterm_1e-10,0.0,0.02131317741485936,0.0
6755038496304470144,8.0,nearterm_1e-10,0.0,0.01766350512635655,0.0
4283053988756001920,8.0,nearterm_1e-10,0.0,0.015143252244862192,0.0
2599647119044490496,8.0,nearterm_1e-10,0.0,0.017514507357044858,0.0
490441735713670528,8.0,nearterm_1e-10,0.0,0.01519348082396097,0.0
4934043968492272896,8.0,nearterm_1e-10,0.0,0.021957033808402176,0.0
2621100450623361280,8.0,nearterm_1e-10,0.0,0.09881376100143377,0.0
1851315420672845056,8.0,nearterm_1e-10,0.0,0.020552255635190374,0.0
5541455315986463104,8.0,nearterm_1e-10,0.0,0.009365916124931376,0.0
5976098417137532800,8.0,nearterm_1e-10,0.0,0.012256961372036366,0.0
28898090451449472,8.0,nearterm_1e-10,0.0,0.011424298483685888,0.0
6592347918267168128,8.0,nearterm_1e-10,0.0,0.024427182412531303,0.0
5887064359268864256,8.0,nearterm_1e-10,0.0,0.0037046623136020866,0.0
6518913495153329920,8.0,nearterm_1e-10,0.0,0.00909004393224888,0.0
4600878063941953280,8.0,nearterm_1e-10,0.0,0.015161162657965471,0.0
992845122843798016,8.0,nearterm_1e-10,0.0,0.017118389914111288,0.0
3664521351702250752,8.0,nearterm_1e-10,0.0,0.05643291578893205,0.0
3711953493050429568,8.0,nearterm_1e-10,0.0,0.02111450609726621,0.0
5473228871432372992,8.0,nearterm_1e-10,0.0,0.016028226764062296,0.0
6752384069075512320,8.0,nearterm_1e-10,0.0,0.012615312805411507,0.0
4115513220094402048,8.0,nearterm_1e-10,0.0,0.0073041393906644984,0.0
4602130957441446400,8.0,nearterm_1e-10,0.0,0.011066408972213015,0.0
377546664910219776,8.0,nearterm_1e-10,0.0,0.03784156530829472,0.0
4364333977066797056,8.0,nearterm_1e-10,0.0,0.004491448553662306,0.0
5768315046181771904,8.0,nearterm_1e-10,0.0,0.011285396286675324,0.0
123580919370477952,8.0,nearterm_1e-10,0.0,0.010962521852633187,0.0
4366334126156046976,8.0,nearterm_1e-10,0.0,0.008193087696016373,0.0
4901782819863332608,8.0,nearterm_1e-10,0.0,0.059539586464208115,0.0
2151838817854979456,8.0,nearterm_1e-10,0.0,0.008919306774644926,0.0
1343460895402697600,8.0,nearterm_1e-10,0.0,0.03344165447956736,0.0
6136053959995638016,8.0,nearterm_1e-10,0.0,0.011838081421586074,0.0
2221263218985851520,8.0,nearterm_1e-10,0.0,0.11845967265380852,0.0
4162186251740404608,8.0,nearterm_1e-10,0.0,0.0382904645335526,0.0
1678399143976755584,8.0,nearterm_1e-10,0.0,0.032410680587801464,0.0
2704125913666895104,8.0,nearterm_1e-10,0.0,0.010321517573470369,0.0
5000393997669149952,8.0,nearterm_1e-10,0.0,0.02240553393780397,0.0
2491206105423269504,8.0,nearterm_1e-10,0.0,0.04068797987171517,0.0
6274538269849968512,8.0,nearterm_1e-10,0.0,0.012511316810199812,0.0
707365862223681408,8.0,nearterm_1e-10,0.0,0.01233780970498279,0.0
4735086373076351744,8.0,nearterm_1e-10,0.0,0.04855991776413048,0.0
2799316059826451328,8.0,nearterm_1e-10,0.0,0.022432492571263955,0.0
1875970079134757760,8.0,nearterm_1e-10,0.0,0.013555901062243043,0.0
1783649894544856960,8.0,nearterm_1e-10,0.0,0.012931411667676201,0.0
2554116930949289856,8.0,nearterm_1e-10,0.0,0.020413038256325546,0.0
2753295523906432384,8.0,nearterm_1e-10,0.0,0.011060703120606042,0.0
886990809110955008,8.0,nearterm_1e-10,0.0,0.02640014862338044,0.0
919018036639891968,8.0,nearterm_1e-10,0.0,0.03262993671402337,0.0
2833555985786735232,8.0,nearterm_1e-10,0.0,0.02855926052190721,0.0
3023472056569280512,8.0,nearterm_1e-10,0.0,0.015572319166053046,0.0
868768602903736832,8.0,nearterm_1e-10,0.0,0.014874379581097044,0.0
5178460008866279808,8.0,nearterm_1e-10,0.0,0.016972064467084123,0.0
3004697238395042176,8.0,nearterm_1e-10,0.0,0.045831233581706175,0.0
2346247935526578688,8.0,nearterm_1e-10,0.0,0.014739508066984184,0.0
1933622971340170496,8.0,nearterm_1e-10,0.0,0.012507284576226713,0.0
1014188567684692224,8.0,nearterm_1e-10,0.0,0.014963723774615844,0.0
5466445022127902976,8.0,nearterm_1e-10,0.0,0.015227564752651374,0.0
6681692893110527232,8.0,nearterm_1e-10,0.0,0.01770639236729722,0.0
5185560414440293632,8.0,nearterm_1e-10,0.0,0.040064146553804504,0.0
5800349145690204288,8.0,nearterm_1e-10,0.0,0.012638068105486077,0.0
4105409399796978944,8.0,nearterm_1e-10,0.0,0.007875311560012196,0.0
4708692944344873216,8.0,nearterm_1e-10,0.0,0.010512484263619651,0.0
2027994226190382848,8.0,nearterm_1e-10,0.0,0.011686093002003652,0.0
2511654375999952640,8.0,nearterm_1e-10,0.0,0.01572371193758036,0.0
5493261389176885632,8.0,nearterm_1e-10,0.0,0.018844709203740068,0.0
2240388880151078528,8.0,nearterm_1e-10,0.0,0.013050772415253967,0.0
5658455555185799040,8.0,nearterm_1e-10,0.0,0.009955162803276317,0.0
5052502602489649664,8.0,nearterm_1e-10,0.0,0.037637849825103126,0.0
1979258613779627520,8.0,nearterm_1e-10,0.0,0.015224663247858398,0.0
446639254048922112,8.0,nearterm_1e-10,0.0,0.008352200985605329,0.0
5601915746720479104,8.0,nearterm_1e-10,0.0,0.016535903296301765,0.0
4776963682897871616,8.0,nearterm_1e-10,0.0,0.05499522307238237,0.0
3280686721529098368,8.0,nearterm_1e-10,0.0,0.011049104392024042,0.0
1285339370727734400,8.0,nearterm_1e-10,0.0,0.019785463079562644,0.0
5511484179500121088,8.0,nearterm_1e-10,0.0,0.01470790496058332,0.0
519978157091449088,8.0,nearterm_1e-10,0.0,0.007202379854107537,0.0
3855789469596668544,8.0,nearterm_1e-10,0.0,0.007659726521994315,0.0
572054498112591744,8.0,nearterm_1e-10,0.0,0.008441753762185237,0.0
357842591908022912,8.0,nearterm_1e-10,0.0,0.009092874493796067,0.0
5927844322167316352,8.0,nearterm_1e-10,0.0,0.007705949680272818,0.0
2281306105868025600,8.0,nearterm_1e-10,0.0,0.020093347406435938,0.0
6342743866636102528,8.0,nearterm_1e-10,0.0,0.009063963848840251,0.0
1690963263347609088,8.0,nearterm_1e-10,0.0,0.018953226915675057,0.0
1230823728796492672,8.0,nearterm_1e-10,0.0,0.01560860276377152,0.0
6411524297547089024,8.0,nearterm_1e-10,0.0,0.012282925471266436,0.0
2935813011016890752,8.0,nearterm_1e-10,0.0,0.01216842681286634,0.0
1510354597152530176,8.0,nearterm_1e-10,0.0,0.020078470782784304,0.0
263711679169833728,8.0,nearterm_1e-10,0.0,0.010600087664514903,0.0
2203996935067479424,8.0,nearterm_1e-10,0.0,0.0336584275888697,0.0
4637390027600793344,8.0,nearterm_1e-10,0.0,0.014585644180637174,0.0
3326809997366173568,8.0,nearterm_1e-10,0.0,0.01930406583788374,0.0
359891153870510208,8.0,nearterm_1e-10,0.0,0.05460573993082801,0.0
3194157939562713472,8.0,nearterm_1e-10,0.0,0.016387978052037996,0.0
5654914887224650240,8.0,nearterm_1e-10,0.0,0.015431826483867936,0.0
132596261882440320,8.0,nearterm_1e-10,0.0,0.015029611949168608,0.0
4262558915898078720,8.0,nearterm_1e-10,0.0,0.012246323897564363,0.0
6149021149160162176,8.0,nearterm_1e-10,0.0,0.008978140999541707,0.0
2811411825899219200,8.0,nearterm_1e-10,0.0,0.0552532628260514,0.0
1900800964403932800,8.0,nearterm_1e-10,0.0,0.009228628218337233,0.0
6009934130839583488,8.0,nearterm_1e-10,0.0,0.006395370919012052,0.0
6872322302128569344,8.0,nearterm_1e-10,0.0,0.011018355400003262,0.0
4548634356637185792,8.0,nearterm_1e-10,0.0,0.0230713797477397,0.0
6527091903161249152,8.0,nearterm_1e-10,0.0,0.011050062234176412,0.0
2639759162947729408,8.0,nearterm_1e-10,0.0,0.01023181791799938,0.0
4100927786033595648,8.0,nearterm_1e-10,0.0,0.008835326205973467,0.0
5371882654157606912,8.0,nearterm_1e-10,0.0,0.042309842294511436,0.0
6775009922429158272,8.0,nearterm_1e-10,0.0,0.011926970743721815,0.0
665668979685323648,8.0,nearterm_1e-10,0.0,0.031796549715904315,0.0
1832230956847006592,8.0,nearterm_1e-10,0.0,0.08500954877051094,0.0
6284599664533612544,8.0,nearterm_1e-10,0.0,0.022040992541738993,0.0
4641784775576833536,8.0,nearterm_1e-10,0.0,0.03235253557839485,0.0
4268847611328000256,8.0,nearterm_1e-10,0.0,1.1683941485574452,0.0
4278176623883730176,8.0,nearterm_1e-10,0.0,0.006578030301262086,0.0
3267929947104804096,8.0,goal_1e-11,0.0,0.008471839535453668,0.0
5642877846246495360,8.0,goal_1e-11,0.0,0.007983621069011319,0.0
6603465041679231872,8.0,goal_1e-11,0.0,0.04077913539676654,0.0
2046526391572691328,8.0,goal_1e-11,0.0,0.013973652536925195,0.0
1016789806037687424,8.0,goal_1e-11,0.0,0.037115807878176636,0.0
5679711000438989312,8.0,goal_1e-11,0.0,0.003703971895710234,0.0
2995683893041962368,8.0,goal_1e-11,0.0,0.013261837684291771,0.0
5953737099445742848,8.0,goal_1e-11,0.0,0.009274962111387852,0.0
4615401513032729088,8.0,goal_1e-11,0.0,0.01279983138705238,0.0
3004510772390701696,8.0,goal_1e-11,0.0,0.01764504295376544,0.0
4069792782145982080,8.0,goal_1e-11,0.0,0.022388423049337223,0.0
5814108395520777856,8.0,goal_1e-11,0.0,0.019508522835543027,0.0
5962272505153840896,8.0,goal_1e-11,0.0,0.03051464661191723,0.0
2149291627370030336,8.0,goal_1e-11,0.0,0.007848876766671417,0.0
1323478680316848256,8.0,goal_1e-11,0.0,0.013501837960868793,0.0
5260504054704228736,8.0,goal_1e-11,0.0,0.03125673786014555,0.0
5841541455445538432,8.0,goal_1e-11,0.0,0.010392078905313845,0.0
3867940039451965952,8.0,goal_1e-11,0.0,0.023733692222549854,0.0
87878642944408960,8.0,goal_1e-11,0.0,0.011390625752608735,0.0
3151482384299373696,8.0,goal_1e-11,0.0,0.04797388812114204,0.0
6181044017297795968,8.0,goal_1e-11,0.0,0.08705520657153402,0.0
803645216387486720,8.0,goal_1e-11,0.0,0.04226962750863634,0.0
5914174364643486592,8.0,goal_1e-11,0.0,0.018383811943105392,0.0
4797122403959920768,8.0,goal_1e-11,0.0,0.027803794607610507,0.0
2575048093288905088,8.0,goal_1e-11,0.0,0.026271644559333417,0.0
4229058961259584256,8.0,goal_1e-11,0.0,0.048767199136801394,0.0
4561522831932945920,8.0,goal_1e-11,0.0,0.03388592869266637,0.0
2208326773198648320,8.0,goal_1e-11,0.0,0.031695813294897755,0.0
6094128791359632256,8.0,goal_1e-11,0.0,0.02626990567676541,0.0
2769623267282593152,8.0,goal_1e-11,0.0,0.02180256058599496,0.0
5660807578058341120,8.0,goal_1e-11,0.0,0.017866720384142318,0.0
296496818102428544,8.0,goal_1e-11,0.0,0.02454988855187158,0.0
158752853233960704,8.0,goal_1e-11,0.0,0.005953352415979717,0.0
2259514678757235200,8.0,goal_1e-11,0.0,0.01019620025689156,0.0
4227855172121285760,8.0,goal_1e-11,0.0,0.023256618143999076,0.0
2196000977264781056,8.0,goal_1e-11,0.0,0.017820893006766512,0.0
1422765267499632640,8.0,goal_1e-11,0.0,0.016860903564835553,0.0
5351303408563334912,8.0,goal_1e-11,0.0,0.015738017861037297,0.0
1364263517961035648,8.0,goal_1e-11,0.0,0.012443995994858782,0.0
5274946414813497344,8.0,goal_1e-11,0.0,0.020665806533016293,0.0
3180960123537829760,8.0,goal_1e-11,0.0,0.029622584671409807,0.0
2757278951454094208,8.0,goal_1e-11,0.0,0.012351987082634842,0.0
2703346703520007168,8.0,goal_1e-11,0.0,0.011455414631379434,0.0
4002529127504102656,8.0,goal_1e-11,0.0,0.05113150221827968,0.0
5421588692928858752,8.0,goal_1e-11,0.0,0.008955947240885182,0.0
6050388913137070848,8.0,goal_1e-11,0.0,0.010365603294133838,0.0
4345060775182367232,8.0,goal_1e-11,0.0,0.00836029402151236,0.0
992946106114748032,8.0,goal_1e-11,0.0,0.02357451837913873,0.0
676792841901784192,8.0,goal_1e-11,0.0,0.01843349226953222,0.0
218953691837608960,8.0,goal_1e-11,0.0,0.015658172351314562,0.0
2482368024800833024,8.0,goal_1e-11,0.0,0.02296460457407904,0.0
4609966833215963392,8.0,goal_1e-11,0.0,0.013974617349065521,0.0
6844037812175117440,8.0,goal_1e-11,0.0,0.01687216840096011,0.0
6441225886185109632,8.0,goal_1e-11,0.0,0.019164882094748474,0.0
1275271417631701504,8.0,goal_1e-11,0.0,0.014489214402448158,0.0
6490173906174556416,8.0,goal_1e-11,0.0,0.01369165182448988,0.0
5940429538445511808,8.0,goal_1e-11,0.0,0.04726320681518806,0.0
3793148372312611456,8.0,goal_1e-11,0.0,0.01646650056782285,0.0
3138662151736925568,8.0,goal_1e-11,0.0,0.010509911081357381,0.0
5976199159903812736,8.0,goal_1e-11,0.0,0.008508188151903049,0.0
1504338722359357568,8.0,goal_1e-11,0.0,0.02086629944811236,0.0
1688451325954477184,8.0,goal_1e-11,0.0,0.027399355607959686,0.0
5889045855385067136,8.0,goal_1e-11,0.0,0.00939890901219583,0.0
4081754605352170496,8.0,goal_1e-11,0.0,0.04402431163033181,0.0
2691146831736184576,8.0,goal_1e-11,0.0,0.015111397461743835,0.0
334398010409366400,8.0,goal_1e-11,0.0,0.017492993692114857,0.0
1383626089525174016,8.0,goal_1e-11,0.0,0.014786937659185054,0.0
3702063519102244480,8.0,goal_1e-11,0.0,0.041013937600626604,0.0
5423016683660491264,8.0,goal_1e-11,0.0,0.010525363755430527,0.0
2804852929801600768,8.0,goal_1e-11,0.0,0.055164902541873714,0.0
3114023912926376448,8.0,goal_1e-11,0.0,0.015298980255862724,0.0
5524591457617244928,8.0,goal_1e-11,0.0,0.012836076801505445,0.0
4060366016201160320,8.0,goal_1e-11,0.0,0.0007560744887259628,0.0
6694638847956909696,8.0,goal_1e-11,0.0,0.013277728659026338,0.0
3039556915253606144,8.0,goal_1e-11,0.0,0.029296451616561463,0.0
6237927045205600000,8.0,goal_1e-11,0.0,0.008427018858195986,0.0
1878241773237645184,8.0,goal_1e-11,0.0,0.01447016423895153,0.0
4288946748293342080,8.0,goal_1e-11,0.0,0.12739372768868,0.0
2337648311488015360,8.0,goal_1e-11,0.0,0.0229290760274437,0.0
4395214100433309184,8.0,goal_1e-11,0.0,0.03863984973702604,0.0
2796277112767076864,8.0,goal_1e-11,0.0,0.005590203767724931,0.0
6016504747910034432,8.0,goal_1e-11,0.0,0.009352998736024801,0.0
5166280100090122880,8.0,goal_1e-11,0.0,0.03573444100564292,0.0
1130573557111974912,8.0,goal_1e-11,0.0,0.03281099515816453,0.0
164738354017665664,8.0,goal_1e-11,0.0,0.0018768880797927511,0.0
1761771910959772032,8.0,goal_1e-11,0.0,0.01464098897525062,0.0
1329848490477856768,8.0,goal_1e-11,0.0,0.1358570096489276,0.0
3311535375672171776,8.0,goal_1e-11,0.0,0.029632020549573333,0.0
6112272348126668800,8.0,goal_1e-11,0.0,0.021314337028120165,0.0
6755038496304470144,8.0,goal_1e-11,0.0,0.017664375261429784,0.0
4283053988756001920,8.0,goal_1e-11,0.0,0.015144256490507874,0.0
2599647119044490496,8.0,goal_1e-11,0.0,0.01751518102239438,0.0
490441735713670528,8.0,goal_1e-11,0.0,0.015194607791554553,0.0
4934043968492272896,8.0,goal_1e-11,0.0,0.021960152820577315,0.0
2621100450623361280,8.0,goal_1e-11,0.0,0.0988435066479116,0.0
1851315420672845056,8.0,goal_1e-11,0.0,0.020552904658148862,0.0
5541455315986463104,8.0,goal_1e-11,0.0,0.009366058601937862,0.0
5976098417137532800,8.0,goal_1e-11,0.0,0.012257380492628098,0.0
28898090451449472,8.0,goal_1e-11,0.0,0.011424556716117853,0.0
6592347918267168128,8.0,goal_1e-11,0.0,0.024428841349169422,0.0
5887064359268864256,8.0,goal_1e-11,0.0,0.003704699328562012,0.0
6518913495153329920,8.0,goal_1e-11,0.0,0.009090176852798827,0.0
4600878063941953280,8.0,goal_1e-11,0.0,0.015161437039519318,0.0
992845122843798016,8.0,goal_1e-11,0.0,0.017118966666931596,0.0
3664521351702250752,8.0,goal_1e-11,0.0,0.05644135478954157,0.0
3711953493050429568,8.0,goal_1e-11,0.0,0.02111505497982651,0.0
5473228871432372992,8.0,goal_1e-11,0.0,0.016028570068947402,0.0
6752384069075512320,8.0,goal_1e-11,0.0,0.012615719905015187,0.0
4115513220094402048,8.0,goal_1e-11,0.0,0.00730422238391098,0.0
4602130957441446400,8.0,goal_1e-11,0.0,0.011066607367969333,0.0
377546664910219776,8.0,goal_1e-11,0.0,0.037843685005577984,0.0
4364333977066797056,8.0,goal_1e-11,0.0,0.004491469455642805,0.0
5768315046181771904,8.0,goal_1e-11,0.0,0.01128588139843479,0.0
123580919370477952,8.0,goal_1e-11,0.0,0.010962715625273869,0.0
4366334126156046976,8.0,goal_1e-11,0.0,0.008193377440535332,0.0
4901782819863332608,8.0,goal_1e-11,0.0,0.059554333062103754,0.0
2151838817854979456,8.0,goal_1e-11,0.0,0.008919397696359941,0.0
1343460895402697600,8.0,goal_1e-11,0.0,0.033448365042205656,0.0
6136053959995638016,8.0,goal_1e-11,0.0,0.011838343334408447,0.0
2221263218985851520,8.0,goal_1e-11,0.0,0.1185490638720436,0.0
4162186251740404608,8.0,goal_1e-11,0.0,0.038299796281565796,0.0
1678399143976755584,8.0,goal_1e-11,0.0,0.03241270345016086,0.0
2704125913666895104,8.0,goal_1e-11,0.0,0.010321689923393638,0.0
5000393997669149952,8.0,goal_1e-11,0.0,0.022406649923843603,0.0
2491206105423269504,8.0,goal_1e-11,0.0,0.04069086366056877,0.0
6274538269849968512,8.0,goal_1e-11,0.0,0.012512137846632963,0.0
707365862223681408,8.0,goal_1e-11,0.0,0.012338275075024144,0.0
4735086373076351744,8.0,goal_1e-11,0.0,0.04856970281429078,0.0
2799316059826451328,8.0,goal_1e-11,0.0,0.02243389203679619,0.0
1875970079134757760,8.0,goal_1e-11,0.0,0.01355652093161672,0.0
1783649894544856960,8.0,goal_1e-11,0.0,0.012931693629517273,0.0
2554116930949289856,8.0,goal_1e-11,0.0,0.020413529522397767,0.0
2753295523906432384,8.0,goal_1e-11,0.0,0.011061062506736873,0.0
886990809110955008,8.0,goal_1e-11,0.0,0.026404519815187905,0.0
919018036639891968,8.0,goal_1e-11,0.0,0.03263249370713926,0.0
2833555985786735232,8.0,goal_1e-11,0.0,0.028563776012276408,0.0
3023472056569280512,8.0,goal_1e-11,0.0,0.015573564559979491,0.0
868768602903736832,8.0,goal_1e-11,0.0,0.014875113151158076,0.0
5178460008866279808,8.0,goal_1e-11,0.0,0.016972637678002563,0.0
3004697238395042176,8.0,goal_1e-11,0.0,0.04584237648162295,0.0
2346247935526578688,8.0,goal_1e-11,0.0,0.014740767171662228,0.0
1933622971340170496,8.0,goal_1e-11,0.0,0.012507527547156167,0.0
1014188567684692224,8.0,goal_1e-11,0.0,0.014964565967052205,0.0
5466445022127902976,8.0,goal_1e-11,0.0,0.015228187437811246,0.0
6681692893110527232,8.0,goal_1e-11,0.0,0.017707026684388914,0.0
5185560414440293632,8.0,goal_1e-11,0.0,0.04006694532618683,0.0
5800349145690204288,8.0,goal_1e-11,0.0,0.012638652033890196,0.0
4105409399796978944,8.0,goal_1e-11,0.0,0.007875403849830515,0.0
4708692944344873216,8.0,goal_1e-11,0.0,0.010512678826754657,0.0
2027994226190382848,8.0,goal_1e-11,0.0,0.011686413151182275,0.0
2511654375999952640,8.0,goal_1e-11,0.0,0.01572410869415633,0.0
5493261389176885632,8.0,goal_1e-11,0.0,0.018845335237058797,0.0
2240388880151078528,8.0,goal_1e-11,0.0,0.013051935544625042,0.0
5658455555185799040,8.0,goal_1e-11,0.0,0.009955525613869804,0.0
5052502602489649664,8.0,goal_1e-11,0.0,0.037640959035272405,0.0
1979258613779627520,8.0,goal_1e-11,0.0,0.015225751313625075,0.0
446639254048922112,8.0,goal_1e-11,0.0,0.008352352341824167,0.0
5601915746720479104,8.0,goal_1e-11,0.0,0.016536611859357897,0.0
4776963682897871616,8.0,goal_1e-11,0.0,0.05500157597415355,0.0
3280686721529098368,8.0,goal_1e-11,0.0,0.011049518025937281,0.0
1285339370727734400,8.0,goal_1e-11,0.0,0.019785882418013614,0.0
5511484179500121088,8.0,goal_1e-11,0.0,0.014708196665585316,0.0
519978157091449088,8.0,goal_1e-11,0.0,0.007202471056878339,0.0
3855789469596668544,8.0,goal_1e-11,0.0,0.007659792352892479,0.0
572054498112591744,8.0,goal_1e-11,0.0,0.008441871658401096,0.0
357842591908022912,8.0,goal_1e-11,0.0,0.00909300105569324,0.0
5927844322167316352,8.0,goal_1e-11,0.0,0.0077060121228438114,0.0
2281306105868025600,8.0,goal_1e-11,0.0,0.02009388239492354,0.0
6342743866636102528,8.0,goal_1e-11,0.0,0.009064148476302636,0.0
1690963263347609088,8.0,goal_1e-11,0.0,0.018954285978333738,0.0
1230823728796492672,8.0,goal_1e-11,0.0,0.015609210395787481,0.0
6411524297547089024,8.0,goal_1e-11,0.0,0.012283679516261877,0.0
2935813011016890752,8.0,goal_1e-11,0.0,0.012168687492180464,0.0
1510354597152530176,8.0,goal_1e-11,0.0,0.020079559951691223,0.0
263711679169833728,8.0,goal_1e-11,0.0,0.010600855507013467,0.0
2203996935067479424,8.0,goal_1e-11,0.0,0.033659698129641875,0.0
4637390027600793344,8.0,goal_1e-11,0.0,0.014586522643293522,0.0
3326809997366173568,8.0,goal_1e-11,0.0,0.019305325758615346,0.0
359891153870510208,8.0,goal_1e-11,0.0,0.05462068605629233,0.0
3194157939562713472,8.0,goal_1e-11,0.0,0.01638889883610622,0.0
5654914887224650240,8.0,goal_1e-11,0.0,0.015432587950964177,0.0
132596261882440320,8.0,goal_1e-11,0.0,0.015030242466781295,0.0
4262558915898078720,8.0,goal_1e-11,0.0,0.012247175045200124,0.0
6149021149160162176,8.0,goal_1e-11,0.0,0.008978303714202579,0.0
2811411825899219200,8.0,goal_1e-11,0.0,0.05527221013773188,0.0
1900800964403932800,8.0,goal_1e-11,0.0,0.009228795019626012,0.0
6009934130839583488,8.0,goal_1e-11,0.0,0.006395623696510255,0.0
6872322302128569344,8.0,goal_1e-11,0.0,0.011018743116672095,0.0
4548634356637185792,8.0,goal_1e-11,0.0,0.023073275214770237,0.0
6527091903161249152,8.0,goal_1e-11,0.0,0.011050302265734536,0.0
2639759162947729408,8.0,goal_1e-11,0.0,0.010231932235267464,0.0
4100927786033595648,8.0,goal_1e-11,0.0,0.008835886111445068,0.0
5371882654157606912,8.0,goal_1e-11,0.0,0.04231639874414405,0.0
6775009922429158272,8.0,goal_1e-11,0.0,0.011927862729530045,0.0
665668979685323648,8.0,goal_1e-11,0.0,0.03180227260276618,0.0
1832230956847006592,8.0,goal_1e-11,0.0,0.08501967039776819,0.0
6284599664533612544,8.0,goal_1e-11,0.0,0.022042640094781678,0.0
4641784775576833536,8.0,goal_1e-11,0.0,0.03235495016567662,0.0
4268847611328000256,8.0,goal_1e-11,0.0,1.1714743013949573,0.0
4278176623883730176,8.0,goal_1e-11,0.0,0.006578087759810089,0.0
3267929947104804096,15.0,current_1e-9,0.0,0.029734621014166566,0.0
5642877846246495360,15.0,current_1e-9,0.0,0.02803058445269074,0.0
6603465041679231872,15.0,current_1e-9,0.0,0.14172791141656974,0.0
2046526391572691328,15.0,current_1e-9,0.0,0.04894032677927578,0.0
1016789806037687424,15.0,current_1e-9,0.0,0.129248128344703,0.0
5679711000438989312,15.0,current_1e-9,0.0,0.013010479236104227,0.0
2995683893041962368,15.0,current_1e-9,0.0,0.04648475680207874,0.0
5953737099445742848,15.0,current_1e-9,0.0,0.03252695795685544,0.0
4615401513032729088,15.0,current_1e-9,0.0,0.04489642977547972,0.0
3004510772390701696,15.0,current_1e-9,0.0,0.06179270617971728,0.0
4069792782145982080,15.0,current_1e-9,0.0,0.07834337010277136,0.0
5814108395520777856,15.0,current_1e-9,0.0,0.06830669534831371,0.0
5962272505153840896,15.0,current_1e-9,0.0,0.10639571466586599,0.0
2149291627370030336,15.0,current_1e-9,0.0,0.027544512347853895,0.0
1323478680316848256,15.0,current_1e-9,0.0,0.04723662140148248,0.0
5260504054704228736,15.0,current_1e-9,0.0,0.10910359088869491,0.0
5841541455445538432,15.0,current_1e-9,0.0,0.036428115616142606,0.0
3867940039451965952,15.0,current_1e-9,0.0,0.08300857276592945,0.0
87878642944408960,15.0,current_1e-9,0.0,0.03995250412412994,0.0
3151482384299373696,15.0,current_1e-9,0.0,0.16635466151894177,0.0
6181044017297795968,15.0,current_1e-9,0.0,0.30029097596355225,0.0
803645216387486720,15.0,current_1e-9,0.0,0.14726837079037294,0.0
5914174364643486592,15.0,current_1e-9,0.0,0.06427103268194623,0.0
4797122403959920768,15.0,current_1e-9,0.0,0.09705649148188716,0.0
2575048093288905088,15.0,current_1e-9,0.0,0.09183271149685618,0.0
4229058961259584256,15.0,current_1e-9,0.0,0.16927929888629262,0.0
4561522831932945920,15.0,current_1e-9,0.0,0.11816102389463524,0.0
2208326773198648320,15.0,current_1e-9,0.0,0.11048808679675173,0.0
6094128791359632256,15.0,current_1e-9,0.0,0.09174813580196675,0.0
2769623267282593152,15.0,current_1e-9,0.0,0.07610153648755599,0.0
5660807578058341120,15.0,current_1e-9,0.0,0.06256272345873608,0.0
296496818102428544,15.0,current_1e-9,0.0,0.08581800363114414,0.0
158752853233960704,15.0,current_1e-9,0.0,0.020899070448776497,0.0
2259514678757235200,15.0,current_1e-9,0.0,0.03576988936113063,0.0
4227855172121285760,15.0,current_1e-9,0.0,0.08139509438112136,0.0
2196000977264781056,15.0,current_1e-9,0.0,0.06241785507187466,0.0
1422765267499632640,15.0,current_1e-9,0.0,0.059031395488782244,0.0
5351303408563334912,15.0,current_1e-9,0.0,0.05514487022205655,0.0
1364263517961035648,15.0,current_1e-9,0.0,0.04364487093582551,0.0
5274946414813497344,15.0,current_1e-9,0.0,0.07236284881197678,0.0
3180960123537829760,15.0,current_1e-9,0.0,0.10331910354877369,0.0
2757278951454094208,15.0,current_1e-9,0.0,0.04329714424012833,0.0
2703346703520007168,15.0,current_1e-9,0.0,0.04017153843856771,0.0
4002529127504102656,15.0,current_1e-9,0.0,0.1775076415067041,0.0
5421588692928858752,15.0,current_1e-9,0.0,0.03143199542885767,0.0
6050388913137070848,15.0,current_1e-9,0.0,0.03633099322403164,0.0
4345060775182367232,15.0,current_1e-9,0.0,0.029339042782070307,0.0
992946106114748032,15.0,current_1e-9,0.0,0.08247229678538799,0.0
676792841901784192,15.0,current_1e-9,0.0,0.06442051299929637,0.0
218953691837608960,15.0,current_1e-9,0.0,0.05479852068421449,0.0
2482368024800833024,15.0,current_1e-9,0.0,0.08021651286790063,0.0
4609966833215963392,15.0,current_1e-9,0.0,0.04900551868253694,0.0
6844037812175117440,15.0,current_1e-9,0.0,0.05890838939377859,0.0
6441225886185109632,15.0,current_1e-9,0.0,0.06691695303901823,0.0
1275271417631701504,15.0,current_1e-9,0.0,0.0507898602727323,0.0
6490173906174556416,15.0,current_1e-9,0.0,0.04798144294869499,0.0
5940429538445511808,15.0,current_1e-9,0.0,0.1646346626763187,0.0
3793148372312611456,15.0,current_1e-9,0.0,0.057708563197333716,0.0
3138662151736925568,15.0,current_1e-9,0.0,0.036872507342806796,0.0
5976199159903812736,15.0,current_1e-9,0.0,0.029824055984491327,0.0
1504338722359357568,15.0,current_1e-9,0.0,0.0728604095973618,0.0
1688451325954477184,15.0,current_1e-9,0.0,0.09578855551234168,0.0
5889045855385067136,15.0,current_1e-9,0.0,0.032983409421053114,0.0
4081754605352170496,15.0,current_1e-9,0.0,0.15246155089459365,0.0
2691146831736184576,15.0,current_1e-9,0.0,0.05298598361005469,0.0
334398010409366400,15.0,current_1e-9,0.0,0.06114514183942469,0.0
1383626089525174016,15.0,current_1e-9,0.0,0.05177203809676025,0.0
3702063519102244480,15.0,current_1e-9,0.0,0.14258578686366524,0.0
5423016683660491264,15.0,current_1e-9,0.0,0.03692333875082632,0.0
2804852929801600768,15.0,current_1e-9,0.0,0.19163154474475502,0.0
3114023912926376448,15.0,current_1e-9,0.0,0.05348957023732157,0.0
5524591457617244928,15.0,current_1e-9,0.0,0.0449944795299494,0.0
4060366016201160320,15.0,current_1e-9,0.0,0.0026576577466954983,0.0
6694638847956909696,15.0,current_1e-9,0.0,0.046474020189603976,0.0
3039556915253606144,15.0,current_1e-9,0.0,0.10226149387626444,0.0
6237927045205600000,15.0,current_1e-9,0.0,0.029523725673101762,0.0
1878241773237645184,15.0,current_1e-9,0.0,0.05066705948013308,0.0
4288946748293342080,15.0,current_1e-9,0.0,0.4367504985721473,0.0
2337648311488015360,15.0,current_1e-9,0.0,0.08009722132755845,0.0
4395214100433309184,15.0,current_1e-9,0.0,0.13451116049905587,0.0
2796277112767076864,15.0,current_1e-9,0.0,0.019631759900681278,0.0
6016504747910034432,15.0,current_1e-9,0.0,0.03283352329441496,0.0
5166280100090122880,15.0,current_1e-9,0.0,0.12451051215776007,0.0
1130573557111974912,15.0,current_1e-9,0.0,0.11444889658755421,0.0
164738354017665664,15.0,current_1e-9,0.0,0.006595992093461776,0.0
1761771910959772032,15.0,current_1e-9,0.0,0.051321945440711475,0.0
1329848490477856768,15.0,current_1e-9,0.0,0.4650958837688552,0.0
3311535375672171776,15.0,current_1e-9,0.0,0.10296510227958625,0.0
6112272348126668800,15.0,current_1e-9,0.0,0.07457337023871347,0.0
6755038496304470144,15.0,current_1e-9,0.0,0.061846705995967824,0.0
4283053988756001920,15.0,current_1e-9,0.0,0.05297798352418171,0.0
2599647119044490496,15.0,current_1e-9,0.0,0.061357589685395696,0.0
490441735713670528,15.0,current_1e-9,0.0,0.053180666303805836,0.0
4934043968492272896,15.0,current_1e-9,0.0,0.07657646069898703,0.0
2621100450623361280,15.0,current_1e-9,0.0,0.33912804212573944,0.0
1851315420672845056,15.0,current_1e-9,0.0,0.07198362933751179,0.0
5541455315986463104,15.0,current_1e-9,0.0,0.032865039161229105,0.0
5976098417137532800,15.0,current_1e-9,0.0,0.042975572136678256,0.0
28898090451449472,15.0,current_1e-9,0.0,0.040057147160699635,0.0
6592347918267168128,15.0,current_1e-9,0.0,0.08540811794038917,0.0
5887064359268864256,15.0,current_1e-9,0.0,0.013013767410707311,0.0
6518913495153329920,15.0,current_1e-9,0.0,0.03189822955437674,0.0
4600878063941953280,15.0,current_1e-9,0.0,0.05316016269109595,0.0
992845122843798016,15.0,current_1e-9,0.0,0.059961727453718805,0.0
3664521351702250752,15.0,current_1e-9,0.0,0.19540748109686182,0.0
3711953493050429568,15.0,current_1e-9,0.0,0.07392288843754277,0.0
5473228871432372992,15.0,current_1e-9,0.0,0.05618866333636618,0.0
6752384069075512320,15.0,current_1e-9,0.0,0.0442220556916825,0.0
4115513220094402048,15.0,current_1e-9,0.0,0.025644050756780386,0.0
4602130957441446400,15.0,current_1e-9,0.0,0.03882340129896639,0.0
377546664910219776,15.0,current_1e-9,0.0,0.13183193883067507,0.0
4364333977066797056,15.0,current_1e-9,0.0,0.015777851287246486,0.0
5768315046181771904,15.0,current_1e-9,0.0,0.039566814323540256,0.0
123580919370477952,15.0,current_1e-9,0.0,0.03846659391315534,0.0
4366334126156046976,15.0,current_1e-9,0.0,0.028739407504101176,0.0
4901782819863332608,15.0,current_1e-9,0.0,0.20561384719479453,0.0
2151838817854979456,15.0,current_1e-9,0.0,0.03130266307500976,0.0
1343460895402697600,15.0,current_1e-9,0.0,0.11623450155714596,0.0
6136053959995638016,15.0,current_1e-9,0.0,0.041514508780177706,0.0
2221263218985851520,15.0,current_1e-9,0.0,0.39435339178141365,0.0095
4162186251740404608,15.0,current_1e-9,0.0,0.13265272233994188,0.0
1678399143976755584,15.0,current_1e-9,0.0,0.11326218120062333,0.0
2704125913666895104,15.0,current_1e-9,0.0,0.036204203243820676,0.0
5000393997669149952,15.0,current_1e-9,0.0,0.0784167176971132,0.0
2491206105423269504,15.0,current_1e-9,0.0,0.1417789767741507,0.0
6274538269849968512,15.0,current_1e-9,0.0,0.043820319901560184,0.0
707365862223681408,15.0,current_1e-9,0.0,0.04323963011372689,0.0
4735086373076351744,15.0,current_1e-9,0.0,0.16837135500595457,0.0
2799316059826451328,15.0,current_1e-9,0.0,0.07846757957866145,0.0
1875970079134757760,15.0,current_1e-9,0.0,0.04750769998484876,0.0
1783649894544856960,15.0,current_1e-9,0.0,0.04535185892965186,0.0
2554116930949289856,15.0,current_1e-9,0.0,0.0715060559288452,0.0
2753295523906432384,15.0,current_1e-9,0.0,0.03878154474457679,0.0
886990809110955008,15.0,current_1e-9,0.0,0.09194578324574389,0.0
919018036639891968,15.0,current_1e-9,0.0,0.11382954153743845,0.0
2833555985786735232,15.0,current_1e-9,0.0,0.09943550823075922,0.0
3023472056569280512,15.0,current_1e-9,0.0,0.05449594489137732,0.0
868768602903736832,15.0,current_1e-9,0.0,0.05211008174797246,0.0
5178460008866279808,15.0,current_1e-9,0.0,0.059470991862093946,0.0
3004697238395042176,15.0,current_1e-9,0.0,0.15840652384063655,0.0
2346247935526578688,15.0,current_1e-9,0.0,0.05157365644491213,0.0
1933622971340170496,15.0,current_1e-9,0.0,0.04386911301986343,0.0
1014188567684692224,15.0,current_1e-9,0.0,0.05239531378742893,0.0
5466445022127902976,15.0,current_1e-9,0.0,0.05335590191370184,0.0
6681692893110527232,15.0,current_1e-9,0.0,0.061918100186984244,0.0
5185560414440293632,15.0,current_1e-9,0.0,0.13975695850512013,0.0
5800349145690204288,15.0,current_1e-9,0.0,0.044288222051306024,0.0
4105409399796978944,15.0,current_1e-9,0.0,0.027646990282953733,0.0
4708692944344873216,15.0,current_1e-9,0.0,0.03688200786061079,0.0
2027994226190382848,15.0,current_1e-9,0.0,0.040984589840251745,0.0
2511654375999952640,15.0,current_1e-9,0.0,0.05511388396293356,0.0
5493261389176885632,15.0,current_1e-9,0.0,0.06600012588049955,0.0
2240388880151078528,15.0,current_1e-9,0.0,0.04560936918296246,0.0
5658455555185799040,15.0,current_1e-9,0.0,0.03491326219338511,0.0
5052502602489649664,15.0,current_1e-9,0.0,0.13129769256638776,0.0
1979258613779627520,15.0,current_1e-9,0.0,0.053282924641287366,0.0
446639254048922112,15.0,current_1e-9,0.0,0.02931207506910926,0.0
5601915746720479104,15.0,current_1e-9,0.0,0.05793151913428468,0.0
4776963682897871616,15.0,current_1e-9,0.0,0.19131113192980173,0.0
3280686721529098368,15.0,current_1e-9,0.0,0.03873244631944513,0.0
1285339370727734400,15.0,current_1e-9,0.0,0.06930148805170454,0.0
5511484179500121088,15.0,current_1e-9,0.0,0.05157120681258655,0.0
519978157091449088,15.0,current_1e-9,0.0,0.025282960653250485,0.0
3855789469596668544,15.0,current_1e-9,0.0,0.026888420019320357,0.0
572054498112591744,15.0,current_1e-9,0.0,0.02963126851562139,0.0
357842591908022912,15.0,current_1e-9,0.0,0.031901545487621565,0.0
5927844322167316352,15.0,current_1e-9,0.0,0.02705694571190171,0.0
2281306105868025600,15.0,current_1e-9,0.0,0.07037872673516832,0.0
6342743866636102528,15.0,current_1e-9,0.0,0.03180062613226998,0.0
1690963263347609088,15.0,current_1e-9,0.0,0.0663100686511891,0.0
1230823728796492672,15.0,current_1e-9,0.0,0.05469687593804694,0.0
6411524297547089024,15.0,current_1e-9,0.0,0.043014900359673945,0.0
2935813011016890752,15.0,current_1e-9,0.0,0.0426827729490066,0.0
1510354597152530176,15.0,current_1e-9,0.0,0.0702853743066456,0.0
263711679169833728,15.0,current_1e-9,0.0,0.03710983148839992,0.0
2203996935067479424,15.0,current_1e-9,0.0,0.11762775697766713,0.0
4637390027600793344,15.0,current_1e-9,0.0,0.051077310481424845,0.0
3326809997366173568,15.0,current_1e-9,0.0,0.06754649527184035,0.0
359891153870510208,15.0,current_1e-9,0.0,0.18868838551100464,0.0
3194157939562713472,15.0,current_1e-9,0.0,0.05736040773765938,0.0
5654914887224650240,15.0,current_1e-9,0.0,0.053958163932415065,0.0
132596261882440320,15.0,current_1e-9,0.0,0.05264507111591031,0.0
4262558915898078720,15.0,current_1e-9,0.0,0.04289077466819882,0.0
6149021149160162176,15.0,current_1e-9,0.0,0.031507574593853345,0.0
2811411825899219200,15.0,current_1e-9,0.0,0.19007796608191005,0.0
1900800964403932800,15.0,current_1e-9,0.0,0.03238640170139942,0.0
6009934130839583488,15.0,current_1e-9,0.0,0.022435356767145805,0.0
6872322302128569344,15.0,current_1e-9,0.0,0.03863951260052148,0.0
4548634356637185792,15.0,current_1e-9,0.0,0.08063874161375392,0.0
6527091903161249152,15.0,current_1e-9,0.0,0.038746957095764714,0.0
2639759162947729408,15.0,current_1e-9,0.0,0.03590317085838141,0.0
4100927786033595648,15.0,current_1e-9,0.0,0.030962352345190795,0.0
5371882654157606912,15.0,current_1e-9,0.0,0.14716957191465344,0.0
6775009922429158272,15.0,current_1e-9,0.0,0.04175401563151455,0.0
665668979685323648,15.0,current_1e-9,0.0,0.11045731686577784,0.0
1832230956847006592,15.0,current_1e-9,0.0,0.2940186987160029,0.0
6284599664533612544,15.0,current_1e-9,0.0,0.07698041049681327,0.0
4641784775576833536,15.0,current_1e-9,0.0,0.11289616568751577,0.0
4268847611328000256,15.0,current_1e-9,0.0,3.1708566769320847,0.063
4278176623883730176,15.0,current_1e-9,0.0,0.023089991600053757,0.0
3267929947104804096,15.0,nearterm_1e-10,0.0,0.02975071086511507,0.0
5642877846246495360,15.0,nearterm_1e-10,0.0,0.028040525203540105,0.0
6603465041679231872,15.0,nearterm_1e-10,0.0,0.14271364897425445,0.0
2046526391572691328,15.0,nearterm_1e-10,0.0,0.04903245892306748,0.0
1016789806037687424,15.0,nearterm_1e-10,0.0,0.12991755496540372,0.0
5679711000438989312,15.0,nearterm_1e-10,0.0,0.01301545896255795,0.0
2995683893041962368,15.0,nearterm_1e-10,0.0,0.04654629690214439,0.0
5953737099445742848,15.0,nearterm_1e-10,0.0,0.03257087255696284,0.0
4615401513032729088,15.0,nearterm_1e-10,0.0,0.0449324944816827,0.0
3004510772390701696,15.0,nearterm_1e-10,0.0,0.06188547947973615,0.0
4069792782145982080,15.0,nearterm_1e-10,0.0,0.07847715131457766,0.0
5814108395520777856,15.0,nearterm_1e-10,0.0,0.06843398582493276,0.0
5962272505153840896,15.0,nearterm_1e-10,0.0,0.10683376838784162,0.0
2149291627370030336,15.0,nearterm_1e-10,0.0,0.02755708302956434,0.0
1323478680316848256,15.0,nearterm_1e-10,0.0,0.047393948237746585,0.0
5260504054704228736,15.0,nearterm_1e-10,0.0,0.10943572399877709,0.0
5841541455445538432,15.0,nearterm_1e-10,0.0,0.03649031710184245,0.0
3867940039451965952,15.0,nearterm_1e-10,0.0,0.0831535659515992,0.0
87878642944408960,15.0,nearterm_1e-10,0.0,0.03998168079418665,0.0
3151482384299373696,15.0,nearterm_1e-10,0.0,0.16749535497653215,0.0
6181044017297795968,15.0,nearterm_1e-10,0.0,0.30287276232221955,0.0
803645216387486720,15.0,nearterm_1e-10,0.0,0.14772801190221763,0.0
5914174364643486592,15.0,nearterm_1e-10,0.0,0.06448932549295003,0.0
4797122403959920768,15.0,nearterm_1e-10,0.0,0.09731767413070211,0.0
2575048093288905088,15.0,nearterm_1e-10,0.0,0.09197967677543002,0.0
4229058961259584256,15.0,nearterm_1e-10,0.0,0.17052296169767955,0.0
4561522831932945920,15.0,nearterm_1e-10,0.0,0.11860276271284773,0.0
2208326773198648320,15.0,nearterm_1e-10,0.0,0.11100612538867415,0.0
6094128791359632256,15.0,nearterm_1e-10,0.0,0.09203625412481471,0.0
2769623267282593152,15.0,nearterm_1e-10,0.0,0.07646296581973334,0.0
5660807578058341120,15.0,nearterm_1e-10,0.0,0.06267399622304597,0.0
296496818102428544,15.0,nearterm_1e-10,0.0,0.08607161645388692,0.0
158752853233960704,15.0,nearterm_1e-10,0.0,0.02090544695388646,0.0
2259514678757235200,15.0,nearterm_1e-10,0.0,0.03579805189358099,0.0
4227855172121285760,15.0,nearterm_1e-10,0.0,0.08153254635802792,0.0
2196000977264781056,15.0,nearterm_1e-10,0.0,0.06250451374306612,0.0
1422765267499632640,15.0,nearterm_1e-10,0.0,0.059150488775459094,0.0
5351303408563334912,15.0,nearterm_1e-10,0.0,0.05521949957465267,0.0
1364263517961035648,15.0,nearterm_1e-10,0.0,0.04368352423178818,0.0
5274946414813497344,15.0,nearterm_1e-10,0.0,0.07242996666949547,0.0
3180960123537829760,15.0,nearterm_1e-10,0.0,0.10373120848232964,0.0
2757278951454094208,15.0,nearterm_1e-10,0.0,0.04332873059117622,0.0
2703346703520007168,15.0,nearterm_1e-10,0.0,0.04021475774495991,0.0
4002529127504102656,15.0,nearterm_1e-10,0.0,0.17857932058144643,0.0
5421588692928858752,15.0,nearterm_1e-10,0.0,0.03145112435677607,0.0
6050388913137070848,15.0,nearterm_1e-10,0.0,0.03639995365390411,0.0
4345060775182367232,15.0,nearterm_1e-10,0.0,0.029358505156659366,0.0
992946106114748032,15.0,nearterm_1e-10,0.0,0.08254797580592631,0.0
676792841901784192,15.0,nearterm_1e-10,0.0,0.06468169493236031,0.0
218953691837608960,15.0,nearterm_1e-10,0.0,0.05493995830893278,0.0
2482368024800833024,15.0,nearterm_1e-10,0.0,0.08051260281828598,0.0
4609966833215963392,15.0,nearterm_1e-10,0.0,0.049030050787282356,0.0
6844037812175117440,15.0,nearterm_1e-10,0.0,0.0592138178115476,0.0
6441225886185109632,15.0,nearterm_1e-10,0.0,0.06710434379243116,0.0
1275271417631701504,15.0,nearterm_1e-10,0.0,0.05084308037430975,0.0
6490173906174556416,15.0,nearterm_1e-10,0.0,0.048047070622576724,0.0
5940429538445511808,15.0,nearterm_1e-10,0.0,0.16521752830096373,0.0
3793148372312611456,15.0,nearterm_1e-10,0.0,0.05775897780095978,0.0
3138662151736925568,15.0,nearterm_1e-10,0.0,0.0368958015586767,0.0
5976199159903812736,15.0,nearterm_1e-10,0.0,0.029872201495413284,0.0
1504338722359357568,15.0,nearterm_1e-10,0.0,0.073156927861651,0.0
1688451325954477184,15.0,nearterm_1e-10,0.0,0.0959975298394394,0.0
5889045855385067136,15.0,nearterm_1e-10,0.0,0.03300266445867116,0.0
4081754605352170496,15.0,nearterm_1e-10,0.0,0.15397565111202,0.0
2691146831736184576,15.0,nearterm_1e-10,0.0,0.053029246980759906,0.0
334398010409366400,15.0,nearterm_1e-10,0.0,0.061387042978229875,0.0
1383626089525174016,15.0,nearterm_1e-10,0.0,0.05186478784594761,0.0
3702063519102244480,15.0,nearterm_1e-10,0.0,0.1433224890807698,0.0
5423016683660491264,15.0,nearterm_1e-10,0.0,0.036948444034289096,0.0
2804852929801600768,15.0,nearterm_1e-10,0.0,0.19215447038756156,0.0
3114023912926376448,15.0,nearterm_1e-10,0.0,0.05370034851961579,0.0
5524591457617244928,15.0,nearterm_1e-10,0.0,0.04502641593052906,0.0
4060366016201160320,15.0,nearterm_1e-10,0.0,0.002657800530577553,0.0
6694638847956909696,15.0,nearterm_1e-10,0.0,0.046614615723829474,0.0
3039556915253606144,15.0,nearterm_1e-10,0.0,0.10256903230253767,0.0
6237927045205600000,15.0,nearterm_1e-10,0.0,0.029565545924421323,0.0
1878241773237645184,15.0,nearterm_1e-10,0.0,0.05071947673590592,0.0
4288946748293342080,15.0,nearterm_1e-10,0.0,0.4413697510488155,0.0
2337648311488015360,15.0,nearterm_1e-10,0.0,0.08022725403468502,0.0
4395214100433309184,15.0,nearterm_1e-10,0.0,0.13516417428712454,0.0
2796277112767076864,15.0,nearterm_1e-10,0.0,0.019638811195189405,0.0
6016504747910034432,15.0,nearterm_1e-10,0.0,0.03284353906371958,0.0
5166280100090122880,15.0,nearterm_1e-10,0.0,0.12512920963421134,0.0
1130573557111974912,15.0,nearterm_1e-10,0.0,0.11484391707730358,0.0
164738354017665664,15.0,nearterm_1e-10,0.0,0.006596559727460949,0.0
1761771910959772032,15.0,nearterm_1e-10,0.0,0.051354034483001805,0.0
1329848490477856768,15.0,nearterm_1e-10,0.0,0.4692201049454099,0.0
3311535375672171776,15.0,nearterm_1e-10,0.0,0.1032717503449609,0.0
6112272348126668800,15.0,nearterm_1e-10,0.0,0.0747191773094876,0.0
6755038496304470144,15.0,nearterm_1e-10,0.0,0.06195610300355716,0.0
4283053988756001920,15.0,nearterm_1e-10,0.0,0.053106792748952594,0.0
2599647119044490496,15.0,nearterm_1e-10,0.0,0.06144173697619716,0.0
490441735713670528,15.0,nearterm_1e-10,0.0,0.05332663124745696,0.0
4934043968492272896,15.0,nearterm_1e-10,0.0,0.07701114946264304,0.0
2621100450623361280,15.0,nearterm_1e-10,0.0,0.3432287038757461,0.0
1851315420672845056,15.0,nearterm_1e-10,0.0,0.07206419213373012,0.0
5541455315986463104,15.0,nearterm_1e-10,0.0,0.032882682930925285,0.0
5976098417137532800,15.0,nearterm_1e-10,0.0,0.043028032299386114,0.0
28898090451449472,15.0,nearterm_1e-10,0.0,0.04008919645301513,0.0
6592347918267168128,15.0,nearterm_1e-10,0.0,0.08561809827806798,0.0
5887064359268864256,15.0,nearterm_1e-10,0.0,0.013018358237211699,0.0
6518913495153329920,15.0,nearterm_1e-10,0.0,0.0319146892186169,0.0
4600878063941953280,15.0,nearterm_1e-10,0.0,0.053194096120598104,0.0
992845122843798016,15.0,nearterm_1e-10,0.0,0.0600335129116667,0.0
3664521351702250752,15.0,nearterm_1e-10,0.0,0.19649784840857015,0.0
3711953493050429568,15.0,nearterm_1e-10,0.0,0.07399072526947853,0.0
5473228871432372992,15.0,nearterm_1e-10,0.0,0.05623116778801048,0.0
6752384069075512320,15.0,nearterm_1e-10,0.0,0.044272906548670166,0.0
4115513220094402048,15.0,nearterm_1e-10,0.0,0.025654325435753113,0.0
4602130957441446400,15.0,nearterm_1e-10,0.0,0.03884798895050362,0.0
377546664910219776,15.0,nearterm_1e-10,0.0,0.1320943043887397,0.0
4364333977066797056,15.0,nearterm_1e-10,0.0,0.01578043414609637,0.0
5768315046181771904,15.0,nearterm_1e-10,0.0,0.039628116920109376,0.0
123580919370477952,15.0,nearterm_1e-10,0.0,0.03849061868258046,0.0
4366334126156046976,15.0,nearterm_1e-10,0.0,0.02877593919795016,0.0
4901782819863332608,15.0,nearterm_1e-10,0.0,0.20767404112627094,0.0
2151838817854979456,15.0,nearterm_1e-10,0.0,0.0313138960757088,0.0
1343460895402697600,15.0,nearterm_1e-10,0.0,0.11719791469566158,0.0
6136053959995638016,15.0,nearterm_1e-10,0.0,0.0415470109165925,0.0
2221263218985851520,15.0,nearterm_1e-10,0.0,0.41153268244033847,0.0095
4162186251740404608,15.0,nearterm_1e-10,0.0,0.1340642645736172,0.0
1678399143976755584,15.0,nearterm_1e-10,0.0,0.11351592625999692,0.0
2704125913666895104,15.0,nearterm_1e-10,0.0,0.036225540789763054,0.0
5000393997669149952,15.0,nearterm_1e-10,0.0,0.07855660880034152,0.0
2491206105423269504,15.0,nearterm_1e-10,0.0,0.14213904705548192,0.0
6274538269849968512,15.0,nearterm_1e-10,0.0,0.04392652666634301,0.0
707365862223681408,15.0,nearterm_1e-10,0.0,0.043298010096477324,0.0
4735086373076351744,15.0,nearterm_1e-10,0.0,0.16971194387026564,0.0
2799316059826451328,15.0,nearterm_1e-10,0.0,0.07864448207129111,0.0
1875970079134757760,15.0,nearterm_1e-10,0.0,0.04758594477423451,0.0
1783649894544856960,15.0,nearterm_1e-10,0.0,0.045386840495756815,0.0
2554116930949289856,15.0,nearterm_1e-10,0.0,0.07156681140654914,0.0
2753295523906432384,15.0,nearterm_1e-10,0.0,0.038826494810346945,0.0
886990809110955008,15.0,nearterm_1e-10,0.0,0.09256457892155212,0.0
919018036639891968,15.0,nearterm_1e-10,0.0,0.11415236038822255,0.0
2833555985786735232,15.0,nearterm_1e-10,0.0,0.1000610939904951,0.0
3023472056569280512,15.0,nearterm_1e-10,0.0,0.05465843056016656,0.0
868768602903736832,15.0,nearterm_1e-10,0.0,0.05220270404850662,0.0
5178460008866279808,15.0,nearterm_1e-10,0.0,0.059542421770877485,0.0
3004697238395042176,15.0,nearterm_1e-10,0.0,0.16001997276635002,0.0
2346247935526578688,15.0,nearterm_1e-10,0.0,0.051739925424904645,0.0
1933622971340170496,15.0,nearterm_1e-10,0.0,0.04389922280532912,0.0
1014188567684692224,15.0,nearterm_1e-10,0.0,0.052502318395110076,0.0
5466445022127902976,15.0,nearterm_1e-10,0.0,0.053433985616440256,0.0
6681692893110527232,15.0,nearterm_1e-10,0.0,0.06199680835202794,0.0
5185560414440293632,15.0,nearterm_1e-10,0.0,0.14010720391225132,0.0
5800349145690204288,15.0,nearterm_1e-10,0.0,0.04436204155174738,0.0
4105409399796978944,15.0,nearterm_1e-10,0.0,0.027658413551315188,0.0
4708692944344873216,15.0,nearterm_1e-10,0.0,0.03690613706259516,0.0
2027994226190382848,15.0,nearterm_1e-10,0.0,0.0410244758232105,0.0
2511654375999952640,15.0,nearterm_1e-10,0.0,0.05516310763107872,0.0
5493261389176885632,15.0,nearterm_1e-10,0.0,0.06607794518086149,0.0
2240388880151078528,15.0,nearterm_1e-10,0.0,0.04576518940526255,0.0
5658455555185799040,15.0,nearterm_1e-10,0.0,0.03495892358648933,0.0
5052502602489649664,15.0,nearterm_1e-10,0.0,0.131690600744098,0.0
1979258613779627520,15.0,nearterm_1e-10,0.0,0.05342360053327816,0.0
446639254048922112,15.0,nearterm_1e-10,0.0,0.02933087146012442,0.0
5601915746720479104,15.0,nearterm_1e-10,0.0,0.058020408502730145,0.0
4776963682897871616,15.0,nearterm_1e-10,0.0,0.19211994141178998,0.0
3280686721529098368,15.0,nearterm_1e-10,0.0,0.03878443106613298,0.0
1285339370727734400,15.0,nearterm_1e-10,0.0,0.06935325484321077,0.0
5511484179500121088,15.0,nearterm_1e-10,0.0,0.051607320416243545,0.0
519978157091449088,15.0,nearterm_1e-10,0.0,0.025294254716027923,0.0
3855789469596668544,15.0,nearterm_1e-10,0.0,0.026896552504954763,0.0
572054498112591744,15.0,nearterm_1e-10,0.0,0.02964587436556823,0.0
357842591908022912,15.0,nearterm_1e-10,0.0,0.03191720181638396,0.0
5927844322167316352,15.0,nearterm_1e-10,0.0,0.027064662809366192,0.0
2281306105868025600,15.0,nearterm_1e-10,0.0,0.07044495828657932,0.0
6342743866636102528,15.0,nearterm_1e-10,0.0,0.03182356466024553,0.0
1690963263347609088,15.0,nearterm_1e-10,0.0,0.06644365430319113,0.0
1230823728796492672,15.0,nearterm_1e-10,0.0,0.054772928568283814,0.0
6411524297547089024,15.0,nearterm_1e-10,0.0,0.04311196687400611,0.0
2935813011016890752,15.0,nearterm_1e-10,0.0,0.042715129452366385,0.0
1510354597152530176,15.0,nearterm_1e-10,0.0,0.0704225214786326,0.0
263711679169833728,15.0,nearterm_1e-10,0.0,0.03721139880249454,0.0
2203996935067479424,15.0,nearterm_1e-10,0.0,0.11778477123476297,0.0
4637390027600793344,15.0,nearterm_1e-10,0.0,0.0511895890991213,0.0
3326809997366173568,15.0,nearterm_1e-10,0.0,0.06770687191148832,0.0
359891153870510208,15.0,nearterm_1e-10,0.0,0.19086171976964614,0.0
3194157939562713472,15.0,nearterm_1e-10,0.0,0.05747708947784766,0.0
5654914887224650240,15.0,nearterm_1e-10,0.0,0.054053838930659195,0.0
132596261882440320,15.0,nearterm_1e-10,0.0,0.05272419724826129,0.0
4262558915898078720,15.0,nearterm_1e-10,0.0,0.043001490492513166,0.0
6149021149160162176,15.0,nearterm_1e-10,0.0,0.031527772036224304,0.0
2811411825899219200,15.0,nearterm_1e-10,0.0,0.19308239560332321,0.0
1900800964403932800,15.0,nearterm_1e-10,0.0,0.03240710557687852,0.0
6009934130839583488,15.0,nearterm_1e-10,0.0,0.022467661419757895,0.0
6872322302128569344,15.0,nearterm_1e-10,0.0,0.03868816397917846,0.0
4548634356637185792,15.0,nearterm_1e-10,0.0,0.08088227130466331,0.0
6527091903161249152,15.0,nearterm_1e-10,0.0,0.03877674205217303,0.0
2639759162947729408,15.0,nearterm_1e-10,0.0,0.03591729358253806,0.0
4100927786033595648,15.0,nearterm_1e-10,0.0,0.031035966161853765,0.0
5371882654157606912,15.0,nearterm_1e-10,0.0,0.14804179453266456,0.0
6775009922429158272,15.0,nearterm_1e-10,0.0,0.04187174185633809,0.0
665668979685323648,15.0,nearterm_1e-10,0.0,0.11125945567636328,0.0
1832230956847006592,15.0,nearterm_1e-10,0.0,0.29528139252104335,0.0
6284599664533612544,15.0,nearterm_1e-10,0.0,0.07719040473286772,0.0
4641784775576833536,15.0,nearterm_1e-10,0.0,0.11320048416974483,0.0
4268847611328000256,15.0,nearterm_1e-10,0.0,3.7003497123374647,0.063
4278176623883730176,15.0,nearterm_1e-10,0.0,0.023097090481619068,0.0
3267929947104804096,15.0,goal_1e-11,0.0,0.029752310547828568,0.0
5642877846246495360,15.0,goal_1e-11,0.0,0.028041515925688182,0.0
6603465041679231872,15.0,goal_1e-11,0.0,0.14280291001149795,0.0
2046526391572691328,15.0,goal_1e-11,0.0,0.049041411042542296,0.0
1016789806037687424,15.0,goal_1e-11,0.0,0.12998000502050158,0.0
5679711000438989312,15.0,goal_1e-11,0.0,0.013015954369483012,0.0
2995683893041962368,15.0,goal_1e-11,0.0,0.046552347877509115,0.0
5953737099445742848,15.0,goal_1e-11,0.0,0.03257517275375408,0.0
4615401513032729088,15.0,goal_1e-11,0.0,0.0449360711497735,0.0
3004510772390701696,15.0,goal_1e-11,0.0,0.06189459583079038,0.0
4069792782145982080,15.0,goal_1e-11,0.0,0.07849028102766203,0.0
5814108395520777856,15.0,goal_1e-11,0.0,0.06844643143702395,0.0
5962272505153840896,15.0,goal_1e-11,0.0,0.10687514133029577,0.0
2149291627370030336,15.0,goal_1e-11,0.0,0.027558334138911397,0.0
1323478680316848256,15.0,goal_1e-11,0.0,0.047408553209443954,0.0
5260504054704228736,15.0,goal_1e-11,0.0,0.10946775683621701,0.0
5841541455445538432,15.0,goal_1e-11,0.0,0.036496353975563,0.0
3867940039451965952,15.0,goal_1e-11,0.0,0.08316779085422633,0.0
87878642944408960,15.0,goal_1e-11,0.0,0.03998457606760836,0.0
3151482384299373696,15.0,goal_1e-11,0.0,0.16759925069616707,0.0
6181044017297795968,15.0,goal_1e-11,0.0,0.3031088421362798,0.0
803645216387486720,15.0,goal_1e-11,0.0,0.14777247484350733,0.0
5914174364643486592,15.0,goal_1e-11,0.0,0.06450989237985953,0.0
4797122403959920768,15.0,goal_1e-11,0.0,0.09734295631197833,0.0
2575048093288905088,15.0,goal_1e-11,0.0,0.09199413288729938,0.0
4229058961259584256,15.0,goal_1e-11,0.0,0.17063589997696824,0.0
4561522831932945920,15.0,goal_1e-11,0.0,0.11864489765649032,0.0
2208326773198648320,15.0,goal_1e-11,0.0,0.11105467004487768,0.0
6094128791359632256,15.0,goal_1e-11,0.0,0.09206389829728832,0.0
2769623267282593152,15.0,goal_1e-11,0.0,0.07649605766232444,0.0
5660807578058341120,15.0,goal_1e-11,0.0,0.06268488197374769,0.0
296496818102428544,15.0,goal_1e-11,0.0,0.08609599686030961,0.0
158752853233960704,15.0,goal_1e-11,0.0,0.02090608264504828,0.0
2259514678757235200,15.0,goal_1e-11,0.0,0.03580084291251071,0.0
4227855172121285760,15.0,goal_1e-11,0.0,0.0815460419200555,0.0
2196000977264781056,15.0,goal_1e-11,0.0,0.0625130434810102,0.0
1422765267499632640,15.0,goal_1e-11,0.0,0.059162063237785334,0.0
5351303408563334912,15.0,goal_1e-11,0.0,0.05522684303021109,0.0
1364263517961035648,15.0,goal_1e-11,0.0,0.043687352462415625,0.0
5274946414813497344,15.0,goal_1e-11,0.0,0.07243661962977677,0.0
3180960123537829760,15.0,goal_1e-11,0.0,0.10377014999689797,0.0
2757278951454094208,15.0,goal_1e-11,0.0,0.043331865162475995,0.0
2703346703520007168,15.0,goal_1e-11,0.0,0.040219022890880765,0.0
4002529127504102656,15.0,goal_1e-11,0.0,0.1786788202427093,0.0
5421588692928858752,15.0,goal_1e-11,0.0,0.031453024675544713,0.0
6050388913137070848,15.0,goal_1e-11,0.0,0.03640661304161971,0.0
4345060775182367232,15.0,goal_1e-11,0.0,0.02936043653941035,0.0
992946106114748032,15.0,goal_1e-11,0.0,0.0825554795960836,0.0
676792841901784192,15.0,goal_1e-11,0.0,0.06470581791613222,0.0
218953691837608960,15.0,goal_1e-11,0.0,0.054953501196335644,0.0
2482368024800833024,15.0,goal_1e-11,0.0,0.08054057676368179,0.0
4609966833215963392,15.0,goal_1e-11,0.0,0.04903249298751553,0.0
6844037812175117440,15.0,goal_1e-11,0.0,0.059240772226498775,0.0
6441225886185109632,15.0,goal_1e-11,0.0,0.0671222599111055,0.0
1275271417631701504,15.0,goal_1e-11,0.0,0.0508483414371645,0.0
6490173906174556416,15.0,goal_1e-11,0.0,0.048053520573217594,0.0
5940429538445511808,15.0,goal_1e-11,0.0,0.1652736669879679,0.0
3793148372312611456,15.0,goal_1e-11,0.0,0.057763975413820064,0.0
3138662151736925568,15.0,goal_1e-11,0.0,0.03689811598396955,0.0
5976199159903812736,15.0,goal_1e-11,0.0,0.029876868829511807,0.0
1504338722359357568,15.0,goal_1e-11,0.0,0.07318451171918568,0.0
1688451325954477184,15.0,goal_1e-11,0.0,0.09601791891844148,0.0
5889045855385067136,15.0,goal_1e-11,0.0,0.03300457807744919,0.0
4081754605352170496,15.0,goal_1e-11,0.0,0.1541054294872383,0.0
2691146831736184576,15.0,goal_1e-11,0.0,0.05303353846026764,0.0
334398010409366400,15.0,goal_1e-11,0.0,0.06140940018983214,0.0
1383626089525174016,15.0,goal_1e-11,0.0,0.05187382501900379,0.0
3702063519102244480,15.0,goal_1e-11,0.0,0.14339140582723936,0.0
5423016683660491264,15.0,goal_1e-11,0.0,0.03695093622929684,0.0
2804852929801600768,15.0,goal_1e-11,0.0,0.19220541330995167,0.0
3114023912926376448,15.0,goal_1e-11,0.0,0.053719626112265356,0.0
5524591457617244928,15.0,goal_1e-11,0.0,0.045029586388980844,0.0
4060366016201160320,15.0,goal_1e-11,0.0,0.0026578148003231763,0.0
6694638847956909696,15.0,goal_1e-11,0.0,0.04662779846257354,0.0
3039556915253606144,15.0,goal_1e-11,0.0,0.10259864228547654,0.0
6237927045205600000,15.0,goal_1e-11,0.0,0.029569620739902075,0.0
1878241773237645184,15.0,goal_1e-11,0.0,0.050724659228775,0.0
4288946748293342080,15.0,goal_1e-11,0.0,0.44178771070238293,0.0
2337648311488015360,15.0,goal_1e-11,0.0,0.08024002639328605,0.0
4395214100433309184,15.0,goal_1e-11,0.0,0.13522558490839365,0.0
2796277112767076864,15.0,goal_1e-11,0.0,0.019639513672141888,0.0
6016504747910034432,15.0,goal_1e-11,0.0,0.032844537947024036,0.0
5166280100090122880,15.0,goal_1e-11,0.0,0.1251871297897031,0.0
1130573557111974912,15.0,goal_1e-11,0.0,0.11488179290440108,0.0
164738354017665664,15.0,goal_1e-11,0.0,0.0065966164436133,0.0
1761771910959772032,15.0,goal_1e-11,0.0,0.05135722439963844,0.0
1329848490477856768,15.0,goal_1e-11,0.0,0.46960001404388535,0.0
3311535375672171776,15.0,goal_1e-11,0.0,0.10330125778009477,0.0
6112272348126668800,15.0,goal_1e-11,0.0,0.07473342340787341,0.0
6755038496304470144,15.0,goal_1e-11,0.0,0.061966807358933736,0.0
4283053988756001920,15.0,goal_1e-11,0.0,0.053119163098750026,0.0
2599647119044490496,15.0,goal_1e-11,0.0,0.06145002263124424,0.0
490441735713670528,15.0,goal_1e-11,0.0,0.053340554264870756,0.0
4934043968492272896,15.0,goal_1e-11,0.0,0.07704986025734706,0.0
2621100450623361280,15.0,goal_1e-11,0.0,0.3435886468873421,0.0
1851315420672845056,15.0,goal_1e-11,0.0,0.07207216011283686,0.0
5541455315986463104,15.0,goal_1e-11,0.0,0.032884437787775216,0.0
5976098417137532800,15.0,goal_1e-11,0.0,0.043033197783022885,0.0
28898090451449472,15.0,goal_1e-11,0.0,0.04009237340898993,0.0
6592347918267168128,15.0,goal_1e-11,0.0,0.08563847937016737,0.0
5887064359268864256,15.0,goal_1e-11,0.0,0.013018815310887728,0.0
6518913495153329920,15.0,goal_1e-11,0.0,0.031916326445437196,0.0
4600878063941953280,15.0,goal_1e-11,0.0,0.05319746922335676,0.0
992845122843798016,15.0,goal_1e-11,0.0,0.06004059852004687,0.0
3664521351702250752,15.0,goal_1e-11,0.0,0.19659999308192558,0.0
3711953493050429568,15.0,goal_1e-11,0.0,0.07399745099524463,0.0
5473228871432372992,15.0,goal_1e-11,0.0,0.05623538757671523,0.0
6752384069075512320,15.0,goal_1e-11,0.0,0.044277918995410656,0.0
4115513220094402048,15.0,goal_1e-11,0.0,0.025655348726396028,0.0
4602130957441446400,15.0,goal_1e-11,0.0,0.03885043188329301,0.0
377546664910219776,15.0,goal_1e-11,0.0,0.13212002947636337,0.0
4364333977066797056,15.0,goal_1e-11,0.0,0.015780692046485547,0.0
5768315046181771904,15.0,goal_1e-11,0.0,0.03963410493048285,0.0
123580919370477952,15.0,goal_1e-11,0.0,0.03849300599520618,0.0
4366334126156046976,15.0,goal_1e-11,0.0,0.028779517032797165,0.0
4901782819863332608,15.0,goal_1e-11,0.0,0.207854610011324,0.0
2151838817854979456,15.0,goal_1e-11,0.0,0.031315015626475824,0.0
1343460895402697600,15.0,goal_1e-11,0.0,0.11728127401154079,0.0
6136053959995638016,15.0,goal_1e-11,0.0,0.04155023428135603,0.0
2221263218985851520,15.0,goal_1e-11,0.0,0.41265915266466274,0.0095
4162186251740404608,15.0,goal_1e-11,0.0,0.13418049128121493,0.0
1678399143976755584,15.0,goal_1e-11,0.0,0.11354070886774521,0.0
2704125913666895104,15.0,goal_1e-11,0.0,0.03622766164767557,0.0
5000393997669149952,15.0,goal_1e-11,0.0,0.07857031888263152,0.0
2491206105423269504,15.0,goal_1e-11,0.0,0.14217413298647147,0.0
6274538269849968512,15.0,goal_1e-11,0.0,0.043936677198984184,0.0
707365862223681408,15.0,goal_1e-11,0.0,0.043303741760114124,0.0
4735086373076351744,15.0,goal_1e-11,0.0,0.16983212606195527,0.0
2799316059826451328,15.0,goal_1e-11,0.0,0.07866168369015854,0.0
1875970079134757760,15.0,goal_1e-11,0.0,0.04759358906617148,0.0
1783649894544856960,15.0,goal_1e-11,0.0,0.04539031106011484,0.0
2554116930949289856,15.0,goal_1e-11,0.0,0.07157283849995835,0.0
2753295523906432384,15.0,goal_1e-11,0.0,0.0388309232109914,0.0
886990809110955008,15.0,goal_1e-11,0.0,0.09261886565639958,0.0
919018036639891968,15.0,goal_1e-11,0.0,0.11418361510241594,0.0
2833555985786735232,15.0,goal_1e-11,0.0,0.10011695678780555,0.0
3023472056569280512,15.0,goal_1e-11,0.0,0.054673827847343495,0.0
868768602903736832,15.0,goal_1e-11,0.0,0.05221174545035985,0.0
5178460008866279808,15.0,goal_1e-11,0.0,0.059549471596757754,0.0
3004697238395042176,15.0,goal_1e-11,0.0,0.16015728658543738,0.0
2346247935526578688,15.0,goal_1e-11,0.0,0.05175551165379932,0.0
1933622971340170496,15.0,goal_1e-11,0.0,0.043902213319890325,0.0
1014188567684692224,15.0,goal_1e-11,0.0,0.05251269681937508,0.0
5466445022127902976,15.0,goal_1e-11,0.0,0.053441652601832576,0.0
6681692893110527232,15.0,goal_1e-11,0.0,0.06200456719927762,0.0
5185560414440293632,15.0,goal_1e-11,0.0,0.14014134596695874,0.0
5800349145690204288,15.0,goal_1e-11,0.0,0.04436924263817713,0.0
4105409399796978944,15.0,goal_1e-11,0.0,0.027659551220260134,0.0
4708692944344873216,15.0,goal_1e-11,0.0,0.036908533408235286,0.0
2027994226190382848,15.0,goal_1e-11,0.0,0.04102842006784896,0.0
2511654375999952640,15.0,goal_1e-11,0.0,0.05516798540230048,0.0
5493261389176885632,15.0,goal_1e-11,0.0,0.0660856322749807,0.0
2240388880151078528,15.0,goal_1e-11,0.0,0.04577956676418721,0.0
5658455555185799040,15.0,goal_1e-11,0.0,0.03496340102635763,0.0
5052502602489649664,15.0,goal_1e-11,0.0,0.1317286161099127,0.0
1979258613779627520,15.0,goal_1e-11,0.0,0.05343703230411913,0.0
446639254048922112,15.0,goal_1e-11,0.0,0.029332737379695672,0.0
5601915746720479104,15.0,goal_1e-11,0.0,0.058029131364616904,0.0
4776963682897871616,15.0,goal_1e-11,0.0,0.19219734363561242,0.0
3280686721529098368,15.0,goal_1e-11,0.0,0.03878952944685276,0.0
1285339370727734400,15.0,goal_1e-11,0.0,0.06935839620126005,0.0
5511484179500121088,15.0,goal_1e-11,0.0,0.051610907481028576,0.0
519978157091449088,15.0,goal_1e-11,0.0,0.02529537893911609,0.0
3855789469596668544,15.0,goal_1e-11,0.0,0.026897363488933325,0.0
572054498112591744,15.0,goal_1e-11,0.0,0.029647327551833476,0.0
357842591908022912,15.0,goal_1e-11,0.0,0.0319187596216463,0.0
5927844322167316352,15.0,goal_1e-11,0.0,0.02706543252141675,0.0
2281306105868025600,15.0,goal_1e-11,0.0,0.07045152220792977,0.0
6342743866636102528,15.0,goal_1e-11,0.0,0.03182583951869249,0.0
1690963263347609088,15.0,goal_1e-11,0.0,0.06645666774260502,0.0
1230823728796492672,15.0,goal_1e-11,0.0,0.054780409695851746,0.0
6411524297547089024,15.0,goal_1e-11,0.0,0.043121277936871275,0.0
2935813011016890752,15.0,goal_1e-11,0.0,0.04271833944755701,0.0
1510354597152530176,15.0,goal_1e-11,0.0,0.07043592008953219,0.0
263711679169833728,15.0,goal_1e-11,0.0,0.03722090577127422,0.0
2203996935067479424,15.0,goal_1e-11,0.0,0.11780028036951376,0.0
4637390027600793344,15.0,goal_1e-11,0.0,0.05120042758765161,0.0
3326809997366173568,15.0,goal_1e-11,0.0,0.0677223856807303,0.0
359891153870510208,15.0,goal_1e-11,0.0,0.19104638714577526,0.0
3194157939562713472,15.0,goal_1e-11,0.0,0.05748842188403793,0.0
5654914887224650240,15.0,goal_1e-11,0.0,0.05406317412995693,0.0
132596261882440320,15.0,goal_1e-11,0.0,0.052731955225733505,0.0
4262558915898078720,15.0,goal_1e-11,0.0,0.04301202177237475,0.0
6149021149160162176,15.0,goal_1e-11,0.0,0.031529777694016915,0.0
2811411825899219200,15.0,goal_1e-11,0.0,0.1933184718726061,0.0
1900800964403932800,15.0,goal_1e-11,0.0,0.03240916154647234,0.0
6009934130839583488,15.0,goal_1e-11,0.0,0.022470788281556308,0.0
6872322302128569344,15.0,goal_1e-11,0.0,0.03869294618367191,0.0
4548634356637185792,15.0,goal_1e-11,0.0,0.08090560079862959,0.0
6527091903161249152,15.0,goal_1e-11,0.0,0.038779695197688625,0.0
2639759162947729408,15.0,goal_1e-11,0.0,0.035918700714569755,0.0
4100927786033595648,15.0,goal_1e-11,0.0,0.03104290662109748,0.0
5371882654157606912,15.0,goal_1e-11,0.0,0.14812233838431613,0.0
6775009922429158272,15.0,goal_1e-11,0.0,0.04188278558966388,0.0
665668979685323648,15.0,goal_1e-11,0.0,0.1113301067367043,0.0
1832230956847006592,15.0,goal_1e-11,0.0,0.2954027010047202,0.0
6284599664533612544,15.0,goal_1e-11,0.0,0.07721061595705722,0.0
4641784775576833536,15.0,goal_1e-11,0.0,0.11323000622014824,0.0
4268847611328000256,15.0,goal_1e-11,0.0,3.731994906405787,0.063
4278176623883730176,15.0,goal_1e-11,0.0,0.023097798235278695,0.0
3267929947104804096,30.0,current_1e-9,0.0,0.11820483286549305,0.0
5642877846246495360,30.0,current_1e-9,0.0,0.11156157468091299,0.0
6603465041679231872,30.0,current_1e-9,0.0,0.5414868715533271,0.0
2046526391572691328,30.0,current_1e-9,0.0,0.1930771575206073,0.0
1016789806037687424,30.0,current_1e-9,0.0,0.49857101430448425,0.0
5679711000438989312,30.0,current_1e-9,0.0,0.05187855581194057,0.0
2995683893041962368,30.0,current_1e-9,0.0,0.1839265041635681,0.0
5953737099445742848,30.0,current_1e-9,0.0,0.12896152731082605,0.0
4615401513032729088,30.0,current_1e-9,0.0,0.17806080318847006,0.0
3004510772390701696,30.0,current_1e-9,0.0,0.24367002884227854,0.0
4069792782145982080,30.0,current_1e-9,0.0,0.3080406203321752,0.0
5814108395520777856,30.0,current_1e-9,0.0,0.2691992513162153,0.0
5962272505153840896,30.0,current_1e-9,0.0,0.4126694724751252,0.0
2149291627370030336,30.0,current_1e-9,0.0,0.1094386669601769,0.0
1323478680316848256,30.0,current_1e-9,0.0,0.18539436337724283,0.0
5260504054704228736,30.0,current_1e-9,0.0,0.42514926895269445,0.0
5841541455445538432,30.0,current_1e-9,0.0,0.14418096317228737,0.0
3867940039451965952,30.0,current_1e-9,0.0,0.3258142316323408,0.0
87878642944408960,30.0,current_1e-9,0.0,0.15844217054244472,0.0
3151482384299373696,30.0,current_1e-9,0.0,0.6314656092098785,0.0
6181044017297795968,30.0,current_1e-9,0.0,1.1183939099793745,0.0
803645216387486720,30.0,current_1e-9,0.0,0.5703499220880233,0.0
5914174364643486592,30.0,current_1e-9,0.0,0.25169876768367033,0.0
4797122403959920768,30.0,current_1e-9,0.0,0.3784975423236413,0.0
2575048093288905088,30.0,current_1e-9,0.0,0.35972092485999707,0.0
4229058961259584256,30.0,current_1e-9,0.0,0.6439319087343577,0.0
4561522831932945920,30.0,current_1e-9,0.0,0.4586288308640014,0.0
2208326773198648320,30.0,current_1e-9,0.0,0.42792575316130477,0.0
6094128791359632256,30.0,current_1e-9,0.0,0.3582300696590985,0.0
2769623267282593152,30.0,current_1e-9,0.0,0.2958166869667923,0.0
5660807578058341120,30.0,current_1e-9,0.0,0.2466245296272249,0.0
296496818102428544,30.0,current_1e-9,0.0,0.3361177790864778,0.0
158752853233960704,30.0,current_1e-9,0.0,0.08313681312850517,0.0
2259514678757235200,30.0,current_1e-9,0.0,0.14196021516509238,0.0
4227855172121285760,30.0,current_1e-9,0.0,0.3202215585694518,0.0
2196000977264781056,30.0,current_1e-9,0.0,0.2462608609932621,0.0
1422765267499632640,30.0,current_1e-9,0.0,0.23256882842662455,0.0
5351303408563334912,30.0,current_1e-9,0.0,0.21790356665961447,0.0
1364263517961035648,30.0,current_1e-9,0.0,0.17305524297487282,0.0
5274946414813497344,30.0,current_1e-9,0.0,0.28512945309944987,0.0
3180960123537829760,30.0,current_1e-9,0.0,0.4012179558259491,0.0
2757278951454094208,30.0,current_1e-9,0.0,0.1712963103447753,0.0
2703346703520007168,30.0,current_1e-9,0.0,0.15921355729380718,0.0
4002529127504102656,30.0,current_1e-9,0.0,0.6771477298042379,0.0
5421588692928858752,30.0,current_1e-9,0.0,0.12493265382418077,0.0
6050388913137070848,30.0,current_1e-9,0.0,0.1437289991915922,0.003
4345060775182367232,30.0,current_1e-9,0.0,0.11658220800389132,0.0
992946106114748032,30.0,current_1e-9,0.0,0.3238789059909901,0.0
676792841901784192,30.0,current_1e-9,0.0,0.2517109104850184,0.0
218953691837608960,30.0,current_1e-9,0.0,0.2155476917804882,0.0
2482368024800833024,30.0,current_1e-9,0.0,0.31317508915181735,0.0
4609966833215963392,30.0,current_1e-9,0.0,0.1941335875465937,0.0
6844037812175117440,30.0,current_1e-9,0.0,0.22872219022795354,0.0
6441225886185109632,30.0,current_1e-9,0.0,0.26124629690091106,0.0
1275271417631701504,30.0,current_1e-9,0.0,0.20097300417670755,0.0
6490173906174556416,30.0,current_1e-9,0.0,0.18970248076143514,0.0
5940429538445511808,30.0,current_1e-9,0.0,0.63649140584647,0.0
3793148372312611456,30.0,current_1e-9,0.0,0.22813662246176383,0.0
3138662151736925568,30.0,current_1e-9,0.0,0.146348719818713,0.0
5976199159903812736,30.0,current_1e-9,0.0,0.11803757272280489,0.0
1504338722359357568,30.0,current_1e-9,0.0,0.28393305616209275,0.0
1688451325954477184,30.0,current_1e-9,0.0,0.37535096510254684,0.0
5889045855385067136,30.0,current_1e-9,0.0,0.1310442745999699,0.0
4081754605352170496,30.0,current_1e-9,0.0,0.5713863364840742,0.0015
2691146831736184576,30.0,current_1e-9,0.0,0.20985381203011427,0.0
334398010409366400,30.0,current_1e-9,0.0,0.23909624902916204,0.0
1383626089525174016,30.0,current_1e-9,0.0,0.20403785235388633,0.0
3702063519102244480,30.0,current_1e-9,0.0,0.5476176344437798,0.0
5423016683660491264,30.0,current_1e-9,0.0,0.14650373697048308,0.0
2804852929801600768,30.0,current_1e-9,0.0,0.734797041612004,0.0
3114023912926376448,30.0,current_1e-9,0.0,0.20926617746449414,0.0
5524591457617244928,30.0,current_1e-9,0.0,0.17801634640312933,0.0
4060366016201160320,30.0,current_1e-9,0.0,0.010624398767284968,0.0
6694638847956909696,30.0,current_1e-9,0.0,0.1827829544407206,0.0
3039556915253606144,30.0,current_1e-9,0.0,0.3985187627247907,0.0
6237927045205600000,30.0,current_1e-9,0.0,0.11666647243195938,0.0
1878241773237645184,30.0,current_1e-9,0.0,0.199824268700837,0.0
4288946748293342080,30.0,current_1e-9,0.0,1.5922371188716111,0.0
2337648311488015360,30.0,current_1e-9,0.0,0.31327487277604016,0.0
4395214100433309184,30.0,current_1e-9,0.0,0.5186650781406954,0.0
2796277112767076864,30.0,current_1e-9,0.0,0.07820864630670422,0.0
6016504747910034432,30.0,current_1e-9,0.0,0.13058909260334525,0.0
5166280100090122880,30.0,current_1e-9,0.0,0.4813614029741875,0.0
1130573557111974912,30.0,current_1e-9,0.0,0.4448208156617645,0.0
164738354017665664,30.0,current_1e-9,0.0,0.026346164212131446,0.0
1761771910959772032,30.0,current_1e-9,0.0,0.20301632345970455,0.0
1329848490477856768,30.0,current_1e-9,0.0,1.6968094609848408,0.0005
3311535375672171776,30.0,current_1e-9,0.0,0.3970313375139583,0.0
6112272348126668800,30.0,current_1e-9,0.0,0.2930701118882385,0.0
6755038496304470144,30.0,current_1e-9,0.0,0.24369189410399417,0.0
4283053988756001920,30.0,current_1e-9,0.0,0.2081622574907573,0.0
2599647119044490496,30.0,current_1e-9,0.0,0.2422238627737225,0.0
490441735713670528,30.0,current_1e-9,0.0,0.20922515458029273,0.0
4934043968492272896,30.0,current_1e-9,0.0,0.2960134016145612,0.0
2621100450623361280,30.0,current_1e-9,0.0,1.2347586682702925,0.001
1851315420672845056,30.0,current_1e-9,0.0,0.2838846579512476,0.0
5541455315986463104,30.0,current_1e-9,0.0,0.13052109584969845,0.0
5976098417137532800,30.0,current_1e-9,0.0,0.1702100631338515,0.0
28898090451449472,30.0,current_1e-9,0.0,0.15865438498926437,0.0
6592347918267168128,30.0,current_1e-9,0.0,0.3347630056255067,0.0
5887064359268864256,30.0,current_1e-9,0.0,0.051901861780200724,0.0
6518913495153329920,30.0,current_1e-9,0.0,0.12670183364183182,0.0
4600878063941953280,30.0,current_1e-9,0.0,0.2105004454755395,0.0
992845122843798016,30.0,current_1e-9,0.0,0.23658860291652406,0.0
3664521351702250752,30.0,current_1e-9,0.0,0.7407325362559386,0.0
3711953493050429568,30.0,current_1e-9,0.0,0.29120676155500747,0.0
5473228871432372992,30.0,current_1e-9,0.0,0.2223231480788589,0.0
6752384069075512320,30.0,current_1e-9,0.0,0.1749949647926828,0.0
4115513220094402048,30.0,current_1e-9,0.0,0.102050479118777,0.0
4602130957441446400,30.0,current_1e-9,0.0,0.15405952513954024,0.0
377546664910219776,30.0,current_1e-9,0.0,0.5111995402755223,0.0
4364333977066797056,30.0,current_1e-9,0.0,0.06291755295641614,0.0
5768315046181771904,30.0,current_1e-9,0.0,0.15669099342351392,0.0
123580919370477952,30.0,current_1e-9,0.0,0.1527582415910842,0.0
4366334126156046976,30.0,current_1e-9,0.0,0.11402540223847558,0.0
4901782819863332608,30.0,current_1e-9,0.0,0.7651015173510171,0.0015
2151838817854979456,30.0,current_1e-9,0.0,0.12437523597794646,0.0
1343460895402697600,30.0,current_1e-9,0.0,0.44188198934303863,0.0005
6136053959995638016,30.0,current_1e-9,0.0,0.1645082418512951,0.0
2221263218985851520,30.0,current_1e-9,0.0,1.1889160970971073,0.5125
4162186251740404608,30.0,current_1e-9,0.0,0.4950291267502323,0.0285
1678399143976755584,30.0,current_1e-9,0.0,0.4430132392374447,0.0
2704125913666895104,30.0,current_1e-9,0.0,0.14358172161596333,0.0
5000393997669149952,30.0,current_1e-9,0.0,0.30846945706862466,0.0
2491206105423269504,30.0,current_1e-9,0.0,0.5495433729458387,0.0
6274538269849968512,30.0,current_1e-9,0.0,0.1728235408708673,0.0
707365862223681408,30.0,current_1e-9,0.0,0.17097630433602604,0.0
4735086373076351744,30.0,current_1e-9,0.0,0.6370625291761483,0.0
2799316059826451328,30.0,current_1e-9,0.0,0.3080595320423046,0.0
1875970079134757760,30.0,current_1e-9,0.0,0.1878416641053942,0.0
1783649894544856960,30.0,current_1e-9,0.0,0.17975318359307316,0.0
2554116930949289856,30.0,current_1e-9,0.0,0.2821108194286122,0.0
2753295523906432384,30.0,current_1e-9,0.0,0.15361264388198004,0.0
886990809110955008,30.0,current_1e-9,0.0,0.3529967406193481,0.0
919018036639891968,30.0,current_1e-9,0.0,0.44277532013494725,0.0
2833555985786735232,30.0,current_1e-9,0.0,0.3819980119062135,0.0005
3023472056569280512,30.0,current_1e-9,0.0,0.21419986945528072,0.0
868768602903736832,30.0,current_1e-9,0.0,0.20576853769368791,0.0
5178460008866279808,30.0,current_1e-9,0.0,0.23497319654271587,0.0
3004697238395042176,30.0,current_1e-9,0.0,0.5901676052913586,0.001
2346247935526578688,30.0,current_1e-9,0.0,0.20252301240867246,0.0
1933622971340170496,30.0,current_1e-9,0.0,0.17393837841557352,0.0
1014188567684692224,30.0,current_1e-9,0.0,0.20649520271283128,0.0
5466445022127902976,30.0,current_1e-9,0.0,0.21080269991000442,0.0
6681692893110527232,30.0,current_1e-9,0.0,0.24300491760129234,0.0
5185560414440293632,30.0,current_1e-9,0.0,0.5431016130307396,0.0
5800349145690204288,30.0,current_1e-9,0.0,0.1750721028216804,0.0
4105409399796978944,30.0,current_1e-9,0.0,0.10998376993149606,0.0
4708692944344873216,30.0,current_1e-9,0.0,0.14638627335094856,0.0
2027994226190382848,30.0,current_1e-9,0.0,0.16246909315725566,0.0
2511654375999952640,30.0,current_1e-9,0.0,0.2179831376902575,0.0
5493261389176885632,30.0,current_1e-9,0.0,0.26026902444345046,0.0
2240388880151078528,30.0,current_1e-9,0.0,0.17829712050867125,0.0
5658455555185799040,30.0,current_1e-9,0.0,0.13841359886332422,0.0
5052502602489649664,30.0,current_1e-9,0.0,0.5102856265915539,0.0
1979258613779627520,30.0,current_1e-9,0.0,0.2095334822885194,0.0
446639254048922112,30.0,current_1e-9,0.0,0.11648591478632818,0.0
5601915746720479104,30.0,current_1e-9,0.0,0.22875005255936984,0.0
4776963682897871616,30.0,current_1e-9,0.0,0.735634805152067,0.0
3280686721529098368,30.0,current_1e-9,0.0,0.15329238985414267,0.0
1285339370727734400,30.0,current_1e-9,0.0,0.2733557311807231,0.0
5511484179500121088,30.0,current_1e-9,0.0,0.20422285164645115,0.0
519978157091449088,30.0,current_1e-9,0.0,0.10055833042024923,0.0
3855789469596668544,30.0,current_1e-9,0.0,0.10693206839346624,0.0
572054498112591744,30.0,current_1e-9,0.0,0.1178176151822754,0.0
357842591908022912,30.0,current_1e-9,0.0,0.12661876202330621,0.0
5927844322167316352,30.0,current_1e-9,0.0,0.10769565865797841,0.0
2281306105868025600,30.0,current_1e-9,0.0,0.2775770669158124,0.0
6342743866636102528,30.0,current_1e-9,0.0,0.12623587820441898,0.0
1690963263347609088,30.0,current_1e-9,0.0,0.26054118840220547,0.0
1230823728796492672,30.0,current_1e-9,0.0,0.2161811353880278,0.0
6411524297547089024,30.0,current_1e-9,0.0,0.16958236601807986,0.0
2935813011016890752,30.0,current_1e-9,0.0,0.16927814811006844,0.0
1510354597152530176,30.0,current_1e-9,0.0,0.27668410832142637,0.0
263711679169833728,30.0,current_1e-9,0.0,0.14604463831172632,0.0
2203996935067479424,30.0,current_1e-9,0.0,0.46009054530787125,0.0
4637390027600793344,30.0,current_1e-9,0.0,0.20136148962411968,0.0
3326809997366173568,30.0,current_1e-9,0.0,0.26547869948277775,0.0
359891153870510208,30.0,current_1e-9,0.0,0.6992752556201351,0.002
3194157939562713472,30.0,current_1e-9,0.0,0.2257286433471135,0.0
5654914887224650240,30.0,current_1e-9,0.0,0.21181269745343728,0.0
132596261882440320,30.0,current_1e-9,0.0,0.20775351797688302,0.0
4262558915898078720,30.0,current_1e-9,0.0,0.1691188118256547,0.0
6149021149160162176,30.0,current_1e-9,0.0,0.1251914600229443,0.0
2811411825899219200,30.0,current_1e-9,0.0,0.683667493482495,0.0315
1900800964403932800,30.0,current_1e-9,0.0,0.12867784463191964,0.0
6009934130839583488,30.0,current_1e-9,0.0,0.08903680039181787,0.0
6872322302128569344,30.0,current_1e-9,0.0,0.1531454357485072,0.0
4548634356637185792,30.0,current_1e-9,0.0,0.3155754742516504,0.0
6527091903161249152,30.0,current_1e-9,0.0,0.15349402053889613,0.0
2639759162947729408,30.0,current_1e-9,0.0,0.1425620324174912,0.0
4100927786033595648,30.0,current_1e-9,0.0,0.1223305735743707,0.0
5371882654157606912,30.0,current_1e-9,0.0,0.564661358845975,0.0
6775009922429158272,30.0,current_1e-9,0.0,0.1642973104869246,0.0
665668979685323648,30.0,current_1e-9,0.0,0.4205653128920183,0.0
1832230956847006592,30.0,current_1e-9,0.0,1.1104882787056927,0.0
6284599664533612544,30.0,current_1e-9,0.0,0.3007005574663563,0.0
4641784775576833536,30.0,current_1e-9,0.0,0.4396182251311692,0.0
4268847611328000256,30.0,current_1e-9,0.069,6.132949260522584,0.7065
4278176623883730176,30.0,current_1e-9,0.0,0.09180859949301413,0.0
3267929947104804096,30.0,nearterm_1e-10,0.0,0.11846381383494975,0.0
5642877846246495360,30.0,nearterm_1e-10,0.0,0.11172057856657423,0.0
6603465041679231872,30.0,nearterm_1e-10,0.0,0.560838156481359,0.0
2046526391572691328,30.0,nearterm_1e-10,0.0,0.19465458959914222,0.0
1016789806037687424,30.0,nearterm_1e-10,0.0,0.5109438998703668,0.0
5679711000438989312,30.0,nearterm_1e-10,0.0,0.05195914751791064,0.0
2995683893041962368,30.0,nearterm_1e-10,0.0,0.18494611018516857,0.0
5953737099445742848,30.0,nearterm_1e-10,0.0,0.12970304298088908,0.0
4615401513032729088,30.0,nearterm_1e-10,0.0,0.17864341820721033,0.0
3004510772390701696,30.0,nearterm_1e-10,0.0,0.24519757216070323,0.0
4069792782145982080,30.0,nearterm_1e-10,0.0,0.3102372085030827,0.0
5814108395520777856,30.0,nearterm_1e-10,0.0,0.271330789369118,0.0
5962272505153840896,30.0,nearterm_1e-10,0.0,0.42056264262200344,0.0
2149291627370030336,30.0,nearterm_1e-10,0.0,0.10963986143126732,0.0
1323478680316848256,30.0,nearterm_1e-10,0.0,0.18843974588771276,0.0
5260504054704228736,30.0,nearterm_1e-10,0.0,0.43081737869789144,0.0
5841541455445538432,30.0,nearterm_1e-10,0.0,0.14525790739001812,0.0
3867940039451965952,30.0,nearterm_1e-10,0.0,0.32818744207257605,0.0
87878642944408960,30.0,nearterm_1e-10,0.0,0.15891230751191948,0.0
3151482384299373696,30.0,nearterm_1e-10,0.0,0.6531724857413136,0.0
6181044017297795968,30.0,nearterm_1e-10,0.0,1.1650391239626392,0.0
803645216387486720,30.0,nearterm_1e-10,0.0,0.5780034995456119,0.0
5914174364643486592,30.0,nearterm_1e-10,0.0,0.25574175997062965,0.0
4797122403959920768,30.0,nearterm_1e-10,0.0,0.3829090241140996,0.0
2575048093288905088,30.0,nearterm_1e-10,0.0,0.3620909686914001,0.0
4229058961259584256,30.0,nearterm_1e-10,0.0,0.6679593456046368,0.0
4561522831932945920,30.0,nearterm_1e-10,0.0,0.4663668744838127,0.0
2208326773198648320,30.0,nearterm_1e-10,0.0,0.4374595704437444,0.0
6094128791359632256,30.0,nearterm_1e-10,0.0,0.363253961208893,0.0
2769623267282593152,30.0,nearterm_1e-10,0.0,0.30294444614024324,0.0
5660807578058341120,30.0,nearterm_1e-10,0.0,0.2484845704496592,0.0
296496818102428544,30.0,nearterm_1e-10,0.0,0.34054523679533805,0.0
158752853233960704,30.0,nearterm_1e-10,0.0,0.08323855262637832,0.0
2259514678757235200,30.0,nearterm_1e-10,0.0,0.14241707849239146,0.0
4227855172121285760,30.0,nearterm_1e-10,0.0,0.3224784587750814,0.0
2196000977264781056,30.0,nearterm_1e-10,0.0,0.24768090066651405,0.0
1422765267499632640,30.0,nearterm_1e-10,0.0,0.23460053245497578,0.0
5351303408563334912,30.0,nearterm_1e-10,0.0,0.21913279990158455,0.0
1364263517961035648,30.0,nearterm_1e-10,0.0,0.17368243714774254,0.0
5274946414813497344,30.0,nearterm_1e-10,0.0,0.2861965507460426,0.0
3180960123537829760,30.0,nearterm_1e-10,0.0,0.4086505889980748,0.0
2757278951454094208,30.0,nearterm_1e-10,0.0,0.17180177181739903,0.0
2703346703520007168,30.0,nearterm_1e-10,0.0,0.15992329452570828,0.0
4002529127504102656,30.0,nearterm_1e-10,0.0,0.6967176841754085,0.0
5421588692928858752,30.0,nearterm_1e-10,0.0,0.12524140644332898,0.0
6050388913137070848,30.0,nearterm_1e-10,0.0,0.14494106132072324,0.003
4345060775182367232,30.0,nearterm_1e-10,0.0,0.11689735520297222,0.0
992946106114748032,30.0,nearterm_1e-10,0.0,0.32506983597658334,0.0
676792841901784192,30.0,nearterm_1e-10,0.0,0.25679776162736245,0.0
218953691837608960,30.0,nearterm_1e-10,0.0,0.2180684073242744,0.0
2482368024800833024,30.0,nearterm_1e-10,0.0,0.3185849107894134,0.0
4609966833215963392,30.0,nearterm_1e-10,0.0,0.19452265487627818,0.0
6844037812175117440,30.0,nearterm_1e-10,0.0,0.23527532726568473,0.0
6441225886185109632,30.0,nearterm_1e-10,0.0,0.2645427721987362,0.0
1275271417631701504,30.0,nearterm_1e-10,0.0,0.2018379093597746,0.0
6490173906174556416,30.0,nearterm_1e-10,0.0,0.19078938870641776,0.0
5940429538445511808,30.0,nearterm_1e-10,0.0,0.6462847721435668,0.0
3793148372312611456,30.0,nearterm_1e-10,0.0,0.22894520934959578,0.0
3138662151736925568,30.0,nearterm_1e-10,0.0,0.14672305350197934,0.0
5976199159903812736,30.0,nearterm_1e-10,0.0,0.11887331700973781,0.0
1504338722359357568,30.0,nearterm_1e-10,0.0,0.28956548845037733,0.0
1688451325954477184,30.0,nearterm_1e-10,0.0,0.3788247730594735,0.0
5889045855385067136,30.0,nearterm_1e-10,0.0,0.13135419872632506,0.0
4081754605352170496,30.0,nearterm_1e-10,0.0,0.6038810799027472,0.0015
2691146831736184576,30.0,nearterm_1e-10,0.0,0.21054948778850532,0.0
334398010409366400,30.0,nearterm_1e-10,0.0,0.24380623328775644,0.0
1383626089525174016,30.0,nearterm_1e-10,0.0,0.20560752556920123,0.0
3702063519102244480,30.0,nearterm_1e-10,0.0,0.5610033441571648,0.0
5423016683660491264,30.0,nearterm_1e-10,0.0,0.14690812672728693,0.0
2804852929801600768,30.0,nearterm_1e-10,0.0,0.7430667667747737,0.0
3114023912926376448,30.0,nearterm_1e-10,0.0,0.2134820528098394,0.0
5524591457617244928,30.0,nearterm_1e-10,0.0,0.1785267584472197,0.0
4060366016201160320,30.0,nearterm_1e-10,0.0,0.010626685124283677,0.0
6694638847956909696,30.0,nearterm_1e-10,0.0,0.1854443263125145,0.0
3039556915253606144,30.0,nearterm_1e-10,0.0,0.4037940676686752,0.0
6237927045205600000,30.0,nearterm_1e-10,0.0,0.11737793040129975,0.0
1878241773237645184,30.0,nearterm_1e-10,0.0,0.2006693012838631,0.0
4288946748293342080,30.0,nearterm_1e-10,0.0,1.6739864250331673,0.0
2337648311488015360,30.0,nearterm_1e-10,0.0,0.31537667154979016,0.0
4395214100433309184,30.0,nearterm_1e-10,0.0,0.5304458573356462,0.0
2796277112767076864,30.0,nearterm_1e-10,0.0,0.07832190534054562,0.0
6016504747910034432,30.0,nearterm_1e-10,0.0,0.1307485370170967,0.0
5166280100090122880,30.0,nearterm_1e-10,0.0,0.492742162706868,0.0
1130573557111974912,30.0,nearterm_1e-10,0.0,0.4516500186033664,0.0
164738354017665664,30.0,nearterm_1e-10,0.0,0.026355240352284277,0.0
1761771910959772032,30.0,nearterm_1e-10,0.0,0.20352609127019042,0.0
1329848490477856768,30.0,nearterm_1e-10,0.0,1.7662507267250043,0.0005
3311535375672171776,30.0,nearterm_1e-10,0.0,0.402197073110556,0.0
6112272348126668800,30.0,nearterm_1e-10,0.0,0.2954992641569254,0.0
6755038496304470144,30.0,nearterm_1e-10,0.0,0.245517013330885,0.0
4283053988756001920,30.0,nearterm_1e-10,0.0,0.21043105754263866,0.0
2599647119044490496,30.0,nearterm_1e-10,0.0,0.24360314698916377,0.0
490441735713670528,30.0,nearterm_1e-10,0.0,0.2118594751593691,0.0
4934043968492272896,30.0,nearterm_1e-10,0.0,0.3050826093188642,0.0
2621100450623361280,30.0,nearterm_1e-10,0.0,1.3133076167833428,0.001
1851315420672845056,30.0,nearterm_1e-10,0.0,0.28517982675615144,0.0
5541455315986463104,30.0,nearterm_1e-10,0.0,0.1308039124331541,0.0
5976098417137532800,30.0,nearterm_1e-10,0.0,0.17107704859869385,0.0
28898090451449472,30.0,nearterm_1e-10,0.0,0.1591710994113562,0.0
6592347918267168128,30.0,nearterm_1e-10,0.0,0.3383202081712004,0.0
5887064359268864256,30.0,nearterm_1e-10,0.0,0.05197599122458507,0.0
6518913495153329920,30.0,nearterm_1e-10,0.0,0.1269656839407609,0.0
4600878063941953280,30.0,nearterm_1e-10,0.0,0.21104121123461853,0.0
992845122843798016,30.0,nearterm_1e-10,0.0,0.237752910624891,0.0
3664521351702250752,30.0,nearterm_1e-10,0.0,0.7598663401144841,0.0
3711953493050429568,30.0,nearterm_1e-10,0.0,0.29228466925973895,0.0
5473228871432372992,30.0,nearterm_1e-10,0.0,0.22300246356830047,0.0
6752384069075512320,30.0,nearterm_1e-10,0.0,0.1758299543473591,0.0
4115513220094402048,30.0,nearterm_1e-10,0.0,0.10221521705042567,0.0
4602130957441446400,30.0,nearterm_1e-10,0.0,0.15445442227944847,0.0
377546664910219776,30.0,nearterm_1e-10,0.0,0.5153825564798051,0.0
4364333977066797056,30.0,nearterm_1e-10,0.0,0.0629587713787338,0.0
5768315046181771904,30.0,nearterm_1e-10,0.0,0.15773228077852075,0.0
123580919370477952,30.0,nearterm_1e-10,0.0,0.15314471764099993,0.0
4366334126156046976,30.0,nearterm_1e-10,0.0,0.11464276464990515,0.0
4901782819863332608,30.0,nearterm_1e-10,0.0,0.8065717376730868,0.0015
2151838817854979456,30.0,nearterm_1e-10,0.0,0.12455403165900901,0.0
1343460895402697600,30.0,nearterm_1e-10,0.0,0.46271963457085713,0.0005
6136053959995638016,30.0,nearterm_1e-10,0.0,0.16503199277710615,0.0
2221263218985851520,30.0,nearterm_1e-10,0.0,1.5704645595593723,0.5125
4162186251740404608,30.0,nearterm_1e-10,0.0,0.5275326432650078,0.0285
1678399143976755584,30.0,nearterm_1e-10,0.0,0.4471971325138285,0.0
2704125913666895104,30.0,nearterm_1e-10,0.0,0.14392333411311317,0.0
5000393997669149952,30.0,nearterm_1e-10,0.0,0.31078078262277814,0.0
2491206105423269504,30.0,nearterm_1e-10,0.0,0.555401015168863,0.0
6274538269849968512,30.0,nearterm_1e-10,0.0,0.17473799421959532,0.0
707365862223681408,30.0,nearterm_1e-10,0.0,0.17194665381017413,0.0
4735086373076351744,30.0,nearterm_1e-10,0.0,0.6635102968882054,0.0
2799316059826451328,30.0,nearterm_1e-10,0.0,0.311049008314291,0.0
1875970079134757760,30.0,nearterm_1e-10,0.0,0.18916504361728068,0.0
1783649894544856960,30.0,nearterm_1e-10,0.0,0.18031641767437498,0.0
2554116930949289856,30.0,nearterm_1e-10,0.0,0.28307687277978416,0.0
2753295523906432384,30.0,nearterm_1e-10,0.0,0.15435419193224312,0.0
886990809110955008,30.0,nearterm_1e-10,0.0,0.3661929576589988,0.0
919018036639891968,30.0,nearterm_1e-10,0.0,0.44819219073985517,0.0
2833555985786735232,30.0,nearterm_1e-10,0.0,0.3948142858576258,0.0005
3023472056569280512,30.0,nearterm_1e-10,0.0,0.21718393821364976,0.0
868768602903736832,30.0,nearterm_1e-10,0.0,0.2073349546187418,0.0
5178460008866279808,30.0,nearterm_1e-10,0.0,0.23613655465783182,0.0
3004697238395042176,30.0,nearterm_1e-10,0.0,0.624937614986585,0.001
2346247935526578688,30.0,nearterm_1e-10,0.0,0.205663850935308,0.0
1933622971340170496,30.0,nearterm_1e-10,0.0,0.1744215615056912,0.0
1014188567684692224,30.0,nearterm_1e-10,0.0,0.20833461001916587,0.0
5466445022127902976,30.0,nearterm_1e-10,0.0,0.21209809589949719,0.0
6681692893110527232,30.0,nearterm_1e-10,0.0,0.24427088494740526,0.0
5185560414440293632,30.0,nearterm_1e-10,0.0,0.5488174185571565,0.0
5800349145690204288,30.0,nearterm_1e-10,0.0,0.17632586680369028,0.0
4105409399796978944,30.0,nearterm_1e-10,0.0,0.11016676800428837,0.0
4708692944344873216,30.0,nearterm_1e-10,0.0,0.14677465539763995,0.0
2027994226190382848,30.0,nearterm_1e-10,0.0,0.16311959143342575,0.0
2511654375999952640,30.0,nearterm_1e-10,0.0,0.21877471548867186,0.0
5493261389176885632,30.0,nearterm_1e-10,0.0,0.26152569849152224,0.0
2240388880151078528,30.0,nearterm_1e-10,0.0,0.1813313938771302,0.0
5658455555185799040,30.0,nearterm_1e-10,0.0,0.13918087724513056,0.0
5052502602489649664,30.0,nearterm_1e-10,0.0,0.5168726889105217,0.0
1979258613779627520,30.0,nearterm_1e-10,0.0,0.21205992583461902,0.0
446639254048922112,30.0,nearterm_1e-10,0.0,0.11678995829297417,0.0
5601915746720479104,30.0,nearterm_1e-10,0.0,0.23022583533315252,0.0
4776963682897871616,30.0,nearterm_1e-10,0.0,0.7493405171825054,0.0
3280686721529098368,30.0,nearterm_1e-10,0.0,0.15416145470208936,0.0
1285339370727734400,30.0,nearterm_1e-10,0.0,0.2741748800452587,0.0
5511484179500121088,30.0,nearterm_1e-10,0.0,0.2048002490286598,0.0
519978157091449088,30.0,nearterm_1e-10,0.0,0.10073952178044315,0.0
3855789469596668544,30.0,nearterm_1e-10,0.0,0.10706155066627313,0.0
572054498112591744,30.0,nearterm_1e-10,0.0,0.11805218805235071,0.0
357842591908022912,30.0,nearterm_1e-10,0.0,0.12686891727534647,0.0
5927844322167316352,30.0,nearterm_1e-10,0.0,0.10781872477447893,0.0
2281306105868025600,30.0,nearterm_1e-10,0.0,0.2786335599414712,0.0
6342743866636102528,30.0,nearterm_1e-10,0.0,0.12660720244023568,0.0
1690963263347609088,30.0,nearterm_1e-10,0.0,0.26278746947153936,0.0
1230823728796492672,30.0,nearterm_1e-10,0.0,0.21743616277682237,0.0
6411524297547089024,30.0,nearterm_1e-10,0.0,0.17130983273461692,0.0
2935813011016890752,30.0,nearterm_1e-10,0.0,0.16980005025778433,0.0
1510354597152530176,30.0,nearterm_1e-10,0.0,0.27898039489172655,0.0
263711679169833728,30.0,nearterm_1e-10,0.0,0.14797492881301713,0.0
2203996935067479424,30.0,nearterm_1e-10,0.0,0.4625709015594254,0.0
4637390027600793344,30.0,nearterm_1e-10,0.0,0.20332253574173267,0.0
3326809997366173568,30.0,nearterm_1e-10,0.0,0.26824236205535035,0.0
359891153870510208,30.0,nearterm_1e-10,0.0,0.7458158922203443,0.002
3194157939562713472,30.0,nearterm_1e-10,0.0,0.22771748581551207,0.0
5654914887224650240,30.0,nearterm_1e-10,0.0,0.21341078615846093,0.0
132596261882440320,30.0,nearterm_1e-10,0.0,0.20906856594780912,0.0
4262558915898078720,30.0,nearterm_1e-10,0.0,0.17114253240911995,0.0
6149021149160162176,30.0,nearterm_1e-10,0.0,0.12551767315438458,0.0
2811411825899219200,30.0,nearterm_1e-10,0.0,0.754121514974534,0.0315
1900800964403932800,30.0,nearterm_1e-10,0.0,0.12901216613559366,0.0
6009934130839583488,30.0,nearterm_1e-10,0.0,0.08960358663210545,0.0
6872322302128569344,30.0,nearterm_1e-10,0.0,0.15395581146806717,0.0
4548634356637185792,30.0,nearterm_1e-10,0.0,0.31986265752381904,0.0
6527091903161249152,30.0,nearterm_1e-10,0.0,0.1539740217328472,0.0
2639759162947729408,30.0,nearterm_1e-10,0.0,0.14278667608231008,0.0
4100927786033595648,30.0,nearterm_1e-10,0.0,0.12371410440081014,0.0
5371882654157606912,30.0,nearterm_1e-10,0.0,0.5810532512951634,0.0
6775009922429158272,30.0,nearterm_1e-10,0.0,0.1665220804781532,0.0
665668979685323648,30.0,nearterm_1e-10,0.0,0.43724089941151906,0.0
1832230956847006592,30.0,nearterm_1e-10,0.0,1.1306784987938971,0.0
6284599664533612544,30.0,nearterm_1e-10,0.0,0.3043265864639176,0.0
4641784775576833536,30.0,nearterm_1e-10,0.0,0.44470374474756896,0.0
4268847611328000256,30.0,nearterm_1e-10,0.3115,11.266503136337692,0.7065
4278176623883730176,30.0,nearterm_1e-10,0.0,0.09192165837198095,0.0
3267929947104804096,30.0,goal_1e-11,0.0,0.1184891272595609,0.0
5642877846246495360,30.0,goal_1e-11,0.0,0.11173626742756321,0.0
6603465041679231872,30.0,goal_1e-11,0.0,0.5622503610643528,0.0
2046526391572691328,30.0,goal_1e-11,0.0,0.19479630130765313,0.0
1016789806037687424,30.0,goal_1e-11,0.0,0.5119224459006468,0.0
5679711000438989312,30.0,goal_1e-11,0.0,0.0519670440458844,0.0
2995683893041962368,30.0,goal_1e-11,0.0,0.18504168863582154,0.0
5953737099445742848,30.0,goal_1e-11,0.0,0.12977151016491945,0.0
4615401513032729088,30.0,goal_1e-11,0.0,0.1786998195175917,0.0
3004510772390701696,30.0,goal_1e-11,0.0,0.24534044771999458,0.0
4069792782145982080,30.0,goal_1e-11,0.0,0.31044174707727507,0.0
5814108395520777856,30.0,goal_1e-11,0.0,0.27152659305351357,0.0
5962272505153840896,30.0,goal_1e-11,0.0,0.4212096401897037,0.0
2149291627370030336,30.0,goal_1e-11,0.0,0.10965960675256997,0.0
1323478680316848256,30.0,goal_1e-11,0.0,0.1886760017267518,0.0
5260504054704228736,30.0,goal_1e-11,0.0,0.43131419052397874,0.0
5841541455445538432,30.0,goal_1e-11,0.0,0.1453542451897268,0.0
3867940039451965952,30.0,goal_1e-11,0.0,0.32840813274995023,0.0
87878642944408960,30.0,goal_1e-11,0.0,0.15895792323030888,0.0
3151482384299373696,30.0,goal_1e-11,0.0,0.6547810472065986,0.0
6181044017297795968,30.0,goal_1e-11,0.0,1.168547093017572,0.0
803645216387486720,30.0,goal_1e-11,0.0,0.5786811969947812,0.0
5914174364643486592,30.0,goal_1e-11,0.0,0.25607017880596855,0.0
4797122403959920768,30.0,goal_1e-11,0.0,0.3833004168495286,0.0
2575048093288905088,30.0,goal_1e-11,0.0,0.3623134685167007,0.0
4229058961259584256,30.0,goal_1e-11,0.0,0.6697283814731867,0.0
4561522831932945920,30.0,goal_1e-11,0.0,0.46702114245040016,0.0
2208326773198648320,30.0,goal_1e-11,0.0,0.4382231370447721,0.0
6094128791359632256,30.0,goal_1e-11,0.0,0.36368674422318203,0.0
2769623267282593152,30.0,goal_1e-11,0.0,0.3034774231875923,0.0
5660807578058341120,30.0,goal_1e-11,0.0,0.2486557769100123,0.0
296496818102428544,30.0,goal_1e-11,0.0,0.34092903789407525,0.0
158752853233960704,30.0,goal_1e-11,0.0,0.08324860308110106,0.0
2259514678757235200,30.0,goal_1e-11,0.0,0.14246118692784454,0.0
4227855172121285760,30.0,goal_1e-11,0.0,0.3226889320710824,0.0
2196000977264781056,30.0,goal_1e-11,0.0,0.2478145372688215,0.0
1422765267499632640,30.0,goal_1e-11,0.0,0.23478322603153357,0.0
5351303408563334912,30.0,goal_1e-11,0.0,0.2192483486274485,0.0
1364263517961035648,30.0,goal_1e-11,0.0,0.17374284304398369,0.0
5274946414813497344,30.0,goal_1e-11,0.0,0.28629965090652315,0.0
3180960123537829760,30.0,goal_1e-11,0.0,0.4092606494382119,0.0
2757278951454094208,30.0,goal_1e-11,0.0,0.17185082486332812,0.0
2703346703520007168,30.0,goal_1e-11,0.0,0.15999073300672123,0.0
4002529127504102656,30.0,goal_1e-11,0.0,0.6982461189209951,0.0
5421588692928858752,30.0,goal_1e-11,0.0,0.12527149189042674,0.0
6050388913137070848,30.0,goal_1e-11,0.0,0.14504762459709894,0.003
4345060775182367232,30.0,goal_1e-11,0.0,0.1169279376783511,0.0
992946106114748032,30.0,goal_1e-11,0.0,0.32518502728322857,0.0
676792841901784192,30.0,goal_1e-11,0.0,0.2571871851109644,0.0
218953691837608960,30.0,goal_1e-11,0.0,0.2182839063216729,0.0
2482368024800833024,30.0,goal_1e-11,0.0,0.3190284937394785,0.0
4609966833215963392,30.0,goal_1e-11,0.0,0.1945608756004273,0.0
6844037812175117440,30.0,goal_1e-11,0.0,0.23571913157378213,0.0
6441225886185109632,30.0,goal_1e-11,0.0,0.26482325315686805,0.0
1275271417631701504,30.0,goal_1e-11,0.0,0.20192062125210006,0.0
6490173906174556416,30.0,goal_1e-11,0.0,0.19089110629971645,0.0
5940429538445511808,30.0,goal_1e-11,0.0,0.647139550997229,0.0
3793148372312611456,30.0,goal_1e-11,0.0,0.2290233544122535,0.0
3138662151736925568,30.0,goal_1e-11,0.0,0.14675954844882308,0.0
5976199159903812736,30.0,goal_1e-11,0.0,0.11894776669856151,0.0
1504338722359357568,30.0,goal_1e-11,0.0,0.2900060371133322,0.0
1688451325954477184,30.0,goal_1e-11,0.0,0.3791415229018536,0.0
5889045855385067136,30.0,goal_1e-11,0.0,0.13138444537025049,0.0
4081754605352170496,30.0,goal_1e-11,0.0,0.6059707907750959,0.0015
2691146831736184576,30.0,goal_1e-11,0.0,0.21061688755887215,0.0
334398010409366400,30.0,goal_1e-11,0.0,0.24416743086432433,0.0
1383626089525174016,30.0,goal_1e-11,0.0,0.2057499248668165,0.0
3702063519102244480,30.0,goal_1e-11,0.0,0.5620707812479091,0.0
5423016683660491264,30.0,goal_1e-11,0.0,0.1469474196397112,0.0
2804852929801600768,30.0,goal_1e-11,0.0,0.7438167682478996,0.0
3114023912926376448,30.0,goal_1e-11,0.0,0.2137955464034623,0.0
5524591457617244928,30.0,goal_1e-11,0.0,0.17857636104684152,0.0
4060366016201160320,30.0,goal_1e-11,0.0,0.01062691320781801,0.0
6694638847956909696,30.0,goal_1e-11,0.0,0.1856570871782663,0.0
3039556915253606144,30.0,goal_1e-11,0.0,0.40425373479205534,0.0
6237927045205600000,30.0,goal_1e-11,0.0,0.1174424510616615,0.0
1878241773237645184,30.0,goal_1e-11,0.0,0.2007501583046156,0.0
4288946748293342080,30.0,goal_1e-11,0.0,1.6799874890055866,0.0
2337648311488015360,30.0,goal_1e-11,0.0,0.31557295850402606,0.0
4395214100433309184,30.0,goal_1e-11,0.0,0.531399991700364,0.0
2796277112767076864,30.0,goal_1e-11,0.0,0.07833306349442615,0.0
6016504747910034432,30.0,goal_1e-11,0.0,0.1307643117843291,0.0
5166280100090122880,30.0,goal_1e-11,0.0,0.49365146227826995,0.0
1130573557111974912,30.0,goal_1e-11,0.0,0.45223721898198,0.0
164738354017665664,30.0,goal_1e-11,0.0,0.026356144954736812,0.0
1761771910959772032,30.0,goal_1e-11,0.0,0.20357589002801946,0.0
1329848490477856768,30.0,goal_1e-11,0.0,1.771576578807384,0.0005
3311535375672171776,30.0,goal_1e-11,0.0,0.40264630154095127,0.0
6112272348126668800,30.0,goal_1e-11,0.0,0.29572185137292273,0.0
6755038496304470144,30.0,goal_1e-11,0.0,0.2456851227601373,0.0
4283053988756001920,30.0,goal_1e-11,0.0,0.21062692103426378,0.0
2599647119044490496,30.0,goal_1e-11,0.0,0.24373312936974004,0.0
490441735713670528,30.0,goal_1e-11,0.0,0.21208190208661137,0.0
4934043968492272896,30.0,goal_1e-11,0.0,0.3057127801820383,0.0
2621100450623361280,30.0,goal_1e-11,0.0,1.3186848019898985,0.001
1851315420672845056,30.0,goal_1e-11,0.0,0.28530391769028607,0.0
5541455315986463104,30.0,goal_1e-11,0.0,0.13083159722444987,0.0
5976098417137532800,30.0,goal_1e-11,0.0,0.17115874451577134,0.0
28898090451449472,30.0,goal_1e-11,0.0,0.15922103058966733,0.0
6592347918267168128,30.0,goal_1e-11,0.0,0.3386387474085848,0.0
5887064359268864256,30.0,goal_1e-11,0.0,0.05198327674032778,0.0
6518913495153329920,30.0,goal_1e-11,0.0,0.12699152076515374,0.0
4600878063941953280,30.0,goal_1e-11,0.0,0.21109402884912457,0.0
992845122843798016,30.0,goal_1e-11,0.0,0.23786362427854413,0.0
3664521351702250752,30.0,goal_1e-11,0.0,0.7613993644769325,0.0
3711953493050429568,30.0,goal_1e-11,0.0,0.29238890338988655,0.0
5473228871432372992,30.0,goal_1e-11,0.0,0.2230684928852183,0.0
6752384069075512320,30.0,goal_1e-11,0.0,0.1759089502658162,0.0
4115513220094402048,30.0,goal_1e-11,0.0,0.10223142744633738,0.0
4602130957441446400,30.0,goal_1e-11,0.0,0.15449292178031448,0.0
377546664910219776,30.0,goal_1e-11,0.0,0.515770732356839,0.0
4364333977066797056,30.0,goal_1e-11,0.0,0.06296286876088304,0.0
5768315046181771904,30.0,goal_1e-11,0.0,0.15782758099875396,0.0
123580919370477952,30.0,goal_1e-11,0.0,0.15318241496947615,0.0
4366334126156046976,30.0,goal_1e-11,0.0,0.11469979879809498,0.0
4901782819863332608,30.0,goal_1e-11,0.0,0.8093828800850941,0.0015
2151838817854979456,30.0,goal_1e-11,0.0,0.12457167571007988,0.0
1343460895402697600,30.0,goal_1e-11,0.0,0.4640804940539069,0.0005
6136053959995638016,30.0,goal_1e-11,0.0,0.16508269553038696,0.0
2221263218985851520,30.0,goal_1e-11,0.0,1.5897766017504118,0.5125
4162186251740404608,30.0,goal_1e-11,0.0,0.5294528745185225,0.0285
1678399143976755584,30.0,goal_1e-11,0.0,0.44758003533802504,0.0
2704125913666895104,30.0,goal_1e-11,0.0,0.1439566897714858,0.0
5000393997669149952,30.0,goal_1e-11,0.0,0.31099491545516217,0.0
2491206105423269504,30.0,goal_1e-11,0.0,0.5559327604306084,0.0
6274538269849968512,30.0,goal_1e-11,0.0,0.17490060787698855,0.0
707365862223681408,30.0,goal_1e-11,0.0,0.17203711310926362,0.0
4735086373076351744,30.0,goal_1e-11,0.0,0.6653950699593983,0.0
2799316059826451328,30.0,goal_1e-11,0.0,0.3113183678626009,0.0
1875970079134757760,30.0,goal_1e-11,0.0,0.18928624890068999,0.0
1783649894544856960,30.0,goal_1e-11,0.0,0.1803710215032415,0.0
2554116930949289856,30.0,goal_1e-11,0.0,0.2831704948752597,0.0
2753295523906432384,30.0,goal_1e-11,0.0,0.1544242069891966,0.0
886990809110955008,30.0,goal_1e-11,0.0,0.3670787131921106,0.0
919018036639891968,30.0,goal_1e-11,0.0,0.4486731710799088,0.0
2833555985786735232,30.0,goal_1e-11,0.0,0.39571320030807144,0.0005
3023472056569280512,30.0,goal_1e-11,0.0,0.21743064539321993,0.0
868768602903736832,30.0,goal_1e-11,0.0,0.2074780042331285,0.0
5178460008866279808,30.0,goal_1e-11,0.0,0.23624713943877423,0.0
3004697238395042176,30.0,goal_1e-11,0.0,0.627140324492381,0.001
2346247935526578688,30.0,goal_1e-11,0.0,0.20591487061716646,0.0
1933622971340170496,30.0,goal_1e-11,0.0,0.17446860292057645,0.0
1014188567684692224,30.0,goal_1e-11,0.0,0.20849883492796312,0.0
5466445022127902976,30.0,goal_1e-11,0.0,0.2122189149265272,0.0
6681692893110527232,30.0,goal_1e-11,0.0,0.2443906803981797,0.0
5185560414440293632,30.0,goal_1e-11,0.0,0.5493369966905883,0.0
5800349145690204288,30.0,goal_1e-11,0.0,0.17644007481672386,0.0
4105409399796978944,30.0,goal_1e-11,0.0,0.11018477437603418,0.0
4708692944344873216,30.0,goal_1e-11,0.0,0.14681245651884672,0.0
2027994226190382848,30.0,goal_1e-11,0.0,0.16318187772773934,0.0
2511654375999952640,30.0,goal_1e-11,0.0,0.21885111033326263,0.0
5493261389176885632,30.0,goal_1e-11,0.0,0.26164554034498827,0.0
2240388880151078528,30.0,goal_1e-11,0.0,0.18156255360696086,0.0
5658455555185799040,30.0,goal_1e-11,0.0,0.1392520811211639,0.0
5052502602489649664,30.0,goal_1e-11,0.0,0.5174563000519892,0.0
1979258613779627520,30.0,goal_1e-11,0.0,0.21227389719848305,0.0
446639254048922112,30.0,goal_1e-11,0.0,0.11681950138525275,0.0
5601915746720479104,30.0,goal_1e-11,0.0,0.23036318763294567,0.0
4776963682897871616,30.0,goal_1e-11,0.0,0.750512434075729,0.0
3280686721529098368,30.0,goal_1e-11,0.0,0.15424215649319556,0.0
1285339370727734400,30.0,goal_1e-11,0.0,0.2742546199247378,0.0
5511484179500121088,30.0,goal_1e-11,0.0,0.20485647765576537,0.0
519978157091449088,30.0,goal_1e-11,0.0,0.10075731459998423,0.0
3855789469596668544,30.0,goal_1e-11,0.0,0.10707435627788571,0.0
572054498112591744,30.0,goal_1e-11,0.0,0.11807517998894809,0.0
357842591908022912,30.0,goal_1e-11,0.0,0.12689344266802052,0.0
5927844322167316352,30.0,goal_1e-11,0.0,0.10783090529434562,0.0
2281306105868025600,30.0,goal_1e-11,0.0,0.27873556617287965,0.0
6342743866636102528,30.0,goal_1e-11,0.0,0.12664314620808687,0.0
1690963263347609088,30.0,goal_1e-11,0.0,0.2629911390515298,0.0
1230823728796492672,30.0,goal_1e-11,0.0,0.2175540002519931,0.0
6411524297547089024,30.0,goal_1e-11,0.0,0.17145833966352708,0.0
2935813011016890752,30.0,goal_1e-11,0.0,0.16985063902704545,0.0
1510354597152530176,30.0,goal_1e-11,0.0,0.2791907361247191,0.0
263711679169833728,30.0,goal_1e-11,0.0,0.14812830334215615,0.0
2203996935067479424,30.0,goal_1e-11,0.0,0.4628073737842924,0.0
4637390027600793344,30.0,goal_1e-11,0.0,0.20349478965855086,0.0
3326809997366173568,30.0,goal_1e-11,0.0,0.26848691773536704,0.0
359891153870510208,30.0,goal_1e-11,0.0,0.7487703518342165,0.002
3194157939562713472,30.0,goal_1e-11,0.0,0.2278958969502194,0.0
5654914887224650240,30.0,goal_1e-11,0.0,0.21355648423172813,0.0
132596261882440320,30.0,goal_1e-11,0.0,0.20919056130312055,0.0
4262558915898078720,30.0,goal_1e-11,0.0,0.1713117906643526,0.0
6149021149160162176,30.0,goal_1e-11,0.0,0.12554941050875404,0.0
2811411825899219200,30.0,goal_1e-11,0.0,0.7580287283203465,0.0315
1900800964403932800,30.0,goal_1e-11,0.0,0.12904469364500698,0.0
6009934130839583488,30.0,goal_1e-11,0.0,0.08965379363731793,0.0
6872322302128569344,30.0,goal_1e-11,0.0,0.1540316877281096,0.0
4548634356637185792,30.0,goal_1e-11,0.0,0.3202299908873953,0.0
6527091903161249152,30.0,goal_1e-11,0.0,0.15402044386204938,0.0
2639759162947729408,30.0,goal_1e-11,0.0,0.14280881814335944,0.0
4100927786033595648,30.0,goal_1e-11,0.0,0.12382649403302232,0.0
5371882654157606912,30.0,goal_1e-11,0.0,0.5823133756237822,0.0
6775009922429158272,30.0,goal_1e-11,0.0,0.1667001133540024,0.0
665668979685323648,30.0,goal_1e-11,0.0,0.438373692246207,0.0
1832230956847006592,30.0,goal_1e-11,0.0,1.1324262158543945,0.0
6284599664533612544,30.0,goal_1e-11,0.0,0.3046420631049689,0.0
4641784775576833536,30.0,goal_1e-11,0.0,0.44515836420737603,0.0
4268847611328000256,30.0,goal_1e-11,0.322,11.612047852790896,0.7065
4278176623883730176,30.0,goal_1e-11,0.0,0.09193282991052484,0.0
3267929947104804096,100.0,current_1e-9,0.0,1.2126813387160036,0.001
5642877846246495360,100.0,current_1e-9,0.0,1.1626929742825296,0.0
6603465041679231872,100.0,current_1e-9,0.0,2.755816654233433,0.6765
2046526391572691328,100.0,current_1e-9,0.0,1.7103344814870483,0.0585
1016789806037687424,100.0,current_1e-9,0.0,3.0327514855876068,0.487
5679711000438989312,100.0,current_1e-9,0.0,0.5519060700760289,0.016
2995683893041962368,100.0,current_1e-9,0.0,1.7431685932084642,0.0135
5953737099445742848,100.0,current_1e-9,0.0,1.2333333934950637,0.0875
4615401513032729088,100.0,current_1e-9,0.0,1.7692658149790534,0.0115
3004510772390701696,100.0,current_1e-9,0.0,2.2349829041336124,0.0185
4069792782145982080,100.0,current_1e-9,0.0,2.7362843417289597,0.1455
5814108395520777856,100.0,current_1e-9,0.0,2.3933290857043668,0.054
5962272505153840896,100.0,current_1e-9,0.0,2.7861746375251824,0.4095
2149291627370030336,100.0,current_1e-9,0.0,1.1239247809812971,0.0
1323478680316848256,100.0,current_1e-9,0.0,1.31323569713598,0.4315
5260504054704228736,100.0,current_1e-9,0.0,3.2592610394810015,0.288
5841541455445538432,100.0,current_1e-9,0.0,1.3136115335707381,0.181
3867940039451965952,100.0,current_1e-9,0.0,2.8659633088366756,0.041
87878642944408960,100.0,current_1e-9,0.0,1.5840717106177336,0.0045
3151482384299373696,100.0,current_1e-9,0.0,3.2385433757283186,0.6325
6181044017297795968,100.0,current_1e-9,0.028,5.24286087274933,0.6985
803645216387486720,100.0,current_1e-9,0.0,4.274534430599771,0.1905
5914174364643486592,100.0,current_1e-9,0.0,1.822210482070007,0.47
4797122403959920768,100.0,current_1e-9,0.0,3.0030604230759996,0.2315
2575048093288905088,100.0,current_1e-9,0.0,3.165520766843309,0.0775
4229058961259584256,100.0,current_1e-9,0.0,3.219119549411649,0.683
4561522831932945920,100.0,current_1e-9,0.0,3.246171102350451,0.378
2208326773198648320,100.0,current_1e-9,0.0,2.7314554259311254,0.4915
6094128791359632256,100.0,current_1e-9,0.0,2.723966042340899,0.4605
2769623267282593152,100.0,current_1e-9,0.0,1.7953118890406112,0.565
5660807578058341120,100.0,current_1e-9,0.0,2.208780096913174,0.034
296496818102428544,100.0,current_1e-9,0.0,2.623776283019938,0.169
158752853233960704,100.0,current_1e-9,0.0,0.8705112201281651,0.005
2259514678757235200,100.0,current_1e-9,0.0,1.421706043039701,0.0015
4227855172121285760,100.0,current_1e-9,0.0,2.8547373185563236,0.122
2196000977264781056,100.0,current_1e-9,0.0,2.2826449951288175,0.0225
1422765267499632640,100.0,current_1e-9,0.0,2.025018515957351,0.0575
5351303408563334912,100.0,current_1e-9,0.0,2.045165399921463,0.617
1364263517961035648,100.0,current_1e-9,0.0,1.7099787287333688,0.004
5274946414813497344,100.0,current_1e-9,0.0,2.6855611926304266,0.024
3180960123537829760,100.0,current_1e-9,0.0,2.741682658433426,0.4165
2757278951454094208,100.0,current_1e-9,0.0,1.685606209416156,0.005
2703346703520007168,100.0,current_1e-9,0.0,1.5529638201702118,0.006
4002529127504102656,100.0,current_1e-9,0.0,3.803284262994202,0.559
5421588692928858752,100.0,current_1e-9,0.0,1.2769475427047683,0.0005
6050388913137070848,100.0,current_1e-9,0.0,1.277244518576479,0.81
4345060775182367232,100.0,current_1e-9,0.0,1.1870719873398694,0.0025
992946106114748032,100.0,current_1e-9,0.0,2.9953595350296234,0.007
676792841901784192,100.0,current_1e-9,0.0,1.6522292496724458,0.5205
218953691837608960,100.0,current_1e-9,0.0,1.7445473867041308,0.284
2482368024800833024,100.0,current_1e-9,0.0,2.216941029323358,0.362
4609966833215963392,100.0,current_1e-9,0.0,1.9337926738664533,0.0
6844037812175117440,100.0,current_1e-9,0.0,1.2451332387687413,0.685
6441225886185109632,100.0,current_1e-9,0.0,2.0237527130427257,0.155
1275271417631701504,100.0,current_1e-9,0.0,1.9396063457803217,0.007
6490173906174556416,100.0,current_1e-9,0.0,1.783876476775088,0.01
5940429538445511808,100.0,current_1e-9,0.0,4.566902893392644,0.2815
3793148372312611456,100.0,current_1e-9,0.0,2.205562806068543,0.002
3138662151736925568,100.0,current_1e-9,0.0,1.4759425111313407,0.0005
5976199159903812736,100.0,current_1e-9,0.0,1.0813070012345656,0.196
1504338722359357568,100.0,current_1e-9,0.0,1.8807302741381087,0.4475
1688451325954477184,100.0,current_1e-9,0.0,3.1605085383234806,0.04
5889045855385067136,100.0,current_1e-9,0.0,1.335353066801462,0.004
4081754605352170496,100.0,current_1e-9,0.0,2.2519711912832006,0.8185
2691146831736184576,100.0,current_1e-9,0.0,2.0589611748862517,0.0055
334398010409366400,100.0,current_1e-9,0.0,1.5860283688831842,0.5105
1383626089525174016,100.0,current_1e-9,0.0,1.8214424908051556,0.037
3702063519102244480,100.0,current_1e-9,0.0,3.328703506024005,0.491
5423016683660491264,100.0,current_1e-9,0.0,1.4711671895164007,0.0
2804852929801600768,100.0,current_1e-9,0.0,5.478062484529488,0.2915
3114023912926376448,100.0,current_1e-9,0.0,1.3582300795316173,0.542
5524591457617244928,100.0,current_1e-9,0.0,1.7528535781300365,0.0
4060366016201160320,100.0,current_1e-9,0.0,0.11712477518628495,0.0195
6694638847956909696,100.0,current_1e-9,0.0,1.3649146999834039,0.358
3039556915253606144,100.0,current_1e-9,0.0,3.052117183190866,0.2395
6237927045205600000,100.0,current_1e-9,0.0,1.0910049390847059,0.32
1878241773237645184,100.0,current_1e-9,0.0,1.9150451945674658,0.0115
4288946748293342080,100.0,current_1e-9,0.1155,6.6707444652632635,0.737
2337648311488015360,100.0,current_1e-9,0.0,2.758762035119916,0.0215
4395214100433309184,100.0,current_1e-9,0.0,3.2731799945076,0.6715
2796277112767076864,100.0,current_1e-9,0.0,0.8239925033657889,0.018
6016504747910034432,100.0,current_1e-9,0.0,1.3524663581442051,0.0
5166280100090122880,100.0,current_1e-9,0.0,3.0028566899880564,0.458
1130573557111974912,100.0,current_1e-9,0.0,3.255558808484839,0.262
164738354017665664,100.0,current_1e-9,0.0,0.287345423430155,0.0
1761771910959772032,100.0,current_1e-9,0.0,1.9928094225675386,0.0005
1329848490477856768,100.0,current_1e-9,0.1825,7.80326066628004,0.775
3311535375672171776,100.0,current_1e-9,0.0,2.9879298012937623,0.4435
6112272348126668800,100.0,current_1e-9,0.0,2.548192590910119,0.053
6755038496304470144,100.0,current_1e-9,0.0,2.1794722952131615,0.04
4283053988756001920,100.0,current_1e-9,0.0,1.7115594424534375,0.1905
2599647119044490496,100.0,current_1e-9,0.0,2.2543797029334507,0.0215
490441735713670528,100.0,current_1e-9,0.0,1.6610402188082753,0.2535
4934043968492272896,100.0,current_1e-9,0.0,1.581597827680042,0.6845
2621100450623361280,100.0,current_1e-9,0.0335,4.648019739799411,0.7875
1851315420672845056,100.0,current_1e-9,0.0,2.6593079134471544,0.0155
5541455315986463104,100.0,current_1e-9,0.0,1.328695253549203,0.001
5976098417137532800,100.0,current_1e-9,0.0,1.635279702076471,0.061
28898090451449472,100.0,current_1e-9,0.0,1.5690092616272253,0.004
6592347918267168128,100.0,current_1e-9,0.0,2.758155708538653,0.093
5887064359268864256,100.0,current_1e-9,0.0,0.5536866852628689,0.1
6518913495153329920,100.0,current_1e-9,0.0,1.293823080291053,0.0
4600878063941953280,100.0,current_1e-9,0.0,2.0789173534986047,0.0
992845122843798016,100.0,current_1e-9,0.0,2.2229680003272616,0.03
3664521351702250752,100.0,current_1e-9,0.0,4.300864207666748,0.4845
3711953493050429568,100.0,current_1e-9,0.0,2.753353179286346,0.0115
5473228871432372992,100.0,current_1e-9,0.0,2.170800295432887,0.001
6752384069075512320,100.0,current_1e-9,0.0,1.6806913154860337,0.0055
4115513220094402048,100.0,current_1e-9,0.0,1.0619486245299559,0.0
4602130957441446400,100.0,current_1e-9,0.0,1.551563846610821,0.0
377546664910219776,100.0,current_1e-9,0.0,4.215018411932473,0.2025
4364333977066797056,100.0,current_1e-9,0.0,0.6725170530310723,0.0
5768315046181771904,100.0,current_1e-9,0.0,1.462675783584546,0.0605
123580919370477952,100.0,current_1e-9,0.0,1.5461067675092302,0.002
4366334126156046976,100.0,current_1e-9,0.0,1.1011526966348455,0.1765
4901782819863332608,100.0,current_1e-9,0.0,3.116447446751522,0.7685
2151838817854979456,100.0,current_1e-9,0.0,1.2788196990145702,0.0
1343460895402697600,100.0,current_1e-9,0.0,1.9155373571499255,0.779
6136053959995638016,100.0,current_1e-9,0.0,1.6295476758199192,0.0025
2221263218985851520,100.0,current_1e-9,0.0075,2.030574258304016,0.9625
4162186251740404608,100.0,current_1e-9,0.0,1.775047830473594,0.897
1678399143976755584,100.0,current_1e-9,0.0,3.68094086165236,0.0915
2704125913666895104,100.0,current_1e-9,0.0,1.4459623011032772,0.0015
5000393997669149952,100.0,current_1e-9,0.0,2.7302379771441583,0.0445
2491206105423269504,100.0,current_1e-9,0.0,4.327856042018818,0.251
6274538269849968512,100.0,current_1e-9,0.0,1.4251306854116843,0.2555
707365862223681408,100.0,current_1e-9,0.0,1.611289254388458,0.075
4735086373076351744,100.0,current_1e-9,0.0,2.992474924051896,0.712
2799316059826451328,100.0,current_1e-9,0.0,2.5984345771422577,0.0955
1875970079134757760,100.0,current_1e-9,0.0,1.7247031535022332,0.0295
1783649894544856960,100.0,current_1e-9,0.0,1.7803354413199683,0.0015
2554116930949289856,100.0,current_1e-9,0.0,2.6819783848236805,0.004
2753295523906432384,100.0,current_1e-9,0.0,1.4868792860489057,0.007
886990809110955008,100.0,current_1e-9,0.0,1.7100955176005823,0.739
919018036639891968,100.0,current_1e-9,0.0,3.44511557433646,0.18
2833555985786735232,100.0,current_1e-9,0.0,1.9647651734511609,0.7095
3023472056569280512,100.0,current_1e-9,0.0,1.641279059980608,0.2885
868768602903736832,100.0,current_1e-9,0.0,1.8579537740128163,0.0335
5178460008866279808,100.0,current_1e-9,0.0,2.2236463432205356,0.0245
3004697238395042176,100.0,current_1e-9,0.0,2.266439957992255,0.787
2346247935526578688,100.0,current_1e-9,0.0,1.4817120111081987,0.647
1933622971340170496,100.0,current_1e-9,0.0,1.7332043273099362,0.004
1014188567684692224,100.0,current_1e-9,0.0,1.7967633857763692,0.06
5466445022127902976,100.0,current_1e-9,0.0,1.9599727336509136,0.0835
6681692893110527232,100.0,current_1e-9,0.0,2.231944104485098,0.0175
5185560414440293632,100.0,current_1e-9,0.0,4.3014757699030906,0.245
5800349145690204288,100.0,current_1e-9,0.0,1.6009889977709912,0.1135
4105409399796978944,100.0,current_1e-9,0.0,1.140135033158584,0.001
4708692944344873216,100.0,current_1e-9,0.0,1.475055126921046,0.0085
2027994226190382848,100.0,current_1e-9,0.0,1.5961426933042835,0.002
2511654375999952640,100.0,current_1e-9,0.0,2.111825265794055,0.005
5493261389176885632,100.0,current_1e-9,0.0,2.4339207775082325,0.0265
2240388880151078528,100.0,current_1e-9,0.0,1.2253715684157795,0.483
5658455555185799040,100.0,current_1e-9,0.0,1.3283463741137809,0.047
5052502602489649664,100.0,current_1e-9,0.0,3.89407496240285,0.285
1979258613779627520,100.0,current_1e-9,0.0,1.6753624808058654,0.228
446639254048922112,100.0,current_1e-9,0.0,1.187343913860966,0.0105
5601915746720479104,100.0,current_1e-9,0.0,2.107814419648428,0.031
4776963682897871616,100.0,current_1e-9,0.012,4.934615666564159,0.6605
3280686721529098368,100.0,current_1e-9,0.0,1.4521723997702083,0.031
1285339370727734400,100.0,current_1e-9,0.0,2.6150084135361884,0.013
5511484179500121088,100.0,current_1e-9,0.0,2.013665609627972,0.003
519978157091449088,100.0,current_1e-9,0.0,1.0410049661223078,0.0
3855789469596668544,100.0,current_1e-9,0.0,1.1107519989722419,0.0
572054498112591744,100.0,current_1e-9,0.0,1.212788308285736,0.0
357842591908022912,100.0,current_1e-9,0.0,1.289332030521493,0.0
5927844322167316352,100.0,current_1e-9,0.0,1.1253397556045492,0.0
2281306105868025600,100.0,current_1e-9,0.0,2.626341195336903,0.008
6342743866636102528,100.0,current_1e-9,0.0,1.2712661244690546,0.0
1690963263347609088,100.0,current_1e-9,0.0,2.250089622827124,0.049
1230823728796492672,100.0,current_1e-9,0.0,2.0255156913794043,0.0085
6411524297547089024,100.0,current_1e-9,0.0,1.4240781964363396,0.1585
2935813011016890752,100.0,current_1e-9,0.0,1.6855174084780007,0.0005
1510354597152530176,100.0,current_1e-9,0.0,2.4260474082131185,0.1115
263711679169833728,100.0,current_1e-9,0.0,1.1137243142710755,0.4335
2203996935067479424,100.0,current_1e-9,0.0,4.042747721304654,0.072
4637390027600793344,100.0,current_1e-9,0.0,1.7194240733819766,0.1145
3326809997366173568,100.0,current_1e-9,0.0,2.2125324495603875,0.1045
359891153870510208,100.0,current_1e-9,0.0,2.551646229770193,0.7935
3194157939562713472,100.0,current_1e-9,0.0,1.9522356855843204,0.095
5654914887224650240,100.0,current_1e-9,0.0,1.8774928518090697,0.199
132596261882440320,100.0,current_1e-9,0.0,1.913602778934348,0.034
4262558915898078720,100.0,current_1e-9,0.0,1.3634405083776768,0.3085
6149021149160162176,100.0,current_1e-9,0.0,1.2745681674139941,0.001
2811411825899219200,100.0,current_1e-9,0.0005,1.9543366970232865,0.89
1900800964403932800,100.0,current_1e-9,0.0,1.308618538665089,0.0
6009934130839583488,100.0,current_1e-9,0.0,0.8361989928151276,0.3175
6872322302128569344,100.0,current_1e-9,0.0,1.474262510505401,0.051
4548634356637185792,100.0,current_1e-9,0.0,2.4280299181436593,0.223
6527091903161249152,100.0,current_1e-9,0.0,1.5229082048841378,0.001
2639759162947729408,100.0,current_1e-9,0.0,1.4534617244539199,0.0
4100927786033595648,100.0,current_1e-9,0.0,0.9907732779906493,0.4555
5371882654157606912,100.0,current_1e-9,0.0,3.1850252266556573,0.5745
6775009922429158272,100.0,current_1e-9,0.0,1.2490639593073873,0.3835
665668979685323648,100.0,current_1e-9,0.0,1.980221020005918,0.7365
1832230956847006592,100.0,current_1e-9,0.041,7.114425269612274,0.534
6284599664533612544,100.0,current_1e-9,0.0,2.376942312770678,0.244
4641784775576833536,100.0,current_1e-9,0.0,3.47581643528814,0.1745
4268847611328000256,100.0,current_1e-9,0.2825,7.830001415645775,0.9825
4278176623883730176,100.0,current_1e-9,0.0,0.9537319082059136,0.0
3267929947104804096,100.0,nearterm_1e-10,0.0,1.246692473618511,0.001
5642877846246495360,100.0,nearterm_1e-10,0.0,1.1822384182378511,0.0
6603465041679231872,100.0,nearterm_1e-10,0.0265,5.172830364971908,0.6765
2046526391572691328,100.0,nearterm_1e-10,0.0,1.9921226657493272,0.0585
1016789806037687424,100.0,nearterm_1e-10,0.0,4.783703341391583,0.487
5679711000438989312,100.0,nearterm_1e-10,0.0,0.563199628655168,0.016
2995683893041962368,100.0,nearterm_1e-10,0.0,1.9035205788047433,0.0135
5953737099445742848,100.0,nearterm_1e-10,0.0,1.3659474302221406,0.0875
4615401513032729088,100.0,nearterm_1e-10,0.0,1.8471318594805002,0.0115
3004510772390701696,100.0,nearterm_1e-10,0.0,2.461259697213508,0.0185
4069792782145982080,100.0,nearterm_1e-10,0.0,3.047162782283703,0.1455
5814108395520777856,100.0,nearterm_1e-10,0.0,2.727789883081389,0.054
5962272505153840896,100.0,nearterm_1e-10,0.0,4.003811604595897,0.4095
2149291627370030336,100.0,nearterm_1e-10,0.0,1.1493857817564137,0.0
1323478680316848256,100.0,nearterm_1e-10,0.0,1.9472445441448294,0.4315
5260504054704228736,100.0,nearterm_1e-10,0.0,4.101437543334568,0.288
5841541455445538432,100.0,nearterm_1e-10,0.0,1.5228147735755952,0.181
3867940039451965952,100.0,nearterm_1e-10,0.0,3.198656324750983,0.041
87878642944408960,100.0,nearterm_1e-10,0.0,1.6467220359549437,0.0045
3151482384299373696,100.0,nearterm_1e-10,0.0215,5.833148153847693,0.6325
6181044017297795968,100.0,nearterm_1e-10,0.236,9.421253399203666,0.6985
803645216387486720,100.0,nearterm_1e-10,0.0,5.281550199019973,0.1905
5914174364643486592,100.0,nearterm_1e-10,0.0,2.5729254947907383,0.47
4797122403959920768,100.0,nearterm_1e-10,0.0,3.666441947395628,0.2315
2575048093288905088,100.0,nearterm_1e-10,0.0,3.474801072947666,0.0775
4229058961259584256,100.0,nearterm_1e-10,0.054,6.014078734655712,0.683
4561522831932945920,100.0,nearterm_1e-10,0.0,4.396061624163099,0.378
2208326773198648320,100.0,nearterm_1e-10,0.0,4.164156802768903,0.4915
6094128791359632256,100.0,nearterm_1e-10,0.0,3.5295646265282867,0.4605
2769623267282593152,100.0,nearterm_1e-10,0.0,3.006223692110817,0.565
5660807578058341120,100.0,nearterm_1e-10,0.0,2.5013799359087874,0.034
296496818102428544,100.0,nearterm_1e-10,0.0,3.350424432495448,0.169
158752853233960704,100.0,nearterm_1e-10,0.0,0.8831091912590685,0.005
2259514678757235200,100.0,nearterm_1e-10,0.0,1.4856832512775224,0.0015
4227855172121285760,100.0,nearterm_1e-10,0.0,3.1726864722830372,0.122
2196000977264781056,100.0,nearterm_1e-10,0.0,2.488121390165299,0.0225
1422765267499632640,100.0,nearterm_1e-10,0.0,2.3718418231740075,0.0575
5351303408563334912,100.0,nearterm_1e-10,0.0,2.2302704470680523,0.617
1364263517961035648,100.0,nearterm_1e-10,0.0,1.7968102316765397,0.004
5274946414813497344,100.0,nearterm_1e-10,0.0,2.8126910178755686,0.024
3180960123537829760,100.0,nearterm_1e-10,0.0,3.9086812356823812,0.4165
2757278951454094208,100.0,nearterm_1e-10,0.0,1.7504507625113925,0.005
2703346703520007168,100.0,nearterm_1e-10,0.0,1.6603583915683244,0.006
4002529127504102656,100.0,nearterm_1e-10,0.0165,6.185855182219773,0.559
5421588692928858752,100.0,nearterm_1e-10,0.0,1.318466851190351,0.0005
6050388913137070848,100.0,nearterm_1e-10,0.0,1.5221853246630048,0.81
4345060775182367232,100.0,nearterm_1e-10,0.0,1.2308515041758252,0.0025
992946106114748032,100.0,nearterm_1e-10,0.0,3.1302314881111264,0.007
676792841901784192,100.0,nearterm_1e-10,0.0,2.600930768681409,0.5205
218953691837608960,100.0,nearterm_1e-10,0.0,2.2247367228401136,0.284
2482368024800833024,100.0,nearterm_1e-10,0.0,3.14504771965435,0.362
4609966833215963392,100.0,nearterm_1e-10,0.0,1.9786057907998127,0.0
6844037812175117440,100.0,nearterm_1e-10,0.0,2.389827198524294,0.685
6441225886185109632,100.0,nearterm_1e-10,0.0,2.6088336367564553,0.155
1275271417631701504,100.0,nearterm_1e-10,0.0,2.0602116994142405,0.007
6490173906174556416,100.0,nearterm_1e-10,0.0,1.9539230941606627,0.01
5940429538445511808,100.0,nearterm_1e-10,0.0,5.814450641955553,0.2815
3793148372312611456,100.0,nearterm_1e-10,0.0,2.3081251269459098,0.002
3138662151736925568,100.0,nearterm_1e-10,0.0,1.524375440403447,0.0005
5976199159903812736,100.0,nearterm_1e-10,0.0,1.2491819891116192,0.196
1504338722359357568,100.0,nearterm_1e-10,0.0,2.8804494809946237,0.4475
1688451325954477184,100.0,nearterm_1e-10,0.0,3.662018820688932,0.04
5889045855385067136,100.0,nearterm_1e-10,0.0,1.3760263893779279,0.004
4081754605352170496,100.0,nearterm_1e-10,0.082,5.458084842863824,0.8185
2691146831736184576,100.0,nearterm_1e-10,0.0,2.148182177835379,0.0055
334398010409366400,100.0,nearterm_1e-10,0.0,2.4803307598884756,0.5105
1383626089525174016,100.0,nearterm_1e-10,0.0,2.091771780018502,0.037
3702063519102244480,100.0,nearterm_1e-10,0.0,5.157407752921658,0.491
5423016683660491264,100.0,nearterm_1e-10,0.0,1.5247221431359024,0.0
2804852929801600768,100.0,nearterm_1e-10,0.0,6.397962509625092,0.2915
3114023912926376448,100.0,nearterm_1e-10,0.0,2.193131056659752,0.542
5524591457617244928,100.0,nearterm_1e-10,0.0,1.8174490576911064,0.0
4060366016201160320,100.0,nearterm_1e-10,0.0,0.11741002059885107,0.0195
6694638847956909696,100.0,nearterm_1e-10,0.0,1.9235806591659803,0.358
3039556915253606144,100.0,nearterm_1e-10,0.0,3.8569918601562008,0.2395
6237927045205600000,100.0,nearterm_1e-10,0.0,1.2273205708265864,0.32
1878241773237645184,100.0,nearterm_1e-10,0.0,2.0320319443059174,0.0115
4288946748293342080,100.0,nearterm_1e-10,0.3825,12.537047614523264,0.737
2337648311488015360,100.0,nearterm_1e-10,0.0,3.04910790135396,0.0215
4395214100433309184,100.0,nearterm_1e-10,0.0095,4.917495841611804,0.6715
2796277112767076864,100.0,nearterm_1e-10,0.0,0.8386007140385702,0.018
6016504747910034432,100.0,nearterm_1e-10,0.0,1.3711036733364017,0.0
5166280100090122880,100.0,nearterm_1e-10,0.0,4.640869546261674,0.458
1130573557111974912,100.0,nearterm_1e-10,0.0,4.264483043509828,0.262
164738354017665664,100.0,nearterm_1e-10,0.0,0.2884584378921102,0.0
1761771910959772032,100.0,nearterm_1e-10,0.0,2.053100868128608,0.0005
1329848490477856768,100.0,nearterm_1e-10,0.4235,13.02827130103387,0.775
3311535375672171776,100.0,nearterm_1e-10,0.0,3.7720385568902928,0.4435
6112272348126668800,100.0,nearterm_1e-10,0.0,2.9156596605750575,0.053
6755038496304470144,100.0,nearterm_1e-10,0.0,2.4645416929057116,0.04
4283053988756001920,100.0,nearterm_1e-10,0.0,2.14033169404643,0.1905
2599647119044490496,100.0,nearterm_1e-10,0.0,2.4535110689452004,0.0215
490441735713670528,100.0,nearterm_1e-10,0.0,2.1709745897069053,0.2535
4934043968492272896,100.0,nearterm_1e-10,0.0,3.021252656743647,0.6845
2621100450623361280,100.0,nearterm_1e-10,0.313,10.31205169324061,0.7875
1851315420672845056,100.0,nearterm_1e-10,0.0,2.8237365229472524,0.0155
5541455315986463104,100.0,nearterm_1e-10,0.0,1.3646264590862598,0.001
5976098417137532800,100.0,nearterm_1e-10,0.0,1.7704506385946706,0.061
28898090451449472,100.0,nearterm_1e-10,0.0,1.638899873271256,0.004
6592347918267168128,100.0,nearterm_1e-10,0.0,3.3094511766186923,0.093
5887064359268864256,100.0,nearterm_1e-10,0.0,0.5638241104038766,0.1
6518913495153329920,100.0,nearterm_1e-10,0.0,1.3275009491474992,0.0
4600878063941953280,100.0,nearterm_1e-10,0.0,2.1438424318640013,0.0
992845122843798016,100.0,nearterm_1e-10,0.0,2.3832313290080527,0.03
3664521351702250752,100.0,nearterm_1e-10,0.0095,6.574231143954039,0.4845
3711953493050429568,100.0,nearterm_1e-10,0.0,2.882259694267182,0.0115
5473228871432372992,100.0,nearterm_1e-10,0.0,2.254100272620971,0.001
6752384069075512320,100.0,nearterm_1e-10,0.0,1.8067549463131443,0.0055
4115513220094402048,100.0,nearterm_1e-10,0.0,1.0827891331670965,0.0
4602130957441446400,100.0,nearterm_1e-10,0.0,1.6025023477897298,0.0
377546664910219776,100.0,nearterm_1e-10,0.0,4.725846173202189,0.2025
4364333977066797056,100.0,nearterm_1e-10,0.0,0.6774679672808033,0.0
5768315046181771904,100.0,nearterm_1e-10,0.0,1.6495640341067783,0.0605
123580919370477952,100.0,nearterm_1e-10,0.0,1.596191088346259,0.002
4366334126156046976,100.0,nearterm_1e-10,0.0,1.2133461284618894,0.1765
4901782819863332608,100.0,nearterm_1e-10,0.145,6.930595341986402,0.7685
2151838817854979456,100.0,nearterm_1e-10,0.0,1.3000811482573673,0.0
1343460895402697600,100.0,nearterm_1e-10,0.02,4.389282635524209,0.779
6136053959995638016,100.0,nearterm_1e-10,0.0,1.69926180997348,0.0025
2221263218985851520,100.0,nearterm_1e-10,0.4045,10.570461579682233,0.9625
4162186251740404608,100.0,nearterm_1e-10,0.0775,4.856527165568185,0.897
1678399143976755584,100.0,nearterm_1e-10,0.0,4.248835968871541,0.0915
2704125913666895104,100.0,nearterm_1e-10,0.0,1.48945356610494,0.0015
5000393997669149952,100.0,nearterm_1e-10,0.0,3.0666857902671807,0.0445
2491206105423269504,100.0,nearterm_1e-10,0.0,5.071076297402919,0.251
6274538269849968512,100.0,nearterm_1e-10,0.0,1.81481467438843,0.2555
707365862223681408,100.0,nearterm_1e-10,0.0,1.7683177964557935,0.075
4735086373076351744,100.0,nearterm_1e-10,0.064,5.941140655886888,0.712
2799316059826451328,100.0,nearterm_1e-10,0.0,3.068487725597435,0.0955
1875970079134757760,100.0,nearterm_1e-10,0.0,1.952279644675827,0.0295
1783649894544856960,100.0,nearterm_1e-10,0.0,1.8539749351421435,0.0015
2554116930949289856,100.0,nearterm_1e-10,0.0,2.795812270131396,0.004
2753295523906432384,100.0,nearterm_1e-10,0.0,1.6032747664055356,0.007
886990809110955008,100.0,nearterm_1e-10,0.0,3.5620585259443738,0.739
919018036639891968,100.0,nearterm_1e-10,0.0,4.217564445276489,0.18
2833555985786735232,100.0,nearterm_1e-10,0.0,3.7956328642568087,0.7095
3023472056569280512,100.0,nearterm_1e-10,0.0,2.227190476113339,0.2885
868768602903736832,100.0,nearterm_1e-10,0.0,2.1231164333027945,0.0335
5178460008866279808,100.0,nearterm_1e-10,0.0,2.38649491705867,0.0245
3004697238395042176,100.0,nearterm_1e-10,0.0765,5.607174892210286,0.787
2346247935526578688,100.0,nearterm_1e-10,0.0,2.1169226738070157,0.647
1933622971340170496,100.0,nearterm_1e-10,0.0,1.7946246834907342,0.004
1014188567684692224,100.0,nearterm_1e-10,0.0,2.125279634112132,0.06
5466445022127902976,100.0,nearterm_1e-10,0.0,2.1624036477783304,0.0835
6681692893110527232,100.0,nearterm_1e-10,0.0,2.4067121028587315,0.0175
5185560414440293632,100.0,nearterm_1e-10,0.0,5.023177839235506,0.245
5800349145690204288,100.0,nearterm_1e-10,0.0,1.8223285282004882,0.1135
4105409399796978944,100.0,nearterm_1e-10,0.0,1.1630742463915171,0.001
4708692944344873216,100.0,nearterm_1e-10,0.0,1.5260391057092875,0.0085
2027994226190382848,100.0,nearterm_1e-10,0.0,1.6898863403991982,0.002
2511654375999952640,100.0,nearterm_1e-10,0.0,2.2141418699718085,0.005
5493261389176885632,100.0,nearterm_1e-10,0.0,2.5999946693550853,0.0265
2240388880151078528,100.0,nearterm_1e-10,0.0,1.8537004365132816,0.483
5658455555185799040,100.0,nearterm_1e-10,0.0,1.461915595657309,0.047
5052502602489649664,100.0,nearterm_1e-10,0.0,4.793598733692568,0.285
1979258613779627520,100.0,nearterm_1e-10,0.0,2.1628144489985623,0.228
446639254048922112,100.0,nearterm_1e-10,0.0,1.2290943203489457,0.0105
5601915746720479104,100.0,nearterm_1e-10,0.0,2.3369513308741254,0.031
4776963682897871616,100.0,nearterm_1e-10,0.0855,6.5944921629508775,0.6605
3280686721529098368,100.0,nearterm_1e-10,0.0,1.5984713600737337,0.031
1285339370727734400,100.0,nearterm_1e-10,0.0,2.7090070397550634,0.013
5511484179500121088,100.0,nearterm_1e-10,0.0,2.084924608891652,0.003
519978157091449088,100.0,nearterm_1e-10,0.0,1.064211999522969,0.0
3855789469596668544,100.0,nearterm_1e-10,0.0,1.1261619542888501,0.0
572054498112591744,100.0,nearterm_1e-10,0.0,1.2429459724496579,0.0
357842591908022912,100.0,nearterm_1e-10,0.0,1.3207138531746618,0.0
5927844322167316352,100.0,nearterm_1e-10,0.0,1.140018553329613,0.0
2281306105868025600,100.0,nearterm_1e-10,0.0,2.754287187753781,0.008
6342743866636102528,100.0,nearterm_1e-10,0.0,1.3227157594763599,0.0
1690963263347609088,100.0,nearterm_1e-10,0.0,2.6092794100741554,0.049
1230823728796492672,100.0,nearterm_1e-10,0.0,2.2153524303135796,0.0085
6411524297547089024,100.0,nearterm_1e-10,0.0,1.7694307332547263,0.1585
2935813011016890752,100.0,nearterm_1e-10,0.0,1.75471883715145,0.0005
1510354597152530176,100.0,nearterm_1e-10,0.0,2.7806944571723378,0.1115
263711679169833728,100.0,nearterm_1e-10,0.0,1.5433122018567984,0.4335
2203996935067479424,100.0,nearterm_1e-10,0.0,4.321929524884171,0.072
4637390027600793344,100.0,nearterm_1e-10,0.0,2.086180377014072,0.1145
3326809997366173568,100.0,nearterm_1e-10,0.0,2.6818033532560928,0.1045
359891153870510208,100.0,nearterm_1e-10,0.131,6.502646176393091,0.7935
3194157939562713472,100.0,nearterm_1e-10,0.0,2.2920559105966056,0.095
5654914887224650240,100.0,nearterm_1e-10,0.0,2.1429231581705293,0.199
132596261882440320,100.0,nearterm_1e-10,0.0,2.122743388083366,0.034
4262558915898078720,100.0,nearterm_1e-10,0.0,1.7843740568850868,0.3085
6149021149160162176,100.0,nearterm_1e-10,0.0,1.3187233368007305,0.001
2811411825899219200,100.0,nearterm_1e-10,0.173,6.46052600073392,0.89
1900800964403932800,100.0,nearterm_1e-10,0.0,1.3536558543071564,0.0
6009934130839583488,100.0,nearterm_1e-10,0.0,0.958828381164656,0.3175
6872322302128569344,100.0,nearterm_1e-10,0.0,1.6076079797443026,0.051
4548634356637185792,100.0,nearterm_1e-10,0.0,3.1505599523892784,0.223
6527091903161249152,100.0,nearterm_1e-10,0.0,1.5878500431427702,0.001
2639759162947729408,100.0,nearterm_1e-10,0.0,1.479903021851118,0.0
4100927786033595648,100.0,nearterm_1e-10,0.0,1.312744275119705,0.4555
5371882654157606912,100.0,nearterm_1e-10,0.0,5.346689184920595,0.5745
6775009922429158272,100.0,nearterm_1e-10,0.0,1.728605301162307,0.3835
665668979685323648,100.0,nearterm_1e-10,0.002,4.122799254862354,0.7365
1832230956847006592,100.0,nearterm_1e-10,0.133,9.118475665850989,0.534
6284599664533612544,100.0,nearterm_1e-10,0.0,2.982720660436422,0.244
4641784775576833536,100.0,nearterm_1e-10,0.0,4.198620085765066,0.1745
4268847611328000256,100.0,nearterm_1e-10,0.811,42.21204543948615,0.9825
4278176623883730176,100.0,nearterm_1e-10,0.0,0.9673691616135598,0.0
3267929947104804096,100.0,goal_1e-11,0.0,1.2494531173993852,0.001
5642877846246495360,100.0,goal_1e-11,0.0,1.1839505876987286,0.0
6603465041679231872,100.0,goal_1e-11,0.033,5.334472435010143,0.6765
2046526391572691328,100.0,goal_1e-11,0.0,2.00820453644034,0.0585
1016789806037687424,100.0,goal_1e-11,0.0,4.888022883319661,0.487
5679711000438989312,100.0,goal_1e-11,0.0,0.5641324316279829,0.016
2995683893041962368,100.0,goal_1e-11,0.0,1.913894956468411,0.0135
5953737099445742848,100.0,goal_1e-11,0.0,1.3740128189018341,0.0875
4615401513032729088,100.0,goal_1e-11,0.0,1.8530536807602225,0.0115
3004510772390701696,100.0,goal_1e-11,0.0,2.4758361396384334,0.0185
4069792782145982080,100.0,goal_1e-11,0.0,3.0669318939707875,0.1455
5814108395520777856,100.0,goal_1e-11,0.0,2.7482255442835357,0.054
5962272505153840896,100.0,goal_1e-11,0.0,4.072816018759428,0.4095
2149291627370030336,100.0,goal_1e-11,0.0,1.1515180864012182,0.0
1323478680316848256,100.0,goal_1e-11,0.0,1.980306676162344,0.4315
5260504054704228736,100.0,goal_1e-11,0.0,4.149646307355644,0.288
5841541455445538432,100.0,goal_1e-11,0.0,1.5344817221146103,0.181
3867940039451965952,100.0,goal_1e-11,0.0,3.2197291903867122,0.041
87878642944408960,100.0,goal_1e-11,0.0,1.6515551539341673,0.0045
3151482384299373696,100.0,goal_1e-11,0.0305,6.002305155237278,0.6325
6181044017297795968,100.0,goal_1e-11,0.249,9.698916115996909,0.6985
803645216387486720,100.0,goal_1e-11,0.0,5.3397878198058795,0.1905
5914174364643486592,100.0,goal_1e-11,0.0,2.6133716083511356,0.47
4797122403959920768,100.0,goal_1e-11,0.0,3.70463894302976,0.2315
2575048093288905088,100.0,goal_1e-11,0.0,3.495029358006831,0.0775
4229058961259584256,100.0,goal_1e-11,0.062,6.202304140357846,0.683
4561522831932945920,100.0,goal_1e-11,0.0,4.4610219905306385,0.378
2208326773198648320,100.0,goal_1e-11,0.0,4.24761640668541,0.4915
6094128791359632256,100.0,goal_1e-11,0.0,3.574865163896392,0.4605
2769623267282593152,100.0,goal_1e-11,0.0,3.0768326343941346,0.565
5660807578058341120,100.0,goal_1e-11,0.0,2.519309517527882,0.034
296496818102428544,100.0,goal_1e-11,0.0,3.39123812353121,0.169
158752853233960704,100.0,goal_1e-11,0.0,0.8842244377539081,0.005
2259514678757235200,100.0,goal_1e-11,0.0,1.4904627212859247,0.0015
4227855172121285760,100.0,goal_1e-11,0.0,3.193009636399512,0.122
2196000977264781056,100.0,goal_1e-11,0.0,2.501664208387204,0.0225
1422765267499632640,100.0,goal_1e-11,0.0,2.391825289956547,0.0575
5351303408563334912,100.0,goal_1e-11,0.0,2.2424059337851308,0.617
1364263517961035648,100.0,goal_1e-11,0.0,1.8032093222503753,0.004
5274946414813497344,100.0,goal_1e-11,0.0,2.8222270324260643,0.024
3180960123537829760,100.0,goal_1e-11,0.0,3.9742224211869313,0.4165
2757278951454094208,100.0,goal_1e-11,0.0,1.7554566051556781,0.005
2703346703520007168,100.0,goal_1e-11,0.0,1.6677204272562205,0.006
4002529127504102656,100.0,goal_1e-11,0.0185,6.331267103731092,0.559
5421588692928858752,100.0,goal_1e-11,0.0,1.32176340569285,0.0005
6050388913137070848,100.0,goal_1e-11,0.0,1.535422379861714,0.81
4345060775182367232,100.0,goal_1e-11,0.0,1.2342293910627455,0.0025
992946106114748032,100.0,goal_1e-11,0.0,3.140410617573254,0.007
676792841901784192,100.0,goal_1e-11,0.0,2.6534970091375367,0.5205
218953691837608960,100.0,goal_1e-11,0.0,2.25058836890372,0.284
2482368024800833024,100.0,goal_1e-11,0.0,3.196563971940392,0.362
4609966833215963392,100.0,goal_1e-11,0.0,1.9823859847784915,0.0
6844037812175117440,100.0,goal_1e-11,0.0,2.4606130984844374,0.685
6441225886185109632,100.0,goal_1e-11,0.0,2.6404828765472765,0.155
1275271417631701504,100.0,goal_1e-11,0.0,2.0687605014557158,0.007
6490173906174556416,100.0,goal_1e-11,0.0,1.9648604603210507,0.01
5940429538445511808,100.0,goal_1e-11,0.0,5.885724644804755,0.2815
3793148372312611456,100.0,goal_1e-11,0.0,2.3158368488059815,0.002
3138662151736925568,100.0,goal_1e-11,0.0,1.5282356304905258,0.0005
5976199159903812736,100.0,goal_1e-11,0.0,1.2583632401388882,0.196
1504338722359357568,100.0,goal_1e-11,0.0,2.9362326355573987,0.4475
1688451325954477184,100.0,goal_1e-11,0.0,3.692187219635979,0.04
5889045855385067136,100.0,goal_1e-11,0.0,1.3792913639376674,0.004
4081754605352170496,100.0,goal_1e-11,0.098,5.734399427074025,0.8185
2691146831736184576,100.0,goal_1e-11,0.0,2.154999161782843,0.0055
334398010409366400,100.0,goal_1e-11,0.0,2.5295844150841975,0.5105
1383626089525174016,100.0,goal_1e-11,0.0,2.1075783780449857,0.037
3702063519102244480,100.0,goal_1e-11,0.0,5.265738439356979,0.491
5423016683660491264,100.0,goal_1e-11,0.0,1.5288905637008943,0.0
2804852929801600768,100.0,goal_1e-11,0.0,6.452579346546984,0.2915
3114023912926376448,100.0,goal_1e-11,0.0,2.2386825295453763,0.542
5524591457617244928,100.0,goal_1e-11,0.0,1.8224820783015165,0.0
4060366016201160320,100.0,goal_1e-11,0.0,0.11743780503757421,0.0195
6694638847956909696,100.0,goal_1e-11,0.0,1.9524380496711156,0.358
3039556915253606144,100.0,goal_1e-11,0.0,3.9024745439070814,0.2395
6237927045205600000,100.0,goal_1e-11,0.0,1.2351004148148963,0.32
1878241773237645184,100.0,goal_1e-11,0.0,2.0403537277360075,0.0115
4288946748293342080,100.0,goal_1e-11,0.3975,12.938983350764262,0.737
2337648311488015360,100.0,goal_1e-11,0.0,3.0677480792482665,0.0215
4395214100433309184,100.0,goal_1e-11,0.012,5.013711546646535,0.6715
2796277112767076864,100.0,goal_1e-11,0.0,0.8398638534336876,0.018
6016504747910034432,100.0,goal_1e-11,0.0,1.3727755916850852,0.0
5166280100090122880,100.0,goal_1e-11,0.0,4.7374351689019845,0.458
1130573557111974912,100.0,goal_1e-11,0.0,4.321709575675014,0.262
164738354017665664,100.0,goal_1e-11,0.0,0.2885658181587824,0.0
1761771910959772032,100.0,goal_1e-11,0.0,2.057971807032624,0.0005
1329848490477856768,100.0,goal_1e-11,0.433,13.352576490801846,0.775
3311535375672171776,100.0,goal_1e-11,0.0,3.8162479583750457,0.4435
6112272348126668800,100.0,goal_1e-11,0.0,2.9379651453748856,0.053
6755038496304470144,100.0,goal_1e-11,0.0,2.482045482087601,0.04
4283053988756001920,100.0,goal_1e-11,0.0,2.1635502649883223,0.1905
2599647119044490496,100.0,goal_1e-11,0.0,2.466716376227417,0.0215
490441735713670528,100.0,goal_1e-11,0.0,2.1982861201145836,0.2535
4934043968492272896,100.0,goal_1e-11,0.0,3.1131423523038757,0.6845
2621100450623361280,100.0,goal_1e-11,0.3365,10.772948979851547,0.7875
1851315420672845056,100.0,goal_1e-11,0.0,2.8355098074306677,0.0155
5541455315986463104,100.0,goal_1e-11,0.0,1.3675769659152202,0.001
5976098417137532800,100.0,goal_1e-11,0.0,1.7793762929274577,0.061
28898090451449472,100.0,goal_1e-11,0.0,1.6441514815135427,0.004
6592347918267168128,100.0,goal_1e-11,0.0,3.3415762403595926,0.093
5887064359268864256,100.0,goal_1e-11,0.0,0.5646827239466999,0.1
6518913495153329920,100.0,goal_1e-11,0.0,1.3302730432065486,0.0
4600878063941953280,100.0,goal_1e-11,0.0,2.149082574642832,0.0
992845122843798016,100.0,goal_1e-11,0.0,2.3942821175891633,0.03
3664521351702250752,100.0,goal_1e-11,0.0145,6.708943768851002,0.4845
3711953493050429568,100.0,goal_1e-11,0.0,2.891984122488052,0.0115
5473228871432372992,100.0,goal_1e-11,0.0,2.2605989105052675,0.001
6752384069075512320,100.0,goal_1e-11,0.0,1.8152171503309238,0.0055
4115513220094402048,100.0,goal_1e-11,0.0,1.084572814609311,0.0
4602130957441446400,100.0,goal_1e-11,0.0,1.6065618985659478,0.0
377546664910219776,100.0,goal_1e-11,0.0,4.757958055214816,0.2025
4364333977066797056,100.0,goal_1e-11,0.0,0.6779329070828624,0.0
5768315046181771904,100.0,goal_1e-11,0.0,1.6606801900856576,0.0605
123580919370477952,100.0,goal_1e-11,0.0,1.6001970143802728,0.002
4366334126156046976,100.0,goal_1e-11,0.0,1.2201509447960663,0.1765
4901782819863332608,100.0,goal_1e-11,0.161,7.236681756401601,0.7685
2151838817854979456,100.0,goal_1e-11,0.0,1.301945402875791,0.0
1343460895402697600,100.0,goal_1e-11,0.027,4.5845000985125335,0.779
6136053959995638016,100.0,goal_1e-11,0.0,1.7045612800893104,0.0025
2221263218985851520,100.0,goal_1e-11,0.5085,13.10418705844949,0.9625
4162186251740404608,100.0,goal_1e-11,0.091,5.1555232758514435,0.897
1678399143976755584,100.0,goal_1e-11,0.0,4.283341295930282,0.0915
2704125913666895104,100.0,goal_1e-11,0.0,1.4929571810970335,0.0015
5000393997669149952,100.0,goal_1e-11,0.0,3.0877350053288866,0.0445
2491206105423269504,100.0,goal_1e-11,0.0,5.115487605419311,0.251
6274538269849968512,100.0,goal_1e-11,0.0,1.8353227995086747,0.2555
707365862223681408,100.0,goal_1e-11,0.0,1.778240657214932,0.075
4735086373076351744,100.0,goal_1e-11,0.0715,6.150139866280281,0.712
2799316059826451328,100.0,goal_1e-11,0.0,3.096026032797389,0.0955
1875970079134757760,100.0,goal_1e-11,0.0,1.9659106212047301,0.0295
1783649894544856960,100.0,goal_1e-11,0.0,1.8596247042719716,0.0015
2554116930949289856,100.0,goal_1e-11,0.0,2.8045120123487974,0.004
2753295523906432384,100.0,goal_1e-11,0.0,1.6110240738414905,0.007
886990809110955008,100.0,goal_1e-11,0.0,3.6916465683307598,0.739
919018036639891968,100.0,goal_1e-11,0.0,4.262262555235389,0.18
2833555985786735232,100.0,goal_1e-11,0.0,3.916865408760797,0.7095
3023472056569280512,100.0,goal_1e-11,0.0,2.258364377907682,0.2885
868768602903736832,100.0,goal_1e-11,0.0,2.1389634396907504,0.0335
5178460008866279808,100.0,goal_1e-11,0.0,2.3977060260835406,0.0245
3004697238395042176,100.0,goal_1e-11,0.096,5.902343784932434,0.787
2346247935526578688,100.0,goal_1e-11,0.0,2.1503860768162584,0.647
1933622971340170496,100.0,goal_1e-11,0.0,1.7994717575171693,0.004
1014188567684692224,100.0,goal_1e-11,0.0,2.14391517045958,0.06
5466445022127902976,100.0,goal_1e-11,0.0,2.1752849017828186,0.0835
6681692893110527232,100.0,goal_1e-11,0.0,2.4184961611682154,0.0175
5185560414440293632,100.0,goal_1e-11,0.0,5.066348809219264,0.245
5800349145690204288,100.0,goal_1e-11,0.0,1.8353587957778719,0.1135
4105409399796978944,100.0,goal_1e-11,0.0,1.1650368791041816,0.001
4708692944344873216,100.0,goal_1e-11,0.0,1.5300541344344172,0.0085
2027994226190382848,100.0,goal_1e-11,0.0,1.6965723911194062,0.002
2511654375999952640,100.0,goal_1e-11,0.0,2.2217719047398363,0.005
5493261389176885632,100.0,goal_1e-11,0.0,2.611603343639453,0.0265
2240388880151078528,100.0,goal_1e-11,0.0,1.8864661468056638,0.483
5658455555185799040,100.0,goal_1e-11,0.0,1.470187286028854,0.047
5052502602489649664,100.0,goal_1e-11,0.0,4.8455221730524,0.285
1979258613779627520,100.0,goal_1e-11,0.0,2.1887524258803714,0.228
446639254048922112,100.0,goal_1e-11,0.0,1.2323432856326475,0.0105
5601915746720479104,100.0,goal_1e-11,0.0,2.35144130973226,0.031
4776963682897871616,100.0,goal_1e-11,0.0915,6.689227234777214,0.6605
3280686721529098368,100.0,goal_1e-11,0.0,1.6075652748378402,0.031
1285339370727734400,100.0,goal_1e-11,0.0,2.716407552716717,0.013
5511484179500121088,100.0,goal_1e-11,0.0,2.0905567751106173,0.003
519978157091449088,100.0,goal_1e-11,0.0,1.066165348730988,0.0
3855789469596668544,100.0,goal_1e-11,0.0,1.1275399008357854,0.0
572054498112591744,100.0,goal_1e-11,0.0,1.245446903844716,0.0
357842591908022912,100.0,goal_1e-11,0.0,1.3233210304144893,0.0
5927844322167316352,100.0,goal_1e-11,0.0,1.141340484637581,0.0
2281306105868025600,100.0,goal_1e-11,0.0,2.7638480282232094,0.008
6342743866636102528,100.0,goal_1e-11,0.0,1.3266210386604416,0.0
1690963263347609088,100.0,goal_1e-11,0.0,2.630456573695787,0.049
1230823728796492672,100.0,goal_1e-11,0.0,2.227752987105035,0.0085
6411524297547089024,100.0,goal_1e-11,0.0,1.7877169981807337,0.1585
2935813011016890752,100.0,goal_1e-11,0.0,1.7600217709564472,0.0005
1510354597152530176,100.0,goal_1e-11,0.0,2.8022118996153838,0.1115
263711679169833728,100.0,goal_1e-11,0.0,1.5647289253152794,0.4335
2203996935067479424,100.0,goal_1e-11,0.0,4.341358550420053,0.072
4637390027600793344,100.0,goal_1e-11,0.0,2.1063965944211485,0.1145
3326809997366173568,100.0,goal_1e-11,0.0,2.708311402058648,0.1045
359891153870510208,100.0,goal_1e-11,0.1525,6.866833748217843,0.7935
3194157939562713472,100.0,goal_1e-11,0.0,2.3115253718156916,0.095
5654914887224650240,100.0,goal_1e-11,0.0,2.1586837095699942,0.199
132596261882440320,100.0,goal_1e-11,0.0,2.1357757292276776,0.034
4262558915898078720,100.0,goal_1e-11,0.0,1.8063480044389786,0.3085
6149021149160162176,100.0,goal_1e-11,0.0,1.322191327720086,0.001
2811411825899219200,100.0,goal_1e-11,0.2055,7.0461979572881885,0.89
1900800964403932800,100.0,goal_1e-11,0.0,1.357193282490422,0.0
6009934130839583488,100.0,goal_1e-11,0.0,0.9653219703863701,0.3175
6872322302128569344,100.0,goal_1e-11,0.0,1.6161727303158608,0.051
4548634356637185792,100.0,goal_1e-11,0.0,3.1906172199016987,0.223
6527091903161249152,100.0,goal_1e-11,0.0,1.5927535515260596,0.001
2639759162947729408,100.0,goal_1e-11,0.0,1.4821971304054455,0.0
4100927786033595648,100.0,goal_1e-11,0.0,1.3285699489194183,0.4555
5371882654157606912,100.0,goal_1e-11,0.0,5.480203691869946,0.5745
6775009922429158272,100.0,goal_1e-11,0.0,1.752830819827415,0.3835
665668979685323648,100.0,goal_1e-11,0.004,4.277063723642545,0.7365
1832230956847006592,100.0,goal_1e-11,0.137,9.231405346693057,0.534
6284599664533612544,100.0,goal_1e-11,0.0,3.016545148271608,0.244
4641784775576833536,100.0,goal_1e-11,0.0,4.240793921942234,0.1745
4268847611328000256,100.0,goal_1e-11,0.889,54.640012156891785,0.9825
4278176623883730176,100.0,goal_1e-11,0.0,0.9685789677747173,0.0
3267929947104804096,300.0,current_1e-9,0.06,6.115939421138819,0.6945
5642877846246495360,300.0,current_1e-9,0.0,6.790626040693156,0.424
6603465041679231872,300.0,current_1e-9,0.0465,3.4539269270989035,0.9685
2046526391572691328,300.0,current_1e-9,0.032,3.8773851413947265,0.8875
1016789806037687424,300.0,current_1e-9,0.077,4.2534017334515175,0.9585
5679711000438989312,300.0,current_1e-9,0.0075,3.2525254627627795,0.834
2995683893041962368,300.0,current_1e-9,0.0635,5.224863249931201,0.8195
5953737099445742848,300.0,current_1e-9,0.0245,3.4415021903962977,0.898
4615401513032729088,300.0,current_1e-9,0.1845,7.403068668092259,0.8255
3004510772390701696,300.0,current_1e-9,0.1435,6.35126067819684,0.846
4069792782145982080,300.0,current_1e-9,0.219,7.322970757191441,0.907
5814108395520777856,300.0,current_1e-9,0.1345,5.88095397941565,0.8825
5962272505153840896,300.0,current_1e-9,0.061,4.271265637626019,0.9475
2149291627370030336,300.0,current_1e-9,0.0395,6.043752090412793,0.6585
1323478680316848256,300.0,current_1e-9,0.0035,1.9251090396415689,0.9475
5260504054704228736,300.0,current_1e-9,0.166,6.087197857590632,0.939
5841541455445538432,300.0,current_1e-9,0.0235,3.0218990094384726,0.923
3867940039451965952,300.0,current_1e-9,0.21,7.577945979188362,0.868
87878642944408960,300.0,current_1e-9,0.138,6.938192169096243,0.7765
3151482384299373696,300.0,current_1e-9,0.0715,4.166014089380924,0.971
6181044017297795968,300.0,current_1e-9,0.205,6.738394459866615,0.965
803645216387486720,300.0,current_1e-9,0.2695,8.242453185221832,0.9185
5914174364643486592,300.0,current_1e-9,0.021,2.833371314233389,0.956
4797122403959920768,300.0,current_1e-9,0.1505,5.9801675150456095,0.924
2575048093288905088,300.0,current_1e-9,0.2945,8.963634809847768,0.8965
4229058961259584256,300.0,current_1e-9,0.078,4.047715717441483,0.9705
4561522831932945920,300.0,current_1e-9,0.124,5.359312886726614,0.943
2208326773198648320,300.0,current_1e-9,0.062,3.9433024926847113,0.9565
6094128791359632256,300.0,current_1e-9,0.109,4.822412382949157,0.952
2769623267282593152,300.0,current_1e-9,0.015,2.392587211635777,0.9595
5660807578058341120,300.0,current_1e-9,0.1105,5.554843344411149,0.87
296496818102428544,300.0,current_1e-9,0.081,4.764303445246256,0.9085
158752853233960704,300.0,current_1e-9,0.0615,5.374692730831017,0.771
2259514678757235200,300.0,current_1e-9,0.0915,5.943265235779398,0.763
4227855172121285760,300.0,current_1e-9,0.243,7.714563427767995,0.9045
2196000977264781056,300.0,current_1e-9,0.1455,6.843887637994436,0.818
1422765267499632640,300.0,current_1e-9,0.05,4.512574422444374,0.8705
5351303408563334912,300.0,current_1e-9,0.1905,6.156758697025678,0.9665
1364263517961035648,300.0,current_1e-9,0.1355,6.746604956639696,0.779
5274946414813497344,300.0,current_1e-9,0.329,10.334827216617143,0.844
3180960123537829760,300.0,current_1e-9,0.0735,4.235430824043868,0.953
2757278951454094208,300.0,current_1e-9,0.1555,7.31087650092353,0.791
2703346703520007168,300.0,current_1e-9,0.068,5.349546481979785,0.787
4002529127504102656,300.0,current_1e-9,0.133,5.211884592958031,0.9575
5421588692928858752,300.0,current_1e-9,0.0595,6.131618918621796,0.686
6050388913137070848,300.0,current_1e-9,0.0195,2.6980961851407064,0.979
4345060775182367232,300.0,current_1e-9,0.0575,5.436649804907743,0.7625
992946106114748032,300.0,current_1e-9,0.34,11.522651276686807,0.8095
676792841901784192,300.0,current_1e-9,0.0085,2.3020670307698943,0.957
218953691837608960,300.0,current_1e-9,0.0235,3.166062547759464,0.938
2482368024800833024,300.0,current_1e-9,0.0355,3.441543345943899,0.952
4609966833215963392,300.0,current_1e-9,0.175,9.704789889786047,0.5665
6844037812175117440,300.0,current_1e-9,0.0005,1.5303381492803596,0.969
6441225886185109632,300.0,current_1e-9,0.0295,3.603280734171767,0.919
1275271417631701504,300.0,current_1e-9,0.149,6.931700691655018,0.782
6490173906174556416,300.0,current_1e-9,0.0795,5.246411846556407,0.8135
5940429538445511808,300.0,current_1e-9,0.281,8.276383832662832,0.939
3793148372312611456,300.0,current_1e-9,0.211,8.770651762250996,0.7465
3138662151736925568,300.0,current_1e-9,0.1105,6.934443114514683,0.693
5976199159903812736,300.0,current_1e-9,0.0075,2.5047681112255322,0.9305
1504338722359357568,300.0,current_1e-9,0.0175,2.6935687331103138,0.9505
1688451325954477184,300.0,current_1e-9,0.185,7.256130380844539,0.873
5889045855385067136,300.0,current_1e-9,0.1015,6.506541197510829,0.763
4081754605352170496,300.0,current_1e-9,0.017,2.5703418489428627,0.984
2691146831736184576,300.0,current_1e-9,0.2325,8.523568272188472,0.783
334398010409366400,300.0,current_1e-9,0.005,2.2218190118854557,0.9555
1383626089525174016,300.0,current_1e-9,0.046,4.334972092230378,0.87
3702063519102244480,300.0,current_1e-9,0.1015,4.750215334997975,0.9505
5423016683660491264,300.0,current_1e-9,0.0605,6.641579820170305,0.654
2804852929801600768,300.0,current_1e-9,0.402,11.967630318787117,0.9305
3114023912926376448,300.0,current_1e-9,0.0035,1.8493052231725366,0.9555
5524591457617244928,300.0,current_1e-9,0.133,7.705581828305088,0.6935
4060366016201160320,300.0,current_1e-9,0.0,0.9860586251798867,0.8235
6694638847956909696,300.0,current_1e-9,0.0055,2.1166819545505144,0.949
3039556915253606144,300.0,current_1e-9,0.1235,5.6439863565631825,0.9165
6237927045205600000,300.0,current_1e-9,0.016,2.800377587501296,0.9405
1878241773237645184,300.0,current_1e-9,0.1445,6.8850304895971455,0.814
4288946748293342080,300.0,current_1e-9,0.3195,8.355417687286243,0.974
2337648311488015360,300.0,current_1e-9,0.1875,7.59865193262642,0.838
4395214100433309184,300.0,current_1e-9,0.1095,4.797522653567457,0.9725
2796277112767076864,300.0,current_1e-9,0.0665,4.92100930955181,0.831
6016504747910034432,300.0,current_1e-9,0.0105,7.99719085858677,0.349
5166280100090122880,300.0,current_1e-9,0.0795,4.281139987100977,0.9535
1130573557111974912,300.0,current_1e-9,0.1405,5.654748969453997,0.927
164738354017665664,300.0,current_1e-9,0.0,2.2581906898361472,0.5525
1761771910959772032,300.0,current_1e-9,0.1965,9.199788106015834,0.6915
1329848490477856768,300.0,current_1e-9,0.3835,10.483338944606905,0.977
3311535375672171776,300.0,current_1e-9,0.1365,5.551166649075412,0.945
6112272348126668800,300.0,current_1e-9,0.1385,6.133407325523715,0.8675
6755038496304470144,300.0,current_1e-9,0.0995,5.508351652768631,0.865
4283053988756001920,300.0,current_1e-9,0.028,3.230976820994126,0.923
2599647119044490496,300.0,current_1e-9,0.153,6.831174226143447,0.8435
490441735713670528,300.0,current_1e-9,0.019,2.8852152309249712,0.929
4934043968492272896,300.0,current_1e-9,0.0055,1.955654014226528,0.9715
2621100450623361280,300.0,current_1e-9,0.1525,5.4664561760594275,0.9825
1851315420672845056,300.0,current_1e-9,0.283,9.2992689191809,0.841
5541455315986463104,300.0,current_1e-9,0.117,6.708418479982794,0.742
5976098417137532800,300.0,current_1e-9,0.0975,5.16843050816654,0.8825
28898090451449472,300.0,current_1e-9,0.125,6.509210586215804,0.773
6592347918267168128,300.0,current_1e-9,0.1305,5.747181000966604,0.904
5887064359268864256,300.0,current_1e-9,0.0235,3.386627808688816,0.901
6518913495153329920,300.0,current_1e-9,0.0575,6.632952400242517,0.6355
4600878063941953280,300.0,current_1e-9,0.193,9.579181790928184,0.632
992845122843798016,300.0,current_1e-9,0.1945,7.354440127188371,0.854
3664521351702250752,300.0,current_1e-9,0.174,6.229981535698862,0.953
3711953493050429568,300.0,current_1e-9,0.3255,10.690544027305032,0.7975
5473228871432372992,300.0,current_1e-9,0.2355,9.283735188692747,0.722
6752384069075512320,300.0,current_1e-9,0.0655,5.524070448942237,0.7775
4115513220094402048,300.0,current_1e-9,0.0365,6.018761593837449,0.6455
4602130957441446400,300.0,current_1e-9,0.089,7.27351484878633,0.644
377546664910219776,300.0,current_1e-9,0.37,10.699146185168065,0.92
4364333977066797056,300.0,current_1e-9,0.0,4.693610562360393,0.391
5768315046181771904,300.0,current_1e-9,0.0275,3.7567002867539796,0.875
123580919370477952,300.0,current_1e-9,0.1635,7.3129806017438606,0.762
4366334126156046976,300.0,current_1e-9,0.0185,3.1477212585149155,0.926
4901782819863332608,300.0,current_1e-9,0.062,3.6629267601119593,0.9795
2151838817854979456,300.0,current_1e-9,0.009,7.314047834356328,0.427
1343460895402697600,300.0,current_1e-9,0.007,2.2162663238167917,0.9775
6136053959995638016,300.0,current_1e-9,0.1435,6.867697046262335,0.7675
2221263218985851520,300.0,current_1e-9,0.0105,2.0859507592875417,0.996
4162186251740404608,300.0,current_1e-9,0.0075,1.9651935459463052,0.9895
1678399143976755584,300.0,current_1e-9,0.285,8.521709818835125,0.9095
2704125913666895104,300.0,current_1e-9,0.1165,6.969899240206447,0.7235
5000393997669149952,300.0,current_1e-9,0.1955,7.054563030443462,0.874
2491206105423269504,300.0,current_1e-9,0.3395,9.494510516421345,0.937
6274538269849968512,300.0,current_1e-9,0.012,2.5854042836345337,0.9295
707365862223681408,300.0,current_1e-9,0.0645,4.681897661209114,0.876
4735086373076351744,300.0,current_1e-9,0.057,3.6634318929066514,0.975
2799316059826451328,300.0,current_1e-9,0.1325,5.653266093096039,0.8945
1875970079134757760,300.0,current_1e-9,0.049,4.3557182720802,0.8465
1783649894544856960,300.0,current_1e-9,0.1685,7.575140510908079,0.7545
2554116930949289856,300.0,current_1e-9,0.292,10.757707029423011,0.7545
2753295523906432384,300.0,current_1e-9,0.0495,4.835562495635854,0.815
886990809110955008,300.0,current_1e-9,0.008,2.040329121388674,0.974
919018036639891968,300.0,current_1e-9,0.2,6.806842190258817,0.914
2833555985786735232,300.0,current_1e-9,0.013,2.4250736239098476,0.9695
3023472056569280512,300.0,current_1e-9,0.015,2.688159331388777,0.9375
868768602903736832,300.0,current_1e-9,0.0545,4.527700300702844,0.8625
5178460008866279808,300.0,current_1e-9,0.1825,7.345108630929187,0.83
3004697238395042176,300.0,current_1e-9,0.012,2.5835821632724474,0.9805
2346247935526578688,300.0,current_1e-9,0.007,2.266580392600449,0.965
1933622971340170496,300.0,current_1e-9,0.1765,7.806942401707616,0.7335
1014188567684692224,300.0,current_1e-9,0.04,3.893754057876028,0.8885
5466445022127902976,300.0,current_1e-9,0.121,5.548129760753996,0.908
6681692893110527232,300.0,current_1e-9,0.161,7.057200238409161,0.831
5185560414440293632,300.0,current_1e-9,0.3315,9.517849123435985,0.93
5800349145690204288,300.0,current_1e-9,0.047,3.9489248654105444,0.9015
4105409399796978944,300.0,current_1e-9,0.0795,6.374962857023091,0.691
4708692944344873216,300.0,current_1e-9,0.132,6.802564712703435,0.7755
2027994226190382848,300.0,current_1e-9,0.088,5.920191639692506,0.774
2511654375999952640,300.0,current_1e-9,0.211,8.301588987486532,0.784
5493261389176885632,300.0,current_1e-9,0.237,8.191104806850499,0.845
2240388880151078528,300.0,current_1e-9,0.0045,1.7661319323127032,0.9605
5658455555185799040,300.0,current_1e-9,0.0275,3.8286052478996835,0.8645
5052502602489649664,300.0,current_1e-9,0.2495,7.575529424510583,0.9365
1979258613779627520,300.0,current_1e-9,0.017,2.967514978730468,0.924
446639254048922112,300.0,current_1e-9,0.0765,5.5259753004501,0.805
5601915746720479104,300.0,current_1e-9,0.114,5.819014519007551,0.8585
4776963682897871616,300.0,current_1e-9,0.3035,8.25893467728944,0.965
3280686721529098368,300.0,current_1e-9,0.0315,4.159246224025066,0.861
1285339370727734400,300.0,current_1e-9,0.3375,11.105851063457658,0.795
5511484179500121088,300.0,current_1e-9,0.2185,8.941145148230111,0.7565
519978157091449088,300.0,current_1e-9,0.024,5.69714960645571,0.5955
3855789469596668544,300.0,current_1e-9,0.0,6.6967793370771505,0.328
572054498112591744,300.0,current_1e-9,0.033,6.3611016559417015,0.6115
357842591908022912,300.0,current_1e-9,0.051,6.711414804912346,0.614
5927844322167316352,300.0,current_1e-9,0.0,6.888510170042932,0.362
2281306105868025600,300.0,current_1e-9,0.2885,10.055881731470707,0.794
6342743866636102528,300.0,current_1e-9,0.046,5.5565576517027395,0.7335
1690963263347609088,300.0,current_1e-9,0.0765,5.1702171285660015,0.866
1230823728796492672,300.0,current_1e-9,0.1025,6.009200812630698,0.81
6411524297547089024,300.0,current_1e-9,0.012,2.71364634555188,0.919
2935813011016890752,300.0,current_1e-9,0.1215,7.228909325377238,0.703
1510354597152530176,300.0,current_1e-9,0.148,5.822536719288092,0.8945
263711679169833728,300.0,current_1e-9,0.003,1.7582159808810438,0.9615
2203996935067479424,300.0,current_1e-9,0.452,12.93415897188718,0.901
4637390027600793344,300.0,current_1e-9,0.0305,3.4770335241752472,0.9045
3326809997366173568,300.0,current_1e-9,0.0595,4.486063558177093,0.891
359891153870510208,300.0,current_1e-9,0.0295,2.874110552328224,0.979
3194157939562713472,300.0,current_1e-9,0.057,4.313401481827445,0.8925
5654914887224650240,300.0,current_1e-9,0.0775,4.56560327970735,0.9185
132596261882440320,300.0,current_1e-9,0.0765,5.2509849079674344,0.838
4262558915898078720,300.0,current_1e-9,0.01,2.355706360004925,0.939
6149021149160162176,300.0,current_1e-9,0.051,5.96535326524023,0.696
2811411825899219200,300.0,current_1e-9,0.0095,2.097844705234347,0.988
1900800964403932800,300.0,current_1e-9,0.0585,6.116375676338656,0.685
6009934130839583488,300.0,current_1e-9,0.003,1.9768857764867602,0.9315
6872322302128569344,300.0,current_1e-9,0.0655,4.477717622758875,0.875
4548634356637185792,300.0,current_1e-9,0.068,4.2809265131156975,0.923
6527091903161249152,300.0,current_1e-9,0.086,6.436755183700608,0.7225
2639759162947729408,300.0,current_1e-9,0.0405,8.005009131661165,0.4585
4100927786033595648,300.0,current_1e-9,0.0025,1.6632274062011714,0.9535
5371882654157606912,300.0,current_1e-9,0.073,4.262858461982652,0.9625
6775009922429158272,300.0,current_1e-9,0.004,1.976695934624198,0.948
665668979685323648,300.0,current_1e-9,0.0065,2.378018634757086,0.9735
1832230956847006592,300.0,current_1e-9,0.4345,12.62299193482964,0.9565
6284599664533612544,300.0,current_1e-9,0.076,4.466035205885839,0.928
4641784775576833536,300.0,current_1e-9,0.2115,7.088306548722316,0.92
4268847611328000256,300.0,current_1e-9,0.295,8.000392222248413,0.9985
4278176623883730176,300.0,current_1e-9,0.0,5.777852098827245,0.486
3267929947104804096,300.0,nearterm_1e-10,0.182,8.450136146818792,0.6945
5642877846246495360,300.0,nearterm_1e-10,0.03,8.12273548702368,0.424
6603465041679231872,300.0,nearterm_1e-10,0.624,20.590677443019224,0.9685
2046526391572691328,300.0,nearterm_1e-10,0.4335,11.977114266462161,0.8875
1016789806037687424,300.0,nearterm_1e-10,0.6535,21.143218529232705,0.9585
5679711000438989312,300.0,nearterm_1e-10,0.038,4.332899093381273,0.834
2995683893041962368,300.0,nearterm_1e-10,0.4015,11.795845910658604,0.8195
5953737099445742848,300.0,nearterm_1e-10,0.3205,9.028010945677263,0.898
4615401513032729088,300.0,nearterm_1e-10,0.3985,11.666567582314798,0.8255
3004510772390701696,300.0,nearterm_1e-10,0.481,14.310763506076913,0.846
4069792782145982080,300.0,nearterm_1e-10,0.571,16.787233738282225,0.907
5814108395520777856,300.0,nearterm_1e-10,0.5485,15.545054944257947,0.8825
5962272505153840896,300.0,nearterm_1e-10,0.6165,19.02834029466199,0.9475
2149291627370030336,300.0,nearterm_1e-10,0.122,7.8489881622813265,0.6585
1323478680316848256,300.0,nearterm_1e-10,0.3945,10.538635374776524,0.9475
5260504054704228736,300.0,nearterm_1e-10,0.651,20.463177267733794,0.939
5841541455445538432,300.0,nearterm_1e-10,0.373,9.728173786315029,0.923
3867940039451965952,300.0,nearterm_1e-10,0.565,17.44953877605156,0.868
87878642944408960,300.0,nearterm_1e-10,0.326,10.626133897249678,0.7765
3151482384299373696,300.0,nearterm_1e-10,0.6615,23.071398106171166,0.971
6181044017297795968,300.0,nearterm_1e-10,0.753,33.979760607447496,0.965
803645216387486720,300.0,nearterm_1e-10,0.684,24.849366072940228,0.9185
5914174364643486592,300.0,nearterm_1e-10,0.5005,13.502604364791335,0.956
4797122403959920768,300.0,nearterm_1e-10,0.6255,18.83530785563786,0.924
2575048093288905088,300.0,nearterm_1e-10,0.5965,18.58929327513526,0.8965
4229058961259584256,300.0,nearterm_1e-10,0.6775,23.381083423999705,0.9705
4561522831932945920,300.0,nearterm_1e-10,0.651,21.004296704999593,0.943
2208326773198648320,300.0,nearterm_1e-10,0.6225,19.146518625805626,0.9565
6094128791359632256,300.0,nearterm_1e-10,0.5925,18.024543930307786,0.952
2769623267282593152,300.0,nearterm_1e-10,0.498,14.026593606426035,0.9595
5660807578058341120,300.0,nearterm_1e-10,0.4775,14.439561638178516,0.87
296496818102428544,300.0,nearterm_1e-10,0.5735,17.463113232431265,0.9085
158752853233960704,300.0,nearterm_1e-10,0.1105,6.3327880513029555,0.771
2259514678757235200,300.0,nearterm_1e-10,0.2875,9.759598083982961,0.763
4227855172121285760,300.0,nearterm_1e-10,0.5935,17.435367962315734,0.9045
2196000977264781056,300.0,nearterm_1e-10,0.473,14.526564450056224,0.818
1422765267499632640,300.0,nearterm_1e-10,0.475,13.72184318201924,0.8705
5351303408563334912,300.0,nearterm_1e-10,0.5325,13.410478187978967,0.9665
1364263517961035648,300.0,nearterm_1e-10,0.366,11.367235620210122,0.779
5274946414813497344,300.0,nearterm_1e-10,0.519,15.900777455502135,0.844
3180960123537829760,300.0,nearterm_1e-10,0.609,18.742810120593983,0.953
2757278951454094208,300.0,nearterm_1e-10,0.348,11.01657507016222,0.791
2703346703520007168,300.0,nearterm_1e-10,0.3475,10.628626658239552,0.787
4002529127504102656,300.0,nearterm_1e-10,0.682,25.362242253077778,0.9575
5421588692928858752,300.0,nearterm_1e-10,0.207,8.9012358449688,0.686
6050388913137070848,300.0,nearterm_1e-10,0.389,9.609136347678975,0.979
4345060775182367232,300.0,nearterm_1e-10,0.217,8.376878095259126,0.7625
992946106114748032,300.0,nearterm_1e-10,0.534,17.24047828220218,0.8095
676792841901784192,300.0,nearterm_1e-10,0.4885,12.984787955438044,0.957
218953691837608960,300.0,nearterm_1e-10,0.48,12.696131134545997,0.938
2482368024800833024,300.0,nearterm_1e-10,0.5525,15.864587743274145,0.952
4609966833215963392,300.0,nearterm_1e-10,0.2685,12.163558484094251,0.5665
6844037812175117440,300.0,nearterm_1e-10,0.4025,10.647634206286723,0.969
6441225886185109632,300.0,nearterm_1e-10,0.5015,14.12870429793057,0.919
1275271417631701504,300.0,nearterm_1e-10,0.4015,12.575660907469148,0.782
6490173906174556416,300.0,nearterm_1e-10,0.397,11.985141006492107,0.8135
5940429538445511808,300.0,nearterm_1e-10,0.707,26.43372507811507,0.939
3793148372312611456,300.0,nearterm_1e-10,0.425,13.752349295337073,0.7465
3138662151736925568,300.0,nearterm_1e-10,0.271,9.923988454971434,0.693
5976199159903812736,300.0,nearterm_1e-10,0.2905,8.211626648220472,0.9305
1504338722359357568,300.0,nearterm_1e-10,0.5245,14.256156865728641,0.9505
1688451325954477184,300.0,nearterm_1e-10,0.598,19.248093446780498,0.873
5889045855385067136,300.0,nearterm_1e-10,0.2555,9.186193875934531,0.763
4081754605352170496,300.0,nearterm_1e-10,0.603,18.47796193357013,0.984
2691146831736184576,300.0,nearterm_1e-10,0.424,13.090889133382612,0.783
334398010409366400,300.0,nearterm_1e-10,0.4895,12.54901582400731,0.9555
1383626089525174016,300.0,nearterm_1e-10,0.4435,12.539320213030834,0.87
3702063519102244480,300.0,nearterm_1e-10,0.6695,22.52776696315308,0.9505
5423016683660491264,300.0,nearterm_1e-10,0.2315,9.936985239462421,0.654
2804852929801600768,300.0,nearterm_1e-10,0.727,28.83543898493266,0.9305
3114023912926376448,300.0,nearterm_1e-10,0.422,11.111453101708404,0.9555
5524591457617244928,300.0,nearterm_1e-10,0.2995,11.345702849303864,0.6935
4060366016201160320,300.0,nearterm_1e-10,0.0,1.0109329109682523,0.8235
6694638847956909696,300.0,nearterm_1e-10,0.423,10.756488643348591,0.949
3039556915253606144,300.0,nearterm_1e-10,0.6195,19.42384558890515,0.9165
6237927045205600000,300.0,nearterm_1e-10,0.296,8.198999697400158,0.9405
1878241773237645184,300.0,nearterm_1e-10,0.4235,12.460833710519033,0.814
4288946748293342080,300.0,nearterm_1e-10,0.799,42.10373874499735,0.974
2337648311488015360,300.0,nearterm_1e-10,0.538,16.825887444424723,0.838
4395214100433309184,300.0,nearterm_1e-10,0.66,21.930972763673207,0.9725
2796277112767076864,300.0,nearterm_1e-10,0.1285,6.074140814772906,0.831
6016504747910034432,300.0,nearterm_1e-10,0.0495,9.13534612627388,0.349
5166280100090122880,300.0,nearterm_1e-10,0.641,20.793303977198203,0.9535
1130573557111974912,300.0,nearterm_1e-10,0.631,20.693165879211623,0.927
164738354017665664,300.0,nearterm_1e-10,0.0,2.346555426145419,0.5525
1761771910959772032,300.0,nearterm_1e-10,0.337,12.466246978425854,0.6915
1329848490477856768,300.0,nearterm_1e-10,0.8195,45.349015849411636,0.977
3311535375672171776,300.0,nearterm_1e-10,0.6055,18.94946582818077,0.945
6112272348126668800,300.0,nearterm_1e-10,0.5205,16.119277917864142,0.8675
6755038496304470144,300.0,nearterm_1e-10,0.4835,14.22265604413828,0.865
4283053988756001920,300.0,nearterm_1e-10,0.4635,12.358455083200825,0.923
2599647119044490496,300.0,nearterm_1e-10,0.4895,14.371124898928349,0.8435
490441735713670528,300.0,nearterm_1e-10,0.4665,12.280644248174962,0.929
4934043968492272896,300.0,nearterm_1e-10,0.4895,13.034980893592216,0.9715
2621100450623361280,300.0,nearterm_1e-10,0.7575,33.190562544472115,0.9825
1851315420672845056,300.0,nearterm_1e-10,0.526,16.018173952520566,0.841
5541455315986463104,300.0,nearterm_1e-10,0.241,9.070812704237083,0.742
5976098417137532800,300.0,nearterm_1e-10,0.4055,11.144072813602582,0.8825
28898090451449472,300.0,nearterm_1e-10,0.329,10.475402743714868,0.773
6592347918267168128,300.0,nearterm_1e-10,0.5735,17.593332863323937,0.904
5887064359268864256,300.0,nearterm_1e-10,0.061,4.336596869369784,0.901
6518913495153329920,300.0,nearterm_1e-10,0.1815,8.903600242464572,0.6355
4600878063941953280,300.0,nearterm_1e-10,0.3265,13.05635343399844,0.632
992845122843798016,300.0,nearterm_1e-10,0.485,14.052693961966183,0.854
3664521351702250752,300.0,nearterm_1e-10,0.7085,27.142040791260012,0.953
3711953493050429568,300.0,nearterm_1e-10,0.516,16.3300974331669,0.7975
5473228871432372992,300.0,nearterm_1e-10,0.4035,13.51420328764748,0.722
6752384069075512320,300.0,nearterm_1e-10,0.3615,11.313233569931878,0.7775
4115513220094402048,300.0,nearterm_1e-10,0.111,7.520575378642686,0.6455
4602130957441446400,300.0,nearterm_1e-10,0.2455,10.382170113911807,0.644
377546664910219776,300.0,nearterm_1e-10,0.685,23.32150028413272,0.92
4364333977066797056,300.0,nearterm_1e-10,0.0,5.047246090602979,0.391
5768315046181771904,300.0,nearterm_1e-10,0.387,10.498702966610356,0.875
123580919370477952,300.0,nearterm_1e-10,0.3205,10.373018223087872,0.762
4366334126156046976,300.0,nearterm_1e-10,0.2995,8.201482453701939,0.926
4901782819863332608,300.0,nearterm_1e-10,0.6665,23.70951730841813,0.9795
2151838817854979456,300.0,nearterm_1e-10,0.054,8.695424118015632,0.427
1343460895402697600,300.0,nearterm_1e-10,0.566,16.039120309433656,0.9775
6136053959995638016,300.0,nearterm_1e-10,0.328,10.806345140713379,0.7675
2221263218985851520,300.0,nearterm_1e-10,0.591,18.98190648335153,0.996
4162186251740404608,300.0,nearterm_1e-10,0.544,15.413118970366314,0.9895
1678399143976755584,300.0,nearterm_1e-10,0.6615,21.559473076721698,0.9095
2704125913666895104,300.0,nearterm_1e-10,0.2565,9.713329801328335,0.7235
5000393997669149952,300.0,nearterm_1e-10,0.556,16.923863502273818,0.874
2491206105423269504,300.0,nearterm_1e-10,0.7055,24.39885604458456,0.937
6274538269849968512,300.0,nearterm_1e-10,0.408,10.759495823967274,0.9295
707365862223681408,300.0,nearterm_1e-10,0.3925,11.054981658058212,0.876
4735086373076351744,300.0,nearterm_1e-10,0.649,22.33681353539983,0.975
2799316059826451328,300.0,nearterm_1e-10,0.5555,16.69059604151635,0.8945
1875970079134757760,300.0,nearterm_1e-10,0.412,11.94974173395808,0.8465
1783649894544856960,300.0,nearterm_1e-10,0.3695,11.628236482199666,0.7545
2554116930949289856,300.0,nearterm_1e-10,0.476,15.910219592675778,0.7545
2753295523906432384,300.0,nearterm_1e-10,0.3395,10.331538552952104,0.815
886990809110955008,300.0,nearterm_1e-10,0.513,14.214500435659458,0.974
919018036639891968,300.0,nearterm_1e-10,0.62,20.924122339879098,0.914
2833555985786735232,300.0,nearterm_1e-10,0.55,15.683201461504268,0.9695
3023472056569280512,300.0,nearterm_1e-10,0.468,12.3716870045533,0.9375
868768602903736832,300.0,nearterm_1e-10,0.451,12.731243795196336,0.8625
5178460008866279808,300.0,nearterm_1e-10,0.473,14.135351439409467,0.83
3004697238395042176,300.0,nearterm_1e-10,0.5985,18.64653332103003,0.9805
2346247935526578688,300.0,nearterm_1e-10,0.46,11.56264585208183,0.965
1933622971340170496,300.0,nearterm_1e-10,0.3365,11.291666793269856,0.7335
1014188567684692224,300.0,nearterm_1e-10,0.4505,12.552142629633925,0.8885
5466445022127902976,300.0,nearterm_1e-10,0.4795,13.03442464201394,0.908
6681692893110527232,300.0,nearterm_1e-10,0.465,14.055405269426148,0.831
5185560414440293632,300.0,nearterm_1e-10,0.691,24.169300858120973,0.93
5800349145690204288,300.0,nearterm_1e-10,0.4155,11.281005632018493,0.9015
4105409399796978944,300.0,nearterm_1e-10,0.164,7.972547208424541,0.691
4708692944344873216,300.0,nearterm_1e-10,0.302,9.948364162988607,0.7755
2027994226190382848,300.0,nearterm_1e-10,0.3405,10.776384738472156,0.774
2511654375999952640,300.0,nearterm_1e-10,0.4275,13.330512522368632,0.784
5493261389176885632,300.0,nearterm_1e-10,0.5005,14.943526463094184,0.845
2240388880151078528,300.0,nearterm_1e-10,0.3815,9.897217544168768,0.9605
5658455555185799040,300.0,nearterm_1e-10,0.34,9.594969626718438,0.8645
5052502602489649664,300.0,nearterm_1e-10,0.679,23.075356428222545,0.9365
1979258613779627520,300.0,nearterm_1e-10,0.4445,12.272669929897603,0.924
446639254048922112,300.0,nearterm_1e-10,0.2395,8.327583360232378,0.805
5601915746720479104,300.0,nearterm_1e-10,0.481,13.853043086689958,0.8585
4776963682897871616,300.0,nearterm_1e-10,0.734,28.649769258190837,0.965
3280686721529098368,300.0,nearterm_1e-10,0.356,10.24597436236845,0.861
1285339370727734400,300.0,nearterm_1e-10,0.4945,15.50675538912459,0.795
5511484179500121088,300.0,nearterm_1e-10,0.388,12.753991816914859,0.7565
519978157091449088,300.0,nearterm_1e-10,0.1005,7.380061078004209,0.5955
3855789469596668544,300.0,nearterm_1e-10,0.0015,7.726375196390727,0.328
572054498112591744,300.0,nearterm_1e-10,0.1275,8.435434476238504,0.6115
357842591908022912,300.0,nearterm_1e-10,0.149,8.824143416079442,0.614
5927844322167316352,300.0,nearterm_1e-10,0.0045,7.85830423154239,0.362
2281306105868025600,300.0,nearterm_1e-10,0.49,15.697977465894438,0.794
6342743866636102528,300.0,nearterm_1e-10,0.2185,8.825510882478008,0.7335
1690963263347609088,300.0,nearterm_1e-10,0.506,14.701337320394712,0.866
1230823728796492672,300.0,nearterm_1e-10,0.442,13.291163697449598,0.81
6411524297547089024,300.0,nearterm_1e-10,0.3945,10.611474941424582,0.919
2935813011016890752,300.0,nearterm_1e-10,0.302,11.145656794356881,0.703
1510354597152530176,300.0,nearterm_1e-10,0.5185,15.529611612721933,0.8945
263711679169833728,300.0,nearterm_1e-10,0.3545,8.972835249950831,0.9615
2203996935067479424,300.0,nearterm_1e-10,0.6615,22.010935564119528,0.901
4637390027600793344,300.0,nearterm_1e-10,0.451,12.3119226556284,0.9045
3326809997366173568,300.0,nearterm_1e-10,0.504,14.886669062201529,0.891
359891153870510208,300.0,nearterm_1e-10,0.62,20.773171239399034,0.979
3194157939562713472,300.0,nearterm_1e-10,0.465,13.246980013471077,0.8925
5654914887224650240,300.0,nearterm_1e-10,0.48,12.7032040539634,0.9185
132596261882440320,300.0,nearterm_1e-10,0.429,12.788070372686004,0.838
4262558915898078720,300.0,nearterm_1e-10,0.402,10.499519656851444,0.939
6149021149160162176,300.0,nearterm_1e-10,0.1975,8.860234531060817,0.696
2811411825899219200,300.0,nearterm_1e-10,0.5695,17.246314964040547,0.988
1900800964403932800,300.0,nearterm_1e-10,0.211,9.039756597507482,0.685
6009934130839583488,300.0,nearterm_1e-10,0.1945,6.618942491976777,0.9315
6872322302128569344,300.0,nearterm_1e-10,0.366,10.356485701309582,0.875
4548634356637185792,300.0,nearterm_1e-10,0.572,16.51623223062276,0.923
6527091903161249152,300.0,nearterm_1e-10,0.2695,10.248999066279001,0.7225
2639759162947729408,300.0,nearterm_1e-10,0.1015,9.638119650465807,0.4585
4100927786033595648,300.0,nearterm_1e-10,0.291,8.082999133293002,0.9535
5371882654157606912,300.0,nearterm_1e-10,0.6775,22.4426336485539,0.9625
6775009922429158272,300.0,nearterm_1e-10,0.3675,9.866369778035585,0.948
665668979685323648,300.0,nearterm_1e-10,0.562,15.982339708916715,0.9735
1832230956847006592,300.0,nearterm_1e-10,0.791,37.02396139270175,0.9565
6284599664533612544,300.0,nearterm_1e-10,0.547,15.946355076638344,0.928
4641784775576833536,300.0,nearterm_1e-10,0.6465,21.017265868088746,0.92
4268847611328000256,300.0,nearterm_1e-10,0.8435,69.72692263823066,0.9985
4278176623883730176,300.0,nearterm_1e-10,0.0105,6.760673924731552,0.486
3267929947104804096,300.0,goal_1e-11,0.1875,8.583046482394941,0.6945
5642877846246495360,300.0,goal_1e-11,0.032,8.199763573616949,0.424
6603465041679231872,300.0,goal_1e-11,0.7485,27.95259667427419,0.9685
2046526391572691328,300.0,goal_1e-11,0.468,12.987446262256517,0.8875
1016789806037687424,300.0,goal_1e-11,0.7465,26.043810971473214,0.9585
5679711000438989312,300.0,goal_1e-11,0.041,4.393868691617148,0.834
2995683893041962368,300.0,goal_1e-11,0.4195,12.341291667549177,0.8195
5953737099445742848,300.0,goal_1e-11,0.347,9.576238596707965,0.898
4615401513032729088,300.0,goal_1e-11,0.4075,11.92214726283845,0.8255
3004510772390701696,300.0,goal_1e-11,0.501,14.97474804647298,0.846
4069792782145982080,300.0,goal_1e-11,0.591,17.597260405777757,0.907
5814108395520777856,300.0,goal_1e-11,0.577,16.517048754981207,0.8825
5962272505153840896,300.0,goal_1e-11,0.682,22.52404860423562,0.9475
2149291627370030336,300.0,goal_1e-11,0.129,7.951351613521344,0.6585
1323478680316848256,300.0,goal_1e-11,0.5045,13.39068789680405,0.9475
5260504054704228736,300.0,goal_1e-11,0.6925,22.550569311882196,0.939
5841541455445538432,300.0,goal_1e-11,0.4145,10.593635929695713,0.923
3867940039451965952,300.0,goal_1e-11,0.586,18.297318709073245,0.868
87878642944408960,300.0,goal_1e-11,0.3385,10.844187868236439,0.7765
3151482384299373696,300.0,goal_1e-11,0.7605,30.28949304654325,0.971
6181044017297795968,300.0,goal_1e-11,0.8325,42.43679291157278,0.965
803645216387486720,300.0,goal_1e-11,0.72,26.8976247227575,0.9185
5914174364643486592,300.0,goal_1e-11,0.5745,16.259950811083854,0.956
4797122403959920768,300.0,goal_1e-11,0.666,20.543260484754985,0.924
2575048093288905088,300.0,goal_1e-11,0.618,19.322623430167113,0.8965
4229058961259584256,300.0,goal_1e-11,0.7815,31.118947383335993,0.9705
4561522831932945920,300.0,goal_1e-11,0.707,23.937594954312363,0.943
2208326773198648320,300.0,goal_1e-11,0.6995,23.345817032173777,0.9565
6094128791359632256,300.0,goal_1e-11,0.646,20.277281551761007,0.952
2769623267282593152,300.0,goal_1e-11,0.614,18.676145029838093,0.9595
5660807578058341120,300.0,goal_1e-11,0.5105,15.32264759868602,0.87
296496818102428544,300.0,goal_1e-11,0.622,19.527956255339863,0.9085
158752853233960704,300.0,goal_1e-11,0.1135,6.3893345966270845,0.771
2259514678757235200,300.0,goal_1e-11,0.303,9.995918351720517,0.763
4227855172121285760,300.0,goal_1e-11,0.6135,18.24372275605501,0.9045
2196000977264781056,300.0,goal_1e-11,0.4915,15.123140706491883,0.818
1422765267499632640,300.0,goal_1e-11,0.514,14.852276592170393,0.8705
5351303408563334912,300.0,goal_1e-11,0.5515,13.988159324522178,0.9665
1364263517961035648,300.0,goal_1e-11,0.3795,11.657011273994943,0.779
5274946414813497344,300.0,goal_1e-11,0.5315,16.22275448962486,0.844
3180960123537829760,300.0,goal_1e-11,0.6745,22.11783691084545,0.953
2757278951454094208,300.0,goal_1e-11,0.356,11.233975541535049,0.791
2703346703520007168,300.0,goal_1e-11,0.367,11.011781252136805,0.787
4002529127504102656,300.0,goal_1e-11,0.764,31.117472626843636,0.9575
5421588692928858752,300.0,goal_1e-11,0.2165,9.06158194878953,0.686
6050388913137070848,300.0,goal_1e-11,0.4385,10.643586615998712,0.979
4345060775182367232,300.0,goal_1e-11,0.229,8.552534254831505,0.7625
992946106114748032,300.0,goal_1e-11,0.541,17.564694869190607,0.8095
676792841901784192,300.0,goal_1e-11,0.589,16.79511841070596,0.957
218953691837608960,300.0,goal_1e-11,0.543,14.479410883364439,0.938
2482368024800833024,300.0,goal_1e-11,0.622,18.89734462451365,0.952
4609966833215963392,300.0,goal_1e-11,0.275,12.29897835992038,0.5665
6844037812175117440,300.0,goal_1e-11,0.5805,16.138552884128224,0.969
6441225886185109632,300.0,goal_1e-11,0.5665,16.123238492309497,0.919
1275271417631701504,300.0,goal_1e-11,0.417,12.950265250500022,0.782
6490173906174556416,300.0,goal_1e-11,0.416,12.554795639656225,0.8135
5940429538445511808,300.0,goal_1e-11,0.7485,28.891723724552698,0.939
3793148372312611456,300.0,goal_1e-11,0.432,14.046266865302515,0.7465
3138662151736925568,300.0,goal_1e-11,0.2795,10.095904868766874,0.693
5976199159903812736,300.0,goal_1e-11,0.3265,8.972628974193732,0.9305
1504338722359357568,300.0,goal_1e-11,0.6135,17.97904603831812,0.9505
1688451325954477184,300.0,goal_1e-11,0.624,20.47322718501997,0.873
5889045855385067136,300.0,goal_1e-11,0.2635,9.339597480812378,0.763
4081754605352170496,300.0,goal_1e-11,0.765,30.004020644477208,0.984
2691146831736184576,300.0,goal_1e-11,0.433,13.357995686700821,0.783
334398010409366400,300.0,goal_1e-11,0.5895,16.238734947735608,0.9555
1383626089525174016,300.0,goal_1e-11,0.4665,13.473055443573191,0.87
3702063519102244480,300.0,goal_1e-11,0.745,27.30295003680266,0.9505
5423016683660491264,300.0,goal_1e-11,0.241,10.12980191357802,0.654
2804852929801600768,300.0,goal_1e-11,0.7495,30.407029688474637,0.9305
3114023912926376448,300.0,goal_1e-11,0.5555,14.88261117607636,0.9555
5524591457617244928,300.0,goal_1e-11,0.311,11.555380220659377,0.6935
4060366016201160320,300.0,goal_1e-11,0.0,1.012973788124519,0.8235
6694638847956909696,300.0,goal_1e-11,0.507,13.1824015912155,0.949
3039556915253606144,300.0,goal_1e-11,0.663,21.515501329324536,0.9165
6237927045205600000,300.0,goal_1e-11,0.331,8.811408514031289,0.9405
1878241773237645184,300.0,goal_1e-11,0.4405,12.83345688759153,0.814
4288946748293342080,300.0,goal_1e-11,0.8675,52.46214335542413,0.974
2337648311488015360,300.0,goal_1e-11,0.5605,17.59302115012918,0.838
4395214100433309184,300.0,goal_1e-11,0.737,26.172272123195548,0.9725
2796277112767076864,300.0,goal_1e-11,0.133,6.140848635589733,0.831
6016504747910034432,300.0,goal_1e-11,0.051,9.203003920786847,0.349
5166280100090122880,300.0,goal_1e-11,0.721,25.30553235273394,0.9535
1130573557111974912,300.0,goal_1e-11,0.6815,23.214788223697973,0.927
164738354017665664,300.0,goal_1e-11,0.0,2.353408735951689,0.5525
1761771910959772032,300.0,goal_1e-11,0.3445,12.647387785127089,0.6915
1329848490477856768,300.0,goal_1e-11,0.881,53.49543934697572,0.977
3311535375672171776,300.0,goal_1e-11,0.6515,21.021356876791607,0.945
6112272348126668800,300.0,goal_1e-11,0.551,17.133373263522245,0.8675
6755038496304470144,300.0,goal_1e-11,0.508,15.0871358572262,0.865
4283053988756001920,300.0,goal_1e-11,0.525,13.946988766965408,0.923
2599647119044490496,300.0,goal_1e-11,0.504,14.952527152208415,0.8435
490441735713670528,300.0,goal_1e-11,0.5315,14.213653633866391,0.929
4934043968492272896,300.0,goal_1e-11,0.6285,19.147051521270836,0.9715
2621100450623361280,300.0,goal_1e-11,0.86,46.36389651887702,0.9825
1851315420672845056,300.0,goal_1e-11,0.5415,16.442917351910843,0.841
5541455315986463104,300.0,goal_1e-11,0.2475,9.20524449103595,0.742
5976098417137532800,300.0,goal_1e-11,0.423,11.614851307494249,0.8825
28898090451449472,300.0,goal_1e-11,0.342,10.717271342806185,0.773
6592347918267168128,300.0,goal_1e-11,0.6125,19.073332049940618,0.904
5887064359268864256,300.0,goal_1e-11,0.0645,4.390908600428619,0.901
6518913495153329920,300.0,goal_1e-11,0.187,9.032079402109561,0.6355
4600878063941953280,300.0,goal_1e-11,0.333,13.248574502767488,0.632
992845122843798016,300.0,goal_1e-11,0.499,14.523245229421399,0.854
3664521351702250752,300.0,goal_1e-11,0.7655,32.16518692499737,0.953
3711953493050429568,300.0,goal_1e-11,0.523,16.653338888438086,0.7975
5473228871432372992,300.0,goal_1e-11,0.4165,13.753833028585975,0.722
6752384069075512320,300.0,goal_1e-11,0.3785,11.747246152969922,0.7775
4115513220094402048,300.0,goal_1e-11,0.1155,7.6061825950090665,0.6455
4602130957441446400,300.0,goal_1e-11,0.2535,10.559828154633038,0.644
377546664910219776,300.0,goal_1e-11,0.704,24.33516929750623,0.92
4364333977066797056,300.0,goal_1e-11,0.0,5.071400049032289,0.391
5768315046181771904,300.0,goal_1e-11,0.4125,11.214971480006472,0.875
123580919370477952,300.0,goal_1e-11,0.3275,10.547270055955929,0.762
4366334126156046976,300.0,goal_1e-11,0.327,8.69255581992482,0.926
4901782819863332608,300.0,goal_1e-11,0.793,34.87735792335121,0.9795
2151838817854979456,300.0,goal_1e-11,0.057,8.775192568587967,0.427
1343460895402697600,300.0,goal_1e-11,0.7325,25.745305069042697,0.9775
6136053959995638016,300.0,goal_1e-11,0.3385,11.043664229119916,0.7675
2221263218985851520,300.0,goal_1e-11,0.8625,54.36908353663197,0.996
4162186251740404608,300.0,goal_1e-11,0.747,28.261024849761625,0.9895
1678399143976755584,300.0,goal_1e-11,0.6845,22.805835664115204,0.9095
2704125913666895104,300.0,goal_1e-11,0.2635,9.869402313086088,0.7235
5000393997669149952,300.0,goal_1e-11,0.5765,17.806220409719117,0.874
2491206105423269504,300.0,goal_1e-11,0.7305,25.878466773742844,0.937
6274538269849968512,300.0,goal_1e-11,0.4805,12.356368955307854,0.9295
707365862223681408,300.0,goal_1e-11,0.409,11.613294034147675,0.876
4735086373076351744,300.0,goal_1e-11,0.783,31.02307668770958,0.975
2799316059826451328,300.0,goal_1e-11,0.5975,17.99543210048581,0.8945
1875970079134757760,300.0,goal_1e-11,0.435,12.743328523391213,0.8465
1783649894544856960,300.0,goal_1e-11,0.381,11.867098424065068,0.7545
2554116930949289856,300.0,goal_1e-11,0.483,16.20011082764192,0.7545
2753295523906432384,300.0,goal_1e-11,0.357,10.762412589289456,0.815
886990809110955008,300.0,goal_1e-11,0.6735,21.8592695060881,0.974
919018036639891968,300.0,goal_1e-11,0.659,22.726230477566478,0.914
2833555985786735232,300.0,goal_1e-11,0.697,22.670007177379226,0.9695
3023472056569280512,300.0,goal_1e-11,0.5525,14.655764478270756,0.9375
868768602903736832,300.0,goal_1e-11,0.4815,13.626725747476478,0.8625
5178460008866279808,300.0,goal_1e-11,0.4895,14.610577680433002,0.83
3004697238395042176,300.0,goal_1e-11,0.7715,30.735588525171238,0.9805
2346247935526578688,300.0,goal_1e-11,0.554,14.225112045229519,0.965
1933622971340170496,300.0,goal_1e-11,0.3455,11.49109997093095,0.7335
1014188567684692224,300.0,goal_1e-11,0.4905,13.70264168774312,0.8885
5466445022127902976,300.0,goal_1e-11,0.5115,13.687290703713945,0.908
6681692893110527232,300.0,goal_1e-11,0.4845,14.572809909168827,0.831
5185560414440293632,300.0,goal_1e-11,0.711,25.60026570910265,0.93
5800349145690204288,300.0,goal_1e-11,0.449,12.095052562908798,0.9015
4105409399796978944,300.0,goal_1e-11,0.1685,8.063600710475473,0.691
4708692944344873216,300.0,goal_1e-11,0.3075,10.130337984545745,0.7755
2027994226190382848,300.0,goal_1e-11,0.357,11.103037736474768,0.774
2511654375999952640,300.0,goal_1e-11,0.441,13.633530779482447,0.784
5493261389176885632,300.0,goal_1e-11,0.5145,15.394240234259534,0.845
2240388880151078528,300.0,goal_1e-11,0.5015,12.845387540770098,0.9605
5658455555185799040,300.0,goal_1e-11,0.3635,10.129479930539821,0.8645
5052502602489649664,300.0,goal_1e-11,0.7125,25.01909758114924,0.9365
1979258613779627520,300.0,goal_1e-11,0.506,14.112719832637913,0.924
446639254048922112,300.0,goal_1e-11,0.2485,8.49257532670668,0.805
5601915746720479104,300.0,goal_1e-11,0.502,14.563153591731552,0.8585
4776963682897871616,300.0,goal_1e-11,0.775,31.779081442762116,0.965
3280686721529098368,300.0,goal_1e-11,0.3825,10.807427056293859,0.861
1285339370727734400,300.0,goal_1e-11,0.5065,15.747867674868301,0.795
5511484179500121088,300.0,goal_1e-11,0.3935,12.968992648636595,0.7565
519978157091449088,300.0,goal_1e-11,0.103,7.476217884712188,0.5955
3855789469596668544,300.0,goal_1e-11,0.0015,7.7877097476158195,0.328
572054498112591744,300.0,goal_1e-11,0.132,8.552911498252277,0.6115
357842591908022912,300.0,goal_1e-11,0.1515,8.94337312031964,0.614
5927844322167316352,300.0,goal_1e-11,0.005,7.91680492408409,0.362
2281306105868025600,300.0,goal_1e-11,0.4995,16.02851065375787,0.794
6342743866636102528,300.0,goal_1e-11,0.233,9.024810290172184,0.7335
1690963263347609088,300.0,goal_1e-11,0.5445,15.78214827672174,0.866
1230823728796492672,300.0,goal_1e-11,0.465,13.882288569469903,0.81
6411524297547089024,300.0,goal_1e-11,0.456,12.023059244992542,0.919
2935813011016890752,300.0,goal_1e-11,0.3155,11.377385229966391,0.703
1510354597152530176,300.0,goal_1e-11,0.5455,16.52672745682304,0.8945
263711679169833728,300.0,goal_1e-11,0.4415,11.031279302704421,0.9615
2203996935067479424,300.0,goal_1e-11,0.6755,22.56511266729206,0.901
4637390027600793344,300.0,goal_1e-11,0.495,13.651621261605465,0.9045
3326809997366173568,300.0,goal_1e-11,0.5395,16.344512156939153,0.891
359891153870510208,300.0,goal_1e-11,0.778,33.89637022294226,0.979
3194157939562713472,300.0,goal_1e-11,0.5,14.369879740331648,0.8925
5654914887224650240,300.0,goal_1e-11,0.5105,13.597930770319465,0.9185
132596261882440320,300.0,goal_1e-11,0.4525,13.476690926545036,0.838
4262558915898078720,300.0,goal_1e-11,0.475,12.279179015360368,0.939
6149021149160162176,300.0,goal_1e-11,0.2065,9.029816367917682,0.696
2811411825899219200,300.0,goal_1e-11,0.8035,35.36856056863669,0.988
1900800964403932800,300.0,goal_1e-11,0.216,9.210103256761373,0.685
6009934130839583488,300.0,goal_1e-11,0.2255,7.236709177470029,0.9315
6872322302128569344,300.0,goal_1e-11,0.39,10.855061195018207,0.875
4548634356637185792,300.0,goal_1e-11,0.6245,18.713254561288633,0.923
6527091903161249152,300.0,goal_1e-11,0.28,10.480211694953177,0.7225
2639759162947729408,300.0,goal_1e-11,0.1075,9.730800411027747,0.4585
4100927786033595648,300.0,goal_1e-11,0.3825,9.694195722406377,0.9535
5371882654157606912,300.0,goal_1e-11,0.751,28.36323125324276,0.9625
6775009922429158272,300.0,goal_1e-11,0.4525,12.026842670972524,0.948
665668979685323648,300.0,goal_1e-11,0.6985,24.17333071059799,0.9735
1832230956847006592,300.0,goal_1e-11,0.8255,40.01137773446158,0.9565
6284599664533612544,300.0,goal_1e-11,0.5955,17.78355485086285,0.928
4641784775576833536,300.0,goal_1e-11,0.679,22.7010208616584,0.92
4268847611328000256,300.0,goal_1e-11,0.956,168.60905402264513,0.9985
4278176623883730176,300.0,goal_1e-11,0.0135,6.818770170988879,0.486
3267929947104804096,1000.0,current_1e-9,0.355,9.886866556104437,0.9725
5642877846246495360,1000.0,current_1e-9,0.475,14.150238073339317,0.962
6603465041679231872,1000.0,current_1e-9,0.0575,3.5181464040886423,0.998
2046526391572691328,1000.0,current_1e-9,0.077,4.226402606838272,0.988
1016789806037687424,1000.0,current_1e-9,0.0985,4.382532275469055,0.996
5679711000438989312,1000.0,current_1e-9,0.159,5.56340322894409,0.987
2995683893041962368,1000.0,current_1e-9,0.1855,6.12255016861706,0.9845
5953737099445742848,1000.0,current_1e-9,0.0765,3.867322285391624,0.9925
4615401513032729088,1000.0,current_1e-9,0.3935,10.422295884065369,0.9855
3004510772390701696,1000.0,current_1e-9,0.252,7.457444826475738,0.985
4069792782145982080,1000.0,current_1e-9,0.3065,8.541945244600456,0.992
5814108395520777856,1000.0,current_1e-9,0.228,6.586019191830215,0.992
5962272505153840896,1000.0,current_1e-9,0.089,4.4463631841814255,0.995
2149291627370030336,1000.0,current_1e-9,0.3795,10.732095311605605,0.9745
1323478680316848256,1000.0,current_1e-9,0.006,1.973201955541131,0.9965
5260504054704228736,1000.0,current_1e-9,0.2155,6.539789888626786,0.995
5841541455445538432,1000.0,current_1e-9,0.0455,3.2639239035735645,0.9925
3867940039451965952,1000.0,current_1e-9,0.3175,8.853223965070407,0.9855
87878642944408960,1000.0,current_1e-9,0.371,10.046389655357594,0.979
3151482384299373696,1000.0,current_1e-9,0.0855,4.267592293004967,0.998
6181044017297795968,1000.0,current_1e-9,0.2315,6.921067513007341,0.9985
803645216387486720,1000.0,current_1e-9,0.3305,9.009385805093915,0.992
5914174364643486592,1000.0,current_1e-9,0.035,2.9302425281253712,0.996
4797122403959920768,1000.0,current_1e-9,0.198,6.511852617206594,0.9945
2575048093288905088,1000.0,current_1e-9,0.3905,10.888792926936508,0.9905
4229058961259584256,1000.0,current_1e-9,0.084,4.128437477305817,0.997
4561522831932945920,1000.0,current_1e-9,0.158,5.64521078684936,0.9975
2208326773198648320,1000.0,current_1e-9,0.0785,4.07090430505764,0.995
6094128791359632256,1000.0,current_1e-9,0.1405,5.109646139348143,0.994
2769623267282593152,1000.0,current_1e-9,0.0205,2.441138558157709,0.9975
5660807578058341120,1000.0,current_1e-9,0.2015,6.256907895616974,0.99
296496818102428544,1000.0,current_1e-9,0.136,5.04702024812911,0.993
158752853233960704,1000.0,current_1e-9,0.4375,11.787119035559568,0.985
2259514678757235200,1000.0,current_1e-9,0.283,8.144618613559976,0.985
4227855172121285760,1000.0,current_1e-9,0.3375,9.017423799168347,0.994
2196000977264781056,1000.0,current_1e-9,0.2935,8.200977468948759,0.979
1422765267499632640,1000.0,current_1e-9,0.116,4.924492816700438,0.9885
5351303408563334912,1000.0,current_1e-9,0.2695,7.302774527119649,0.998
1364263517961035648,1000.0,current_1e-9,0.337,9.048080062923072,0.982
5274946414813497344,1000.0,current_1e-9,0.4885,14.88643235550401,0.9855
3180960123537829760,1000.0,current_1e-9,0.095,4.410080035826864,0.997
2757278951454094208,1000.0,current_1e-9,0.383,10.818038695867376,0.9855
2703346703520007168,1000.0,current_1e-9,0.2145,6.578223876383079,0.9835
4002529127504102656,1000.0,current_1e-9,0.1535,5.377293115495712,0.996
5421588692928858752,1000.0,current_1e-9,0.3455,9.345730582216849,0.978
6050388913137070848,1000.0,current_1e-9,0.03,2.871091215258725,0.9975
4345060775182367232,1000.0,current_1e-9,0.273,7.845881709168963,0.9815
992946106114748032,1000.0,current_1e-9,0.547,17.11167449387225,0.982
676792841901784192,1000.0,current_1e-9,0.015,2.353824691109586,0.997
218953691837608960,1000.0,current_1e-9,0.0435,3.329541241004996,0.9955
2482368024800833024,1000.0,current_1e-9,0.0515,3.5689082064964497,0.9955
4609966833215963392,1000.0,current_1e-9,0.565,18.06492398564078,0.9775
6844037812175117440,1000.0,current_1e-9,0.003,1.549416984364068,0.9975
6441225886185109632,1000.0,current_1e-9,0.062,3.825455960611283,0.994
1275271417631701504,1000.0,current_1e-9,0.3325,8.902884216566632,0.983
6490173906174556416,1000.0,current_1e-9,0.187,6.1333932704439444,0.982
5940429538445511808,1000.0,current_1e-9,0.33,8.922814530600112,0.9945
3793148372312611456,1000.0,current_1e-9,0.4455,12.41664891296972,0.9835
3138662151736925568,1000.0,current_1e-9,0.4035,10.749549902595346,0.9795
5976199159903812736,1000.0,current_1e-9,0.021,2.7072461496755196,0.9965
1504338722359357568,1000.0,current_1e-9,0.0255,2.7685176832466905,0.993
1688451325954477184,1000.0,current_1e-9,0.283,8.128388332034694,0.991
5889045855385067136,1000.0,current_1e-9,0.3715,10.242610192533066,0.977
4081754605352170496,1000.0,current_1e-9,0.0195,2.5975761029287776,0.9995
2691146831736184576,1000.0,current_1e-9,0.4545,12.250836303141497,0.989
334398010409366400,1000.0,current_1e-9,0.012,2.272063073706878,0.996
1383626089525174016,1000.0,current_1e-9,0.1115,4.795552951485892,0.9865
3702063519102244480,1000.0,current_1e-9,0.1235,4.92351074697381,0.997
5423016683660491264,1000.0,current_1e-9,0.3575,9.847814450624044,0.9785
2804852929801600768,1000.0,current_1e-9,0.46,13.870818178832007,0.992
3114023912926376448,1000.0,current_1e-9,0.0055,1.8850354139980623,0.997
5524591457617244928,1000.0,current_1e-9,0.4065,11.61928811977525,0.9765
4060366016201160320,1000.0,current_1e-9,0.1735,5.757776598228896,0.986
6694638847956909696,1000.0,current_1e-9,0.011,2.1786396599998725,0.997
3039556915253606144,1000.0,current_1e-9,0.175,6.050366050833445,0.9955
6237927045205600000,1000.0,current_1e-9,0.033,3.10520618200489,0.995
1878241773237645184,1000.0,current_1e-9,0.319,8.928983676066055,0.985
4288946748293342080,1000.0,current_1e-9,0.336,8.571345696821426,0.9975
2337648311488015360,1000.0,current_1e-9,0.31,9.091611536768033,0.9875
4395214100433309184,1000.0,current_1e-9,0.1225,4.978080956380894,0.9965
2796277112767076864,1000.0,current_1e-9,0.3645,9.643839821474206,0.986
6016504747910034432,1000.0,current_1e-9,0.581,18.837300316344948,0.9645
5166280100090122880,1000.0,current_1e-9,0.103,4.415477616672633,0.995
1130573557111974912,1000.0,current_1e-9,0.1865,6.005211290904254,0.9935
164738354017665664,1000.0,current_1e-9,0.396,10.222548534511866,0.968
1761771910959772032,1000.0,current_1e-9,0.492,15.22619825124639,0.9745
1329848490477856768,1000.0,current_1e-9,0.4035,10.903246678363292,0.9995
3311535375672171776,1000.0,current_1e-9,0.1715,6.0591142741861015,0.993
6112272348126668800,1000.0,current_1e-9,0.2305,6.9003270463026185,0.9865
6755038496304470144,1000.0,current_1e-9,0.1865,6.225336859767464,0.991
4283053988756001920,1000.0,current_1e-9,0.052,3.4271784229489866,0.9945
2599647119044490496,1000.0,current_1e-9,0.293,8.203859251963683,0.9885
490441735713670528,1000.0,current_1e-9,0.036,3.0125229502903177,0.9925
4934043968492272896,1000.0,current_1e-9,0.007,1.98369474115651,0.9965
2621100450623361280,1000.0,current_1e-9,0.163,5.558757828438448,0.9995
1851315420672845056,1000.0,current_1e-9,0.441,12.305990105981394,0.989
5541455315986463104,1000.0,current_1e-9,0.402,11.186604823733516,0.9835
5976098417137532800,1000.0,current_1e-9,0.1965,6.146248660200931,0.993
28898090451449472,1000.0,current_1e-9,0.3195,9.078190761288464,0.98
6592347918267168128,1000.0,current_1e-9,0.1955,6.2614934895867895,0.985
5887064359268864256,1000.0,current_1e-9,0.193,6.2020347946495304,0.9895
6518913495153329920,1000.0,current_1e-9,0.405,11.16524993974884,0.9715
4600878063941953280,1000.0,current_1e-9,0.5275,15.646996141755828,0.9675
992845122843798016,1000.0,current_1e-9,0.326,9.249618303468056,0.985
3664521351702250752,1000.0,current_1e-9,0.201,6.519220448279279,0.9965
3711953493050429568,1000.0,current_1e-9,0.517,15.444331426523137,0.982
5473228871432372992,1000.0,current_1e-9,0.478,14.057631632032681,0.9765
6752384069075512320,1000.0,current_1e-9,0.212,6.724617457335675,0.983
4115513220094402048,1000.0,current_1e-9,0.4175,11.42770606459029,0.975
4602130957441446400,1000.0,current_1e-9,0.4135,11.291165337337077,0.9715
377546664910219776,1000.0,current_1e-9,0.4425,12.793577681689925,0.993
4364333977066797056,1000.0,current_1e-9,0.516,15.054017768449519,0.952
5768315046181771904,1000.0,current_1e-9,0.087,4.156661684142935,0.986
123580919370477952,1000.0,current_1e-9,0.4205,11.398702752069468,0.9835
4366334126156046976,1000.0,current_1e-9,0.052,3.5438281476823206,0.995
4901782819863332608,1000.0,current_1e-9,0.0695,3.718427118761815,0.9975
2151838817854979456,1000.0,current_1e-9,0.509,15.452691706840858,0.953
1343460895402697600,1000.0,current_1e-9,0.009,2.239530870204001,0.9995
6136053959995638016,1000.0,current_1e-9,0.359,9.741736501453063,0.98
2221263218985851520,1000.0,current_1e-9,0.0105,2.091237152784462,1.0
4162186251740404608,1000.0,current_1e-9,0.0075,1.9802649769574878,0.9995
1678399143976755584,1000.0,current_1e-9,0.362,9.631848273386806,0.9945
2704125913666895104,1000.0,current_1e-9,0.399,11.16864219977652,0.978
5000393997669149952,1000.0,current_1e-9,0.2905,8.103500701635681,0.9885
2491206105423269504,1000.0,current_1e-9,0.3995,10.768682762710405,0.991
6274538269849968512,1000.0,current_1e-9,0.022,2.704980074232106,0.995
707365862223681408,1000.0,current_1e-9,0.1485,5.429628485008991,0.9895
4735086373076351744,1000.0,current_1e-9,0.0655,3.7293074225493554,0.9975
2799316059826451328,1000.0,current_1e-9,0.1965,6.199321037476434,0.989
1875970079134757760,1000.0,current_1e-9,0.1265,4.839133978486429,0.985
1783649894544856960,1000.0,current_1e-9,0.4075,10.929708631446669,0.9795
2554116930949289856,1000.0,current_1e-9,0.5245,16.023981588443128,0.975
2753295523906432384,1000.0,current_1e-9,0.17,5.790905866999355,0.984
886990809110955008,1000.0,current_1e-9,0.0115,2.0652124295800633,0.997
919018036639891968,1000.0,current_1e-9,0.261,7.433238593204971,0.992
2833555985786735232,1000.0,current_1e-9,0.0175,2.4634882535055285,0.9975
3023472056569280512,1000.0,current_1e-9,0.026,2.7876181135499616,0.9955
868768602903736832,1000.0,current_1e-9,0.1255,5.011767933448969,0.9915
5178460008866279808,1000.0,current_1e-9,0.345,9.152413821537325,0.9935
3004697238395042176,1000.0,current_1e-9,0.0165,2.614221536127246,0.999
2346247935526578688,1000.0,current_1e-9,0.011,2.3330926305375126,0.9985
1933622971340170496,1000.0,current_1e-9,0.43,11.927210785019069,0.9805
1014188567684692224,1000.0,current_1e-9,0.083,4.214411356419755,0.989
5466445022127902976,1000.0,current_1e-9,0.2115,6.425571473614908,0.9955
6681692893110527232,1000.0,current_1e-9,0.2965,8.818236864702122,0.99
5185560414440293632,1000.0,current_1e-9,0.392,10.77987110446813,0.9955
5800349145690204288,1000.0,current_1e-9,0.099,4.360763368145988,0.9915
4105409399796978944,1000.0,current_1e-9,0.438,12.069334768802593,0.972
4708692944344873216,1000.0,current_1e-9,0.3725,10.296510912910879,0.989
2027994226190382848,1000.0,current_1e-9,0.2655,7.5990389892085135,0.975
2511654375999952640,1000.0,current_1e-9,0.4185,11.550196917068988,0.988
5493261389176885632,1000.0,current_1e-9,0.3785,10.511100927393189,0.9815
2240388880151078528,1000.0,current_1e-9,0.0065,1.8142196889672182,0.9965
5658455555185799040,1000.0,current_1e-9,0.095,4.34975576679217,0.9925
5052502602489649664,1000.0,current_1e-9,0.3025,8.25307733194594,0.992
1979258613779627520,1000.0,current_1e-9,0.0355,3.110152554059015,0.994
446639254048922112,1000.0,current_1e-9,0.279,8.12662377003784,0.982
5601915746720479104,1000.0,current_1e-9,0.216,6.705210997144604,0.9845
4776963682897871616,1000.0,current_1e-9,0.335,8.790058447127095,0.9975
3280686721529098368,1000.0,current_1e-9,0.1045,4.767871985813158,0.991
1285339370727734400,1000.0,current_1e-9,0.551,17.58930728838903,0.9835
5511484179500121088,1000.0,current_1e-9,0.4745,13.844994727978547,0.9785
519978157091449088,1000.0,current_1e-9,0.361,10.163938197376032,0.97
3855789469596668544,1000.0,current_1e-9,0.511,15.452078779880122,0.9575
572054498112591744,1000.0,current_1e-9,0.382,10.882626742559761,0.9705
357842591908022912,1000.0,current_1e-9,0.41,11.662312745090267,0.9755
5927844322167316352,1000.0,current_1e-9,0.544,16.47809311960904,0.965
2281306105868025600,1000.0,current_1e-9,0.4905,14.296106799404576,0.989
6342743866636102528,1000.0,current_1e-9,0.2575,7.837830685887133,0.9805
1690963263347609088,1000.0,current_1e-9,0.151,5.735126773117061,0.9835
1230823728796492672,1000.0,current_1e-9,0.2425,7.082015509726674,0.984
6411524297547089024,1000.0,current_1e-9,0.026,2.863394526198773,0.9945
2935813011016890752,1000.0,current_1e-9,0.3735,10.38529276680751,0.9775
1510354597152530176,1000.0,current_1e-9,0.2225,6.506287119198,0.992
263711679169833728,1000.0,current_1e-9,0.0055,1.812666962209546,0.998
2203996935067479424,1000.0,current_1e-9,0.552,17.24202736077419,0.9915
4637390027600793344,1000.0,current_1e-9,0.062,3.7081290081938465,0.993
3326809997366173568,1000.0,current_1e-9,0.119,4.824553807644606,0.9925
359891153870510208,1000.0,current_1e-9,0.036,2.9024960812359777,0.9975
3194157939562713472,1000.0,current_1e-9,0.111,4.7124051624584045,0.99
5654914887224650240,1000.0,current_1e-9,0.117,5.1295280892427835,0.994
132596261882440320,1000.0,current_1e-9,0.1745,6.039639315235328,0.9905
4262558915898078720,1000.0,current_1e-9,0.019,2.4488246098263113,0.992
6149021149160162176,1000.0,current_1e-9,0.318,8.890084841955064,0.9765
2811411825899219200,1000.0,current_1e-9,0.0115,2.1101101671444993,0.999
1900800964403932800,1000.0,current_1e-9,0.327,9.152495518723507,0.979
6009934130839583488,1000.0,current_1e-9,0.0115,2.1205798001005407,0.9945
6872322302128569344,1000.0,current_1e-9,0.1425,5.200220502941482,0.99
4548634356637185792,1000.0,current_1e-9,0.1,4.517344406921346,0.9925
6527091903161249152,1000.0,current_1e-9,0.3175,9.065421682849898,0.986
2639759162947729408,1000.0,current_1e-9,0.519,16.317038012663737,0.9595
4100927786033595648,1000.0,current_1e-9,0.006,1.717118860162026,0.9975
5371882654157606912,1000.0,current_1e-9,0.092,4.373657026368341,0.9965
6775009922429158272,1000.0,current_1e-9,0.01,2.0385055292473253,0.9965
665668979685323648,1000.0,current_1e-9,0.0125,2.4137291435261967,0.998
1832230956847006592,1000.0,current_1e-9,0.469,13.860120970355872,0.994
6284599664533612544,1000.0,current_1e-9,0.118,4.78610358972228,0.9955
4641784775576833536,1000.0,current_1e-9,0.2685,7.788209960668186,0.9925
4268847611328000256,1000.0,current_1e-9,0.297,8.020185386438639,0.9995
4278176623883730176,1000.0,current_1e-9,0.445,12.879122379760865,0.9665
3267929947104804096,1000.0,nearterm_1e-10,0.801,37.95085586173751,0.9725
5642877846246495360,1000.0,nearterm_1e-10,0.813,38.78901747362618,0.962
6603465041679231872,1000.0,nearterm_1e-10,0.7165,32.69350499769537,0.998
2046526391572691328,1000.0,nearterm_1e-10,0.7165,32.580731038662385,0.988
1016789806037687424,1000.0,nearterm_1e-10,0.7665,38.87603599823219,0.996
5679711000438989312,1000.0,nearterm_1e-10,0.699,23.321258070921,0.987
2995683893041962368,1000.0,nearterm_1e-10,0.77,39.29726235142893,0.9845
5953737099445742848,1000.0,nearterm_1e-10,0.703,28.541733126473954,0.9925
4615401513032729088,1000.0,nearterm_1e-10,0.844,46.55774340177813,0.9855
3004510772390701696,1000.0,nearterm_1e-10,0.8005,46.18489026588296,0.985
4069792782145982080,1000.0,nearterm_1e-10,0.83,52.422089731600344,0.992
5814108395520777856,1000.0,nearterm_1e-10,0.818,45.71888201709793,0.992
5962272505153840896,1000.0,nearterm_1e-10,0.746,38.095631274802784,0.995
2149291627370030336,1000.0,nearterm_1e-10,0.7925,36.605693058193154,0.9745
1323478680316848256,1000.0,nearterm_1e-10,0.577,18.410582534658595,0.9965
5260504054704228736,1000.0,nearterm_1e-10,0.809,50.01555105233542,0.995
5841541455445538432,1000.0,nearterm_1e-10,0.673,26.402663451507486,0.9925
3867940039451965952,1000.0,nearterm_1e-10,0.825,54.13515656008052,0.9855
87878642944408960,1000.0,nearterm_1e-10,0.827,43.68585063427244,0.979
3151482384299373696,1000.0,nearterm_1e-10,0.7375,38.5010982668977,0.998
6181044017297795968,1000.0,nearterm_1e-10,0.8105,60.68934498159719,0.9985
803645216387486720,1000.0,nearterm_1e-10,0.8355,63.918221985383155,0.992
5914174364643486592,1000.0,nearterm_1e-10,0.6505,26.188306654211928,0.996
4797122403959920768,1000.0,nearterm_1e-10,0.7905,48.12871723352831,0.9945
2575048093288905088,1000.0,nearterm_1e-10,0.8475,60.097978906198996,0.9905
4229058961259584256,1000.0,nearterm_1e-10,0.74,38.00360742158994,0.997
4561522831932945920,1000.0,nearterm_1e-10,0.7875,46.071926516501726,0.9975
2208326773198648320,1000.0,nearterm_1e-10,0.731,35.975745896847485,0.995
6094128791359632256,1000.0,nearterm_1e-10,0.7625,41.3855677059744,0.994
2769623267282593152,1000.0,nearterm_1e-10,0.6175,22.83694776319326,0.9975
5660807578058341120,1000.0,nearterm_1e-10,0.793,43.024013034572526,0.99
296496818102428544,1000.0,nearterm_1e-10,0.76,40.916839867545036,0.993
158752853233960704,1000.0,nearterm_1e-10,0.779,32.3505036282141,0.985
2259514678757235200,1000.0,nearterm_1e-10,0.795,39.5906328166603,0.985
4227855172121285760,1000.0,nearterm_1e-10,0.8325,54.81877317629662,0.994
2196000977264781056,1000.0,nearterm_1e-10,0.8,48.405303171369845,0.979
1422765267499632640,1000.0,nearterm_1e-10,0.75,37.21073085432292,0.9885
5351303408563334912,1000.0,nearterm_1e-10,0.8095,44.79490103997609,0.998
1364263517961035648,1000.0,nearterm_1e-10,0.8165,44.19435308942379,0.982
5274946414813497344,1000.0,nearterm_1e-10,0.8565,59.67155499949398,0.9855
3180960123537829760,1000.0,nearterm_1e-10,0.7365,37.781747465475945,0.997
2757278951454094208,1000.0,nearterm_1e-10,0.8305,44.970073313511,0.9855
2703346703520007168,1000.0,nearterm_1e-10,0.774,38.60913982054018,0.9835
4002529127504102656,1000.0,nearterm_1e-10,0.77,46.89880462466453,0.996
5421588692928858752,1000.0,nearterm_1e-10,0.81,38.908728975983905,0.978
6050388913137070848,1000.0,nearterm_1e-10,0.652,24.197402449828328,0.9975
4345060775182367232,1000.0,nearterm_1e-10,0.7865,36.11061932635071,0.9815
992946106114748032,1000.0,nearterm_1e-10,0.879,64.4669049684119,0.982
676792841901784192,1000.0,nearterm_1e-10,0.616,21.979051464436402,0.997
218953691837608960,1000.0,nearterm_1e-10,0.7005,28.434629070841112,0.9955
2482368024800833024,1000.0,nearterm_1e-10,0.7025,31.37413366744596,0.9955
4609966833215963392,1000.0,nearterm_1e-10,0.852,51.69547676346204,0.9775
6844037812175117440,1000.0,nearterm_1e-10,0.516,14.989339984577809,0.9975
6441225886185109632,1000.0,nearterm_1e-10,0.702,31.481044633611397,0.994
1275271417631701504,1000.0,nearterm_1e-10,0.8015,46.229155004100676,0.983
6490173906174556416,1000.0,nearterm_1e-10,0.768,39.44866703719151,0.982
5940429538445511808,1000.0,nearterm_1e-10,0.8345,65.34249864329853,0.9945
3793148372312611456,1000.0,nearterm_1e-10,0.8405,52.87629633723144,0.9835
3138662151736925568,1000.0,nearterm_1e-10,0.815,42.314646760025134,0.9795
5976199159903812736,1000.0,nearterm_1e-10,0.6335,22.185358176071258,0.9965
1504338722359357568,1000.0,nearterm_1e-10,0.6595,25.249832854294446,0.993
1688451325954477184,1000.0,nearterm_1e-10,0.824,54.78887395378017,0.991
5889045855385067136,1000.0,nearterm_1e-10,0.8205,40.285618131805364,0.977
4081754605352170496,1000.0,nearterm_1e-10,0.655,24.954669845306924,0.9995
2691146831736184576,1000.0,nearterm_1e-10,0.8555,51.42936816191468,0.989
334398010409366400,1000.0,nearterm_1e-10,0.6255,21.24204774494681,0.996
1383626089525174016,1000.0,nearterm_1e-10,0.7405,35.53009274109376,0.9865
3702063519102244480,1000.0,nearterm_1e-10,0.7705,42.68395379803275,0.997
5423016683660491264,1000.0,nearterm_1e-10,0.8195,41.73466410404611,0.9785
2804852929801600768,1000.0,nearterm_1e-10,0.87,81.84882779384822,0.992
3114023912926376448,1000.0,nearterm_1e-10,0.576,17.87168845083892,0.997
5524591457617244928,1000.0,nearterm_1e-10,0.8165,46.347318298653285,0.9765
4060366016201160320,1000.0,nearterm_1e-10,0.337,8.3771463270719,0.986
6694638847956909696,1000.0,nearterm_1e-10,0.596,20.083835291129194,0.997
3039556915253606144,1000.0,nearterm_1e-10,0.7825,46.773302378620265,0.9955
6237927045205600000,1000.0,nearterm_1e-10,0.6675,24.158542433260767,0.995
1878241773237645184,1000.0,nearterm_1e-10,0.82,46.04754095568047,0.985
4288946748293342080,1000.0,nearterm_1e-10,0.841,75.00640450592604,0.9975
2337648311488015360,1000.0,nearterm_1e-10,0.8385,53.39862648127298,0.9875
4395214100433309184,1000.0,nearterm_1e-10,0.761,42.870872954749665,0.9965
2796277112767076864,1000.0,nearterm_1e-10,0.7655,30.762713852142124,0.986
6016504747910034432,1000.0,nearterm_1e-10,0.8375,42.821153491740525,0.9645
5166280100090122880,1000.0,nearterm_1e-10,0.7495,39.03406617573286,0.995
1130573557111974912,1000.0,nearterm_1e-10,0.789,47.62365704435376,0.9935
164738354017665664,1000.0,nearterm_1e-10,0.594,16.011318577220976,0.968
1761771910959772032,1000.0,nearterm_1e-10,0.8485,51.41175497187113,0.9745
1329848490477856768,1000.0,nearterm_1e-10,0.8605,89.5334342365585,0.9995
3311535375672171776,1000.0,nearterm_1e-10,0.765,45.48680622469811,0.993
6112272348126668800,1000.0,nearterm_1e-10,0.791,46.892911901651566,0.9865
6755038496304470144,1000.0,nearterm_1e-10,0.7845,42.497218153452614,0.991
4283053988756001920,1000.0,nearterm_1e-10,0.6905,28.662835336908298,0.9945
2599647119044490496,1000.0,nearterm_1e-10,0.8255,48.1818426941958,0.9885
490441735713670528,1000.0,nearterm_1e-10,0.6755,26.337012619211112,0.9925
4934043968492272896,1000.0,nearterm_1e-10,0.584,18.969318816031585,0.9965
2621100450623361280,1000.0,nearterm_1e-10,0.793,51.191844219399194,0.9995
1851315420672845056,1000.0,nearterm_1e-10,0.855,57.669689052188076,0.989
5541455315986463104,1000.0,nearterm_1e-10,0.824,40.37188845168217,0.9835
5976098417137532800,1000.0,nearterm_1e-10,0.761,38.39234456426984,0.993
28898090451449472,1000.0,nearterm_1e-10,0.7945,41.98266784338237,0.98
6592347918267168128,1000.0,nearterm_1e-10,0.7855,46.328040823871895,0.985
5887064359268864256,1000.0,nearterm_1e-10,0.6975,23.701242585913672,0.9895
6518913495153329920,1000.0,nearterm_1e-10,0.816,40.02520070844558,0.9715
4600878063941953280,1000.0,nearterm_1e-10,0.8615,53.5334606560421,0.9675
992845122843798016,1000.0,nearterm_1e-10,0.831,49.48850254341331,0.985
3664521351702250752,1000.0,nearterm_1e-10,0.7845,53.87242685988046,0.9965
3711953493050429568,1000.0,nearterm_1e-10,0.871,61.405389334770476,0.982
5473228871432372992,1000.0,nearterm_1e-10,0.851,53.613641530091414,0.9765
6752384069075512320,1000.0,nearterm_1e-10,0.776,39.91448746314365,0.983
4115513220094402048,1000.0,nearterm_1e-10,0.7955,35.99082984241954,0.975
4602130957441446400,1000.0,nearterm_1e-10,0.82,44.034211317608204,0.9715
377546664910219776,1000.0,nearterm_1e-10,0.869,71.45102036058819,0.993
4364333977066797056,1000.0,nearterm_1e-10,0.7495,28.084270878517316,0.952
5768315046181771904,1000.0,nearterm_1e-10,0.719,31.304720274409622,0.986
123580919370477952,1000.0,nearterm_1e-10,0.8285,44.11738554860714,0.9835
4366334126156046976,1000.0,nearterm_1e-10,0.686,26.364112251365746,0.995
4901782819863332608,1000.0,nearterm_1e-10,0.7185,34.81729222770366,0.9975
2151838817854979456,1000.0,nearterm_1e-10,0.816,40.737916621181384,0.953
1343460895402697600,1000.0,nearterm_1e-10,0.6305,21.643711520318234,0.9995
6136053959995638016,1000.0,nearterm_1e-10,0.82,43.54937289235114,0.98
2221263218985851520,1000.0,nearterm_1e-10,0.604,20.71969279512392,1.0
4162186251740404608,1000.0,nearterm_1e-10,0.577,19.29474407603495,0.9995
1678399143976755584,1000.0,nearterm_1e-10,0.8465,62.25512939626487,0.9945
2704125913666895104,1000.0,nearterm_1e-10,0.8155,42.0246412644955,0.978
5000393997669149952,1000.0,nearterm_1e-10,0.8075,51.724100336754105,0.9885
2491206105423269504,1000.0,nearterm_1e-10,0.8595,68.59167564215544,0.991
6274538269849968512,1000.0,nearterm_1e-10,0.6515,23.713642029916397,0.995
707365862223681408,1000.0,nearterm_1e-10,0.7435,36.076723953689786,0.9895
4735086373076351744,1000.0,nearterm_1e-10,0.7165,34.62697117559427,0.9975
2799316059826451328,1000.0,nearterm_1e-10,0.7815,45.21459337393273,0.989
1875970079134757760,1000.0,nearterm_1e-10,0.739,35.39698510334265,0.985
1783649894544856960,1000.0,nearterm_1e-10,0.828,46.72422185619248,0.9795
2554116930949289856,1000.0,nearterm_1e-10,0.861,60.73805028310951,0.975
2753295523906432384,1000.0,nearterm_1e-10,0.768,36.297192213863845,0.984
886990809110955008,1000.0,nearterm_1e-10,0.5925,19.86259345130943,0.997
919018036639891968,1000.0,nearterm_1e-10,0.8095,53.83305080376236,0.992
2833555985786735232,1000.0,nearterm_1e-10,0.644,23.294573657898916,0.9975
3023472056569280512,1000.0,nearterm_1e-10,0.6725,24.937153500265154,0.9955
868768602903736832,1000.0,nearterm_1e-10,0.752,36.814514481693145,0.9915
5178460008866279808,1000.0,nearterm_1e-10,0.831,49.707890953203886,0.9935
3004697238395042176,1000.0,nearterm_1e-10,0.6455,24.971711885442012,0.999
2346247935526578688,1000.0,nearterm_1e-10,0.6315,21.43338024234064,0.9985
1933622971340170496,1000.0,nearterm_1e-10,0.8255,46.55324631466464,0.9805
1014188567684692224,1000.0,nearterm_1e-10,0.7245,33.02968301409144,0.989
5466445022127902976,1000.0,nearterm_1e-10,0.8,41.88481296826597,0.9955
6681692893110527232,1000.0,nearterm_1e-10,0.823,48.30334821581833,0.99
5185560414440293632,1000.0,nearterm_1e-10,0.8445,68.37260738323448,0.9955
5800349145690204288,1000.0,nearterm_1e-10,0.7285,32.700892194381034,0.9915
4105409399796978944,1000.0,nearterm_1e-10,0.808,37.567334033087825,0.972
4708692944344873216,1000.0,nearterm_1e-10,0.8275,42.11369862944806,0.989
2027994226190382848,1000.0,nearterm_1e-10,0.8035,40.7632806017956,0.975
2511654375999952640,1000.0,nearterm_1e-10,0.8425,51.1599722881842,0.988
5493261389176885632,1000.0,nearterm_1e-10,0.8225,52.936161415424564,0.9815
2240388880151078528,1000.0,nearterm_1e-10,0.5475,16.78853122785808,0.9965
5658455555185799040,1000.0,nearterm_1e-10,0.734,31.08687063932442,0.9925
5052502602489649664,1000.0,nearterm_1e-10,0.8225,59.30185306065281,0.992
1979258613779627520,1000.0,nearterm_1e-10,0.665,26.818533959470187,0.994
446639254048922112,1000.0,nearterm_1e-10,0.788,36.105011176355134,0.982
5601915746720479104,1000.0,nearterm_1e-10,0.7955,43.85075488678271,0.9845
4776963682897871616,1000.0,nearterm_1e-10,0.8315,66.99957864673249,0.9975
3280686721529098368,1000.0,nearterm_1e-10,0.7485,33.06535497393612,0.991
1285339370727734400,1000.0,nearterm_1e-10,0.868,60.576393287569694,0.9835
5511484179500121088,1000.0,nearterm_1e-10,0.8575,51.69842869668551,0.9785
519978157091449088,1000.0,nearterm_1e-10,0.7865,34.93754452784836,0.97
3855789469596668544,1000.0,nearterm_1e-10,0.807,37.553665573330285,0.9575
572054498112591744,1000.0,nearterm_1e-10,0.805,38.505793192171275,0.9705
357842591908022912,1000.0,nearterm_1e-10,0.8125,39.9578817669141,0.9755
5927844322167316352,1000.0,nearterm_1e-10,0.8255,38.37409019551781,0.965
2281306105868025600,1000.0,nearterm_1e-10,0.866,58.86913230049265,0.989
6342743866636102528,1000.0,nearterm_1e-10,0.788,36.96221368563911,0.9805
1690963263347609088,1000.0,nearterm_1e-10,0.75,41.07794164462003,0.9835
1230823728796492672,1000.0,nearterm_1e-10,0.7905,44.00613801421419,0.984
6411524297547089024,1000.0,nearterm_1e-10,0.665,24.463849964322936,0.9945
2935813011016890752,1000.0,nearterm_1e-10,0.835,45.15424684582188,0.9775
1510354597152530176,1000.0,nearterm_1e-10,0.781,45.05767380015494,0.992
263711679169833728,1000.0,nearterm_1e-10,0.552,16.71077974086593,0.998
2203996935067479424,1000.0,nearterm_1e-10,0.886,75.50411560404137,0.9915
4637390027600793344,1000.0,nearterm_1e-10,0.71,30.426814173596284,0.993
3326809997366173568,1000.0,nearterm_1e-10,0.745,37.70321557871577,0.9925
359891153870510208,1000.0,nearterm_1e-10,0.664,27.914109142049746,0.9975
3194157939562713472,1000.0,nearterm_1e-10,0.7325,35.61195573143457,0.99
5654914887224650240,1000.0,nearterm_1e-10,0.7555,36.62721593841071,0.994
132596261882440320,1000.0,nearterm_1e-10,0.7805,40.230527135332196,0.9905
4262558915898078720,1000.0,nearterm_1e-10,0.6275,21.960590225420113,0.992
6149021149160162176,1000.0,nearterm_1e-10,0.796,38.25328590066561,0.9765
2811411825899219200,1000.0,nearterm_1e-10,0.6035,20.657568468059928,0.999
1900800964403932800,1000.0,nearterm_1e-10,0.799,38.90945906204868,0.979
6009934130839583488,1000.0,nearterm_1e-10,0.576,18.023595672430837,0.9945
6872322302128569344,1000.0,nearterm_1e-10,0.753,34.80800493281852,0.99
4548634356637185792,1000.0,nearterm_1e-10,0.7585,37.29128695137013,0.9925
6527091903161249152,1000.0,nearterm_1e-10,0.817,41.6358968533111,0.986
2639759162947729408,1000.0,nearterm_1e-10,0.8215,43.77921033466559,0.9595
4100927786033595648,1000.0,nearterm_1e-10,0.553,15.916747882285813,0.9975
5371882654157606912,1000.0,nearterm_1e-10,0.751,39.342467844282695,0.9965
6775009922429158272,1000.0,nearterm_1e-10,0.5665,18.686455447755012,0.9965
665668979685323648,1000.0,nearterm_1e-10,0.631,22.84243995628024,0.998
1832230956847006592,1000.0,nearterm_1e-10,0.8775,93.43778266634179,0.994
6284599664533612544,1000.0,nearterm_1e-10,0.7405,37.95960905498924,0.9955
4641784775576833536,1000.0,nearterm_1e-10,0.8225,55.3590351223386,0.9925
4268847611328000256,1000.0,nearterm_1e-10,0.845,78.93570266033595,0.9995
4278176623883730176,1000.0,nearterm_1e-10,0.7765,33.82503026082394,0.9665
3267929947104804096,1000.0,goal_1e-11,0.838,43.235536762754855,0.9725
5642877846246495360,1000.0,goal_1e-11,0.8425,41.44166613360088,0.962
6603465041679231872,1000.0,goal_1e-11,0.9235,104.29305566660032,0.998
2046526391572691328,1000.0,goal_1e-11,0.8865,60.30999392982273,0.988
1016789806037687424,1000.0,goal_1e-11,0.9405,100.71947188624756,0.996
5679711000438989312,1000.0,goal_1e-11,0.756,27.086686604288154,0.987
2995683893041962368,1000.0,goal_1e-11,0.8865,57.43979332249821,0.9845
5953737099445742848,1000.0,goal_1e-11,0.853,48.358573060425805,0.9925
4615401513032729088,1000.0,goal_1e-11,0.9025,55.35786098239159,0.9855
3004510772390701696,1000.0,goal_1e-11,0.9025,65.96219651781206,0.985
4069792782145982080,1000.0,goal_1e-11,0.922,74.48454714369258,0.992
5814108395520777856,1000.0,goal_1e-11,0.919,71.6068155057437,0.992
5962272505153840896,1000.0,goal_1e-11,0.9185,90.16220784450863,0.995
2149291627370030336,1000.0,goal_1e-11,0.835,40.66226139761463,0.9745
1323478680316848256,1000.0,goal_1e-11,0.875,61.4811746514784,0.9965
5260504054704228736,1000.0,goal_1e-11,0.9355,90.67630707782311,0.995
5841541455445538432,1000.0,goal_1e-11,0.8565,52.491341658495,0.9925
3867940039451965952,1000.0,goal_1e-11,0.91,76.74381265867137,0.9855
87878642944408960,1000.0,goal_1e-11,0.88,51.544108709473136,0.979
3151482384299373696,1000.0,goal_1e-11,0.9295,112.13006527908365,0.998
6181044017297795968,1000.0,goal_1e-11,0.957,149.73944084590838,0.9985
803645216387486720,1000.0,goal_1e-11,0.938,104.0471730869223,0.992
5914174364643486592,1000.0,goal_1e-11,0.899,70.69915085232432,0.996
4797122403959920768,1000.0,goal_1e-11,0.916,84.15576297668521,0.9945
2575048093288905088,1000.0,goal_1e-11,0.922,79.84106924854629,0.9905
4229058961259584256,1000.0,goal_1e-11,0.938,114.23380393314099,0.997
4561522831932945920,1000.0,goal_1e-11,0.9325,94.87907333386082,0.9975
2208326773198648320,1000.0,goal_1e-11,0.929,92.26453745727014,0.995
6094128791359632256,1000.0,goal_1e-11,0.9235,83.49781272728796,0.994
2769623267282593152,1000.0,goal_1e-11,0.8975,76.9129512650709,0.9975
5660807578058341120,1000.0,goal_1e-11,0.917,67.53732859124008,0.99
296496818102428544,1000.0,goal_1e-11,0.918,81.17167648297142,0.993
158752853233960704,1000.0,goal_1e-11,0.807,34.58384166268896,0.985
2259514678757235200,1000.0,goal_1e-11,0.8695,48.78669104044548,0.985
4227855172121285760,1000.0,goal_1e-11,0.9265,76.62551484966691,0.994
2196000977264781056,1000.0,goal_1e-11,0.905,66.4675290389332,0.979
1422765267499632640,1000.0,goal_1e-11,0.9,66.43124605246628,0.9885
5351303408563334912,1000.0,goal_1e-11,0.904,62.97468251785754,0.998
1364263517961035648,1000.0,goal_1e-11,0.8835,54.42868594872058,0.982
5274946414813497344,1000.0,goal_1e-11,0.9025,69.10787025451914,0.9855
3180960123537829760,1000.0,goal_1e-11,0.919,89.04253005803757,0.997
2757278951454094208,1000.0,goal_1e-11,0.8835,52.73261801639161,0.9855
2703346703520007168,1000.0,goal_1e-11,0.8775,52.63092784511167,0.9835
4002529127504102656,1000.0,goal_1e-11,0.935,115.75878607609718,0.996
5421588692928858752,1000.0,goal_1e-11,0.864,45.23299592757088,0.978
6050388913137070848,1000.0,goal_1e-11,0.869,52.700319966837846,0.9975
4345060775182367232,1000.0,goal_1e-11,0.859,43.54004915563409,0.9815
992946106114748032,1000.0,goal_1e-11,0.9275,73.63334232684673,0.982
676792841901784192,1000.0,goal_1e-11,0.8935,71.91142920930487,0.997
218953691837608960,1000.0,goal_1e-11,0.897,65.63699356499802,0.9955
2482368024800833024,1000.0,goal_1e-11,0.904,78.83240305892045,0.9955
4609966833215963392,1000.0,goal_1e-11,0.8815,55.629595070140404,0.9775
6844037812175117440,1000.0,goal_1e-11,0.8695,67.06734730616759,0.9975
6441225886185109632,1000.0,goal_1e-11,0.8945,70.55240287170865,0.994
1275271417631701504,1000.0,goal_1e-11,0.877,58.72492380637325,0.983
6490173906174556416,1000.0,goal_1e-11,0.8885,58.09988128979743,0.982
5940429538445511808,1000.0,goal_1e-11,0.9465,110.31741259969293,0.9945
3793148372312611456,1000.0,goal_1e-11,0.895,62.14486244583565,0.9835
3138662151736925568,1000.0,goal_1e-11,0.873,48.57586146026719,0.9795
5976199159903812736,1000.0,goal_1e-11,0.858,46.83596842330016,0.9965
1504338722359357568,1000.0,goal_1e-11,0.9055,75.79471790916305,0.993
1688451325954477184,1000.0,goal_1e-11,0.9295,84.06292398450107,0.991
5889045855385067136,1000.0,goal_1e-11,0.8585,46.16371912531226,0.977
4081754605352170496,1000.0,goal_1e-11,0.9125,105.47315156673017,0.9995
2691146831736184576,1000.0,goal_1e-11,0.912,60.000858524418405,0.989
334398010409366400,1000.0,goal_1e-11,0.897,70.30191476925202,0.996
1383626089525174016,1000.0,goal_1e-11,0.888,61.873808104692436,0.9865
3702063519102244480,1000.0,goal_1e-11,0.935,104.52778644985925,0.997
5423016683660491264,1000.0,goal_1e-11,0.876,49.00865865439264,0.9785
2804852929801600768,1000.0,goal_1e-11,0.945,114.99308517906684,0.992
3114023912926376448,1000.0,goal_1e-11,0.8815,65.68842237269187,0.997
5524591457617244928,1000.0,goal_1e-11,0.875,53.609098998561606,0.9765
4060366016201160320,1000.0,goal_1e-11,0.351,8.528908021989166,0.986
6694638847956909696,1000.0,goal_1e-11,0.8695,61.048418918387604,0.997
3039556915253606144,1000.0,goal_1e-11,0.922,87.43836735569269,0.9955
6237927045205600000,1000.0,goal_1e-11,0.8475,46.160664705475334,0.995
1878241773237645184,1000.0,goal_1e-11,0.895,58.60672538390055,0.985
4288946748293342080,1000.0,goal_1e-11,0.9585,180.53371498466404,0.9975
2337648311488015360,1000.0,goal_1e-11,0.9205,74.63297761773033,0.9875
4395214100433309184,1000.0,goal_1e-11,0.9255,100.95162040519672,0.9965
2796277112767076864,1000.0,goal_1e-11,0.8025,33.645867379856604,0.986
6016504747910034432,1000.0,goal_1e-11,0.857,44.80116469769473,0.9645
5166280100090122880,1000.0,goal_1e-11,0.926,98.23332661131208,0.995
1130573557111974912,1000.0,goal_1e-11,0.927,92.53230930145361,0.9935
164738354017665664,1000.0,goal_1e-11,0.601,16.349394094612325,0.968
1761771910959772032,1000.0,goal_1e-11,0.886,57.1033542352762,0.9745
1329848490477856768,1000.0,goal_1e-11,0.9665,185.5935685036463,0.9995
3311535375672171776,1000.0,goal_1e-11,0.9195,85.73050750694735,0.993
6112272348126668800,1000.0,goal_1e-11,0.909,73.15420196325255,0.9865
6755038496304470144,1000.0,goal_1e-11,0.9025,66.58909605254982,0.991
4283053988756001920,1000.0,goal_1e-11,0.8955,63.71446999932773,0.9945
2599647119044490496,1000.0,goal_1e-11,0.9025,65.8860025881883,0.9885
490441735713670528,1000.0,goal_1e-11,0.8805,64.3935734321838,0.9925
4934043968492272896,1000.0,goal_1e-11,0.889,76.70603771424922,0.9965
2621100450623361280,1000.0,goal_1e-11,0.9455,158.14859694430777,0.9995
1851315420672845056,1000.0,goal_1e-11,0.9195,70.19903162610034,0.989
5541455315986463104,1000.0,goal_1e-11,0.8665,45.36150427499804,0.9835
5976098417137532800,1000.0,goal_1e-11,0.874,54.769280428422654,0.993
28898090451449472,1000.0,goal_1e-11,0.8595,50.885761678468434,0.98
6592347918267168128,1000.0,goal_1e-11,0.9175,79.5243403669698,0.985
5887064359268864256,1000.0,goal_1e-11,0.7525,26.853630857492128,0.9895
6518913495153329920,1000.0,goal_1e-11,0.8555,44.84020274550928,0.9715
4600878063941953280,1000.0,goal_1e-11,0.902,59.36648384350208,0.9675
992845122843798016,1000.0,goal_1e-11,0.909,64.34136722491509,0.985
3664521351702250752,1000.0,goal_1e-11,0.9365,119.43921438308716,0.9965
3711953493050429568,1000.0,goal_1e-11,0.9165,70.66051387405666,0.982
5473228871432372992,1000.0,goal_1e-11,0.897,61.03103421412347,0.9765
6752384069075512320,1000.0,goal_1e-11,0.8745,55.26045676360731,0.983
4115513220094402048,1000.0,goal_1e-11,0.8285,39.29814181515828,0.975
4602130957441446400,1000.0,goal_1e-11,0.8715,50.32762104358145,0.9715
377546664910219776,1000.0,goal_1e-11,0.936,95.81237807573216,0.993
4364333977066797056,1000.0,goal_1e-11,0.762,28.940019395772204,0.952
5768315046181771904,1000.0,goal_1e-11,0.8725,54.21099780805621,0.986
123580919370477952,1000.0,goal_1e-11,0.875,50.24807017461385,0.9835
4366334126156046976,1000.0,goal_1e-11,0.8595,45.39526445392996,0.995
4901782819863332608,1000.0,goal_1e-11,0.9215,122.28461865707081,0.9975
2151838817854979456,1000.0,goal_1e-11,0.839,43.35253761275331,0.953
1343460895402697600,1000.0,goal_1e-11,0.9155,94.07924722364126,0.9995
6136053959995638016,1000.0,goal_1e-11,0.883,52.1094560093915,0.98
2221263218985851520,1000.0,goal_1e-11,0.906,139.1793344292829,1.0
4162186251740404608,1000.0,goal_1e-11,0.9015,96.8439256997255,0.9995
1678399143976755584,1000.0,goal_1e-11,0.943,91.33280755788208,0.9945
2704125913666895104,1000.0,goal_1e-11,0.863,47.756247192926764,0.978
5000393997669149952,1000.0,goal_1e-11,0.9155,75.27126330402588,0.9885
2491206105423269504,1000.0,goal_1e-11,0.9415,100.88642187210617,0.991
6274538269849968512,1000.0,goal_1e-11,0.873,58.51198632874795,0.995
707365862223681408,1000.0,goal_1e-11,0.8645,54.971491444499215,0.9895
4735086373076351744,1000.0,goal_1e-11,0.928,112.90425434074075,0.9975
2799316059826451328,1000.0,goal_1e-11,0.908,76.17650503431587,0.989
1875970079134757760,1000.0,goal_1e-11,0.8845,59.19649826078197,0.985
1783649894544856960,1000.0,goal_1e-11,0.884,54.87709590870506,0.9795
2554116930949289856,1000.0,goal_1e-11,0.9,69.1377444472477,0.975
2753295523906432384,1000.0,goal_1e-11,0.8745,52.03340885410648,0.984
886990809110955008,1000.0,goal_1e-11,0.9,83.83409469134328,0.997
919018036639891968,1000.0,goal_1e-11,0.92,90.84751827981722,0.992
2833555985786735232,1000.0,goal_1e-11,0.9135,87.75865010090236,0.9975
3023472056569280512,1000.0,goal_1e-11,0.896,66.06911485912796,0.9955
868768602903736832,1000.0,goal_1e-11,0.8965,62.1926117359679,0.9915
5178460008866279808,1000.0,goal_1e-11,0.908,64.61570996822968,0.9935
3004697238395042176,1000.0,goal_1e-11,0.916,107.22818830576857,0.999
2346247935526578688,1000.0,goal_1e-11,0.886,64.46691398979408,0.9985
1933622971340170496,1000.0,goal_1e-11,0.8735,53.31121332417954,0.9805
1014188567684692224,1000.0,goal_1e-11,0.8985,62.71496188749941,0.989
5466445022127902976,1000.0,goal_1e-11,0.9055,62.15642822707693,0.9955
6681692893110527232,1000.0,goal_1e-11,0.899,64.54438417789062,0.99
5185560414440293632,1000.0,goal_1e-11,0.941,99.91312021206407,0.9955
5800349145690204288,1000.0,goal_1e-11,0.8805,57.27771079536055,0.9915
4105409399796978944,1000.0,goal_1e-11,0.8455,40.94884708903468,0.972
4708692944344873216,1000.0,goal_1e-11,0.876,48.87007552547543,0.989
2027994226190382848,1000.0,goal_1e-11,0.8765,52.72926820455491,0.975
2511654375999952640,1000.0,goal_1e-11,0.9035,60.94864781900028,0.988
5493261389176885632,1000.0,goal_1e-11,0.902,66.69373121355599,0.9815
2240388880151078528,1000.0,goal_1e-11,0.874,59.30717825006907,0.9965
5658455555185799040,1000.0,goal_1e-11,0.864,50.41258236002617,0.9925
5052502602489649664,1000.0,goal_1e-11,0.9275,98.11428740492775,0.992
1979258613779627520,1000.0,goal_1e-11,0.894,64.23684067038363,0.994
446639254048922112,1000.0,goal_1e-11,0.8435,43.044637570901536,0.982
5601915746720479104,1000.0,goal_1e-11,0.904,65.10807351653352,0.9845
4776963682897871616,1000.0,goal_1e-11,0.9465,118.99747907000229,0.9975
3280686721529098368,1000.0,goal_1e-11,0.8735,52.77107245676859,0.991
1285339370727734400,1000.0,goal_1e-11,0.9135,67.45082545019339,0.9835
5511484179500121088,1000.0,goal_1e-11,0.898,58.50851805482182,0.9785
519978157091449088,1000.0,goal_1e-11,0.824,38.845377224844064,0.97
3855789469596668544,1000.0,goal_1e-11,0.831,39.58760908398377,0.9575
572054498112591744,1000.0,goal_1e-11,0.8495,43.028279719461395,0.9705
357842591908022912,1000.0,goal_1e-11,0.857,44.41481135478965,0.9755
5927844322167316352,1000.0,goal_1e-11,0.844,40.25121597900716,0.965
2281306105868025600,1000.0,goal_1e-11,0.919,68.66134361163778,0.989
6342743866636102528,1000.0,goal_1e-11,0.8565,45.18974873900707,0.9805
1690963263347609088,1000.0,goal_1e-11,0.8835,68.81735672389405,0.9835
1230823728796492672,1000.0,goal_1e-11,0.8915,62.42733982900422,0.984
6411524297547089024,1000.0,goal_1e-11,0.8785,57.46893005772342,0.9945
2935813011016890752,1000.0,goal_1e-11,0.8785,53.34771518638971,0.9775
1510354597152530176,1000.0,goal_1e-11,0.9095,71.08496869021664,0.992
263711679169833728,1000.0,goal_1e-11,0.8495,53.81978270017086,0.998
2203996935067479424,1000.0,goal_1e-11,0.934,89.84892778769017,0.9915
4637390027600793344,1000.0,goal_1e-11,0.887,62.77839290487532,0.993
3326809997366173568,1000.0,goal_1e-11,0.9095,71.10526457929465,0.9925
359891153870510208,1000.0,goal_1e-11,0.9175,115.98981332962188,0.9975
3194157939562713472,1000.0,goal_1e-11,0.893,64.58274401207886,0.99
5654914887224650240,1000.0,goal_1e-11,0.8915,62.00576155233928,0.994
132596261882440320,1000.0,goal_1e-11,0.8975,61.611675621744574,0.9905
4262558915898078720,1000.0,goal_1e-11,0.876,58.1958923045797,0.992
6149021149160162176,1000.0,goal_1e-11,0.8565,45.020244676680214,0.9765
2811411825899219200,1000.0,goal_1e-11,0.9135,111.45115633247089,0.999
1900800964403932800,1000.0,goal_1e-11,0.859,45.64540498415631,0.979
6009934130839583488,1000.0,goal_1e-11,0.825,40.57127742988997,0.9945
6872322302128569344,1000.0,goal_1e-11,0.876,52.607275135722,0.99
4548634356637185792,1000.0,goal_1e-11,0.914,78.82118845004554,0.9925
6527091903161249152,1000.0,goal_1e-11,0.8795,50.39931498216874,0.986
2639759162947729408,1000.0,goal_1e-11,0.8505,46.71865931872159,0.9595
4100927786033595648,1000.0,goal_1e-11,0.8655,49.745980798474704,0.9975
5371882654157606912,1000.0,goal_1e-11,0.922,107.13535305522842,0.9965
6775009922429158272,1000.0,goal_1e-11,0.863,57.243743317575046,0.9965
665668979685323648,1000.0,goal_1e-11,0.91,90.76929713988582,0.998
1832230956847006592,1000.0,goal_1e-11,0.964,145.21510562189516,0.994
6284599664533612544,1000.0,goal_1e-11,0.9115,75.67196164542136,0.9955
4641784775576833536,1000.0,goal_1e-11,0.9355,91.02648463545589,0.9925
4268847611328000256,1000.0,goal_1e-11,0.964,446.30869866926236,0.9995
4278176623883730176,1000.0,goal_1e-11,0.8065,36.01951250932464,0.9665
