eta_earth,geometric_albedo,nzodi_level,sigma_sys,eta_inst,eta_coron,hz_inner_au,hz_outer_au,radius_factor,yield_D10,yield_D20,yield_D50,yield_D100,yield_D250,yield_D500,yield_D750,yield_D1000
0.37033253519251275,0.20630986690971104,2.1388963627767215,0.1448461859957817,0.24978554300852435,0.3253435031226807,0.9048365478320309,1.6837122767455441,0.8878304681388715,8.376122027778623,78.77543335648943,1111.44823978522,9031.370764265186,97321.63002348822,160650.84620845408,165064.39774550393,156072.2983628888
0.18572928049530307,0.2845473549869817,1.7951954867269175,0.05337769927131764,0.246838633785316,0.30947714522094927,0.8660905559620501,1.7479701630565658,1.0729021018606426,12.4940316055303,97.86019018047448,1414.4677382154196,11192.368552938126,82723.70839747407,115181.21879982116,112871.63162848745,101180.8520669119
0.2237808123526767,0.33410715866409324,7.561666998139266,0.09654649347670888,0.23754923945263273,0.3387694210226798,0.8680770924893212,1.6547006405163311,1.1940989345128428,16.12831429728921,124.38686232018938,1815.4295696003483,14438.366226533584,103234.08603498539,139684.0361767113,136793.67354001678,123484.52029264264
0.41978643870993326,0.33805985790837567,3.410966209561934,0.09983939199403413,0.20519308680283338,0.31099816809683833,0.9708308704336797,1.546248035699052,1.057227433573477,26.93922099607706,209.67379698345297,3062.669170780582,24317.714536685384,183801.85894283865,252824.45717787064,249157.46404182215,225592.7478285173
0.4983208395461868,0.38071136899268243,7.110352137262764,0.09808384533654864,0.16077736955068678,0.23132341281311036,0.8496769230846448,1.5798679397546882,0.9962048565878752,17.510211937934915,150.7488361093477,2202.127190232857,17517.636446700424,179543.02668110002,291618.8936836419,296369.2151518976,273096.9135225806
0.15689272611202074,0.2435100513974332,3.8361898272563177,0.10639254739903754,0.16772169117351682,0.3618613973992764,0.898478056562635,1.603800669874597,1.122309402521626,8.181435828842698,63.12097435935866,931.8176633116926,7415.8519864595555,62546.30242101948,90142.18690018989,89702.60722454262,81812.34461317133
0.1314902135047996,0.23530737842232496,9.457013182240164,0.1853092099499032,0.16845452082378143,0.22159082223228266,0.8839391657987861,1.6540333987534797,1.0913357498394294,2.1951134030747452,24.252462598487107,330.1226326210125,2642.0373117722675,32739.272586384992,61999.86871145968,64612.36050492766,60593.42650939179
0.17232952547874186,0.34800115982563407,9.60587567717482,0.19517440646610462,0.18017324215875902,0.24283901717194192,0.9732664327159554,1.6503176920390072,0.8536171550968993,2.4360760215963166,30.145474070420452,399.39273034704814,3220.4925005503305,40340.56822442112,76078.42988078749,79141.95401622565,74304.72679625056
0.2438587566757404,0.20181962233065004,9.030678735128943,0.15858756160317594,0.1686420921984361,0.3890723386350439,0.8848320702539718,1.5711243746862404,1.0920597728086006,7.18992426606483,63.01306533333529,906.4229180903372,7349.831683683914,76888.74368138945,122122.2425486964,124294.80346954307,116272.55518524408
0.16784769988281933,0.39607400773322887,1.0851938372442698,0.057757293735535224,0.22475311773817166,0.2423181396844655,0.8946784530757319,1.6411863478325182,0.9129134431067721,9.762049080816753,76.35639778722178,1118.5530589530294,8821.397314449163,70898.91520965686,103003.46243703846,102363.46069151325,92745.30391284992
0.3355037262158921,0.2796623118108718,1.4230659272561756,0.07241801931081768,0.23461642463110283,0.24542691447764994,0.8765255999429439,1.5765526026751842,0.9151968477332072,13.731335464775448,111.5520443624137,1648.1667755729977,12966.701833658539,122347.79495777123,192185.71342626357,194622.98030239454,179055.1540006498
0.34672300552951124,0.24323588264473836,4.1360481788540575,0.08300187260549659,0.24830705417276674,0.3630674677627894,0.9098739794592021,1.5601434795512328,0.9033684621417164,14.097154106800305,115.03339990240029,1682.9605798516864,13396.839855101774,126191.54633429664,191864.13456628154,193192.53460459717,177696.85256372037
0.14215427189935026,0.34916050077489597,9.167284472390003,0.0966337866877679,0.2325392628172657,0.29926828120346327,0.9206463901438523,1.7374183659637956,0.947653734165576,5.849918855622445,47.25228894612371,678.0228197733046,5437.426213087497,52554.28666696911,80145.06213344455,79583.33595569742,71521.6565580893
0.32629242041033224,0.25437507156940087,5.894385067516449,0.0742394437555466,0.1511736207646293,0.3450153725339039,0.9385940344427501,1.5592908353510233,0.9309147994017973,9.664324683165466,87.13999422654196,1253.536125987494,9966.80340283236,107826.04192337205,180836.09060314912,184504.24360830933,169552.31796140887
0.10185185733135432,0.2529213061572027,2.5283313981355877,0.10233439700042014,0.20179830605576776,0.25563327982059864,0.8501688187479337,1.4078307904242473,0.8786488732313986,2.7973123727141274,25.628317767660313,374.82157485628966,2970.9102876090337,32067.785698910448,54721.367442922565,56726.48735076465,53695.014336131986
0.28604767976352896,0.2303630717985793,4.294911540091929,0.08146727408514022,0.1702340225653099,0.39010600618101554,0.9487066711099303,1.7620164078237233,1.078836178447828,13.542894026174972,106.39194852032054,1543.723039721065,12304.290463333675,109563.43756392322,160923.30347892715,158651.2808253909,141669.8524244033
0.4902488790514151,0.2080223727000894,2.528324392412403,0.10875153800767848,0.21544431926444263,0.2477113289034355,0.9483401094859775,1.7516126151539166,0.8282494295681053,5.5441853532821295,72.29441694795666,968.1863684201851,7594.015883245023,97607.8252261756,204077.92073589505,217047.53033606426,204647.98179418428
0.41977137538059883,0.35201645248302393,6.11505987825602,0.1964498888964084,0.17620494176086493,0.2809226341632135,0.969386922853703,1.5615384716447358,0.9374689735122959,13.506803043930113,115.68379008755207,1657.5126725653042,13411.596094719484,135436.55706126546,209407.04429882098,211771.77091821365,196399.50318107396
0.33872894668164744,0.3912005159799888,6.010920657721937,0.07383471347785532,0.20732213067527044,0.39437899066916493,0.9733198240464774,1.5475772356800166,1.105691467125336,27.605063271539453,220.90131027643793,3216.141881394652,25495.130456442414,166223.61487110623,218332.18486700903,213127.5967705538,191887.29430417577
0.230139862033089,0.38313486073373915,3.592912391756921,0.1734223025093094,0.1952637651058834,0.3160494730574582,0.9596341143092619,1.6490939071813595,1.129005309776282,16.101211495392512,126.57886343010303,1836.250736256133,14656.925594718889,100703.82409643201,132415.56808904762,129213.79209282593,116132.82292177921
0.18253756455421213,0.36886446511428717,2.7296374840817137,0.08191732848947272,0.24192299461060235,0.24345054776850483,0.9495990358554782,1.7037953672196795,1.0903594459360368,12.36124125491459,95.25282525655855,1379.904447894548,10936.716740011747,81473.40803675607,111955.81119582609,109222.44503480893,97343.98028974087
0.27709022683713413,0.39786724789787875,5.7947163044035515,0.18903588989350062,0.2101556431229013,0.39680423695042666,0.9646073680088595,1.4717197386509928,0.9403336053956444,15.431693211234155,122.79449674531611,1799.5891000991282,14483.359084673668,111136.91570696,151120.50742658216,150212.18876235347,138687.44960842576
0.2112165598968061,0.22553083388038386,3.287525662894003,0.11508479872856264,0.24433063021433554,0.2810720911131658,0.9673275978147714,1.6469644972112958,0.9072458333436203,5.165888858368106,48.748929171719574,693.2433274026938,5546.970318298072,60652.94753217391,101674.24725739853,103917.32359317772,96124.69873401884
0.44998313605048956,0.26653558429274216,6.122561854976363,0.06032786250812082,0.24557845472817608,0.3642873020207314,0.9728192611037978,1.4813685539843013,0.9173724869460569,20.193743202159137,163.60970742389333,2407.3970958454015,19114.1049155989,177038.62742830193,266455.29050912726,267503.7698499266,244904.66911998548
0.1852629382935871,0.37518917876843855,5.33470364816372,0.1888481660029146,0.24074954055265985,0.35027301262749877,0.9084311665055761,1.7073521241076466,1.1628068416284951,13.684816227846142,108.4143399824506,1570.6444365126256,12580.868920211957,82010.42655091488,106072.09971382516,103245.78609158479,92804.06346016
0.20969800170211222,0.2376929083252719,6.394718863105237,0.054908286662266576,0.22330259537923025,0.2235025755750451,0.8713367277620808,1.472327097756079,0.8877714897886854,4.018303706943114,42.52626335287104,601.2116368278097,4709.8565980722215,58495.26577958802,115450.71193234705,122104.47705930012,114863.53142157789
0.42287279458714333,0.29091880200211784,7.844361909021482,0.06935577989818706,0.16118395360218768,0.24307606884597763,0.9842499987062229,1.5693359209564046,0.9391092432758276,8.805384350521313,93.4623231170635,1300.2174758102753,10282.108032892362,123739.86493178838,231554.41420367968,239820.7723966747,219979.50874946214
0.2073461303899914,0.31956155510288886,1.542043283403431,0.11026851502894632,0.22895716034088698,0.27646248908425786,0.8471115257085071,1.474868812388146,1.1184451869885121,13.548084627364338,110.55274275942011,1614.7530315208087,12811.146985662413,91582.1768350009,127506.98893516295,127168.27751447567,117522.27388487171
0.2072251478270517,0.2903574131451858,3.322002218197171,0.10352513936789742,0.17006579798760527,0.2405504745576288,0.8987754359054835,1.415166253186041,0.927303523564116,6.18421663285024,55.80674287779593,815.1820475223855,6453.039415114605,68627.78640442998,115044.25665415007,118543.66770754597,111117.07450166473
0.12835271369206272,0.27884003903577714,6.339503220476598,0.0773727003373661,0.17414120659402255,0.24467517428862237,0.8717711447817176,1.4989912519799322,0.8370653530567616,2.3328169889889248,25.033142306533,351.6736011005674,2761.7673128654806,34458.34502657866,67987.86600889699,71743.60920049799,67439.7749773655
0.2868835255301364,0.36572050589218497,6.395327165839773,0.13189859198400677,0.16100568881612728,0.3941839360380589,0.9097045452982596,1.6813761884452636,0.859066512135624,11.290828056647076,90.89309701246107,1314.087593776473,10575.707948055833,100480.23309830744,151081.5402758867,151280.10178229227,138179.49689374212
0.20568217597618743,0.391413228185449,9.637616660369055,0.18641330599906059,0.20633848554896672,0.30108544479149557,0.8576827384597412,1.5049526175664503,0.9955211410398919,8.98111152839297,73.34420576013417,1085.4591699942735,8707.367618220771,78152.21104918625,114768.34120540114,115397.07439437135,107206.18991651158
0.45557681521259696,0.20317205279412154,5.834419291762179,0.07933382462262822,0.1772947972202978,0.2639889983907607,0.9798156426725068,1.471181370163167,1.0801689451553729,12.103303175395528,115.34938600604993,1645.6403364762446,13076.106168117944,146470.51541500763,252873.53634232143,259895.84422200947,240179.25667775702
0.2145273250170459,0.3240706040569179,4.7506210973688745,0.16315506971941546,0.21183705674350858,0.21424299576064215,0.8768054692178878,1.552275652775021,1.079907169677237,8.703053215136194,70.8470891705611,1043.4229132332864,8315.42076529743,78368.02900275469,119234.2262379085,120212.26072477321,111002.29316894035
0.40950677267941504,0.30457397301735933,4.772369121479506,0.08324687498247248,0.23361762608238446,0.36790426124287506,0.908605032928139,1.5591632477789157,0.996955029917965,24.478562181788362,189.56183851737762,2788.9572637165043,22182.90675339149,175397.38834462172,246162.54094060924,243900.75487415007,222270.67402732957
0.29489794442091416,0.28589964647675586,9.082406159872066,0.15199412029689435,0.18779527364779758,0.2888193944367632,0.9660416057753606,1.7698338551702868,1.1151049904348322,10.693101695989746,90.17672643127986,1275.5361643125987,10295.97472112185,101620.211245171,155006.76546185455,154038.20601405206,138255.8231445353
0.2872076187738435,0.23219772203486885,9.980220047348677,0.08510050489414006,0.21559135500323534,0.2947584064970325,0.9892332702783153,1.5514827020958837,0.840705817301489,4.021343218414344,50.39567943589772,678.6145570279926,5391.126141107304,69658.10678591102,140609.55230660338,147700.25018107536,137432.05960694805
0.4859720833121912,0.32807177636986457,2.0036727947083532,0.10671930073346053,0.20523628521502718,0.25958952955000175,0.8713481347901402,1.7363579796847908,0.8724966305179802,17.599707404030163,144.87590617716526,2100.9514408516056,16675.515581650252,162899.2060432877,257758.92465891846,259930.5148262653,237044.7887350123
0.4592909337246178,0.2796132976297071,6.584769380355958,0.15043562661521032,0.1946067270345023,0.32621243998777494,0.869677322039482,1.7519416770072986,1.1361189127996387,21.72446422711398,171.61090052651898,2497.035476457689,20072.16825908517,174438.74971345597,251105.3114860173,248708.46824922564,225155.08857214538
0.13161372683902073,0.21088541657266088,2.282184859206965,0.1890387462747138,0.24319747166185196,0.2528219425856356,0.8574693349198557,1.7417923375113058,1.0268737345604437,3.1599161612401625,29.13619892223873,412.90949330119355,3343.4511795474095,35446.00220239796,58066.566221481095,59528.83957404004,56149.65476313654
0.19808170826330632,0.27148370996778703,9.915241575356854,0.09920007867567598,0.2139038279365318,0.2888548553717054,0.8824864477829072,1.692265039001324,1.049836196846956,6.844720031762159,58.33123746548479,836.9048072082386,6711.132430934468,69175.55853222223,110681.85191236001,111317.44194741329,101216.83971373737
0.17391483147065162,0.29491052247847854,6.668824658831582,0.19081711560077502,0.1520559889643507,0.22689720916216935,0.9650975361582688,1.5699556767878182,1.0689512357323323,4.370642035366847,41.318176670057305,585.6192044316358,4706.838064501601,52244.76614903859,87576.78661197075,89454.6719860557,82818.78081678366
0.4621899616163748,0.3192988428346261,6.698447249913751,0.11473943290609159,0.18280401144077435,0.2668963868331407,0.8470554576292525,1.610915575187489,1.1707475240153613,23.60387803262849,184.12269358140873,2727.990202535498,21702.293201317963,188590.0697345736,276913.04344875,276157.24229617446,252379.75753320055
0.3215328168880699,0.32134522502279994,6.163552624165497,0.13652115207792037,0.24965905055532425,0.33888253907688565,0.9697478733932675,1.542635849333053,0.8791332601408716,12.842095730833453,104.72801215099909,1517.3441132216328,12228.95059163086,114119.01830864727,168608.1170704999,169131.05009452364,155826.66777602225
0.24866359233061008,0.2831619867061482,1.404224557313267,0.17093133266297605,0.16000002426838894,0.2643658965244388,0.9268552304347981,1.463781530583683,1.1879986258019484,13.614215637091148,108.47851656406807,1595.485639928776,12681.78693546129,99886.2502997055,141398.56039161977,141431.4576930117,130656.91077637544
0.43355881237158167,0.33032663825110253,9.726433267279813,0.12243300623030436,0.22556782988117607,0.3825759096336072,0.8968583152057983,1.5102654791343086,0.8434205922079343,15.506969419646692,131.15744147783982,1906.9875618047824,15354.837683270007,151926.85759627176,233490.8511792338,236208.53998922984,219490.8011843696
0.2395090313710453,0.3358398909813486,7.0683536891325245,0.1744590175326693,0.181034477030994,0.2620043639624139,0.9549234409444471,1.598873246606673,0.8637868531340341,4.869010234916058,50.13038352240286,694.1187902000974,5606.713653157181,65047.8055683517,112972.58119617241,116240.90162926809,108675.08312949247
0.3726616207937261,0.32670421091156476,3.8186711025528757,0.14295039930618458,0.2339383421664232,0.3359568296659827,0.8754481264715002,1.4988597357318936,1.1084472665531806,24.316421682281963,194.79895443962883,2855.1559664964966,22744.985473922992,162481.4934904413,221393.1926734721,219651.89271337524,202208.00423286905
0.191340227902295,0.2791149599554436,3.6604484784791986,0.14008797586481703,0.18220136346565394,0.2332609184160455,0.9379403345886216,1.5638573670111313,1.1352641928411438,8.165962757748055,65.26759508059196,959.3245964470328,7613.047222630375,70755.90344455675,106789.25739858279,107164.94320570896,98087.17471366044
0.10954891565121426,0.217939131799898,6.9105953835662595,0.11897554180381914,0.17260800807434734,0.3852285191198022,0.9560014792683535,1.760362335002861,0.8310820354589238,1.376533247984811,18.012920787915526,236.95053387989972,1907.7128474312929,23946.477185734395,46160.72984839488,48229.565912502796,45270.407808359
0.3784475933929624,0.2214608269904078,1.3462696781135537,0.1257063137845536,0.18556070607982703,0.24403929307707797,0.9437252689172398,1.5847593753001896,0.9089050857469129,7.863344989267656,76.40861578124229,1086.3814015734,8626.174370559116,98636.08421525703,177099.2069224101,184157.39973186958,172994.7446396104
0.23474110630730471,0.39618573502186955,9.850105229442843,0.07496717402469272,0.18379024656105045,0.260079802204781,0.8816665588743621,1.4151787635028599,1.077095933796876,11.598372617169943,92.96606570983174,1389.5292840101583,11005.349194725834,98653.14495084912,148804.9084546304,150672.2359115964,139954.83396220912
0.23679703908847968,0.32324491091238106,9.561067024996966,0.10216221288199216,0.2113463385616515,0.35784762837642603,0.917653512856611,1.4716088661094215,0.9943691013635385,11.593688013792626,91.29365144499768,1360.5846423885785,10838.217373759131,95872.72251731234,140223.0317413595,140417.31899888118,129297.01688788457
0.2103363472028185,0.20465016165408148,6.648380316814444,0.13886434468820133,0.1601013903387198,0.3218473629759832,0.8896424114413382,1.6019516389192714,1.0513382843572552,5.02165128317434,47.6396128311671,679.7541268919491,5459.611012942617,61295.502657664365,104446.01409991544,107272.98667087732,100150.11413668361
0.20053749444700142,0.33389688462011835,6.953187603065792,0.12771141757292132,0.17468347374943374,0.3442468146041421,0.9296073356996732,1.4900061674667746,1.0680604195475756,10.889339693884587,85.10783924385665,1259.0236555160773,10036.632400219085,83212.68916167757,118157.7861662284,117669.84475394516,107954.0338997982
0.3280422115299062,0.27812160207615233,9.055103536294727,0.1678955207816335,0.2314094098900477,0.2584419139823483,0.8644939475919146,1.597110872840644,1.1768120241380609,13.764547315761215,111.64740838794978,1635.2723854353703,13114.610417960635,122047.75312532915,182163.27261524036,182673.51775958718,168036.3128654477
0.23354248841455283,0.20855463250035255,2.3274225654940253,0.18986195957087842,0.19211854039474174,0.30777468768977895,0.8951322812933904,1.5254004057356765,0.8694309031707083,3.217546780360711,38.72584805678445,525.0575198778856,4283.351290898892,51599.588104476614,93270.35087518035,97743.41165881966,94584.02177449876
0.2702391168202834,0.2098158297367817,4.1931626077493585,0.10679380861400092,0.15749759656631798,0.312883207186264,0.9264337257999873,1.4683724835704972,0.8374603149228403,4.196091044980035,47.19996054064247,648.8296734031122,5126.252857289063,64546.74644975912,126674.64045097951,133862.4837738765,127509.83235296125
0.18077192237670126,0.2802275503011609,2.6784446322146183,0.1536991270540201,0.24754743980568844,0.3138484165927121,0.9335822619012957,1.4187821089373722,0.896084376918022,6.879350225106616,57.10347433316682,844.440240131837,6773.839813517304,62296.48327213766,92974.661665555,94259.26674591542,88684.59989339462
0.30206386838074506,0.302421208155049,1.9913025732796958,0.05966873310722642,0.17150195565879892,0.23279621543771767,0.8460167655425413,1.6623391690760962,1.0761288133847673,14.558735378835696,114.07053837327967,1680.2190411607862,13213.692586256931,119035.86691901513,183184.56945636487,184054.2573387671,167835.40590253856
0.334154890803138,0.3905723531218541,7.65768691346649,0.10279037963419156,0.20041056101650717,0.28387483100769856,0.8848359344218271,1.4254622979428404,0.9218977978555364,14.275961282427598,116.96690966694881,1745.1462922308763,13841.264259680738,130089.65219884855,198755.27146368028,201226.82725221588,187096.89465778018
0.2681200643591518,0.22475233785391902,5.480100210467641,0.165608451085945,0.228973222784921,0.2213673061492159,0.8932632225463973,1.4941733076755208,0.8476900572372068,2.755404658870009,37.86575747364157,507.6081063045811,4032.2639907242738,53667.94303058729,112241.93820179904,119881.33973168777,115983.60927585793
0.2613787464380376,0.3473872053178546,5.1040538009787415,0.15592280132073255,0.1896946705348697,0.3626700961044951,0.9369874041486045,1.6795047172596416,0.9327808664542439,12.011322242714623,93.52175023551142,1359.1444527202991,10944.918580239862,95520.49759765629,136760.19953732917,135971.68672959285,123881.24693948848
0.4775771266775005,0.2078781049220757,2.439672145769792,0.17607189953898988,0.22828186689601715,0.33710684636935495,0.8845363097982217,1.5152605206883678,1.159328277452872,22.182191954784205,178.25052221057027,2628.3432778424303,21144.30112406504,175359.97899420143,250120.58839130634,251400.51158313212,234755.01617233164
0.1192849514583711,0.276832470095901,5.211069591109653,0.07456942900391694,0.16656327755482975,0.2936750072363439,0.983982789867077,1.4781975458577339,1.1650834250096136,6.322024096842211,49.719695013946186,733.9115187782108,5813.210895822014,50135.776273027695,73321.76485297497,73252.35641568483,66822.18877032067
0.23042951620582006,0.3607062097803341,1.8549738209795734,0.11878560798566055,0.20512112116178643,0.37888219024249997,0.9795534884239006,1.510878974833603,1.1765864972904772,20.22681719994679,171.20408259832263,2474.1657889873563,19616.548479571095,112710.52634686913,143908.3960824294,140268.59273638926,126758.94021037081
0.3075725322276571,0.37905071704574667,4.003968688728814,0.06012529639558238,0.16797484420535516,0.31395082129823726,0.8636987431628314,1.6281441906818008,0.9346256921110924,15.831846015279822,124.39110400148365,1833.6783604515208,14496.60164912453,126385.55772582882,188370.7269916405,188254.01026112156,171511.26028251796
0.33938166323361385,0.2879623121009832,5.843834969483547,0.11074016478838096,0.24343680723863964,0.3170259872719221,0.9743205654137674,1.481404401395875,0.9559026658481441,14.499262520575547,118.90309085938374,1746.8260667383317,13945.808002996562,128148.67049423447,189737.95855696255,190264.77524875532,174876.19924305487
0.11691804248958931,0.38172011008746387,2.021642376008955,0.07847085181883631,0.22295433143076088,0.2709041847981947,0.8532296334111976,1.4617533926992325,1.0760540645901604,8.085460603011807,65.77503836428035,963.2191901624301,7617.159749539638,53839.849135830904,75041.43269493763,74873.66856948618,69133.33783622112
0.19650271758580884,0.3344532563342198,2.9630504400007247,0.19106638576029866,0.18499063473341432,0.3070672972503671,0.9779427680753927,1.759541684211007,1.0647239974243168,10.176418547446124,78.92456325792271,1138.021655083596,9163.785536492629,73543.39835112798,101415.19781066991,99823.19677669459,89815.0330523726
0.1217025374002097,0.25420193061842017,7.105024269448687,0.13429719235960746,0.18973094802903584,0.23712705557676045,0.8757719721395589,1.4625664780120535,0.8421680974695283,1.6494044694258168,19.852931279347164,271.7202707231914,2145.645827346445,27980.513804152164,57268.52473138911,60879.764738696045,58303.02902997129
0.10309230374187105,0.2356008983164594,5.642986176429823,0.0552464005937094,0.15345825943111918,0.31004321985140654,0.8619672287312772,1.6414971033430044,1.0509745693382386,3.4698292131920248,30.011709474635552,435.22761786910206,3448.561473334633,36111.43328304064,60125.098824534485,61199.33019030502,56074.230517057134
0.2288391145923892,0.3388627800092181,9.782147526715674,0.14746172154879097,0.2160848811145603,0.33389177705784895,0.8633672899254754,1.463164184723208,1.1858565078225534,14.017917548895879,109.8121555680173,1627.947491345108,12974.82017067137,99842.59206816922,139199.79031620926,138652.4342814557,128101.99497917671
0.2627994842048317,0.3760055153862939,1.9308410017420463,0.16798105743257463,0.18028820764076522,0.39561885040747385,0.9671376212680673,1.5895686141839356,1.1284113993022387,21.00433900289408,173.18849986384032,2510.5669116114996,19999.76314872984,120293.19393596762,153769.74668758526,149859.92048044465,135177.7342010786
0.44366974113994895,0.33280683061876504,7.839309401088702,0.18859617629213943,0.2322722067934054,0.2434898530459473,0.9074679876741588,1.4918236767342365,1.1674361163882494,22.06074434421194,174.13652530187514,2581.4455653972122,20633.963712708126,176753.7299799458,253549.6300236948,253384.4930078186,233679.78837456266
0.10539058153075076,0.3960965335948153,1.2894713466213343,0.06650253844472602,0.21164142169223338,0.3518001235740961,0.9005758202317788,1.5303473747759482,0.9801785158225123,8.149062889109537,67.1174413577211,970.4526500816063,7680.716427940603,50006.986910599524,67304.14144915904,66378.4116886186,60474.72541281756
0.38649424202745564,0.3880000731584479,7.101361349740653,0.1908362185394416,0.16375047187976094,0.29902897639984033,0.9572771834401834,1.7446430627331218,1.0075234907946744,16.078419419484312,128.57532163607036,1842.9476325968776,14888.252146403844,137227.64466626488,200763.57433428938,199184.0040467679,179819.6031879313
0.28278140037905486,0.3395073243327108,3.346526155160789,0.1375904218956005,0.21227325971081257,0.36157932919112323,0.8723775655896001,1.7619197377137383,0.9601196720944994,15.304485693078927,118.4892063982404,1724.4576715266244,13842.107821331296,110088.21125911135,153425.55283983296,151456.08380406396,137039.66437035624
0.3356300051023345,0.2683512464279558,9.853117220774779,0.10501177377669106,0.24381265271702554,0.20049686014423143,0.9453509996419964,1.5230763351298842,1.0034338099278053,7.033933387698348,74.5114956508431,1039.8623707779577,8271.4086193898,98891.78656061938,180333.7700862985,186525.3635923972,172678.18459429505
0.15855776767049404,0.23671484171001408,2.5670074242235668,0.0872797693209548,0.15605351020500932,0.22935060139724728,0.8648084452020758,1.6545568059677733,1.0014488489176785,3.8993181597634266,36.815825106963445,530.2859230955645,4172.974869811495,47021.842110866724,84463.4508581195,87268.90354090798,80550.51354697326
0.42078360102742585,0.3682198774916898,5.074276901097048,0.05602266978813186,0.24750303095117082,0.3732177975173325,0.8461984089529028,1.6176770163639487,0.900809721996786,25.79467713927877,199.01178797281037,2924.6745168438033,23222.93272180036,184144.12129038433,262134.3276209937,260075.6631248559,236892.97085472746
0.2517211640768964,0.2280162988815066,3.5424044291305674,0.17176996704051614,0.17585789978898794,0.34095690230565545,0.9567601877613073,1.5352352227621462,0.9789880031207214,7.161921894224134,62.88709650653904,901.950302401312,7315.9371041702725,75254.42523467843,118526.88158005515,120861.78108163996,113707.13407337779
0.2639262714695166,0.21172499805803713,7.4836573443847385,0.14773027098068145,0.24785894482471055,0.28704848435919555,0.88585781801916,1.5319408748490158,0.8255630194085694,2.961032827328418,39.91472251238708,530.8302770208202,4257.6098817589855,55576.96352296503,110903.90927812176,117392.02965631333,113171.48006142119
0.32632844427401475,0.25073009124384404,4.03839649779651,0.06533997880799983,0.2486710422216332,0.20279814713487992,0.8615862517234856,1.682869599935798,0.9175872583226357,7.219754679045676,72.2121913232743,1021.9980117374455,8037.930083028643,94243.89511902693,175783.04294846227,182197.52405693723,167721.90128091784
0.2042864210148745,0.39367631794967206,2.2595236053274954,0.0821514349006882,0.19888556841601698,0.3812511689242528,0.9107434792607417,1.455259428118762,0.9273796505064357,14.118248175432711,113.79858091015988,1658.6282974983515,13145.262516111265,92694.37600979533,127058.24707496027,126168.83411068248,115932.68246958723
0.27454338047568794,0.29342276140648077,2.739642025467163,0.06446077121198375,0.2035113216847351,0.20276789648474164,0.841658207891404,1.6328821077841156,1.1194786649453103,12.567003606570234,99.6859080203527,1473.456531686818,11600.88440283572,107222.3770449882,166712.28048842226,168053.8574057907,153794.14001637432
0.15392754350697258,0.2009643007263468,5.5837451055545175,0.10229689354605259,0.18141059668034798,0.32814000378636576,0.9642586670004889,1.4458956839714492,0.9546519077560245,3.640386917031713,35.71309366423901,505.73056350991607,4049.30529336478,45940.68126845641,79168.41301611174,81653.49171473792,76436.31299651205
0.3811564633292942,0.3159591118723849,1.0605105618720767,0.07593153980693627,0.1968827093816466,0.2892487051385014,0.9550799284716683,1.5508901824308272,1.1741559923972358,29.16407879730967,237.41783795111917,3428.6180495757985,27087.562176878113,179497.92614456752,241077.15156124588,236799.98710640502,214052.5187954501
0.14022441239437372,0.21034767076736172,1.3911973114871385,0.08479291547715989,0.17504315981297314,0.3223673029689272,0.8603968851495412,1.4445505586873262,1.0961617789023053,6.840278180130492,54.07406660704813,809.1035945615992,6381.803343543769,54982.16230469312,82498.95900145835,83521.71588467846,77780.26829790568
0.21180709948810478,0.21701702520151664,1.8782376232479119,0.18584560452659765,0.17742336956884838,0.2797141064549906,0.9004651703900476,1.7164626618114938,1.124511323731277,7.07186627141272,59.44549954491283,851.2283764382994,6856.982291845748,65930.18229627646,101310.31102350385,102468.52873457629,95020.78896875936
0.18740824455220004,0.30698858147791874,3.325836606107864,0.19305225533993836,0.24447083882568343,0.2805125740279397,0.8417678458981052,1.5882927680898544,0.9715123084801337,7.308513612256826,59.70441672429368,881.7481980854203,7112.6218987278435,64318.83896777183,95368.91186994182,96352.98766885616,90173.68566610829
0.152650656274764,0.3030718722228709,7.250379497394797,0.18244264245052727,0.24042832724532787,0.3989495546664057,0.8872889176045329,1.44577304141616,1.0822584570561076,8.48771079381412,67.89483589789488,1003.3994958769506,8062.7703674613485,62031.93082832308,85657.64850944643,85562.55737665472,79624.51654276771
0.31963645656112566,0.20502112392282137,5.91113359356305,0.0727724926596845,0.24121946407935013,0.31471597208101393,0.9429285056264545,1.580646204318787,0.8579906055399734,6.512275296886085,66.95881296445867,935.9315827559984,7445.338035898962,88710.22843840095,162659.76811500482,168528.11708952853,156197.20988018706
0.17878286256841652,0.2753768178519568,7.543240639291026,0.17844515703613362,0.2394556246894709,0.3897170153218914,0.9756635454761209,1.5698339590761805,0.9283787837385575,6.258079564772338,51.56497097793822,738.0201369809594,6032.989279913764,57899.35097432721,85497.28929867892,86099.68561904077,80317.12382304399
0.40046782295057004,0.3053496416839244,1.33743616374352,0.10002788598643288,0.21856715976811347,0.27857161713406375,0.8779289591250469,1.6955221842838675,1.1738715335658072,28.772629263046746,226.19132536209008,3268.110609760477,25909.54597727208,179247.02848248175,242865.50432572028,237710.6388857406,213916.33943665793
0.21194908413416816,0.23082012534904467,7.429494325060996,0.08718345033644023,0.20088188889271003,0.2519431016547906,0.9479455127981896,1.4510700317340877,0.8721727336112318,3.4431877604359555,38.96889573067986,532.3815064285119,4203.409376293978,53715.82160784869,107649.49617830795,113680.67707285787,106980.74731574305
0.4872032388124333,0.3951530576538388,6.713449695931541,0.06667295023003089,0.15496831175458697,0.3303277208498108,0.8633604981739059,1.4314223883145716,1.1825513260109508,32.88354225004738,263.9647643516103,3901.4005289602414,30891.442392980513,228084.2720328805,321261.5599870348,321637.5343171756,297703.19124392956
0.32604508771480656,0.2497493742323323,1.2380406773026986,0.1782330177225031,0.17639291643726612,0.23433156829870386,0.8781979659247768,1.434059000326493,1.1421092378995004,13.43200774866759,111.55297067085152,1663.7253519281012,13197.854785702526,117610.29405191542,177213.57010038994,179906.29259494637,168730.81825260477
0.13519042739587506,0.22205070151558035,3.0942519421350765,0.11450077251632933,0.21573355566284314,0.2743136937335463,0.8715791131704403,1.611986533777675,0.9501957206141733,3.682605718288714,33.08278250713074,476.1603126851561,3799.0719159394366,40832.40459201494,68439.46180773343,70200.65737543745,65400.71146746632
0.3480926385670794,0.35654918195415863,7.580364631792969,0.09566966723226492,0.18884075933332856,0.37266330061607006,0.8965904620272357,1.5045207095084188,0.8055133571417733,12.418883661525763,105.6464279281745,1542.800260456942,12340.855581161837,123743.95939790343,194323.8025699014,197040.8199964836,182507.7112136976
0.18360770449180575,0.28099085656837364,5.642831281927036,0.12938494908773573,0.20335522365547978,0.24250379221383217,0.9171937889439742,1.635381424209719,1.0453771009907773,6.212735120940595,52.62697508945302,762.1971311569864,6093.9762995903075,62241.62763300319,99029.10269639014,99963.97101746015,91432.2954339706
0.25109903491479846,0.3233740243580258,3.809073348143058,0.08069005650465343,0.18562821352746048,0.20542466318768848,0.9773075369034585,1.7372306579472971,1.1945700064508626,12.609437725326087,99.0387383091072,1436.4279313319857,11369.171627704982,101045.27283814913,150084.41285280976,147827.8869243609,131454.132006712
0.1830161042994051,0.3828896692722048,6.046854927409367,0.161459804843478,0.2034066630480807,0.3160455379914156,0.8781541972656554,1.6320319223963535,1.001194769118414,9.634028125635101,74.17298209941228,1093.3102489344994,8758.128242014913,72488.62874220406,102449.1667479542,101717.9661887308,92913.63074958474
0.21365013284959603,0.24281368003097104,7.187949375395542,0.08769740195101225,0.15231189029629785,0.25805355522383683,0.8847096958907148,1.5164886305397418,0.9219867346449804,3.796810694891427,40.882830310649105,570.5475101537983,4485.538731876618,56329.56017265556,111455.56970665375,117468.89328746339,110209.06525003393
0.34529984589027274,0.2506821629206858,9.82362929593306,0.0971532049098455,0.20572503952078303,0.3347518352738894,0.928803682636561,1.4767073536015425,0.8480177069527368,7.174604516924012,75.00018544689463,1045.3693203373884,8372.94942212333,99408.25199709446,178093.65833299633,184464.19577912407,172778.06667716592
0.30218593426890883,0.2765188157746496,6.972688316060237,0.1924494125371467,0.16587239040424084,0.3675048401125571,0.882765406419122,1.590739674587435,1.064351616899466,12.069376724751548,96.39228062868989,1409.5404682816581,11393.057673047268,105383.80355546047,155653.97811282057,156644.18232595306,145543.3527417167
0.10784760464580821,0.32981901818722204,6.791012171156809,0.06574524637131998,0.21255601148301873,0.26586053070804005,0.8801499123119438,1.6112178766892453,0.8387736576295208,2.9474631717334274,27.572574202570337,395.9183535311679,3142.4894048502915,34989.5337451287,60687.84079998288,62200.56214498175,57218.23138148022
0.46669350030553547,0.20838989235225577,6.0719385790303395,0.062377514142554435,0.2289343454367581,0.3117479973655425,0.9139386105347683,1.5115062486845827,1.0980401765611099,19.43570594600419,159.8209828383168,2352.788545547591,18627.7837557315,179043.83848310413,277667.0401532646,280441.7385008405,257843.49972158353
0.1987300731804044,0.2593014553704662,1.7602687222790325,0.18616694331390116,0.17214282389601823,0.3122009124192548,0.9420483497127647,1.4404225865181606,1.199852609295495,11.103337347195305,89.01398398582838,1308.4279750053956,10455.491056773648,79726.76913987445,110613.81893206433,110491.7535679912,102386.8434867904
0.2943140169087111,0.35162952634053835,4.467313027718454,0.07244332304398246,0.20496759434683198,0.3826042719241844,0.947126906154402,1.475856133790493,0.9231787260492319,17.77774191526034,138.33883270463357,2037.9288590630938,16169.529871362918,127994.11525342877,180375.6374543019,179374.3120844493,164084.9653475402
0.15130385751114395,0.29497489842097246,5.252568073833585,0.07934505415640783,0.16509377802198408,0.39203569099349783,0.8999308747172177,1.624687571762883,0.8130090280567859,4.664738779110096,41.174637491300764,593.6440272471857,4736.726494592083,49812.28743749074,81613.35981759785,82942.01593814911,76181.62798499505
0.2534104417871007,0.2813882226187924,9.257366638710266,0.06636955912309707,0.24008567836387085,0.35394707308482176,0.840248256560791,1.6491302071174287,1.1032493428127503,14.21526990741557,108.9003397067292,1603.357351181291,12761.377590148808,107860.08899933638,156427.85507063722,155288.04061281288,141186.1858148266
0.41293127806948826,0.2697774044630654,3.60674610398701,0.10457408087544558,0.22591157177461577,0.28329894414907425,0.9479160298444432,1.47639367268021,1.1100199375087683,22.811635545585197,176.6928878368439,2619.520706001932,20784.698496347464,171099.05229473786,244417.57616009822,243744.62364601382,223506.79288044278
0.19565915726275684,0.2138981097110394,1.4807817946249937,0.07061047689493721,0.16470645015582566,0.31771286534760634,0.8575962451260163,1.4135666189608063,0.9790958016117989,7.6654033716049215,62.57006234370753,933.5109104874557,7326.738299390945,70599.64700997532,113087.40618377164,116003.01655164667,108807.95987237482
0.4378201405871419,0.22271694162679495,2.02683821946607,0.17555030787352455,0.200374441428589,0.20053761580194163,0.8879595831824829,1.606687976804597,0.8335794863670566,3.5759193486529797,54.12998794252175,719.8797198642666,5644.608339757237,75761.62788631505,166192.38426551092,179614.97085094158,174612.22038635903
0.3456317205644057,0.2970307189660334,9.369787655370066,0.19528277065242095,0.20262286884298192,0.2588871787305416,0.8579329232151885,1.5411410555822496,1.0307525523009193,9.880379289905415,89.12505400282026,1291.5377430652343,10428.79462829346,110433.99201444167,177884.56499351308,181510.77276850498,170088.51143139132
0.3535012489622944,0.31184608935719066,3.4610706956721966,0.17130137612530677,0.18847405093534322,0.34229877116973323,0.8674184805977819,1.7350554536246423,1.1498553466679096,21.321159170211573,168.72905426664457,2440.0670642028144,19573.522132393726,144693.04842063255,196397.98574939347,193141.44837342482,174758.88113863918
0.4620298311931903,0.23158226008970562,5.654297952837127,0.19047303348573852,0.23827187525462432,0.36401508994627324,0.9218945115981911,1.4834197070093675,0.9097700251885502,11.258756787410597,104.08648079705563,1485.2021154368713,12226.035356267854,130078.72041000688,206474.17484945315,211688.09889739536,202137.66665965616
0.30387206475765793,0.3759414305010419,2.572078657477646,0.13954513278886826,0.2312037839552931,0.24518711428854428,0.9565284994916274,1.7272769077158558,1.1587010005637088,21.58699956399536,168.78224485380326,2419.434910072051,19236.40304545777,134571.5006818582,178946.62610270848,173626.85575216368,154428.56746588557
0.15550244983470907,0.28579732220121634,4.3938003915444845,0.07335900617206818,0.21913912320519996,0.20736423058512832,0.8970586768550303,1.4858125187352291,0.8103832492857842,2.923962843367481,30.921430450981646,435.08427540675973,3408.468371415598,42054.89002123681,82344.58576746214,86826.79749653308,81512.7218277399
0.3561916431756952,0.3596436964421719,1.8810188070547558,0.1504900527963086,0.21585905494791596,0.3586847504944073,0.8471949594316285,1.504446615059727,0.8381141618454889,16.144540576650428,132.76886537589945,1964.678695322875,15757.391296683621,131458.44019127192,190358.13599033738,191971.16741026845,179678.4264907213
0.3537704959685948,0.278829205332373,4.834407795694567,0.1255555477277634,0.18152406842757793,0.364525553243748,0.8619674293402353,1.7264447135798915,1.003509944391253,15.399759405361454,122.13438052107799,1775.6557636006717,14226.265986591661,128715.5232691014,190455.85765210155,190071.80035336435,173180.5028074108
0.4200272629807422,0.3976510971249157,4.638007612861772,0.16076440573201534,0.15231910102694393,0.2392041080544099,0.8839074412815608,1.5714604509436851,0.8421825448743767,10.5745265676232,98.50708706309953,1410.7285514689047,11276.912634449123,125135.32831194639,213564.64651359586,219648.59952986235,205082.82063864765
0.15061688975912682,0.2631830020026859,9.218973462486042,0.13642180768461504,0.2440807902612656,0.2531855069091538,0.9092281475677932,1.5116024616180896,1.0546553374268044,4.880130816297279,42.3057323811699,614.2340828257603,4931.230247005323,51341.71365694959,81978.93835022545,83256.03884444103,77168.00805927062
0.1872091360288852,0.20310164358432287,5.817050410282823,0.0698165158020208,0.2199536659318705,0.3895489116580339,0.867993617134922,1.7195600084182607,1.0563113244892703,8.00645986078036,63.95086302230861,934.5966639587097,7458.920502431317,70026.82510857753,106473.7678367747,106204.05179546255,96213.82977872546
0.4730282038126862,0.22867337653509098,8.237375840849271,0.1878555315094272,0.17078851080431012,0.3666746377653895,0.8781691292203343,1.454046073306056,1.155150029101172,17.831460382204543,150.29373750715257,2213.2875640830857,17808.449307139887,167561.17181512478,251064.62710924706,254201.92396799277,238605.78574020072
0.32512282374731793,0.2668019897471018,7.101289495676973,0.16130334096898225,0.2359849533514916,0.232254772355626,0.8907957985719244,1.4822589825874695,1.0815808215312641,10.899050154514251,93.36415252842933,1361.3161680274281,10917.448684962503,111169.46533118733,175510.62912286073,178502.41109506058,166502.4839227975
0.18158234072884938,0.36845512959307375,4.029338280361092,0.05500515587341326,0.2330652778662627,0.2569720232420134,0.9600455620444723,1.686457206224254,1.1161320694067243,12.581762913969927,96.33523391771536,1399.8270587114614,11087.923032241322,83315.24429002297,115234.9486360797,112688.61658064292,100471.0484399334
0.26952570646530094,0.29856857428010164,8.9023537492312,0.17649270129511746,0.22690931260346126,0.2374271699689439,0.9140351207313693,1.6263550227707504,0.9429486646820902,5.745322261392048,57.13874181645481,803.849204568114,6492.480254509333,75005.19421788848,129644.20074778041,133177.6948926894,124313.96894821248
0.25656152743054994,0.34121611977720534,9.2490759750056,0.05340356283922677,0.183845824356909,0.357039562357272,0.934155004149269,1.6179370593186733,0.8095171626604344,7.794724900836344,70.52096014419884,1010.147989918577,8056.107241602646,87439.9459250799,146994.20019247397,149371.70642349054,136170.5050660286
0.15213562186242574,0.35848428511819996,9.495072466998218,0.10517800740518386,0.1898461856178053,0.36463576634716854,0.9560441675562511,1.68329109006641,0.9859401112328061,7.6261383225283215,59.3841997577004,863.1327530429705,6912.155630178238,60797.23375071626,87537.35584680774,86232.41229418782,77365.64395798158
0.3368989923389025,0.20988939509425278,7.92388534415592,0.18468317025677727,0.24241298570729208,0.3789320184367735,0.8435626468524899,1.6957351045156264,1.154075982261497,13.259278614646771,106.6638661645758,1550.4889393020187,12621.593491033804,115037.74316313586,168068.8402980187,168759.29039582223,156703.09854943145
0.12077344985323953,0.32539842425283805,1.3087296191488216,0.1329882365547325,0.21667181792566237,0.3383543552324234,0.8494707053162901,1.7338118664043765,1.043208675147573,7.793830366093491,62.73545652818649,902.0735359120322,7195.651175540891,50573.60157495613,68515.48144968011,67347.4149979984,60926.70795289871
0.1239087682508219,0.2601053879851438,3.537182679800716,0.18400523452020906,0.16188515871038342,0.2698480706089428,0.9508661571397626,1.4445579793868264,1.129576507880647,4.898899603574927,40.54798627612755,595.5916431774198,4757.665606944735,44152.5865953355,66182.4154150379,66883.54192266056,62283.40846755382
0.20353146512859346,0.28762998036091436,6.851740807992415,0.1842165144240301,0.1686291151592279,0.26633071774868866,0.9259337072494602,1.6557822214879772,0.872839658537825,2.8771513207775663,34.818097888266934,468.88432714957577,3769.4975194632993,46828.61536892656,88114.92391266384,91993.91759096361,87084.63885922769
0.24798981673870313,0.3151150574404573,9.459786047554005,0.0763537078788826,0.16944527805311915,0.3133018203560266,0.9463443070604773,1.5682700894062955,1.1721594055393871,13.47716613078026,104.08912867150102,1536.4970995160318,12228.252392111039,105624.11223295449,153597.83788609077,152604.83449851756,138323.30079016968
0.3252945557302741,0.2888078651607813,6.979532833952684,0.19998524420308056,0.17026595280459147,0.34265282525915186,0.8653401736376788,1.709348657216356,1.0552318687900086,12.101854201824827,97.83670308881784,1411.0119681372523,11436.07704310031,108623.33828664578,162627.05246577738,163499.8603799787,151119.64893337656
0.4626093123963869,0.22044217863262958,5.37230359183197,0.18124544414945065,0.22410473745578413,0.23806510955913596,0.9891318704899297,1.7204617424297046,1.182350202734545,14.03400600269256,122.0086586950062,1726.63946633719,13962.029821018987,143403.85377229747,224959.53168527017,226336.8157477415,206562.0916357552
0.19228386160820587,0.34029520573202715,8.636669678767374,0.09431910474166486,0.21218698439684006,0.3234695340974499,0.8618932576271855,1.5454062276031786,0.9114635945136101,7.671233240103346,63.25962978987361,930.557696977216,7410.739214172818,71920.36582736265,111230.41407069236,112270.56944301554,103554.17597650662
0.15971365448364924,0.3904928937149337,8.26038407975354,0.07679926005072908,0.19237727941916685,0.2751782054168993,0.8871543339893855,1.5768126397312623,0.9943754633712594,7.497117590359283,59.8335923941867,882.2587911568787,7007.461201811888,64437.13079357398,97444.15141893293,97683.52879300827,89251.78009960613
0.1536477199113036,0.3407156737396746,6.4106061402290155,0.07296075517955694,0.24407512900359152,0.367873334756357,0.985197751299097,1.5515103288588366,0.9804111404806779,9.784285267474614,74.99906332228427,1097.287941434373,8727.98238004297,68041.4504838658,94090.83094937877,92603.98503419069,83568.22172286917
0.12937801701864285,0.22233777094230922,2.8718631600171576,0.18710271556763913,0.16804679066571396,0.2199729120136622,0.8582704150401316,1.4495266354306697,1.169538166146251,4.000371305036834,34.772458266858635,512.2739631563206,4081.4586572083067,41816.93795340418,67659.24368707584,69446.52714019745,65561.54535521331
0.16198414662228777,0.26460429646486183,3.0731649294602184,0.1628571282320888,0.1752843003339465,0.2737372232770776,0.8754565835182314,1.6159621275386984,0.932761120764029,4.2016603437801585,37.509632134784795,537.6962150670082,4317.533122119008,46594.552269532316,77692.63972173097,79811.69405016406,74989.12571630781
0.18804817450478328,0.3795353391375986,7.738353019409086,0.06335855996377908,0.21261680973937197,0.32257062313030993,0.9701472299053454,1.4118792660383455,0.9260365067656753,9.789211283650536,76.59213931932092,1138.8059533478495,9029.56004906401,79297.91107402292,116944.63534451806,117486.35848238993,108091.75368117343
0.4792610330940126,0.32366776294330885,9.006618225813448,0.12481310827846431,0.18946595103179367,0.35908408623689797,0.8832192345777359,1.6699057571812839,1.1252391268475121,27.4652532515719,209.31232940038976,3075.656703785855,24600.328381269916,200462.86134468735,281188.6175604643,277068.9586185543,250595.59459913275
0.4494459663077559,0.3086712611355908,1.12733599562155,0.09841117111484154,0.1804509624311114,0.20101537643366155,0.8789861887109586,1.7378311098700887,0.8840199438441525,11.779067899767899,106.39483419738984,1538.943288959402,12079.353452664722,131541.14736934964,231957.88274160228,238382.01291525914,218414.09263837157
0.15633538411605308,0.2975392904946441,2.660039056707207,0.14991527576147953,0.21342427984616913,0.2985648036501735,0.9074851645230992,1.4750252561008719,1.1020187891711755,9.029348655560474,71.28063895920312,1048.8216378510936,8360.306894494772,64443.33131528933,89944.4639938978,89702.03966332729,82808.08636203587
0.4120751936600445,0.24255573261494778,3.185116779154362,0.14001827942216477,0.21802168838400832,0.3420636003117995,0.8952042888079086,1.4909908213625689,1.0675714151217788,19.897995751652708,159.2579362576516,2354.213984349349,18829.606526228934,157919.0748334698,226880.701550249,227704.24926660972,211333.93145694284
0.10261371665225508,0.28415978181648177,2.0073535267274867,0.19481034037218137,0.20230690579807642,0.2952045366275237,0.9001669981628653,1.5400713268947757,0.8054589647610082,2.026183085357655,20.34472016161391,284.17678268296874,2314.582617788971,25824.302067885805,43578.09126367574,45148.479859020634,43310.69956587034
0.36557894115582534,0.3189507500400319,6.445361247654785,0.11822914765117044,0.21012848210243107,0.24758375414586947,0.9404192576128642,1.5731997356111969,0.8584212501239048,8.48188353410571,83.75244766268791,1180.0317929547803,9431.936519746963,107923.43687006822,187898.37844475824,193021.3376635724,178681.048343792
0.22505482782330613,0.3044760654082191,2.753920129898857,0.056870778033517276,0.1646036350975333,0.28088633789002754,0.8885940802896392,1.5961975847423513,0.9922947721921225,10.443100646608888,82.20154367770768,1215.4294594921214,9573.889262712271,88008.49342043063,135689.34784001316,136635.13522884456,124892.11094478464
0.24312532211452012,0.32906175627749235,6.839013098377843,0.15816115762197097,0.24006523437774158,0.25692015963623627,0.9409122056838621,1.727865878664306,1.0465555453105653,10.376031990860078,82.23359949012871,1184.035086940196,9526.299343667464,88097.20318363872,129793.34774750716,128810.5160316957,116263.25297646849
0.19022714309087618,0.33231633528518123,9.186716919013685,0.0814798825795632,0.16331468355123888,0.20179706264031283,0.8989887189807217,1.6900058681748615,0.9399555904124376,3.423240796668063,37.82638396517753,518.8557415977263,4090.397134574312,51078.80764733093,101610.27238463901,106059.64881781851,97359.28171922448
0.32484122581887753,0.25612714643040935,3.3468031431791276,0.18342866486899845,0.2185586488594362,0.38894762914760966,0.9652920530521922,1.6539654430353956,0.9001313717322562,9.898320367841643,84.2304787708233,1187.5651994784266,9756.143168213426,95111.60467998918,142820.9548969123,144577.63707306306,135808.07509414922
0.47215688384108956,0.33869941367234774,1.393518881709085,0.1334312535928818,0.18513033416139305,0.34007701808035085,0.8572539431567309,1.4785714995585917,1.09320260097957,31.65610767321989,262.0210358012297,3823.9900026782734,30388.931057899114,208117.38010309686,284618.5173055425,283098.09182883595,261479.85196851107
0.4316858794344214,0.24173398109212746,4.137542122879907,0.07591717935216077,0.16734374211789635,0.22532378429853087,0.9122992527504324,1.442932605470092,0.8832541537809668,7.826539819698495,83.98032207523013,1172.314927349591,9153.68075259024,114237.80250867778,227271.8676949873,240766.25591827292,226960.2396763247
0.4261143981768222,0.2430037791872031,9.490308147054785,0.08256279723805413,0.20408077843386546,0.2674114154805938,0.960265655609699,1.5318787545770598,1.0380875738806161,11.683904817206447,110.56683740276215,1570.6916102711998,12537.480037052019,139911.39460953686,238536.9753276131,243698.39286774702,223874.7647698661
0.30448716335626713,0.3872590656996949,5.269425485859374,0.19324923075715783,0.2140552315754472,0.3695037166992718,0.980796238757084,1.5468493700399568,0.9837487547810336,17.340084177522748,138.46105041043182,2018.3639352733533,16249.5308928828,122531.04712070677,164696.96670898495,162796.53994198283,148913.85538530277
0.48958467475516787,0.22963518561323468,7.696725150259323,0.08703435236686105,0.19150899179075564,0.2863394767876461,0.8850133133204497,1.4760867962811137,0.9740593448596699,12.215836109277422,118.73089628513523,1694.4638997406526,13501.794539989667,153732.43055188365,269061.1725387286,278065.27638489404,259778.38943858826
0.43572826299630985,0.27585156660913374,6.967122907508558,0.050313681228441064,0.1536773124176748,0.35522480195725814,0.8456566692875852,1.670038315067552,1.1708174753256573,23.738594867097515,183.6710227237619,2705.515423728566,21466.10348235731,184798.17579124466,273201.70033194864,272199.9081637187,247178.15816171688
0.350711259232948,0.23923941850279706,8.790393039149752,0.1670152265781481,0.15436160730822976,0.3407123562114249,0.9838849751370274,1.727721937368381,1.1098576494522487,10.245927732225399,90.82833938966631,1278.5532799616935,10367.887323618661,108729.89526564187,171959.38821272572,172986.29458253295,157594.72344216396
0.45565755546562203,0.283652348020522,9.669900408227235,0.10488422433827661,0.1587418154777819,0.3082096186011166,0.9353219591393509,1.693227823517618,1.0227832536727295,13.352800126698622,122.24048875559625,1736.1298455698209,13910.10060855627,149961.290338075,247551.85571123415,249808.5811746074,226459.35957357803
0.13500926771903116,0.2559622510048292,2.204435797057279,0.16436008502717253,0.24633724422161285,0.29172565156206254,0.9822262245615766,1.5021650282673369,1.0098901015936237,5.719475013694809,46.26473644552284,680.4963513115956,5465.576369707633,47776.70147695032,69087.9076678882,69384.09649788764,64382.49436236829
0.18707537343971753,0.27861511717381116,4.6811917295568115,0.16284833732017306,0.18087230090902093,0.25694881258222513,0.9804327480325753,1.6067138969595673,1.1518638062712174,8.143459600134499,64.58519041632442,935.834623800611,7482.1183320926475,68566.45225695761,101154.92369881831,100874.04990048626,91710.60099713696
0.462994763206666,0.365074657316125,8.9184260488833,0.17435870644642773,0.21291574020423998,0.29328490627781567,0.9397509180938202,1.4631434964993044,1.0428479240569097,22.35676394275749,176.36079214323937,2619.4605827392,20950.511024161045,182318.2048488112,261863.44629117244,261845.5567244859,241643.06229763263
0.1720763182052089,0.2793466109074954,9.83188837818228,0.1646514693993798,0.21392802052889187,0.3251336529713148,0.9764057930535035,1.4558529878711497,1.1964554918163945,9.034987540787236,70.74318022320674,1045.772780105616,8372.267343564707,70034.24258971786,98393.84064860886,97883.13218620716,89873.4381204331
0.13332256950691534,0.2597148399381056,8.295445712358198,0.15172895887750498,0.1969609790400959,0.2728236813925921,0.8565057622444777,1.6129965232869476,0.9909098912354348,3.266757590954314,30.705128125966187,437.57200808506184,3515.7431534956404,39482.54678850978,67217.2589049868,68994.08784698542,64417.300631333324
0.25599247180355944,0.3871657450573196,1.226683995630188,0.12112325589600761,0.23704910002606067,0.285033710709542,0.9250468988437344,1.5362353366791517,0.8840284057988105,14.486480009969851,114.43285279881816,1678.0076944141524,13342.67993406768,103572.5995149601,145544.63073217275,144878.53985393478,132791.31273107213
0.3869661059680657,0.24140160930038201,4.833073515101432,0.08303173685886953,0.19449550204952823,0.20576973609870108,0.8799129781273121,1.4831490114851493,0.9423431236774342,7.7103925332791405,79.65669042826896,1128.079051715795,8860.404525917305,107941.29295466235,207292.84394652388,217911.9646972336,204675.5998251993
0.33811814385404887,0.31762234821963414,3.375771766092569,0.08505139731818652,0.1978322664801505,0.30725228803222576,0.9776264806768042,1.6190276494456175,0.9589282079261201,16.70615037449491,131.10003563636334,1921.5866334478067,15225.40278448961,133293.15411445382,195105.30355547555,193531.769308304,174566.57109751954
0.31293096650766894,0.22589764269679097,7.256590462503685,0.061780856863072456,0.16680380563620367,0.3722445024975241,0.9785547088399731,1.5265205911927695,1.065421397992797,12.723228598320096,104.83322459874118,1525.9729204753403,12117.934338888757,118548.99141741832,184316.17455345794,185522.6764724066,169171.0386658815
0.3970753579406945,0.35340856656934616,3.0191454681826,0.196999418087781,0.22371148856013662,0.3192110903649397,0.8589836046231002,1.4635791590886063,0.8475522926557295,14.326812457800926,120.72656020099662,1783.474317974457,14392.031529437185,132718.12004759448,198851.7020596569,202201.25379015162,191667.51838880894
0.4333827021630259,0.2743111927653457,6.877316689117987,0.1235033720227563,0.1569315510323641,0.39149364728826697,0.9412174331029424,1.4536433221384804,0.8817616434822225,12.991779070798353,114.49491525417649,1657.9299381276596,13334.855392368536,140480.55441427708,225924.8986763663,230636.63574943203,215692.31675642752
0.10840737565299473,0.32675903831048286,3.1447379438128444,0.09934761852202637,0.17538848811673977,0.2068659817873538,0.9002373666377225,1.6305041066196881,1.1668186307727075,5.434162175769904,42.291111722442054,624.0140374211982,4926.6055905990015,43465.712930929134,64861.33268650714,64687.91626312532,58722.64135782007
0.45885980571297125,0.24100472029858774,3.7429944412407363,0.1411719075196578,0.17219653947626198,0.3780867467724899,0.8884324580509465,1.6085759748672874,0.9920130157302117,17.338546977173873,140.5822567852328,2047.4105823034047,16442.378848377426,155432.76345537935,235080.3442572184,237359.9307506473,220205.23002930733
0.34089682568199936,0.31967886487036107,4.255970828405188,0.13744224390546733,0.1843799222344477,0.20221861745004766,0.871830176731151,1.7038838558072527,0.8237312375626825,5.155531553069424,57.88881720123056,795.7111651922847,6268.514436003865,78775.66542536083,157567.7306424869,166041.42043670203,155756.30326977387
0.45064796610419866,0.37287905749004396,4.422661158026946,0.09319246312198623,0.17857734642295311,0.2676370844626088,0.9673509564684586,1.4440863136451885,1.0007208183068903,23.135773871346615,182.7200322793852,2713.276193772157,21475.539413134793,185967.9592195182,272729.0324770311,273269.68962622393,250849.95177733264
0.295920719690132,0.37831328662916863,1.0937613583384505,0.1620128052168208,0.2194794477192276,0.3158128195574508,0.943764313070714,1.4700180340548212,1.1919545510623069,24.20932241156725,208.26922840406428,3008.5428270409966,23933.378631868974,139852.32871555453,180929.55959707487,177665.16553274298,162257.61172962084
0.2331953946133133,0.2036755465252146,5.917028653005217,0.0539933007420485,0.2354103938977739,0.21837318682996165,0.9486576796824724,1.7014715415960662,0.9695739526817166,3.798806613191635,44.47638596711969,606.7311598154583,4751.815216599099,59826.20187247594,121639.77611047466,127297.0363600764,116360.9209526812
0.15339437623486424,0.2215828546053703,6.369390910923729,0.07958004918272854,0.20261567331970504,0.21837921625244647,0.846146028767806,1.5299069232211848,1.1618928402753095,4.674119409475781,42.0808423418637,615.7722082716165,4888.516241593784,52609.69901566292,89096.57727651655,91498.26236124877,84963.94668422599
0.3949971154262645,0.24393410781509936,4.652336919804803,0.08693261534769552,0.16425193603464552,0.3321783919774921,0.9458865223197257,1.753785398532924,0.8354915957649394,7.12591386107829,77.32148323886443,1061.3711899152331,8427.828959189623,101134.6920087386,189608.7976771148,196265.83704182648,179987.30724157902
0.1479184936094333,0.3414096587199142,4.205834809112467,0.07256362663582862,0.1798725131621106,0.3284087241399286,0.9559203867789993,1.5215243181201719,1.1134458848357722,10.182828420991566,79.09946770830216,1156.580786898986,9164.744721560357,67857.60521726066,93532.3259296271,92378.82521599236,83831.2568128425
0.433615539640665,0.21558413536639986,8.749169144888063,0.08228819806811727,0.21763420730723165,0.39777924760320715,0.860088723553001,1.4756916775022682,1.1755508373484425,22.494858359235696,177.77943423008415,2649.470103721225,21068.59482684799,180451.06838542403,263501.6184264414,264338.96812372195,244412.94086038676
0.17120812338173158,0.21838526173169415,9.151477539065358,0.11696054571734259,0.1784247642604948,0.2440376777287817,0.9505080449401537,1.4582591202683979,1.1840339515326301,4.855813926452585,44.86249607050101,641.6051480320822,5128.79979481787,56568.434362699845,95103.86635303222,97381.91152727835,90282.90364805175
0.1281385060107637,0.2459095749499125,3.5959254637587583,0.18334828481882814,0.20584483153169542,0.37070944238074754,0.9014645435729998,1.600798488000221,1.0726377170193662,5.733177734345477,45.48589355935078,666.8312501807123,5389.2848275781125,45746.15797685978,65064.96004187556,65187.09915429031,60514.5765520858
0.36988026401498664,0.23725175495861575,3.3739526380521814,0.1564336218881697,0.1761809856515436,0.27296428592011335,0.9772652562075962,1.4139269043152378,1.0596760690666114,12.71482887912088,107.94325352600926,1565.7996383764382,12537.618026492297,124253.39115912467,193474.81186229663,196816.48799844136,183962.79194124902
0.3063879821540532,0.35529535807070534,8.921547377291349,0.09051292736013605,0.24901556220453366,0.3393323655732997,0.8624609266130602,1.6393873239388888,1.0435676670101122,18.56205631683008,141.80036058923602,2087.2413593064866,16631.822454621288,133033.1988980276,187064.66365040748,184649.90511964407,167484.14167765135
0.1724900236552923,0.28864214154256973,8.537192200003439,0.17217896692518353,0.20060741151616235,0.30943835528135855,0.8898857427179878,1.4267044061226712,0.8757119717321804,3.978759529580657,38.64970103345568,553.1404639392501,4476.4682873111,50367.890962691024,84679.27336121775,87351.63738829205,83113.91789508768
0.11538236027410918,0.3154621780553348,5.121391024922641,0.1116217987129893,0.16543261775071091,0.3705835685734779,0.9031000217131404,1.7475043205215313,0.8279562269999418,3.3605062430811516,29.835496105752846,425.4690870381127,3413.792791228375,35817.08330297142,58124.336041548675,58842.2313074435,53810.699095557015
0.21356104181824054,0.3557189552685728,5.064780937846084,0.13267773958333512,0.15138399639076272,0.2803990238569004,0.86613589215054,1.4328286487039081,1.1930887067909988,12.60283860796216,98.92509514173798,1464.6223565835633,11624.225794076978,92292.04388007527,131873.67846507134,132136.488381655,122464.01580405932
0.4464504700848545,0.23333427205758905,1.5816596293727547,0.08934857309736859,0.22839727251202394,0.2764062331357144,0.9878857275289317,1.7662555681157412,1.0214243878593918,18.592673886274078,151.04544011704772,2170.073584745694,17171.796904225943,157981.0884976869,239214.22376999518,237404.74387555677,212106.9266873737
0.24978196499627017,0.2806903109786627,2.572060881560108,0.1257241329235821,0.17902283912831024,0.27160635141159767,0.9113280388060085,1.7333662998873716,1.0277017924480776,10.009978110356979,80.96536605947195,1170.0577100955006,9304.986449332699,87312.9588416023,133105.31313818262,133145.5211913538,120688.40048163707
0.4084184983710939,0.24904039041088777,2.5400695475380144,0.09295531023215853,0.1640532257649087,0.3852360496830773,0.949610238102385,1.6171806664897301,1.073788810481741,22.782276789191855,176.0998514807364,2586.274119784791,20557.733171990723,166214.24951415157,235174.90003431766,232638.03944488175,210473.50509889418
0.4949337587596897,0.27604045289441437,5.798515081445949,0.12825617905399977,0.21449513994322916,0.3758543660689385,0.8811629410902826,1.4857841148857733,0.9966241012554452,23.210471293066266,185.46166057139072,2743.699816613572,21940.758563937627,190730.61524273528,277357.358110082,278608.74678292655,258578.93186317105
0.42505579413232686,0.21484509136445062,8.225544589162247,0.07283017333927372,0.18415569374825974,0.3231991266306178,0.9222072654753276,1.6430208844568988,1.0859579413635765,13.8294382113085,120.66900155136216,1735.069930621546,13857.898241393013,146410.39298457865,240108.1940815388,242694.79497932037,220874.40216812285
0.49480013170953185,0.33035895852354313,6.709613497536026,0.19470270805852802,0.16678511889554118,0.33939342582830223,0.8687213086321024,1.706696879677479,1.1198386332773251,24.80296330490154,192.56159156679158,2820.9651425078796,22718.648393047297,189685.55807245185,267659.7462835977,265457.43410495546,241912.42735972206
0.29438215390631417,0.28569255035090135,5.160178817678305,0.11557578732428708,0.24742990621522837,0.3706320238122024,0.938671817838289,1.5594816235094273,1.0659135886590256,18.112129906846036,139.77121401490228,2056.3278399126275,16419.326121380294,125107.87936486989,171120.04779387382,168873.50956271478,153653.13774454079
0.4805471399888326,0.2448122947885321,6.9896244046952125,0.06108475423976682,0.17299587706458763,0.21227793586102675,0.9486924581298983,1.5429074913588021,1.1575326904364855,13.801826444095258,129.00394654465288,1851.9247591979383,14686.739172699954,162452.9532815174,280920.67178016325,288453.79491476563,264990.4096102041
0.17825046169249414,0.30745912669099706,2.0001420788541484,0.1047993836291415,0.23335253223737118,0.20581007336714,0.9693555515220799,1.6815651638354223,1.16570299338109,10.1830917814006,79.25693116270003,1153.841090199974,9135.209240875749,73832.03100349518,104837.86562768395,103041.76981946602,92176.0189236705
0.17641715362576416,0.32516456745445443,6.4048960454695125,0.08223804478721797,0.24526891522100186,0.25293111529200285,0.9328361764575739,1.6437173386693171,1.1232244621335417,9.8566821779442,75.8449921804863,1113.9634263836456,8852.812745429223,74743.37137861302,107471.78389475567,106101.36464042812,95546.7264431061
0.3778308287664124,0.26064469921619743,8.859271781943903,0.11540542530465972,0.2399695089750897,0.35579673893936103,0.9551643259523114,1.717464410495773,1.1382015023381542,19.838272145960616,154.0433354239763,2236.6719276221856,17964.437129151604,151814.15795472031,213425.33717320912,209353.11639844082,187352.50650014682
0.48659701498451136,0.3881707847901952,8.459008794416318,0.09829267589169688,0.17358328455026392,0.3685742485879141,0.9454519332579203,1.6418548012601084,0.9338723855995585,24.064210950785323,187.60039589673022,2749.980288262476,21954.07226421882,194599.52187652583,282901.48435967736,279950.25564299163,252546.2510302771
0.35678789522664,0.2666779750014957,5.687762936533614,0.16951396258126325,0.2241350426152079,0.32846228771142744,0.9608085787670854,1.6907868150960232,0.8949646777519128,8.534103620071745,80.82580689328738,1130.3444261962193,9225.57416216634,99224.35759962392,159672.75850251346,162528.97727994333,151820.87080560124
0.3290857231860576,0.3991732892775567,9.355131856331797,0.05333247659505627,0.22029957759616384,0.22928633797557518,0.9208760175588677,1.4695533809143664,1.1159258265344465,17.662851283798854,139.3829351308475,2070.80686205207,16417.16245191161,142812.26040991073,212061.0933777776,213663.53931540294,196608.78632964898
0.4458819411461068,0.3438043349117329,8.688126128062722,0.05090894301078666,0.19880558612974297,0.30756050441098814,0.9089990761419624,1.6850236846240574,1.1433573235495857,27.193175838634666,206.13988041914223,3026.0862216722285,24069.1821781262,197646.1449716371,283053.0269456241,279271.5947381295,250954.6944242028
0.2099374358978523,0.3018814808167203,7.960154009904944,0.14720520480153015,0.16541868030892554,0.2475362440624465,0.911680086013072,1.7667519370131985,0.9079009093939545,3.3162949007382014,38.61787726740309,521.8265396650214,4159.509985712548,51355.756559846195,98014.76336006024,101806.23056083717,94134.12362736433
0.4523556103371188,0.36735297890853064,7.5561853482877925,0.053268134349367675,0.1846040033212394,0.33502356594598526,0.8856932430279892,1.7190099425406993,0.99932306660655,24.177552420415463,188.1017638350711,2748.4862949663225,21862.394449518146,190096.48296049715,279591.3274117261,276660.13920930075,248785.0452855169
0.12372981661446963,0.204824849072748,5.994912315026629,0.06032013377096254,0.22990175405117858,0.23565947346076313,0.9298123662745338,1.768540260604856,1.1959785149100033,4.164436302701511,36.24725357871396,516.4400747706198,4103.902056605442,42929.852330096495,70809.72614906178,71049.9308350016,63727.54140556243
0.1857106601722395,0.2897757126741345,4.475724348705458,0.10600713572221399,0.1532452535664788,0.26658198802008753,0.9191915191547785,1.7699319404052936,1.0652401276523693,6.742266992933927,56.33001558126132,808.9053576442112,6439.5733746603055,64329.25282719312,101952.9361443509,101922.03339279367,91654.127479682
0.42478014447824997,0.2902155699667843,9.126910371060564,0.0861611805354173,0.22572295504776496,0.22471751078511856,0.8905241709033359,1.554515859294425,0.8296310313098745,6.824452668232078,78.00463776090966,1071.9156368361953,8455.573106807346,108170.54857532268,218785.1471535691,230734.42064673835,215783.05517464026
0.32385605886800617,0.3662158973538596,3.7141194676343154,0.08865412060348019,0.16441858828956787,0.2659225317260153,0.972988025205132,1.419469420980366,0.8726997089259088,12.208207537511909,102.24373812666222,1505.4463923400397,11890.16919757932,117834.9417078815,186717.19482814174,189893.46522421387,175699.8398015925
0.4347955085437071,0.3597030188657359,9.253884964242044,0.18830372447171956,0.2173532234012483,0.3072881623808159,0.9107534266837665,1.61223836126128,1.0331362547353276,19.84388004786612,157.09250566899718,2306.4559340590586,18581.07171667846,163818.46881135678,235099.3054536596,234224.51619683954,214612.850521097
0.25222279452304064,0.23458670978784021,8.411342533272421,0.12527116231588434,0.24084244916575945,0.3821828401527016,0.9662737009918878,1.4459341363966531,0.9025273651323907,7.515761734962314,66.15907732056435,953.7320538974766,7715.1218425495,80928.55651349181,127973.13884485843,130288.96688619853,122065.56901848566
0.11355952803601044,0.38715434586050834,4.93950367420854,0.12358594405889976,0.1558830464408036,0.3603335845583644,0.941315050658447,1.4638216841166853,0.8303111292055956,4.499920835375993,37.604661205254196,552.7920870383971,4406.105385026687,41455.42132052615,62618.80381795377,63210.63259083473,58561.811770217486
0.3327323118630237,0.37861777758549064,9.232152720700887,0.19811686770401,0.22950443434228138,0.2324941770337275,0.9625883879374945,1.5447795576928,1.1341293868804327,15.962219325067029,127.8918695221694,1879.3758755013205,15048.027635677034,131182.20703535416,187396.24582944825,186182.46015639298,169850.6161567023
0.35912167286696384,0.2818164037348293,5.401270834898901,0.19225997453687949,0.15242141299383674,0.29114442245028466,0.8735097025808901,1.5349426907170618,1.0934397819124175,13.263619107759768,109.31607339967738,1598.7737622686416,12825.210565125028,123812.33881054408,189452.28145938495,191884.22968171793,178886.88215949695
0.1483362599683884,0.3990590703353472,9.618140649227538,0.17757457657994308,0.18308107555006953,0.2134834611630041,0.8425949613162591,1.5054210669364327,1.1648241006817437,6.716748425220009,53.52762545807144,798.0748614497288,6355.182329366863,58293.84744838349,87611.20283913292,88218.76568553668,81670.15564656466
0.3450473676624767,0.2902892707953967,4.912674059562034,0.18396415364633317,0.2313097465577192,0.32474889780384814,0.9360815198279403,1.7676114420877163,1.1226939495289556,18.2563147536009,140.67737025993569,2029.4704299117457,16400.31802528762,131205.19206474614,179994.98420197255,177173.5396631654,159849.93832702268
0.3987370158652995,0.36491625025211843,8.536965657636479,0.1799769690751692,0.16382237434153402,0.3848964645617112,0.9025336049169581,1.4008751475026695,1.0505829322649745,21.16858797985109,168.25717056174113,2494.0103861941716,19940.040435529332,162536.69517246418,229776.14710316184,230217.32338096676,214297.88314255726
0.48499563351679875,0.3505244132620126,3.031380212679105,0.14440563999459388,0.18772074844773878,0.291600731738105,0.973336027551551,1.485601490491974,1.1480524942991968,32.95219089350502,258.2851052399102,3770.41405882071,29981.42247103,214661.9763336789,289887.51867604954,286001.57606421516,260602.662861133
0.36508951131654965,0.34532228200328285,7.506540477454665,0.06688137764023007,0.20654088715696306,0.36743785282157493,0.8618261262911615,1.6702565739003585,1.0271967758354748,22.069248407937636,168.11622710753386,2473.62359772354,19682.050411811626,159150.16486180126,226229.80104573056,223347.38025645065,201958.919829097
0.33046041067468207,0.30666811194472576,3.8263161391595264,0.09966041401924595,0.1645187139097434,0.2342327424590691,0.8537757210387904,1.5638464423998335,1.0899541850682346,13.96982391798759,112.87083847112902,1670.535865250138,13202.773809165856,125028.73766905321,194492.24859496194,196571.42405475577,181061.7162340631
0.360008603507073,0.37206349410353023,1.1482866902291837,0.05327790002064192,0.15951412284519106,0.28880601931434885,0.9669610060990317,1.6442132277625072,0.964289921200999,21.665177355700283,169.39551422409954,2469.894842494219,19462.79333099554,154180.388133709,221339.6914187434,218759.45119120862,196457.2109917425
0.25741735750950034,0.2497359425684421,3.832982940363392,0.09172587260312093,0.24904353466566145,0.29600079053069855,0.9139351907641949,1.6157893970800652,1.0632551738310656,12.64947607714897,99.68249230111276,1471.8791738975176,11688.323831878697,101541.89597225598,148258.8717081849,147522.00218258388,134127.51239660615
0.31656685392092154,0.21645016110942117,3.693592310024615,0.1106769837776099,0.1871575950978265,0.20107518509538827,0.9055227989140402,1.6003006570462222,1.1628802500447377,8.978485994470718,81.78662004773406,1177.6165182589577,9337.028762711941,101146.32420219456,171802.23560637824,175717.48058443549,161733.68753855987
0.27751997209447676,0.24486438108887337,6.90970429698142,0.18546112387917207,0.15773712416940558,0.21664587628440796,0.9421150228209313,1.5023154011921116,0.9644637773782174,3.3128095607530406,43.87604542305625,592.3452944681809,4707.763923426973,61323.666862525155,124182.68396057525,131458.78444808934,125420.85276099233
0.32132368621000984,0.27727603753547164,8.33618693200413,0.1599820321976658,0.23112084158066581,0.3695145835855289,0.9616205577012554,1.6320215519767955,0.9000645581363452,9.589257412170554,82.52529348849936,1172.9608506438938,9582.42236252639,98666.32090293571,152828.56649746085,154532.36845053214,143613.29012436492
0.3573638557328853,0.21843301896631714,7.8368572768885425,0.07307426393116934,0.21617437458742672,0.34128611325514036,0.9159711141662155,1.4341243707586069,1.140452160613264,16.823126265428982,133.81521978907477,1986.8288529756583,15758.586419506286,143976.22768040755,216464.9778720202,218243.27373087825,201783.50454056446
0.3618262832490633,0.37549849598654295,1.846754188137044,0.17531520806734185,0.15525586840745992,0.22971929032423424,0.8597551218752643,1.5594460409722195,0.9605624652897372,14.094199913998992,115.17299538017836,1702.6378048180945,13516.970982267709,126327.01204414565,194368.2722218237,197029.81898507636,183054.70531781617
0.43805892934721846,0.30781413165527094,9.105076436136164,0.17291940758482763,0.22935298552698102,0.2888254606841365,0.9207593126475326,1.5296041091123271,1.0752362847755397,18.597058826827716,151.11584693638974,2220.815157090804,17827.836506706215,163319.15437233096,239729.49545975422,240252.35589698167,221545.28740715716
0.16710524981830044,0.2559630107625675,5.863762347587806,0.1248930707978807,0.15325691509189154,0.2603850005630222,0.9427342175575296,1.7108818646805521,0.9736366253133606,3.3371113344839385,34.02353735854748,469.65530035069685,3738.629570598408,44485.64386158543,81669.08819319247,84265.21832801566,77420.93046614122
0.19061185245669524,0.3932924490652123,1.0635033169216488,0.06594374974710637,0.15924367805306477,0.32661619354489446,0.8773912803521848,1.6725320741067158,1.0116350884092182,13.729209427491009,108.73876027555497,1572.1783909758772,12427.303996683984,86903.44067096782,119486.34468442667,117409.45318201763,105863.29070179246
0.22913466220836454,0.3608728186733055,3.6479161694993953,0.1225078417001652,0.2030277560858966,0.24232254543745071,0.9338376605874803,1.4435137481597466,1.0780038518996105,12.863782621987752,101.20331619952314,1492.9494285401918,11831.554041071991,96453.01228045906,137953.90921455924,137864.5928149952,126926.66549555701
0.4735706263610844,0.2924007497499452,5.824175881146017,0.061988564601132654,0.24352520007724585,0.29575275980323257,0.9240663785091542,1.697080864268807,0.9551047862429072,20.019639416075737,162.60112650997397,2349.3323134289726,18697.83316010732,179169.46084934857,276236.7440284926,275388.842166727,248107.79050355303
0.3588899960544746,0.363550901022143,7.591636428276297,0.15718665662630124,0.1820474411035186,0.3121141317049411,0.8699820664285138,1.5248556476984745,0.8714544360707845,11.628378013961214,99.64650245481722,1448.8282562353313,11660.750645274322,119419.35133355405,188851.1563093388,192161.39476029098,179505.49976497976
0.15072602153427173,0.2583757283737808,7.940547893481692,0.09606695722316554,0.20021327796420213,0.3579759422179267,0.9230128645770657,1.6503078475166393,1.0550381204593122,6.682912449269698,52.928937161473065,770.5641560939312,6162.612541870635,57304.70936926093,85530.86942933693,85147.44747368222,77165.90579544204
0.22366054586462109,0.3515741947869311,4.69288280012345,0.15945877178058726,0.20869806173436276,0.3217173360297191,0.8432934414836762,1.5530705791674555,1.1928155466753378,15.30663813895825,121.97132240302994,1785.4867182052494,14229.552670963752,99370.12268115047,134689.6431626795,133219.6638957923,122198.99484427976
0.3805423382447698,0.3899043659777916,3.2650021609506856,0.11770308665768993,0.20162149743774724,0.2614056573739195,0.9262999377180015,1.6877335164715959,1.04729683919715,22.90088950405833,176.29074000775105,2573.7457547775025,20470.08218712495,160622.39883883196,223896.6685100185,219794.24995653384,197372.11029315917
0.18028416437065042,0.38982465989484033,7.00358366509754,0.13305530361004936,0.2417369898385041,0.3499703980302299,0.9649532239201863,1.5141796438389472,1.1391161497722697,13.713486232809675,109.99914974706806,1600.092809865173,12735.734890791222,84681.91825548107,110952.08736502987,108599.07966294553,98408.95616347656
0.39990052517252894,0.2137250133926342,4.600804584264271,0.055171822618062076,0.18382432894447237,0.3009156461811144,0.9190572727249755,1.413812888223573,1.084809287574524,16.097743703489293,133.2146616622085,1969.3983236089316,15531.038518797226,152003.22308633744,241454.83149851902,246478.0812745155,229115.00466656475
0.47509747426752613,0.3208105960622968,6.023563606094372,0.07338658575677977,0.23984820807327997,0.37567737303364723,0.9696813023697664,1.6594114798968147,0.9555363299840668,27.290612463205136,209.62601698299449,3068.3176725037324,24447.058569285087,200424.19812175835,281785.44520881993,276572.9382283478,247706.01572510973
0.47175555088223164,0.34223123465229494,8.428534009777335,0.17122225931286705,0.24605666975829857,0.3547695238043538,0.8713298955810944,1.433927009012884,0.89311365690095,18.418610446429707,153.4884203869142,2276.0321515801897,18288.0288496095,169172.2270859314,251445.64062295688,254518.18240767042,239410.9205572597
0.2954431246073561,0.22129175955621933,4.314090024669741,0.08323217861099845,0.18831722814380855,0.2806170492035107,0.9649948794218146,1.4657089445336036,1.1446804550271423,12.701645511840349,103.40306194868775,1524.3698219549271,12052.151243898257,113358.12909137279,173324.24160709616,174773.03796410593,160628.01882282822
0.23658455817439672,0.31235099458338605,8.384285532150486,0.08862964047062644,0.1961673677183532,0.2827970258359627,0.9527520466802695,1.4800914705947756,1.1199715094559926,11.89118151835377,93.27145503458739,1382.6577481729403,10987.887025139467,97819.58777145154,144315.67884291543,144421.59529543962,132189.21118739358
0.17100664430171097,0.2337335293374081,2.9397078731901405,0.1968874994379491,0.2093185173278753,0.24611299499457573,0.9696368458285716,1.7352409126947554,0.9325839199143376,2.4097013666715186,29.169665269803954,388.89817343135627,3146.5558129253372,37537.353265570804,67766.22042177402,70418.28863100038,66742.5194223882
0.15815816072633115,0.3763405847594342,9.64110292051479,0.16477616314696636,0.17701502550875436,0.25694790708530996,0.8625921159420717,1.6323246649773546,0.9711183888852062,4.996718185908172,43.728381737756045,627.9114552143809,5044.392839395027,52745.00938750476,84757.94655340372,85887.95011258023,79170.23868501285
0.12444575207730764,0.3802293930471844,5.672368350363688,0.08162100081961213,0.2072082867344568,0.3717440313456685,0.8981132386314968,1.5356793432063405,1.060134710236006,8.902028591285227,70.44553867658207,1031.0995211922207,8183.2540067100845,57998.620658515356,78862.38995551066,77796.29663811203,70859.15909286587
0.43017501750888365,0.2500223163032772,6.800211927435481,0.17506556161698938,0.24317200096019806,0.3255233685387969,0.8742814633325166,1.7385806816224845,0.9015556096441125,9.150485091940919,89.28479651946573,1242.1686988205452,10158.10021720222,113150.49714778324,188188.62543818564,192923.01692740075,181895.36966379284
0.23575315271419162,0.3439569570436756,6.516944197062279,0.1091749890681203,0.22294609608436436,0.20812331033572562,0.8614951165493108,1.7379024052879304,0.9671314376478825,6.961518697680615,62.96048293297468,900.0460769742937,7173.982555563323,77073.49149814679,128996.57117447404,130621.9694124103,118884.17177991921
0.1989637543309869,0.33856996386875626,8.998516677645071,0.10868176060231766,0.23273253583496656,0.24504593286308732,0.8859488968790771,1.6205538595520612,0.8240407714558765,4.2590519490473415,43.00124567423899,600.9191933392771,4798.906873456776,56828.46765432811,102866.12271684514,106212.44286843449,98409.66326351797
0.4514256876250564,0.23816870407002133,6.53650231205595,0.14302110959601116,0.21131272518284788,0.36893706306096336,0.8944990126283544,1.6978976781362796,1.1513732075547936,21.96019243741937,172.39966572180703,2514.5230680049503,20229.368672404795,172354.97551468806,244859.48832644382,242745.3538592997,220620.60178796048
0.1553610212097629,0.35741452172484617,9.805998873310289,0.13319189582373098,0.20452919672161735,0.24760568860034735,0.8813758171783624,1.708270457558804,1.1056653005120547,6.797782642777873,54.18704276889193,787.4202809155797,6303.175977689355,59230.1957000855,89106.49224760282,88574.14568769855,80083.8964410728
0.15442782231276542,0.3977780354658746,1.769019724095442,0.12613785121557136,0.16660579031206427,0.2114060865252249,0.8686888802271272,1.5609841441475483,1.051442404749252,8.08062008638341,63.543057952015,941.6833087117187,7441.301661350001,62356.96707161675,91557.59756267944,91667.690813702,84127.20404542547
0.2050471335605725,0.2735834517789929,6.50841675092436,0.15256783537806584,0.22555648049691082,0.3305631058337496,0.9029158028870605,1.5683761885181364,1.1624790513580732,11.281445864961537,87.35298988261,1288.992607474561,10326.645387114766,83320.79316907263,116372.4665635498,115499.1391050247,105732.94969123555
0.433270216828613,0.21884208297930718,8.08365432893195,0.07350763242987077,0.15495515199728985,0.2859258248659247,0.9346680271444476,1.74513577977609,0.9686090351946609,6.7664156378297955,80.59423223794397,1095.3232532352467,8632.89639282357,108864.90008448977,219221.9503669058,228644.6702356612,208758.0969011871
0.14917296620428508,0.3994389933640431,5.829802562632581,0.11426711726241863,0.2336243679325274,0.3304191140882578,0.9095757508900071,1.5139861503184018,1.0352401771311528,10.088438918401643,78.94688796596587,1159.5345089955863,9226.402900138486,67157.4123914747,91454.20249548044,90337.35808269099,82504.09027287365
0.1804945531912354,0.347255960264497,3.190551224014077,0.11906676220958234,0.19549438969163654,0.2416068203013284,0.8520417881593628,1.5905072507848041,1.1622298113587426,10.886391799868937,84.68543621103404,1244.1023628848732,9873.584762761784,77343.52884129637,109617.97883069605,108865.1410977681,99472.48537274842
0.47058598518612216,0.32649327170214903,1.3279986616002295,0.18728623828639662,0.18598404772048138,0.32067742627154266,0.928611121960989,1.5340538778944586,1.1662629601851464,31.952033887941447,259.71322720020083,3786.242101564678,30205.949212535703,202174.66769037035,268777.8903923945,265343.754213509,242796.11409882872
0.450059691286257,0.3418368094042137,2.9701216667242134,0.16474765533574667,0.18211613838323737,0.2574630413184359,0.95075346375292,1.5442753095764186,0.9823176797673099,18.90455930621506,152.30692492325616,2236.373011003499,17839.905422979467,162306.64910627285,240998.23042936902,242077.32529540794,222844.7032148223
0.3772988100311271,0.22975175673284642,6.412493796425488,0.15701053492758088,0.18499986433348223,0.270012383857146,0.9832024797152006,1.6750278661406635,1.0741381572504984,9.312552112323283,87.3856026394554,1228.9521043939064,9907.336349780906,109646.1748215366,182797.16905522137,185917.36503832467,170827.3563912548
0.15644848658744143,0.33395557552337973,2.281074436900862,0.1587058906549521,0.17329042466943848,0.36921391659563013,0.9609366785754375,1.4040060728452595,0.930152573994224,7.744037901147254,62.85097669181344,929.0949841999271,7431.468030468129,60306.52314346296,85308.16003864676,85606.17561143913,79706.96693152412
0.3850799773377036,0.23581287264286288,1.2548693466531404,0.14402053013626553,0.21493770881533286,0.3449167459730147,0.9608320482300879,1.6228732346607035,0.8498425174788009,10.50691231605894,90.98502194745119,1298.329477476165,10521.048260589427,107668.59893578436,171406.31130302895,175147.8435161045,164835.01529909435
0.4975803979974561,0.22103799714533046,9.524783329795635,0.1525862889843242,0.2252956965918267,0.3321836984461247,0.90526482104997,1.5187500055212586,0.895233200189701,8.797921366354872,94.96842530737888,1307.7194591350428,10612.682451037683,127626.93465227868,227332.88430719203,236005.3794697022,224683.3032016906
0.3761973293862513,0.2998576579315825,6.405555173724217,0.11168797085611648,0.24866986735574861,0.37214426730538674,0.8987829106692784,1.664237867015685,1.0439188962539199,22.149816583105185,169.17935364275695,2486.097439185585,19891.22747339668,156972.71127767916,217162.69376703424,213778.39762992875,193358.56275787836
0.31606973497617963,0.28102630713139776,4.595064978892674,0.13863789972777124,0.16349312843841604,0.3067940355325752,0.8559285200228122,1.5497911319953457,1.1315943217660824,15.14867875746413,119.75683028957833,1777.5300791459642,14163.177773016705,123331.26600515743,181107.4048159765,181640.11916812454,167527.40862265375
0.3902950659688017,0.2076340945390711,7.845713479774055,0.14089860906268276,0.2292881483253597,0.34734217950442847,0.8514484704747828,1.413972147151096,0.9076294380349536,8.599934514369156,83.68734645551085,1197.4576842034137,9673.087238799702,110758.08370173776,190252.21768797666,197286.08836365177,188851.61939176172
0.4593746032308451,0.2737231625368959,7.501408275841209,0.18651498248333015,0.1785123768888603,0.31782103960066943,0.9047481794849257,1.6609288729652083,1.0276780900626765,14.080182244972534,121.89768318378127,1743.4275438613868,14160.581528655393,144703.2286132375,225955.56931117288,228634.4528282848,211994.2543148453
0.2677253792627035,0.3364932793800755,2.397625536508467,0.14495429834163287,0.18771416646451095,0.2922872311278098,0.9474678754992267,1.6966199884220416,1.0730689153743433,15.619009384393033,120.79501565437506,1758.1838279107103,14031.985870090066,108581.20262285438,149773.67262797305,147164.97366596913,132296.2294046667
0.38248690193734547,0.35355280372330655,6.933959659257762,0.0688833959240619,0.2309842972952778,0.32945757405753984,0.9407524094517719,1.5354545036961036,1.1955243261026482,29.214382718839282,231.32916327955172,3378.466564640576,26773.694406526007,184843.29585744112,248613.95065415505,244344.32526342943,221310.9987407238
0.34800572045911654,0.29544787489038293,1.51479897080001,0.18367244582852904,0.15349411178230613,0.20668707526923766,0.8709087179734141,1.6905744335022677,0.9119367780250102,6.668602777363478,67.27948656881,945.8639981522696,7513.422606968813,86604.03543871273,157336.35898187233,163965.63730538712,154659.93790231575
0.343601863197856,0.22151461735128558,5.516633223953127,0.13165942421869323,0.16837104664142416,0.36212162015115346,0.8629892359195542,1.4631618736166958,0.986495229992773,10.516239683489085,91.50053707012351,1339.8645378554504,10747.48901858188,111573.71025025577,179668.01210941965,184012.390996378,173366.90333484343
0.2877381860747804,0.3208384835199614,9.887670547514626,0.11583954716584534,0.2261198493464024,0.36150778944575557,0.8436900032267879,1.455831294300569,0.9607044188715131,13.003119778395472,103.28893257933008,1543.936467272504,12313.825302833877,112013.17371040964,167357.46015350544,168892.0478037774,157327.27709401693
0.25178073727627,0.2364346818517214,6.506020875230425,0.19253605543102165,0.1730316207769429,0.36798136205965576,0.8932291554019403,1.556529517541564,1.1664956743592145,10.632434486864494,85.90690691140354,1262.0620642346614,10187.465408727181,90759.85056674235,131724.74499731473,132290.36565403946,122884.00566090945
0.10310716904402689,0.3229068701295879,4.653464386772426,0.11366421137154499,0.16728298326964397,0.2533329884435716,0.8720319457110512,1.7443910884492397,0.9162628494519318,2.7392467852304083,25.388930929998736,364.50953378394576,2900.103500165797,31662.430727493946,53913.614617389976,54902.68629952462,50159.34733926214
0.42581875480379094,0.3279426215908998,4.137010702799669,0.05502208660686139,0.157696851763804,0.3358666359080116,0.9852267111566368,1.41576356572408,1.1377113383935837,28.587552174338207,226.63661015217323,3323.570470835293,26282.547014997952,197295.32881980532,275761.184634257,274779.09902670636,251674.73872790308
0.30810764338254937,0.3256368701816827,3.6198013807122953,0.10138146803032749,0.17245741517714358,0.3406006782574175,0.9368630067361194,1.7066160789578726,0.8078423547703029,9.443734458509587,82.51860504888025,1180.9645736980412,9435.839330580146,97673.87692347082,157978.68919195904,159786.4799119852,145736.87161861674
0.352124470154622,0.28904060948650745,9.17886900390726,0.1631841510620251,0.23357840872006888,0.217524195824731,0.8511226529641547,1.619830366931159,0.8252764439844213,4.061158325382536,53.04789298952986,716.8813563786152,5698.105371788672,75019.69185802525,155173.54115664752,164689.21436515814,157353.0873992352
0.2093678236353898,0.2774090722204703,4.948819550461632,0.08048089018628617,0.237910699662426,0.21544779745969547,0.8665458421853512,1.4668426909948935,0.9813272105851856,6.774321353079817,59.587719863012765,875.0995037214261,6927.800603152716,72897.37278007818,121297.96332744688,124530.35753889951,116092.24970748124
0.3117523724405652,0.3099529567347888,3.7189731941733037,0.10414431374582919,0.15084413545841172,0.21776916596441556,0.8558652288373173,1.6498422261823693,0.9210768320479528,7.2050597597872486,69.57429550567377,994.5500741820504,7843.98767079642,90396.26066231578,164541.7678589665,170368.688557205,157647.3091316589
0.11387243911155989,0.3465776437875616,6.551812120764472,0.09558379539010702,0.21185470688137487,0.33486560829832374,0.9832717181617929,1.5563190018950368,0.9815870199618744,6.168030099483431,47.867388518526354,704.4380954297362,5606.693368491006,47244.938720458755,67180.52813375395,66460.73384076917,60152.03483942287
0.2938326615908101,0.20614270353287575,2.8333922831298097,0.1353880198553531,0.2013859796837035,0.33051656883116365,0.9563227011255127,1.5013523236131205,1.0559348697682516,11.31378569177164,92.13219187460192,1349.4920063888126,10815.451672117288,101272.70218758141,152393.09342726207,153942.3568243622,143019.63516785967
0.3092501900299756,0.27343162650334524,3.3362900141908254,0.13838256648534816,0.22502068874957135,0.21124795631849896,0.9523624071611825,1.412127989260123,0.8144611405112545,5.370831547801895,57.177844901663576,797.9778893205715,6334.777846631931,77514.39447153274,146005.80582087598,153371.2698343312,146224.81639621416
0.21726416699262197,0.32220547878404426,3.1331976420860004,0.19256073020905184,0.2300876154392237,0.3236614358347697,0.8831179029064514,1.475143655374153,1.1070037217735749,12.996872103784954,104.26747957830177,1532.1196440485098,12263.099710096543,89597.63800720403,122613.04718232848,122217.24221379649,113347.86663726071
0.20884673796172898,0.3089017301343054,3.056483609993913,0.07116013611090555,0.2436636053335765,0.2589411774429792,0.9515306921608229,1.5529309051369296,1.0664971725813799,12.446474749537966,96.16963660015742,1414.0526188528165,11187.525075436732,90018.13515741627,128291.32618260884,127240.47069439918,115437.75423636836
0.34823337687542055,0.30081245599027995,7.992948419541178,0.058369696095056704,0.237590461897363,0.259372874778496,0.8984747382705086,1.6756411472315587,0.8431091144906642,8.032562332590421,80.7944499211916,1133.513314532648,8993.906893780368,105157.28961370423,191608.31993767613,197104.99921635716,180284.43863063658
0.13991034302301106,0.30711938288690027,3.819427180193857,0.18558421107265077,0.1977494241708526,0.25355498649628716,0.95664500945189,1.6873960212718555,1.1226584012160006,6.46707112187454,50.932894117132285,737.6793388717648,5916.830107470077,51485.508483851394,73936.33516344812,73364.32586207324,66495.28545836033
0.1501903719643065,0.22207089558054227,8.026157736290461,0.10014896133990106,0.22101640796725858,0.23046042502248362,0.8713576913805549,1.6822012621990738,1.0837120805433267,3.5250426245536826,34.61012213591427,490.8503903933967,3910.9033610987567,45043.608000483546,80045.1514086317,82122.7764833187,75412.04567226802
0.17466340729678778,0.22187264235931384,2.268337221633697,0.13704992437255425,0.19003600206107427,0.22161659287214355,0.9100806107982065,1.7279317409005739,1.0158225809107042,3.801581081439257,37.16927317151538,524.2733035322601,4165.615782810976,46990.27773730555,83080.5838147934,85647.7248934415,79288.48709027896
0.23733275708097318,0.3188470979874045,4.926566916686868,0.1203069490763041,0.22580160360270837,0.3716957387349117,0.9201270685299477,1.405509780557112,1.0320241523078355,14.63406596130163,114.56961247869116,1694.1540772448645,13479.401944564634,102244.92780437866,141725.98690900102,141316.16915786642,130757.89293014482
0.487658729888127,0.22603214951801306,1.6873187582824247,0.12480642194240332,0.21521167122258045,0.28274858717858453,0.9150705260176667,1.5266680970195967,1.0747021095343863,21.5781152925236,174.02553022935865,2571.2753550349644,20402.78642852738,179555.93990223733,266061.26915557,267760.33783212275,247406.9228316886
0.4406956370863129,0.3050090501790701,4.550727629811373,0.1142389795128411,0.15860033756876532,0.3151778940279382,0.8885043896779827,1.5886873824682488,1.027531239176887,19.836282060597696,157.52341636356996,2324.068644136668,18462.06082902971,167873.2091309123,251185.23780030088,251741.266783485,230612.16542248728
0.27495865759396754,0.3760996484763412,1.0494450172800995,0.13048962716280932,0.18495058868682338,0.33797457417533594,0.8449599950617304,1.7535751816444194,1.0446892030220005,19.44662336575878,156.15293064319627,2242.0870888653767,17840.018859355296,119567.73651356019,160210.94490266358,156696.8561537204,141101.8117625881
0.3759224335370924,0.24280309368237088,6.033350942925353,0.19430260491576445,0.21130117700905926,0.3059004451815908,0.896757262104215,1.6181321804311817,1.079724199635606,12.804440618455983,106.46748978007341,1532.8551824428823,12427.780874466172,121676.82028454093,185051.142299731,187074.95246356825,174416.80974899005
0.2635930936927787,0.26892711347529574,3.5555832569497836,0.18556304658449552,0.17469544128385356,0.25142151549858444,0.9727327949850142,1.516398225197306,1.1147313895335556,10.13760674690233,83.1236436528386,1208.2323840473794,9679.06043659087,91464.83572832339,137750.30913162313,138826.50421519333,128339.09680421559
0.4104304395892434,0.2303822908372879,3.050359381902087,0.09575965391765384,0.2127496390995645,0.39628560903401644,0.9110858305324099,1.6119905932573677,0.8321967709314815,12.506331268536664,107.89703765992309,1561.3574398142164,12521.729343559486,128301.2000089158,205507.99543585035,209231.69571011953,194321.53337551994
0.37968495155567306,0.2778573902922467,6.510653615885349,0.06045176044568012,0.21646944576543525,0.21160846207732356,0.968467565167567,1.5702464937205804,0.8592246481989381,6.57705207359498,73.72773140529918,1009.5093373167923,7926.438244362548,100042.1418938625,201546.6384954043,211772.6765452188,195574.2662766998
0.1044959654115409,0.3693602449739092,9.723481215231953,0.14802212374498652,0.23750186572687682,0.2579908716854138,0.8799877855963223,1.4900154219853121,1.0887629168928057,5.200578544033842,41.32795194641141,610.488834243915,4871.858837289312,42438.343462306446,61756.95462015283,61823.69928599343,57041.69462857989
0.338776406139095,0.2740139036449188,4.399638607330413,0.15212436372807475,0.17759183559339292,0.28640208333380274,0.8730448467808193,1.4539164359865782,1.1404721269967768,15.841688398654544,126.88553874776467,1890.3299924298544,15042.82337121145,131478.95944451698,193637.9743381859,195102.90482669754,181509.64155343056
0.20381501658633927,0.2079390376789888,4.5800577643843035,0.10461524332198159,0.1602856551976544,0.37576454204098203,0.8469598179864808,1.6268832818611436,1.06760140749567,7.673945852684274,62.74525452850311,914.1050637869681,7292.407143150457,71129.70349660637,110915.28948965581,112153.77654350887,103427.33849860962
0.4693736741473974,0.3897975936358546,8.700988217567089,0.15308824421923145,0.21884831674867133,0.24747218748440253,0.8620403994832017,1.676724485017359,1.0674515223207546,21.94861080532787,173.22972673993894,2539.993506679905,20324.877012103774,182532.90451606593,268202.2293155552,266642.8036881552,242416.97185195977
0.3489250857541211,0.3312852341614164,2.44334197444838,0.06608740406938067,0.23216748728137707,0.2951612279916156,0.9798379667926889,1.7112892289635924,1.1798857118455965,28.404690903756755,224.21541844040408,3218.5458609772227,25464.64880927028,167475.87396554256,220615.85199300948,213172.57028864403,188608.94833934284
0.4608105002485313,0.2056712185112818,1.1177637163405003,0.17075977890146127,0.21529045770820718,0.38321347666906125,0.9021013245655473,1.5197597868847388,1.0041184221260078,17.060702353326437,142.39999564243135,2088.229968047156,16910.837007926973,150373.56821283884,220977.39271509205,223991.2640140934,211604.6564349588
0.4255432893030805,0.3707495437457661,4.673086631491611,0.09568145530115031,0.1594169057259491,0.2669619233802654,0.9189488960579497,1.667348932397986,1.104799702338862,23.508363110284517,182.10865200623329,2674.2243052685476,21220.871429992716,178161.32857281924,256839.19843756972,253647.7519499462,228381.11223533432
0.2657653692168152,0.2964766426606971,9.18047298659872,0.06863448263650403,0.17143317275069442,0.3660337884279775,0.9676392816409023,1.7184971349325096,1.0168747632059822,11.36611068324994,92.56283841836598,1327.5927371296962,10619.441890674008,101685.81793795004,154913.68399418995,153429.61342687745,137085.5756242639
0.45802948027941504,0.38056938513511607,8.6359865111651,0.1509807066456428,0.22420885619168102,0.22056146973279986,0.9493691824913029,1.4841141753706337,0.865683890099931,11.387379315743258,109.98892909484147,1555.569457104935,12497.361031319886,140926.28043790336,239098.336912304,245234.28442822173,228394.5908973952
0.4933127235207435,0.3214226040637924,8.306664043492983,0.1318373115561795,0.2100075922494824,0.33353156794520056,0.8709401951264232,1.665587259029105,0.8818227284777993,15.518899689761994,134.88823938619092,1938.6891349954883,15640.239331986797,161350.55353022186,255871.98741496823,258892.63829680788,238695.50984307894
0.1920082623183856,0.35083319799995893,6.040563037636176,0.14430469428679377,0.16270249372985768,0.39250799516797774,0.9107840020778594,1.7493173162697315,0.9494980726861395,8.832108054940786,69.36436082173009,1004.2839277184426,8079.9829663636,70989.42562038526,102187.75731307926,101261.15285279036,91575.1565910979
0.27159835416095174,0.3479998458037622,2.0257745430287084,0.16135476006107055,0.16818351233304088,0.32635743024042685,0.8409757848774945,1.7630777764670575,1.174970993483322,18.709238218585835,149.7104710351074,2152.2449471505574,17162.685052565186,117222.31155775572,156934.3333972363,153489.27399496705,138239.77004693396
0.13303501917557875,0.24834410968469056,5.876675069217533,0.19490930810512558,0.2305729343209873,0.2634240701923371,0.8988282828905227,1.7424773655475312,1.1417972479580503,4.734343390955092,39.241915647853496,558.1450558348054,4521.327789203166,43656.24608238743,65930.58546580482,66171.62503713701,60763.81085102419
0.29965969481524435,0.34350880779992304,6.044782583379836,0.10301770337526386,0.20380822334953913,0.2463422606077873,0.8746032861945592,1.4328873786784508,1.168871088553376,16.74242165588518,133.15940500929727,1971.3428255431138,15617.465397892078,129077.88501188545,187378.50707474767,188163.7602697293,174252.7308988267
0.28093625266026667,0.24210139469147293,2.6433718327521656,0.07085190870105221,0.17972285996102663,0.338915298992923,0.9708347587847497,1.600960608609172,1.0581605991443674,14.460782502304166,112.35788462121597,1653.7739180098056,13071.727895716229,112534.187657408,164654.3274609002,163590.21810994818,147852.37326868292
0.29377102513310815,0.21951191559475722,4.735904247305996,0.11719237881473282,0.20983775774572633,0.31721585027805266,0.9309410062618882,1.622950563734279,0.8471092081651669,5.141551104777146,55.41010075225216,764.0344941698838,6126.38226023628,73380.30965163003,133853.17712557688,139140.47142897794,130972.28694078402
0.1542556216953163,0.34839918364403005,7.759430505552336,0.1187801553293516,0.24072592474080265,0.3753794464605922,0.8605833337552194,1.499206176678707,1.1438838161863905,10.695228689652822,86.33022458812968,1263.8506746454984,10060.638198255307,70647.93190385877,95887.77861176243,94904.01832417975,87183.91843438557
0.3041986943456686,0.38942017841686183,1.0357169078603998,0.14438429032119682,0.21073835091716608,0.31793765961160647,0.9619833233118723,1.5470602728196428,0.844829202068473,15.30324563878267,124.63749570212826,1821.9599221131589,14543.066126386939,115770.21362838043,162773.00636547036,162329.60813322448,149152.35326724302
0.25013753783961673,0.25006888271403105,7.158597337237939,0.15916090521336254,0.15356939532345812,0.3412165096043599,0.8734620214918795,1.484747613562642,1.0994857745389481,9.204777903288344,77.60076786028333,1134.1408910741886,9096.363580129859,88330.85603951888,135633.73822028362,137535.6024898477,128391.57612072103
0.2707890899183337,0.21622413618984343,8.09400032267926,0.0651557687192135,0.19232750629102702,0.2916150429136986,0.944699294406101,1.4058129347985078,1.158053697618818,10.535880865778823,88.43091702453574,1301.5276221078539,10310.981734079896,102918.26360367409,163403.57689927297,166456.56408011552,154348.5037598844
0.40680156589812444,0.3614341087051522,2.605567161842308,0.19458137070202408,0.2129509292907888,0.24149045090392945,0.8576611061753946,1.6948322618249505,0.9447714634081685,15.4262340400835,125.81965089261004,1830.3546166778835,14706.623041986444,136335.76027748064,205369.08865766617,206929.0369091349,191408.78499294916
0.30138704289454565,0.3635039468698005,2.5549982497138184,0.08451156168225063,0.15283710784289983,0.28360069140235794,0.8929425933814908,1.6560127073442108,0.928812738762947,13.687548811970466,107.90441148409128,1588.0396923516682,12529.097978675916,114611.45917966127,174666.53988463787,174835.74071036687,158874.53044282694
0.10873825252514631,0.3980847602441087,6.555009528656683,0.09587318757728068,0.16222540354993098,0.31602852903704237,0.9573448232995306,1.4797807754037786,0.8995495454743531,4.709016951549778,38.40898696958372,567.1949920512801,4505.216553659078,42173.23360615356,63766.59919094084,64107.961441540545,58837.507674108216
0.2608195404284456,0.30795752327704784,6.968453324609335,0.19535826966463965,0.1765682330479189,0.24130416753059528,0.8541425019912423,1.7415651117663988,1.0414665014547144,7.1047599266080494,63.977953474200326,910.8957689759773,7342.845464774664,78747.54377632613,129267.66567943014,131443.73542736325,121421.58784515862
0.45756617634537344,0.22514805190796705,7.634924531191453,0.18388785167105354,0.22830695096029013,0.23033651756668927,0.87755868109152,1.7383637826359664,1.1123172308431908,10.082215983932137,98.68661918284695,1383.95354966407,11177.727806658744,126684.78923191309,216724.31682006823,221931.36042785135,206261.83086097028
0.21824211847378594,0.2743462921565966,4.222023092433625,0.1422184805845196,0.20225508744302073,0.3258089296512491,0.8929715398671981,1.737951855341736,1.1634784188678584,12.281649419432584,94.87427266829623,1381.2252426824073,11065.511483459872,87777.61439124332,121872.56031123536,119893.1384312004,108049.12316061782
0.16205429755711487,0.3246105933090351,3.909115191129283,0.1628120641900307,0.15861834264921162,0.27519782749253485,0.863937743267689,1.4240929548908463,0.9859454767540808,6.123408535818768,51.343544255202495,763.5206833236826,6068.290586539706,57811.97268146819,89226.9056742186,90838.11118217834,85289.55398568712
0.10352147636321384,0.3162871021276774,9.71896778778003,0.12519451453613603,0.1773163303977408,0.2044776403550235,0.947845754274662,1.4797592066269452,1.1140297937522057,3.140492380412976,28.473487869158475,411.65536956862985,3288.4485954002425,35548.08806247139,58984.63497494076,60174.20796079307,55543.561237271715
0.32775530024492205,0.3805337028492928,2.49156666237288,0.1416833821353127,0.2070105557530309,0.38344265873129024,0.9874873178222845,1.552859974159891,1.120115535327737,27.313805868551817,225.20284418599724,3261.9332478592382,25933.90710098905,154847.5988493521,197512.61671282075,192204.69260662695,173162.63088946595
0.18655520357341615,0.2682738098787414,5.4821916351795945,0.13172958082172165,0.24002375641241444,0.35968142755648314,0.8599413349995535,1.472596895204803,0.8937210551082778,6.672464621499983,56.28479253493649,827.2600334307123,6644.594314442299,64176.01588885739,98433.17761752296,100052.4600387233,94032.04674350377
0.23215156308122778,0.3163573847451506,1.322940348305457,0.18871802174111846,0.20731234193140857,0.2049732160927311,0.8729825601735771,1.73863142759534,0.9424715258255821,6.740567838214608,58.36269092685971,834.1218290553546,6666.577864818935,67918.35742900627,110102.14365228068,112290.8279075444,104423.76220347127
0.41214752712217584,0.25011397529330176,6.603161362002787,0.16105098589523859,0.21660106208334962,0.3005024528901484,0.9291618267968352,1.5365302346272762,0.9580174967519808,11.041996893715249,99.59992172974306,1426.2856758156743,11555.144568454338,124304.25351370024,201499.33468865053,205833.79011251722,193031.1403405665
0.45572353179207303,0.24901160738470063,4.796362268154951,0.12604010206778926,0.24921839351069291,0.2515645821854752,0.9020754354256498,1.6774651193029584,0.8397939777448491,7.791965503816182,84.13686635879206,1153.108637799653,9214.970647531485,111590.78311545441,207691.09790661617,216300.01315850436,203193.4363486129
0.1935333814238742,0.35464917920002037,6.975663219350654,0.15450544278797387,0.23031205944244462,0.3854259976382232,0.9211110590618854,1.5899829556521945,0.8982878137511676,8.989112703678183,70.82725999854645,1040.8523997554635,8387.337205115426,72308.84815990661,102807.21396254252,102543.08169631616,94332.513004107
0.17683720946904402,0.34138910521268684,3.4614438380718417,0.10659937046063192,0.16012667744328107,0.3387441681808463,0.9400075043594809,1.6089089406602306,1.0571774380020695,10.832455047421917,82.73138745009045,1218.7583270057642,9682.929202345607,75375.18229742153,104864.31515403444,103358.43724928821,93416.93377382161
0.21575993470220034,0.24259991662389802,5.344290388325059,0.10313451196535048,0.2152050173143505,0.3477280163869946,0.885152162799928,1.6993604774302895,1.1085169310340264,10.708940856635566,83.764057279163,1229.107551845677,9815.644775666775,84682.13109941944,122399.41778254336,121245.47615101418,109729.65629943648
0.48312817634116034,0.23999163496258916,9.978364779032274,0.17428056823186466,0.20963337383312014,0.2540062329801287,0.986600088894221,1.6713468102970723,1.0671618155395524,10.10343087115255,102.05332427149155,1403.4229190766196,11369.221646087377,132185.11571249814,228337.36423859064,233436.73491248192,215507.56807734
0.10414972331446411,0.21923923314043062,5.447580488188453,0.1336309424374815,0.15502529629640868,0.3663945217861401,0.9468659354275444,1.5043170684428018,1.1666467079703877,4.524327859277287,36.788207211127606,543.1904288734378,4338.377049482507,39189.69987370536,57659.97390398264,57829.61750313588,53249.581520145024
0.39637835504990104,0.2924681862452083,2.1672983149611458,0.1883846535550211,0.23610662269377988,0.3237349556703328,0.8612756163542366,1.6874756466214558,1.1465237841214186,24.031776212479137,192.2186334212062,2784.590904407038,22347.719699256308,159688.25346521576,215407.9455676607,212854.60047432862,194404.99141236235
0.4781223848258781,0.25157254921016486,3.6319935730499227,0.10431251250012342,0.21305834297790102,0.2107099141672333,0.8966891803851081,1.5175528258275068,0.9271637849390534,10.642443289292517,105.7807367262341,1507.5578789293984,11927.368120702362,138233.55868805933,249417.58832019285,259125.2774927554,242305.30354826755
0.238463294953048,0.3338064644611701,8.31372685886609,0.18267863217170488,0.20402131414907065,0.2319722890066238,0.9061341006259878,1.6950204372907338,1.0118280456594493,6.795413002900275,61.43695440889838,871.2682599120137,7035.371342686152,74875.41334330477,121153.89882454141,122636.57233027184,112585.12916095355
0.1734503027693858,0.33032027563119426,2.4152776495227894,0.0599479967421641,0.15589527192784902,0.34185092150669005,0.8744403935910692,1.4115499663876203,1.1485643682408735,12.088352316213754,98.10791538542057,1439.580316014061,11379.552984652631,80927.15978905554,113418.7593342829,113598.76914475602,105257.1522013692
0.43968501056261367,0.275231121333425,8.26760728842174,0.06057908295868562,0.24701284388457792,0.24053668772346182,0.8785211380327731,1.5542255941822387,0.9111098879896514,10.832647113884176,106.9057961075127,1526.1798840029132,12107.880538880936,139434.16357275285,249436.65634820744,257806.97765883346,238778.85092116502
0.16313428950322367,0.2846628007477231,5.548311314177616,0.15791379240049538,0.22379934797812984,0.23692126689954154,0.8774870272442448,1.550126395651887,1.112031370208843,6.6473982038012185,54.15286840695773,795.9380838276127,6358.514577014878,59702.36241050821,90266.85776112285,90937.71055231815,84015.38240122006
0.3898435467658601,0.3385761526806643,1.9260833380154767,0.19123560333930578,0.20144164000149734,0.33035323320650634,0.9836087425403587,1.5294737141313994,1.085667617045598,24.720263886212326,199.7915170421407,2904.324846249192,23226.14874348466,162022.0504175736,215143.78062869696,212316.67817791394,193935.56119709573
0.4853542969562936,0.3377276089592314,2.272798510543356,0.17840031104861154,0.21162125425701284,0.23377871577946321,0.9738213332349615,1.4218030585560761,1.1360103343985584,28.27184573366504,223.12541424935642,3282.2785215631116,26132.22460735139,201153.1151219597,279483.9665111886,278442.046624813,256569.94047921512
0.2453621129704073,0.3397235603745844,5.734836100374563,0.06120552213894658,0.2191835847932596,0.23454709187677925,0.873991685328326,1.4001498797813683,0.923132768114877,9.161180085326446,77.4185783412623,1147.8562249698807,9060.274971982779,91614.03609311701,149090.7404078011,153147.83287258368,143303.6713964489
0.13662238267993745,0.3554408017326762,5.790982993466529,0.19185332617068274,0.22623713673002113,0.26980507884165683,0.860548617878358,1.5543596728391442,0.8694533166589613,4.071088332150929,35.62202290632062,515.1398217881341,4162.951459380774,42808.49319117868,67703.4742443523,69053.55504365898,65002.60756266937
0.30897552158726793,0.3643438658797278,5.967165028811703,0.11673472269006101,0.186095077739134,0.3517121343151635,0.8569890456535091,1.5113954005554353,1.1149733683957075,20.216323993048828,160.14989171448144,2350.1268655046906,18699.30934345521,138090.16620594574,190938.0775030777,189533.1539118927,174147.186371408
0.3961664143980095,0.21736976835671082,1.7337309677400556,0.14549987238692824,0.17144514779847958,0.3070676098057154,0.9636340424703507,1.5112283091957333,0.9283696154182345,9.724909583536999,89.81762927976035,1288.0793861733803,10346.823773924034,111400.06600475684,185287.20889036809,190756.46603861864,180024.30827874658
0.2972773118442836,0.21689632486815494,1.2453443054249722,0.15101170906277311,0.21574365041620758,0.33676082377151795,0.8936886747672448,1.4370806541672059,0.9000753752262637,8.818278603422296,77.40340765061447,1127.2855124214532,9065.230426762613,90188.71095224199,142269.3443167206,146021.1016268096,139190.83122708803
0.2458041817668729,0.36613533108437435,8.671756434547396,0.07502635589057628,0.18903183587898414,0.32889358437344185,0.8631738527987396,1.4369392441251794,1.0184451320951333,13.02746022223157,103.06144018315797,1532.9823895037814,12159.771804720363,104580.57882788706,154484.66442387697,155662.44169346875,144363.26545535112
0.26929231196607584,0.39426604938637805,7.682043525165098,0.19137799928449228,0.1884561256524071,0.20982949858418729,0.9166911885151434,1.6748526171679767,1.1427857607832659,12.000346730757613,94.72177006614116,1381.4900669955252,11057.61254332592,101675.96495414453,150355.02704663516,149424.06359204915,135315.97016072946
0.3822751443459238,0.2249429993842893,1.678628191388201,0.08746988436318702,0.22575262476106892,0.3320383141760358,0.9330326060481238,1.6789720934790828,1.1160263303214124,22.267494027637554,173.85114366415942,2539.043286645969,20160.076434162118,157309.00319722734,220239.6175358706,216877.96361276915,195206.21940415914
0.1974640476652239,0.22193772572982454,9.31061753560657,0.18780147817676612,0.17874857192811547,0.24034238701183175,0.8602001271973339,1.610973215858461,1.1591019990119376,4.421902594615792,42.75687378561363,607.4488997160681,4884.8199686441185,56266.30904233137,97797.69550225922,100710.04562174436,94302.50494699641
0.3061526764692918,0.3291290936364143,6.472782020612357,0.15837335880367703,0.2435087169718023,0.36167963151785865,0.8600909620536066,1.551291670283833,0.8746613487438267,11.829375097088437,97.20421464796827,1430.1178667027089,11548.341569085016,106980.01847166911,158946.65562074116,160451.63790661233,149903.90209704632
0.15116376039938062,0.30314167507517525,8.352912144937383,0.1895179225813557,0.22503147487975814,0.2761074026964506,0.9402903308804085,1.4081278750428354,0.8829331896884755,3.602158340074644,34.18319373942774,485.5112474560118,3938.2512455372776,44070.60960350608,73176.51028465596,75292.77491758697,71519.0425874235
0.39357615116986366,0.37449152786995826,4.24804706865402,0.17990616610808235,0.22341058089846133,0.20218010408711162,0.8609616586202025,1.5338419631647242,1.126510461907966,19.905508733487533,156.71834870650827,2327.284257558105,18531.9933061054,156922.68484718062,227547.5711326803,227772.36031604419,210032.29539954252
0.3770935267251483,0.3626470122171297,7.393602847663128,0.058708860220175255,0.17119970546069002,0.23596865816930052,0.9652452411731577,1.6856845922833266,0.8685499441885,8.444427550000116,87.60882049368858,1220.3636239292753,9658.817460652537,113555.26335094174,209012.0369700716,214660.98670161067,194686.95407327273
0.16898865420863246,0.33373411760432303,3.6722203047546347,0.09589978179882887,0.17157559540159814,0.3651617615368376,0.9525942258659824,1.49306407297218,1.1173863102362924,11.906326583429951,94.56050074445099,1378.6009454110813,10938.668329039827,77488.20864765842,104938.91953038414,103522.45343297877,94247.73595403456
0.19485255596789308,0.27451094318390584,9.751679471777038,0.07046378285205701,0.19630393477292482,0.22757219856767022,0.9012164295234018,1.6130709108441335,0.8661763937139153,2.7632092922488507,34.2952748234177,463.76445577123434,3640.4495435390318,47528.170447665805,100796.97815464424,106890.11697404903,99351.55736480198
0.2240938278007906,0.3060666774625085,9.187881421206898,0.12984042838639415,0.21894549610660813,0.24849843754643686,0.9557117121198879,1.7356711401808924,1.0490081003170082,7.270910240873726,63.89953481398568,903.211979894318,7264.795837794264,75406.29835399703,119980.37725594912,120045.15171357218,108098.61375470411
0.22886516149706193,0.21419392142441027,6.656557843820676,0.19805286889008944,0.2093608281566543,0.3642933149298515,0.9656239071213185,1.7054312642226468,1.069657131950263,6.562980855470433,57.74190668146287,805.8087464438868,6628.312813563777,67065.22182293411,102327.2449494038,103372.05301432467,96365.91175517374
0.22471577632547424,0.396833480082013,2.1587910787443665,0.07537611070650889,0.21090254415449255,0.24275462629819716,0.9287145662340767,1.6962593810974929,1.0783081574815214,15.489784302949683,120.31810971256031,1736.9735858780332,13751.096352923534,101264.40437356361,139717.27959639175,136679.62801583545,122206.21962483697
0.4103423099354929,0.24416425262096852,3.527132057201606,0.13234810801580593,0.1666119724770068,0.30821013061367464,0.9598838550361422,1.4616320810434174,1.0137511033868578,14.713421254701906,123.12131978590354,1789.862835661153,14288.941813723013,140466.69403966618,218197.5327951008,221451.16927546155,205845.64327397113
0.11381686665746038,0.37768072733972025,3.944424987507354,0.17449052578294927,0.2160230613897336,0.3611932370842216,0.9860932385153104,1.5626488069248925,1.1749407866392074,9.09685214472174,73.7503919807059,1073.556246116816,8554.315065575081,52707.93770019883,67301.28565947263,65536.3635426354,59083.21701362759
0.17960879609870145,0.2347605856655186,6.203959492876116,0.08823151665863722,0.21423320165090654,0.2124469543409221,0.9502617982533779,1.6771020983380565,0.9583355012707059,2.9500493306897178,33.98198901144221,464.10079347481764,3659.8263635072203,45731.85010996567,90417.23067169973,94325.3286731411,86615.33444616318
0.36193963772966853,0.20569079267105816,1.566857277111457,0.17479941642369556,0.20544071417651408,0.22099367033426215,0.961659174260465,1.445669534515232,0.8753969668471148,4.288058141623984,54.948866261795224,739.5276029853788,5890.070166276914,74709.86244284612,147035.79195597194,156104.53140352797,151109.9182272046
0.16931949210166497,0.35240103248909377,6.054809224134568,0.09375755477400619,0.21066649288572967,0.27721386758254635,0.843332529034898,1.5850051720435132,1.127981307153989,10.159187022447416,78.34047733839405,1153.345072093645,9171.16999166597,73607.67911191567,105069.32118993644,104449.70196350002,95485.70492184677
0.4408138480134979,0.2874062571334739,1.6985320455742978,0.07149913060865536,0.17245611132636057,0.27092167336957695,0.8896780895324885,1.7203529288474297,0.8600453460329398,13.194764831608056,117.15052073880494,1689.088156494786,13308.651280087168,140014.6941035035,237444.5013217434,241888.9016750538,220499.09985893057
0.41651612839795804,0.24328950831190074,5.764953993510895,0.10734921862163399,0.2249413146582629,0.2445659043763188,0.8475019297886314,1.574575225282775,0.8350106980480697,6.69168425303524,73.51506750611061,1028.1081256136797,8136.452528605368,102217.5704529243,201236.17937949952,212126.82073389253,200705.14376601146
0.41995136263320776,0.26832626718726493,4.6001621615473525,0.14713110417606384,0.21339478899766212,0.2523695241531237,0.9866311388008151,1.510087922249557,0.8360456450210778,7.161486580499109,78.77635238549021,1083.8344559065888,8692.989331756162,104977.63103314668,191533.14821670402,199334.66439130928,188461.45470020676
0.3547817266140546,0.37448901856021805,1.1436222625545023,0.17093973350116193,0.20897991105846014,0.200813283606483,0.866826835519873,1.596310883750288,0.8218909965087501,9.696145562372186,87.10609584850283,1260.5785302148074,10046.162087894663,104637.28427501672,173396.52136317006,178231.69779311554,167416.40368580038
0.11758156056016676,0.3597901274823864,6.669039031200725,0.12897047935840833,0.16978577177775575,0.3028580581477022,0.8954250311786908,1.5694949632241826,1.0245627240094983,5.545778592874743,44.097118649528284,652.3386965759523,5197.4709818975125,46246.92837621891,67982.18550883087,67907.77920632075,62162.92774096896
0.4853111782183678,0.3906992035533759,8.88040381763324,0.09242344185530478,0.23932638153574493,0.381124995839771,0.9595072201971186,1.4430175467487105,1.072084424259251,34.78129931529719,280.1234012481856,4103.082582658368,32590.27347076523,229187.0704564258,308187.8588741071,304025.51522981015,277621.91364927695
0.1508593373241198,0.2570013461314259,1.5644467264030313,0.17397041619627307,0.21830389912928055,0.2604409449371329,0.845809949739996,1.6871832761817553,0.8465140725355461,2.911127603698962,28.962334624707353,405.9804395605015,3278.119243562482,36918.70362805601,64361.48380414605,66860.32126845511,63764.337061921266
0.11379456963730089,0.3538147165483152,5.608759297408976,0.19924360455639,0.1627825426612005,0.32764780622668654,0.9334682448847219,1.656009171915753,1.1232557654189124,6.286373514180715,48.62109035622631,710.7432111751776,5707.822882037286,45323.98702909744,62362.29599631208,61539.215137236875,55819.4731684554
0.30737669477253676,0.24543241493863693,1.6421418965556955,0.13013078233145142,0.2448092753439868,0.39259608014610026,0.9660950823076011,1.6405129232386637,0.9203513004591293,13.614718933267559,108.6694587196371,1581.9282641387945,12737.114426709963,107664.27312350122,153234.1581794194,153058.86350038802,140787.21520912304
0.4666031951113022,0.33483752037448644,5.980307838944994,0.17065840370175675,0.1864448863872869,0.2472831439857902,0.9885139764262838,1.6767200855162643,0.8441715294734891,8.124563268413278,89.2864375683356,1212.6120074067342,9747.989210776197,116497.08666557142,209917.23083024911,216697.68142804527,201857.05681969758
0.23406164167373433,0.292189852605936,3.439540497337273,0.19286780426035238,0.1934353253783374,0.2904439790405847,0.9121007631945539,1.417841968598283,1.1194200027662786,11.606816431493671,93.285191609136,1380.2763076894637,11030.414574771303,90915.97252585819,129663.89539919356,130280.57973647231,121525.06967055493
0.4109865336249835,0.361401972046274,6.481531877844004,0.19794623659477528,0.219766254580666,0.25421573835122013,0.9015898980232472,1.6842866989198493,0.9646940119351481,14.367646720028219,119.60743129574199,1715.0248595061157,13864.539316653469,135931.91830036783,207237.14725023668,208497.23966558845,192005.56046902805
0.29096881842957556,0.3132590384680706,8.691678159771044,0.12684081713528766,0.21092786143207184,0.21687061661048967,0.9213526139062072,1.416619063338142,1.0014652930056769,8.513627360137765,77.54974369916899,1123.7465806954845,8967.931229944379,97616.28504074963,162781.9914740083,166973.99973599685,155858.5843507218
0.13428231645422964,0.36198515537923204,1.069181064428299,0.15381826790158631,0.2011996659051123,0.3645142722100355,0.8582234996978081,1.6430310217018314,0.9577441937202047,8.237737145735474,65.96818473618599,957.5420314433617,7658.757402145151,54520.62265213595,74291.50516132434,73617.79445362942,67421.80486534265
0.35561265398105013,0.32412417861148773,7.830672593037135,0.1502922804682622,0.20190361790538758,0.3592268131713633,0.9758386706929287,1.4395781964541456,1.1696679016182634,23.076295433835952,179.96637870495712,2641.900694252978,21074.817793358794,156570.44625781255,211964.48701573542,209579.4098501247,191903.73356591203
0.4859694866430968,0.3755643862343509,4.723848214211467,0.08881854060836733,0.22480803321058662,0.2440129567298462,0.9260772566759676,1.5272396453795996,1.0359004999360248,27.042776421194187,209.38523904829464,3100.6505949058737,24586.463591904587,205902.71827989272,297626.1020236298,296527.66370104416,270631.5010001086
0.37678630324799023,0.30565303444082687,8.409118042178246,0.09897933902169298,0.22181247096814238,0.3263018115637113,0.8508357928708015,1.6661796964611133,0.9125918835802482,13.324223708315404,112.07227758720114,1617.5573764068233,12953.005424949471,131273.59993916377,207885.60355867707,209697.3767136546,192131.95790906774
0.36749068529002316,0.23817655302616192,2.6347639807862837,0.14442810275768514,0.17900431427478072,0.2013891096234988,0.855695408301505,1.742312695692824,0.9260659317141084,5.376312777718079,59.964028404242136,830.887700512246,6525.211028208048,81366.30498448845,163174.9848583926,172540.3567996076,162792.55750562417
0.3373991679684592,0.3751513445750584,9.759560574281524,0.17510223292787658,0.20675670242930572,0.24883306797307836,0.9255977489755358,1.479716414866076,1.1901232050699049,18.139337293448403,143.11604014830908,2116.3216300856234,16890.781572899356,141014.55704121813,200168.52579690277,199295.5966870181,182979.0205299613
0.13974696047397495,0.3580915325566625,3.4103845518084346,0.12961522383311305,0.1639386498346527,0.21147534601523776,0.9532420564711807,1.496408996718817,1.0578558973446968,6.001708519066988,48.74741935079174,720.9701303751087,5697.3334707238355,53018.91118748264,80663.18199448202,81198.75765543115,74536.77967135588
0.2638963799487285,0.2798063836569951,7.417663877623926,0.07864316777150206,0.1599016323447445,0.2595065176005965,0.9894048033454319,1.478186259703369,0.8393653187048531,4.346303885042172,49.502861687946265,675.891703888629,5334.336001732045,67982.25627047685,136655.96567074134,143999.3243900822,134202.03302301464
0.18465513806396316,0.3270086017203496,8.645036348346647,0.14830889712485554,0.24324709800142066,0.23368958427672257,0.9376382170889164,1.6848135238968334,1.0697908902842077,7.201148451810711,59.051074646263665,844.4734583183822,6788.8930613283965,66181.5872069314,100749.24603275635,100482.58808565528,90940.95865981407
0.33390108863840573,0.26373059742708765,7.53372361627406,0.1318669431083349,0.1517903515694996,0.33614208304673854,0.9039545005824431,1.5079227747429536,1.0869514165344552,13.02141566552822,107.49785498791651,1572.1598752902426,12561.530431706902,121650.69531703167,186497.39028446577,188319.41449372916,174111.85125320952
0.3074738951185969,0.23973899585321162,5.793671370660365,0.17518143887882093,0.20363202707725098,0.2935139164709285,0.9555048860130122,1.6045412060714643,1.1540450033413543,12.404764746445071,99.0311419190615,1439.3528642891265,11594.136137630661,108034.65539638563,159595.77068276482,159822.3128714268,146732.11243112228
0.12038795480245734,0.36302636304644403,6.738465181765249,0.17089161508971243,0.19065617345222302,0.2023577958950631,0.8588531659936656,1.502738156037836,1.1999929256470077,5.678143234387543,45.430548485218694,673.2138442376759,5359.167730389945,47851.56613145442,71105.0646018843,71463.13339269829,66049.57218363679
0.2810443944683946,0.3658973859443789,7.571938368908428,0.11224169786283306,0.19033336548130586,0.26803746384810556,0.9874360739413066,1.5515425558344902,1.1008697744135851,15.021291710430146,116.56320569924046,1714.2938806591824,13637.995965496008,117066.77842310474,168081.10304542296,166426.56641087966,150527.07777198835
0.3979093531517348,0.28717596096458525,4.042900534921304,0.14593425972725674,0.24171417770891385,0.2790487148605926,0.8838298580612779,1.6201804929590873,1.1706478363410278,23.124614799396465,178.85416357587258,2638.3310517343843,21058.167078600665,164444.8321721924,228627.04876473136,226201.44631230598,206089.70989701254
0.23958056441443418,0.3500799639046523,6.277261880109123,0.16561130330998278,0.19520069943445323,0.23164505955767015,0.9028451679286866,1.5790025025174803,0.9215456608155992,6.622971511487669,59.91853934013114,855.9330552427491,6878.945059775817,74451.84395380615,122991.22585629976,125580.80771729143,116662.74004237646
0.35112264282790173,0.37949637879388926,9.75210856016172,0.16192944213096414,0.22360783521699418,0.29018579972857883,0.9052763785071143,1.421294841056892,0.9165308756511722,13.267574020700328,111.45077321664303,1639.3174950327546,13135.465540190171,127222.27881086762,193764.2521047376,196234.82565664445,183313.73701022108
0.23834308581199695,0.23334009238094203,4.0970495345813625,0.09571811952679583,0.1698930279138906,0.3992788548532588,0.9836798705068505,1.4907753132791395,0.8317080130859338,6.011176286430821,57.28800745573572,819.8624084185211,6569.852015599602,71821.75888718295,119862.79097517127,122924.52264921849,114617.76156813683
0.12924677188044786,0.2559096830857768,4.022447797344044,0.06210575248160267,0.22795384507861938,0.3810472613578717,0.9338787219838238,1.4333755225969453,1.1924115688284425,9.239661728978554,75.12372800610811,1099.1717358904825,8701.284678541944,60950.96273866422,83216.78425555551,82552.45663735697,75731.60262518039
0.1491745885380678,0.2916951428131656,3.6254725049234273,0.17891503395018582,0.16892265148236718,0.27388448722822895,0.9562479614280774,1.5574828596566235,1.194791759390728,7.718710402558908,60.83923689371669,895.4038789882579,7150.665533705194,58856.07057138013,83027.19546084762,82496.2378908926,75328.86298930815
0.10709890080456286,0.20181366119603517,4.043124618415584,0.1760830936345984,0.1672426722570773,0.32499789365727777,0.9847372427132713,1.495398615831991,0.9302303286395658,1.58125351001324,19.11442312864029,259.69085000922604,2109.396988599334,25315.926370212037,45182.3677145096,47053.538528405836,45013.84646277223
0.1154599493893223,0.29689061108652987,8.041363024931862,0.11217320853600266,0.15609133332869055,0.3507202369144209,0.9671052157649918,1.5813319033852347,1.0340716645369956,4.844662914058658,39.22881595971989,569.5199189291521,4552.319891305606,43224.792378931044,65073.90087096054,65011.51612070892,59104.2191434772
0.3756667905229153,0.24010974001567129,8.00196239201901,0.1905811620020118,0.20745734993960058,0.2071598524717549,0.9893065498982598,1.4608130858412376,0.8109237691984288,1.9893234536519366,39.145839486269466,496.1507562794618,3873.9208285404343,56231.51485877251,138748.51684686815,151878.05164097095,148370.60465340922
0.1793489281832845,0.35465625946747736,5.442269081396885,0.12628297943459452,0.23928008115577926,0.36863768864089586,0.970624254103522,1.6240533985023764,1.0574170457905954,12.563836606751213,97.59710614571762,1419.5123220112093,11321.497721783191,79672.04463541109,105251.66182914561,102669.41109881004,92218.23875027121
0.44553209780107783,0.2124832472497946,2.2706001182862985,0.12571933206227454,0.16642975278528185,0.3036454388835214,0.8955508710398147,1.700924270059801,0.8608335204484536,7.0578803911388555,77.87661224783524,1070.0586420775082,8506.565324907573,102454.57104322925,193446.54451138576,202785.05998664824,191881.7944340744
0.407486601265758,0.2915189905087429,5.964570622965561,0.08966895709284359,0.23415621487259355,0.26740352317649635,0.940668955492367,1.6895392466109254,1.027572419234921,17.098008751687473,138.7041672529941,2007.4708072114943,16011.32514733557,152414.4112952389,232156.1776579204,230976.78078686155,208032.71597332702
0.3943762771465633,0.28386931109609526,6.825041911040988,0.06628480163632289,0.2228008590079128,0.2678265126280758,0.9819626105896496,1.4580661691498389,0.8465626812416974,9.751759294641747,96.31410904072666,1358.6448380612758,10785.534271337427,123944.47127245653,218855.7074415878,225842.92261851588,209102.28450742934
0.3672303910896624,0.27276520157082434,2.239877233646185,0.08898223736607858,0.19607658930555227,0.2528806270881415,0.9725419644340636,1.5041064568136597,0.8316327490631361,8.932201111133827,86.9324001129722,1241.707795054408,9824.267616937652,109464.91566058586,190879.80285878593,197003.78256486752,182904.33607109447
0.4709026330863557,0.37019037035126445,2.4216985759470178,0.17332446310217095,0.24621498536059944,0.3371938001765339,0.945155324220628,1.757864339072049,0.997031989737368,29.627821777455775,232.98625898462907,3349.528801389813,26903.604849386156,190090.79430664543,251163.03330780065,245688.50076414706,220789.4230436486
0.31826781147663974,0.2840234586658696,3.6570083336865675,0.07184583376070824,0.20627562502949684,0.3272746240936404,0.8948259023609706,1.4052295379003286,1.0814916011091829,19.024687583840404,150.04079809928186,2220.2895903026715,17577.625855194165,139151.66394726836,199639.7297381873,200386.77723021823,185686.20688812534
0.20923534791226334,0.3275691542990392,2.017174339736694,0.09291726462164265,0.23088320960270287,0.36732181559670823,0.9844318481840569,1.5371034629481375,1.1031998711917657,16.854664008841095,139.17539272370067,2012.1839686766587,15944.014493760631,99679.06511495396,129673.65335444245,126573.72852628047,114116.90176191673
0.3811251513709156,0.251656187931524,2.3757666557547843,0.05985489427617299,0.16930481768000463,0.3886019552709482,0.8825021864586707,1.4610006225054293,1.186733419880702,26.083030223942075,211.19557849523719,3087.58084071244,24414.38333103846,175263.0829499433,244267.68066897575,243557.88017435698,224317.1043713968
0.1527221134032821,0.36348743583399346,4.985878063766092,0.17365964936524897,0.24555747133579767,0.3052043509331794,0.9250889587755429,1.472257769952858,0.9916143102834383,8.059903425973676,64.44495911091026,949.8555065553722,7606.492736306402,61034.07103470447,85265.84856290367,85083.20539419723,78677.25446343585
0.21990077231390603,0.30340559626670904,7.936227111529157,0.18390888565689695,0.23279877611019484,0.3856120895811398,0.9295441518735412,1.4570216983997633,0.8275285343728863,6.098679641183961,54.41443291502971,781.7263879876818,6403.011650009968,66423.83839085072,103401.29752816081,105546.36499994923,100261.69132783113
0.10624019199091635,0.36660455468408243,8.146594449857426,0.13564446746960523,0.22328988226422775,0.2691420420860713,0.852662393700003,1.6988135087374587,1.024108547558205,4.748634859848707,37.950937233329014,555.7905222409669,4446.014277058369,40563.091661228835,60184.70835823054,59911.08972910733,54460.572309492076
0.4842468868944638,0.23467781603075544,6.717068312714161,0.06869084134248357,0.19784676895772446,0.28017211672808895,0.8497304367182171,1.4475987000034065,1.1374399649286155,19.819024148310906,163.70253169871276,2443.737832813441,19330.26354291654,187057.49141522084,294851.5990980827,300491.76305362285,279950.8222581552
0.21733762301341575,0.3110634386151727,7.7592694743068344,0.06211220080334935,0.18610459833485554,0.21649289656591364,0.9462926538191272,1.7342140573846194,0.956633929572343,4.740146598179978,49.20584277328805,681.1571154808505,5389.312600817145,63980.62613172542,119397.90433897298,122629.73824028969,110989.14761527938
0.44282757155485475,0.3247878288300243,2.12611081613644,0.07476033394397177,0.18941204559782468,0.2546772687035188,0.9234835290995608,1.6915236641431597,1.1878681581385893,30.107027359007194,233.42385700257327,3381.7445232406694,26764.72999702569,198641.0592500224,275239.2986389325,269663.1989552899,241445.50183065605
0.4579054992168191,0.37494948916260734,8.044062602140198,0.10719514785243676,0.21824544390772666,0.34258019011406965,0.9730944226770927,1.4746052151418636,0.8544603183913972,19.37796392335514,158.12665152727232,2320.1567048719603,18532.6696009933,173655.03804488215,259214.42036569217,260082.113395028,238954.27617592175
0.3017124315022708,0.22189989824391465,1.932492052432261,0.1302240132505908,0.19959545407800214,0.2341679623897923,0.9096671537855162,1.4992227541911125,0.8061399588814615,3.8453168938316016,46.61769741359931,645.5258036278713,5069.522270436475,64564.73914648662,130769.69550606748,139381.66180555345,134118.09997030886
0.3998563477954393,0.2758988996967483,7.480740875141949,0.19731080294013792,0.24415860393347188,0.36796255807806827,0.9577133487817779,1.4931227316284121,1.1943454824015682,23.488984025247763,184.44863773531077,2713.0584039062724,21832.44540853671,164222.00263344735,221276.45772325364,219247.23560064466,201646.73710084014
0.22453258899846304,0.36955853797226357,1.6134095722737003,0.19472430135487684,0.21849702048296044,0.22945788346272805,0.9427082417182899,1.5099342208191968,0.8732814281196277,7.940104032002702,65.9995956974844,962.3144103659315,7709.034913142441,73188.67471182048,111631.17204392087,113286.71396341588,106064.86690553655
0.2635709759928476,0.38112528922552463,3.056702640768136,0.15757443091077658,0.16604254512328326,0.39667022272712854,0.9380985380334471,1.6028682814873383,0.942011369069741,14.998140903786283,117.83239722674996,1727.2819513571092,13838.39901303286,105630.39237745223,144501.51653198266,142988.9989689458,130418.08480052486
0.46238938872382096,0.21847282678015467,1.1016221769634749,0.1964407610938217,0.18976507348629532,0.20809036352063978,0.8975640315785035,1.6774806935474444,1.097027355145828,12.03528679141835,106.11802870916111,1521.571507852299,12167.903201563098,128283.66539884989,213076.39019279132,218767.48305705813,205187.6747109059
0.4836821808884749,0.21351086444792217,9.99066453723695,0.10350634530436459,0.173490241288844,0.20334212049701222,0.8597521317300738,1.4874906493083173,1.041362342687909,6.859109905370953,82.6783216125252,1137.830826707422,8923.723692931615,117447.97455252272,249050.04798543843,265855.2579623894,251579.21452678
0.13479058419081338,0.2868784691006985,8.648629702363216,0.06976653268292729,0.18503870336471734,0.2996329643452114,0.9171769521229809,1.7646505188749257,1.1515583034705976,6.315106009664003,49.976442386823756,724.7310020343429,5781.098467864053,53489.474160688245,80504.04592152288,79516.34277517424,71020.91617091316
0.4254653091775146,0.21191674238214916,8.92933077886101,0.10161825937249397,0.19754330127807582,0.33709703449205153,0.9083990184451557,1.4966688050333086,1.0900855560918006,14.64468754623142,125.82593341546944,1834.3091689262744,14694.349648327572,150125.34602803356,238003.7054025861,241501.8572861847,223554.15306720533
0.4185671984951005,0.3863238565782131,4.638837975866029,0.1615804770313316,0.18825953907125803,0.36657128776619047,0.8950181205795995,1.506890710973224,0.9680824788729224,23.63014701073713,186.07331978407154,2739.8573158029726,21935.14416828253,170860.85852084053,237348.89797510792,236427.9608943111,218122.88066117407
0.2704173922036498,0.2962540987757301,9.449706345337312,0.17654639940647904,0.17941403778312448,0.2623873101262963,0.9388717659736215,1.4392417592575573,1.1952782900957664,11.431576162886495,94.14667502300789,1389.4947336245657,11086.820698755451,103180.33852827045,153710.84194257212,154636.42341339964,143111.14958644344
0.11022497320568313,0.3889580887682877,7.472040514505117,0.07660331407559909,0.1540341855387296,0.34754577725903624,0.9833564628223734,1.6035518219369072,0.956072805451166,5.4906476127920145,43.03480561377525,631.5877109406512,5017.467558745103,44877.66976033286,66031.29490349081,65474.96863708044,58977.974354392514
0.283291521748252,0.36111244508834117,3.9750877579097157,0.12707044454254862,0.2452051939634744,0.38201768680154913,0.8768266269801637,1.6098934580973572,1.1616025039633529,23.39224971141986,190.6341219688809,2763.7943034042564,21979.510387000395,134312.7040441288,174479.44703135354,170404.65697659526,154347.45398392522
0.36074769884303093,0.328698332214838,6.148156651487948,0.16105811005303075,0.18439810483814095,0.3156598472714507,0.9128201621765537,1.702693497743319,1.1352309423853644,19.815524779656798,152.5827786342037,2232.4358010950436,17893.6293350351,145258.2872068265,202344.2885889576,199190.70610123046,179669.37063227294
0.15822944399035663,0.3881691905986778,8.916305573678756,0.11620472032341721,0.16656703138958262,0.30757812311206345,0.8513554551923547,1.5856693072112433,0.8893076022185166,5.496026951460802,46.40379344676529,678.1770620841949,5426.538424655898,55530.76989362768,88717.66944201193,89933.47013274723,82990.21999135855
0.3262925704505147,0.2624193390168925,7.932161706648982,0.185272480648991,0.18700995295559864,0.342715335503203,0.8953184652052173,1.4063586131600303,1.1547444893694248,14.56970830531801,118.5783898054927,1769.8022357929206,14163.938268284173,124480.7470335906,181169.3734686825,182570.086189356,170789.9279148969
0.46290919518400886,0.29367215662708096,6.161791117514706,0.08131656303411347,0.22580878397955423,0.3495564397876622,0.8839879646062081,1.5898351676845275,1.172034143544533,31.534661263497295,243.32377297716985,3558.5141008659816,28264.861735912003,210099.88840626722,289332.5321532876,285260.38531214505,259031.79434810998
0.15840170021691,0.39995535289436396,9.471034808424685,0.1022781052748381,0.16396235718708413,0.23071102523321252,0.8828871032764184,1.6776269596126427,0.8934677156871803,3.760417818735724,37.21320847085352,525.3495623361907,4178.911803281299,48335.82063318409,86401.0516358634,88603.36983184823,81129.35814933332
0.3733537387560951,0.20084159907339721,6.629531151314933,0.13728961909367166,0.16278530409058894,0.2732860634261086,0.8497798012889787,1.7210823049669153,1.0509605181419008,6.701948513164412,71.47628089289844,986.208478583426,7869.059336989429,95067.2904530787,177526.77483396485,184627.8243810882,172406.45266016468
0.25619062302979195,0.3279272000175764,7.006771269070642,0.06273037367153261,0.22900313800297806,0.31056857262438453,0.9197572145801267,1.4499095048909416,1.0252945869897552,14.118292904799697,111.26778398424386,1644.8845962399005,13041.922531564225,110390.29988866323,161014.03741657213,161492.72572551694,148656.55316937968
0.40766130802277767,0.2461801593215317,4.301796250550496,0.11786538724843883,0.23770384735892178,0.2967684685981333,0.879757994734999,1.4428905013043094,0.8660932090990513,10.976688379821312,100.65623244296143,1466.467273063494,11737.318001101028,126403.44541836041,209753.59313344734,215928.58406495774,204019.27965142555
0.34504802044127814,0.25865838829567983,7.06281652768955,0.11330389602822079,0.23381388348577883,0.2804271210478223,0.9114766769683077,1.4637367401677928,0.9194564107695482,9.677878123335265,87.65834888992151,1260.121670078241,10092.88102186888,110235.5688140529,183570.5187199932,188272.65129650937,176033.21690688474
0.2633400202833457,0.36895793918422876,2.8928743626808933,0.1011492792364615,0.19821257079661472,0.3394475474939068,0.9498583767322242,1.6337979818138546,1.0529164732325431,19.25123254339553,149.09364626610068,2161.0306232967423,17162.609717393683,119360.54895334059,159483.20202539986,155720.91556817593,139800.31170430017
0.29805237694416215,0.21509781182857596,3.1618400408910285,0.08711180832671724,0.23606406159215548,0.35015856829338954,0.8706602569133748,1.743601578171818,0.9750435484297605,11.6635207316565,95.23425184563565,1373.5266977214155,10953.637663088604,103874.31246634509,159411.1428487209,159820.26223933924,145397.02142172054
0.1268727807587794,0.21327266296189878,9.086902843330714,0.12542122035057351,0.19828312621947133,0.24479178155278564,0.9379848720205325,1.4918994118722306,0.8485777191048555,1.0476274583780076,16.722183941609824,220.1042515542229,1719.9309925371115,23932.531166543882,55164.036563549605,59651.56016876678,57310.64230664861
0.39971635298940933,0.23066379874577858,5.103730784887778,0.14514617501474203,0.1754382907032621,0.27990840967829345,0.9032308564917665,1.4306710828835054,1.055211995236121,12.323363086078796,107.64556314346267,1569.7668515659993,12560.55643409513,131121.94651913102,211973.97112632854,217045.47451571954,203870.79485219935
0.23054996619041127,0.20138395037306364,6.143432913761247,0.06795545744699677,0.21316900964265834,0.31015708878159776,0.9888479604583955,1.4073895315584923,1.0722813259781843,8.566747977707358,72.1034621457036,1055.6033767168462,8375.692943702112,84536.48281036454,134307.7779990028,136523.8653372795,126148.6334069594
0.48667729210326216,0.32974796988292276,3.543746309285442,0.10293100941013875,0.16858178130640059,0.31669012752335723,0.9332260051203287,1.6336451177729097,0.982441641380668,24.002659618537514,186.49564193147575,2751.307588831689,21836.588851487748,190399.84159790864,278325.7116265332,276589.1552398821,250589.14236617222
0.45201118575070387,0.27927797460856485,3.1941376879458865,0.18754063207560778,0.2057549115352522,0.3665276380928494,0.9379447230357424,1.480142772217647,0.862613966905409,13.550216548776111,117.34730948303863,1698.21943001046,13859.133087430768,136942.82937956825,209275.81236868986,213315.64309771385,202507.05322271457
0.15071654147117416,0.20513554254731015,4.7678644149305,0.12955086134292032,0.24104535450756237,0.35323505858212023,0.862292088805155,1.6436548437523975,1.0247304339917427,5.390633826225517,44.35605600048549,642.5405556557062,5173.419014018199,50154.98468436964,76779.74449876903,77605.52602258044,72021.27577990633
0.48770245784265276,0.3314784485680635,5.61333158665514,0.09213693278075252,0.18363984515603748,0.27139356817118115,0.8818109763390185,1.609513778846715,1.068289770021384,23.812469168833232,186.73528212176942,2756.0963281467484,21863.742486981602,195601.07148149383,291525.44510061824,291121.22405918513,265305.13696523244
0.24687411214520957,0.2410696531942013,8.008539875384663,0.14900757822750896,0.2073035363260484,0.2926024351316433,0.890072879257533,1.646343905697012,0.9997413599746012,6.14878241785027,57.24461036582404,815.2066808473127,6572.981931358501,72835.67356338273,121859.47262541336,124548.2299273105,115811.20895148588
0.3832084454315392,0.3420492321704578,5.571879484503937,0.11261396032457485,0.24072259702117021,0.23042498753353793,0.8682973175747813,1.6855226087701565,1.0212714496243183,16.423247374355988,132.21144064298306,1934.761723405152,15415.616658747984,144285.00384807913,218997.6751977347,218682.7271847358,198688.05120125232
0.4670942661572416,0.30891087989994803,9.268133168577203,0.1747155663020962,0.15403481804622834,0.3528524103781789,0.8825851261512493,1.5543143121764762,1.1664716623835614,23.30933665688579,182.2823665182364,2692.0397291671507,21570.485296242532,184899.42648371495,264985.10875162086,264359.11052327434,243050.2054537776
0.18386810045292523,0.31670912742877433,2.3719683203044055,0.05216295297752875,0.20057836503253557,0.3095315195124329,0.927711640002061,1.447239786157195,0.8037267479594172,7.401494546829221,60.639446404289785,899.9870810671235,7073.2378511079705,68356.63078374682,108477.2034795616,110563.42652388543,102448.95434126149
0.2060175300314564,0.27544057947910344,9.382952634452879,0.14961822957035337,0.201531175942436,0.2214490373053915,0.9777581434908634,1.4521305442601193,1.1059382574177254,6.046478534853424,55.17642797554317,789.0099765182357,6326.151280540453,68457.53656810877,112168.99991198779,114315.67545408118,105851.12324656766
0.4597878241925303,0.3596161030861154,6.912832773906542,0.15228053458241317,0.19874909209282002,0.20354654200141956,0.9388848445834995,1.6668889970774983,0.8782660855132742,8.97567904180085,93.16135833041572,1287.2774445536313,10291.410420604238,123023.33933376255,224863.70472146646,232135.9030498581,214412.54784766308
0.32625096990747343,0.338108768898443,5.597413455877826,0.08019489438013759,0.23697952337727438,0.2743079670962213,0.9025069522269997,1.755074653910112,0.9484172721445983,14.143260121323094,113.86349271586926,1643.9124116793769,13094.08204648457,123202.94914971128,187424.7847652746,185987.99937319805,167002.5027923251
0.2567831579627293,0.22222907491534546,3.660729326967865,0.10096166232220327,0.21056141791188593,0.2873515020402358,0.9620223856207121,1.4928415723604573,0.8080494454569609,4.355910286121803,47.78825385329925,657.8231182096908,5226.79273046934,64010.401267436726,121019.57558856312,126848.29058857025,119909.39464421132
0.3013517873293625,0.3121004065782316,7.29077431271204,0.14619058393274323,0.19242139123722082,0.2968049382800797,0.9785998630813624,1.6123302929799341,1.1018830932014156,14.294512540818914,112.74678434513463,1644.4775070610974,13165.611189014373,116605.05855409446,168066.6831147409,166546.8261687618,150686.50327267926
0.3718854643803061,0.33673457256368583,4.981035992092911,0.18057765290667183,0.20374222872635922,0.3673527662137137,0.8492439481659694,1.6833424672441597,1.030591674474127,19.943331127692378,154.23955337416982,2261.924218460802,18204.873456638437,144244.5899942113,200388.8388281506,198968.69007307864,182343.3618197135
0.21202750438909268,0.2975745242985435,8.89484195317966,0.16964911199019883,0.24899307116555652,0.36097273792370077,0.9654318214090218,1.467166961317525,0.9679442678326713,8.78242589045966,71.05867448532257,1041.3787666103547,8422.127581935123,76675.49732402198,111124.95775548699,111576.11563587285,103716.57712565963
0.10160069999481146,0.2889733257071649,2.556142293707409,0.1892539112397844,0.1700323806344299,0.24870072345093047,0.9120045636735149,1.5720570366402868,0.8964081309450723,2.2067983614353035,21.425094009058864,303.9272007780051,2445.018596951647,27253.89137121479,46531.46508804707,48077.36837573923,45517.72393001385
0.20769019770832756,0.2151491206574581,5.019295059955054,0.0945130464186272,0.1754378045029884,0.3933630402213981,0.8685679207981721,1.4659366471347015,0.9595432337354353,7.064896379547961,60.65744807136956,892.2833641156259,7112.225593024667,71643.79068198017,113990.65841522161,116342.22501990855,108810.91499309763
0.4562820452698584,0.23431924568289947,1.8958012371511197,0.09941958002042403,0.23193996970248362,0.3068743572744248,0.9354999796204309,1.407907471105559,1.1147667781858184,26.18933766474568,208.20421061386557,3066.630153262683,24333.519016402264,190884.86785056803,270766.6682520824,271058.49815075175,250703.3012893206
0.2423053349437202,0.24876659787574315,1.6597790181911756,0.10095745960141639,0.24265931084317632,0.3432020394426821,0.9277682253819798,1.527295324628396,0.8162769710738533,8.340247358581276,69.60355064182366,1014.4328765702816,8093.715301066603,78975.00923639411,123417.02311825112,125563.83758468834,117100.139341802
0.19766885883896235,0.39633432521673956,8.410637827848285,0.1439817962266313,0.1684213807451814,0.39149423573771447,0.9096218735071061,1.5866113538000588,0.8868893775735126,8.640080781795593,69.14725841283023,1015.28045761689,8152.27104640368,73904.7849474617,108171.72676900102,108150.81848316661,99245.83140528605
0.24961186142702285,0.22526933596056703,5.028886887737311,0.13362455018913594,0.1512413380938783,0.23697847091447255,0.9766679580953894,1.6913368315812298,1.1619447381724408,6.3065842936356695,60.19819537122218,850.0110645997548,6777.0241170456475,75167.86454689111,128112.14377063612,130217.523565615,118384.8367912372
0.312041011070474,0.29054575780303454,7.928472458363922,0.09447775878674658,0.18182163673635726,0.32787169421950957,0.9562451050233779,1.5856249421976043,0.9193791660824356,9.85836574985807,86.06465326509617,1234.4522362400403,9881.611328188703,104729.00422101495,170302.10604988164,172431.4850451301,157684.88224626993
0.48991243543046603,0.24040667995212317,2.289392085239403,0.10607169752211802,0.17157547668000458,0.3630110412649886,0.8465491111191239,1.6376491373262525,1.183189888863176,29.746566943083643,231.5747151600148,3388.2724843307087,26909.364451678575,205512.58921810612,288054.7834439287,285415.58359989204,260238.62139168291
0.3545613718436421,0.20996055560830526,2.9861298964738463,0.1944841600869558,0.23969302304864143,0.3684030057327209,0.8636255977669655,1.6626351882359676,0.9110925043744096,7.446597208644287,72.30200366683685,1006.7544841567125,8315.239590726145,89416.6548706435,144363.4249623175,148534.79232175808,142298.93544388335
0.13397615460425932,0.2882584796279087,5.8233676542652955,0.07774237642123691,0.17101234740350907,0.335279740826842,0.917660653948235,1.4266584424188395,1.0390794196368758,6.511432699668088,51.796853839003305,770.1106927076513,6096.835410036497,54489.767159550334,81460.80681554394,82131.27996189987,75971.90353344977
0.4488179515412547,0.23798881211153322,8.166985675907771,0.08944274640026968,0.17812480423824564,0.24958428263437837,0.9303850218466854,1.4020986805919138,0.8536237554906222,6.2841335248639085,76.35625061781755,1040.950605230822,8173.039326879251,107657.19744190699,226509.25649510135,241780.76845756176,229567.45424472072
0.3574135075854924,0.238188986745556,4.060763388258047,0.15666543194345808,0.24555476459581194,0.34387929337838097,0.8465001009883021,1.6511608247716698,0.9229564084057404,10.826680618402838,92.91697899615947,1330.4947910772355,10794.377011342893,108502.52307049956,169511.8307268101,172615.88015892333,162428.63131760675
0.306529580673797,0.2923561996920964,8.238793232287481,0.14659069038833517,0.2038591765917067,0.34259396599896286,0.8712167215805656,1.4917054956463833,0.9791854434203342,11.610085788173206,97.5164670051657,1429.6500069657027,11471.10865936051,109869.77711211759,166859.49265838615,168813.7974899501,157402.43125070576
0.12546481458255407,0.3000780890118026,8.689151849647995,0.18810576441971294,0.15147397673072446,0.28174943680411574,0.9617273594943747,1.695205862494709,1.088539084043223,3.839961895767997,33.703829777224676,475.9751009100343,3849.4604525394934,40110.6541783617,63399.493814584326,63815.52159246762,58204.75169671368
0.1867895465084705,0.2233186234063354,9.074318198188813,0.16618396244570022,0.1843326886452806,0.2852178348912697,0.9714195099932752,1.4893850153997912,0.8219514259292853,1.349581246692032,23.57156810992543,299.85851153209546,2387.199663092818,33173.218375715296,73394.89724327673,78829.5184213379,76344.7968438102
0.3585705738132873,0.34584609919299336,6.6126586118336395,0.11434440228748674,0.24728538693164687,0.395149380130435,0.9145410482657894,1.7274874535328881,1.190795791212129,29.60827189618949,234.67773768153674,3388.8759073964147,26984.802000213807,170598.80761991025,219501.9535553363,211849.53476924496,188612.59288171676
0.19844689990996078,0.26681730994443587,6.036858899722513,0.14442310090578514,0.23134122895368986,0.36276607629848806,0.9593076559130274,1.444519059160896,0.8158775593739831,4.978250176465604,46.35383214401337,663.2828173398601,5394.615347306922,58365.27223794409,94492.08644877524,96857.79724193565,91720.46570070762
0.4256774769644196,0.23898996472993927,1.7054907479735095,0.07620647335149242,0.15072555757073744,0.205634711994309,0.8787626977028342,1.71473001840287,1.0407771047479377,10.831393198783045,101.28403305105414,1460.4041951565519,11431.513511551597,127281.47805661998,229596.70940796248,236494.6831217568,216447.76102137848
0.18159846076801425,0.3514044307938354,1.5267826875438713,0.08543322522601471,0.2066841145410206,0.24547174596804452,0.9453571021943892,1.7129850186851112,0.9966892628471675,10.048374917784278,78.26812060859709,1138.245356664177,8992.130168113408,73841.57919560578,106371.35527210758,104784.11951177721,93782.08617316642
0.39796019058485854,0.3213556209828954,1.4769436798966824,0.17538824320438196,0.22835887564135465,0.2059977154760232,0.9758823902206946,1.667982001245229,0.8087827975070744,7.197228108250374,76.22275326553994,1048.3843216839248,8388.592599251053,96234.67280922033,170696.85549376914,176913.88542653233,166590.98866059026
0.3860640094578123,0.2285450764272212,9.877926794825655,0.13752378369455182,0.16439109972321292,0.2872106408226644,0.9010419065169861,1.457233586489564,1.1215037579539344,11.053519621509587,99.94945877192602,1440.6131818936421,11551.67299090969,126119.74064233356,209530.5872463992,214717.51196722305,200606.04827010896
0.22411419692699575,0.24654796091738906,6.514230841034082,0.1255424394932932,0.1778580063703853,0.33813751215143506,0.8445201960271308,1.566480809620097,0.9320616149057686,5.8836363947948795,54.54181225465407,788.7693468345012,6337.822951978713,68993.7028424548,115147.51138524408,118158.45476715677,110681.99228156454
0.31682931117558355,0.37413829556871686,7.587381136243678,0.09668431785760162,0.24879151688621534,0.3142234580007233,0.981452566461215,1.4811988360043435,1.0081844942967817,19.151973843442395,148.76548056714017,2181.7183566496055,17382.229088955926,138528.68656572496,193110.10583032924,191121.62761956398,173960.0514497442
0.4707246389147829,0.27261605049532933,1.7163051612993314,0.09270773788051775,0.18519858217629467,0.2016836909889863,0.962729867349852,1.5581924324352965,0.8656399647985984,9.844041563962435,98.20804555978833,1388.6647216527867,10892.600986946132,127857.55939109826,239074.27350758307,249353.26961189316,231397.42093093498
0.20066401779949974,0.29987488903803944,7.880393884358276,0.15471114153206422,0.22700223101591618,0.2183314644001746,0.8903029610122511,1.6156698687941964,1.0125134773771425,5.4390998722244595,50.230627627927205,718.0152139270613,5767.535055237324,62966.54112757569,104713.58676059423,106741.94777171874,98666.01010299526
0.4212094375856573,0.38917841546209553,1.453670019627664,0.09968730689012553,0.195427427743694,0.3468030502143743,0.8615537748464136,1.6097700227758462,0.8665864533520562,24.535413234546617,192.21927363798497,2821.251179888895,22404.763998050756,173193.00579837046,244695.532293141,243227.52823873315,222350.12206824624
0.33580398258768934,0.36174044970959573,7.666910744248955,0.17463611830204748,0.22151471080407992,0.27394929521926703,0.9436707357127516,1.4053103217109193,0.8541038709785334,9.915904311887882,87.57039507048707,1277.3131450997219,10296.44597706082,108229.72961140369,172394.0243675276,176049.05985036894,165766.68903231618
0.18981843316963545,0.3360442317233283,1.2134539982783419,0.19507653190696722,0.16726193002344678,0.2619829497928904,0.938576192523474,1.7070718990401996,1.0022724933599347,7.990276602285029,64.42479951288024,930.0664928222667,7447.883337788979,65109.63777241191,95186.93851074997,95198.6172625855,87122.25352240849
0.2948559593588498,0.30412141678472604,2.8466095263754396,0.05183535851011571,0.2221362692811103,0.24789596257635982,0.8824030788399885,1.6389034742014637,1.1066100113168114,17.029780399838756,132.1098115866279,1949.929704010442,15419.718535431934,126714.78509525057,184673.54538991422,183694.59104389924,166616.91025163824
0.17540074455750207,0.25798354021719117,6.978133800834404,0.14595480936351857,0.17323006562290003,0.3619818406715703,0.914701522244955,1.6205554838569785,1.0805966755973164,7.296788492090939,58.50812174941959,853.5510827582149,6855.320981218319,63519.37819213077,94021.5441120217,94100.31321929286,86239.6569347198
0.31499633801218097,0.35550139476306475,8.857881093867231,0.12388855208591291,0.1536652102494605,0.2924896707073805,0.9321639354589224,1.7199174025785249,0.8997059924041665,7.859608028179479,76.00919490561343,1073.5291591439463,8599.796509423246,96108.20580764671,163439.14948341172,165923.9164991694,150945.0020119395
0.3362674403696634,0.20544125493192672,7.546762792111714,0.0854928027946941,0.17303084279176567,0.23234697299201723,0.9430656943665701,1.5656649842496146,0.8599888199966906,2.489942702333228,42.79683335646688,567.9182039976284,4368.762922142888,61389.763684453224,152461.83251218422,167043.38969390257,158388.8317585709
0.4231567526037653,0.21829434931393568,1.3144310147728573,0.15359808302618272,0.180260071988809,0.2839360207593665,0.9476244186071787,1.5447457345581024,1.1576424806107093,19.141783450623095,152.2987135654734,2238.3163427991003,17829.204014008938,153848.9701465995,224709.0419808551,225548.35601354422,207963.4755966342
0.3802730196340508,0.29584930782007307,6.667561743961581,0.10662764008328438,0.22456011478392096,0.3225798379933019,0.9169159779486331,1.6175185495996292,0.9361140525752196,14.710362339310802,120.99358351010858,1761.7109459095966,14105.240833290358,136594.434732514,208788.2854397544,209532.01200716686,191482.41448221804
0.1345990428214602,0.3245635140618365,5.287735799386927,0.1524129266346379,0.2197539656352555,0.24132900225409779,0.8515770704450425,1.4621140997607054,1.0670310673773584,6.034316021972711,48.25640710664664,718.8990547258301,5719.969835686944,51641.89396887208,77318.68784833878,78089.8480664501,72733.41103903783
0.3942105129798674,0.2561003969603761,3.921097894480693,0.06219795036082771,0.22243447658938048,0.35483807606512024,0.8680248877441632,1.4117236493936116,1.1966222614119437,26.306299582002367,212.1133369120433,3128.485965487869,24778.03979586219,181333.62189621263,254684.37748516764,254916.2515057603,236272.03760765912
0.2177165938372069,0.28943243181678385,1.7508182607297078,0.057765764578599714,0.24178906204993914,0.29964756044585816,0.9828312295595769,1.71324301923171,1.0025633941338306,13.209574052755293,102.1397094286271,1481.230965010291,11714.684075521813,92413.67201253554,130440.20571557434,127682.24792349622,113532.7130188583
0.1996620287990795,0.23349933944219162,2.222819504309156,0.16744784648009525,0.19398231217956324,0.2868354849676745,0.9276083613780385,1.474351331637629,1.0338645055074007,7.078531386801286,58.99373500088566,866.4749629086643,6948.573134606139,66269.64989138294,101276.44622331188,102905.31485724429,96555.13746964594
0.4607465459567247,0.25472879844651364,6.93739814042234,0.06562903280035194,0.23319977255834978,0.2729995716551886,0.8649864005888308,1.48098239428305,1.0565563701855736,18.67112255212831,154.51749593804524,2281.743507192708,18072.17857984979,176456.51982571752,278232.29193813994,282827.765914417,262232.33916357724
0.4709116561447677,0.2254390582323503,4.977963331041423,0.12708619480818167,0.24236341931844868,0.3107835609151989,0.954485177195126,1.5139158500024847,1.1319245991073328,21.85146556661342,176.10083420366502,2599.7115470097515,20761.89316653271,181313.42312268258,262016.97174846756,261770.64613662573,240330.72354916533
0.2226068513006792,0.3171018976874191,3.4759786731980684,0.12022351444384059,0.15836139523200304,0.36582735024635116,0.8986786549485388,1.6505985063294972,1.1649006199790954,15.17458741111242,118.5595809052549,1723.2097630462463,13697.787373597772,98308.00011617113,133028.81473286738,130451.69227546493,117774.37842302091
0.17746055288946924,0.3467594791307111,7.189977021738546,0.18484634943190287,0.22222567121555525,0.2858186145042006,0.9847882143131161,1.757239390974259,0.9525004223574735,6.060480777740845,50.857069969320676,716.7374632271988,5829.4577989215495,57299.799047153516,86461.65390160684,86377.81857815445,78521.97810783394
0.29403049290633626,0.3459864729475238,2.6670042176643194,0.09109884753114708,0.1743003960965167,0.20544850751119026,0.9200521817355262,1.4900092591259928,1.170177612948928,16.361934440791757,128.24325873391538,1898.0503706739435,14977.160592547132,124652.06483122156,182333.33331478995,182692.6757023916,167607.39439145106
0.24436745904133494,0.3497398407844842,5.2491625436847675,0.18803632710216922,0.23418272331294782,0.31480863650640944,0.9276661183139139,1.5439955368979783,1.0412843241718783,13.203541992308283,104.42203226807264,1534.1441088155873,12339.971127467501,97324.93105206089,134203.07085400113,133322.99556166996,122527.38922502537
0.489352394196399,0.3218366425260647,2.4036097744934013,0.17908264401538704,0.23797390602676272,0.34877398018612604,0.8714503230261205,1.5407545657259962,0.9372926318697764,23.40989755916161,188.48700820852167,2777.2351733765227,22375.75545225872,181072.24158396924,255736.90202118,256643.27791419995,239436.6079191392
0.20180871973013303,0.31383067663161257,7.752557874059327,0.16664882276211304,0.1728715876680412,0.3635002266990635,0.8805216471785214,1.4086157192489326,0.9470889111680867,7.426332169519868,62.770619837734394,929.3149059889539,7447.841363303539,71441.16151023615,108699.72207290783,110430.53746304619,103910.86988639824
0.44747709741012875,0.2456722717876321,1.48772054126075,0.18159272437801505,0.19310664252852539,0.3965592222508725,0.8931680736820836,1.7553003015603974,1.0768717052398875,21.527132740425692,173.44202003643352,2502.870562843691,20271.771568657994,159561.81884490835,220964.55116928057,219796.68413683196,201920.7699870123
0.28788360748276276,0.3652756143682984,5.206416248468664,0.1661638468250358,0.16213634301206478,0.33592342956663357,0.9428119856778399,1.6894573434463824,1.1459803892196476,18.26782896220725,141.16871787131444,2056.0609447301254,16438.5655687017,122357.14323346264,164783.60755089455,161075.49665670033,144548.83467661723
0.34887658277086386,0.3953869242565215,9.252174355921897,0.1890617433900328,0.22853706693881942,0.24768101276611026,0.8669890292828885,1.5778891536848827,1.0297894182959815,14.82662795283467,120.63270155923033,1774.0443927810445,14243.144562606323,130757.76977845946,193557.05625016766,194058.5313223211,178828.4531311373
0.47782304779134277,0.2609728162206355,1.1526080237033443,0.11327366640706615,0.22639377649534304,0.22767335716320067,0.9751936031538733,1.6499399612288672,0.9275529783995868,14.817185998195535,128.16544241854513,1846.9161319979441,14636.141857265337,148857.56761415547,241995.67552439615,245728.9845458778,224946.54098930597
0.30107354113362117,0.2574933819138522,6.747651297463467,0.14661190437249788,0.22208630678983454,0.3021565369710168,0.9239731189845977,1.4240507172228964,1.074830736118056,12.214103960636251,102.22556478559056,1508.441839138577,12046.45727707035,111783.38486950434,166877.78950816672,168450.32837074477,156875.41116914587
0.3953466938616019,0.22644350252486178,7.821448012271153,0.1981274201644963,0.20344778747244185,0.3607722768311717,0.9571947068240484,1.4795194681272943,0.8014735983535972,3.583852043235556,55.69164140453668,708.0946480077935,5843.186887026804,76584.98430318783,147102.43612981067,155016.04272916153,150687.21074881972
0.42732952937521906,0.24879959479228553,3.1943331477978036,0.11881355004013532,0.15910788065540807,0.2723235705033752,0.8813161427434426,1.7580800503327532,0.9944825551259577,11.506274907957149,103.7865996697735,1493.1692948055993,11883.834141936915,128014.38471009166,216275.9895433052,220462.02988619456,201858.70379213427
0.43502829032415746,0.3480395560516267,4.797479481372761,0.17627481379451698,0.1826068199641374,0.24471608113132132,0.921609673462984,1.5395350209694572,1.027037988698925,17.589880237477843,143.25698244463086,2102.059017547116,16798.296581552193,157188.63613558313,236233.47769531727,237714.93215918052,219283.9393799141
0.2905709523418256,0.26460520390087927,5.316284638928982,0.12651005940354948,0.17129344162075555,0.360916158369699,0.9745008218750976,1.7525631637797343,1.0258326636004618,11.488112934480055,93.92608112038573,1338.6715934775511,10758.35044609726,101378.42389293968,151304.94119527642,150313.664399401,135242.21213883447
0.3942954594398804,0.24236235032285053,7.041799222131012,0.1743254706522337,0.19884755287113337,0.28753041431681,0.9759860552733438,1.6816213864208491,1.1621641745691003,14.226511384776813,119.1912695122595,1701.7137144096653,13757.42579172901,133571.72449037904,201018.85409497216,200943.2447875752,182913.14110461745
0.1606949483628548,0.3184004588897021,1.951978482653599,0.1726993803308155,0.17403796989551168,0.3146241623211838,0.9167837213828488,1.5242525558074507,0.9243508886471854,6.418193733100372,52.30467319795168,772.1375519065055,6184.3839834210685,55600.46616007415,82396.87931734708,83211.77357784183,77618.12303019679
0.12033167197902982,0.26539709442635,5.54312493672651,0.0855524729185877,0.17868651288682,0.26641025863036655,0.8816176075824744,1.5472983598371666,0.8901947310992205,2.72164250375418,27.108423350884884,386.21403148511695,3058.834569665724,35628.96801580264,64411.53091164065,66793.58911212384,62182.36529887332
0.45746599438318114,0.30863266702991565,7.275240407070461,0.10020893250615752,0.22196133584919953,0.32911526322159534,0.8420576367608793,1.715220106604216,1.0914791987637518,25.189756550937336,193.08040779263706,2841.823341744134,22673.326559912322,189181.35373951547,270652.58129925723,267225.973755921,241676.6626848263
0.12988646206548415,0.2769512005020118,5.7660284434234095,0.18728664064864553,0.19992393233782915,0.33281817339194,0.9245919254552253,1.67813831108512,1.1643570854665182,6.563309266916175,51.4514484005942,750.2107304686617,6044.090883639895,49688.249756378806,69163.57016761639,68461.82067448799,62291.82616725539
0.1253275032584146,0.308443260271594,6.999074217971225,0.1462626253051726,0.18445892229575775,0.3958949774386902,0.9027200889592867,1.7407510345847321,0.973359208271845,5.433055047905075,42.84576951857232,618.187176537721,4988.888737037365,45026.98926473034,65481.01295282363,65128.25245007035,59200.1988433442
0.41358522899198735,0.2404053553628249,2.435460626189285,0.1960632627671452,0.15407743444038394,0.2545791240619657,0.9087524629026775,1.5993576242866994,0.8382835636655529,3.8976685565433877,55.996504929006676,746.5334508632769,5948.992957525714,77361.42663908759,157733.3567902699,168185.67887737293,162946.69264823775
0.16585474662085148,0.29048309773482717,9.55514013699324,0.1467311659447785,0.18369277121081024,0.35744236130740503,0.9116475828849573,1.6180475667035443,0.9545572728247422,5.262206782686207,45.75961428565036,657.582329623117,5315.349861085612,54551.92820260294,85461.2079110875,86369.32933903029,79730.38933343958
0.12918194353506818,0.25971330717387114,8.7555398101439,0.11393225538281507,0.17342688627731978,0.26009903321994937,0.9167895903274502,1.7559978431859802,0.8171555729810785,1.1014784536813278,17.507710158513735,230.6148046707538,1803.6709679031742,24559.838999383148,55866.98137346193,59984.37740038297,56341.13886149664
0.22847043008651002,0.3480560950438636,3.4550283501439774,0.17549821743275196,0.22242300389901032,0.3702474461764706,0.9554226359367767,1.4086888979481595,1.1250357918935958,16.107449386000365,132.6839608556529,1935.1495844135638,15457.686566179229,101887.52242277097,134606.55052568208,133160.8274826057,122715.83863269955
0.3693031853918718,0.23452579193210074,8.434518510423548,0.11077729589128928,0.18263499888953244,0.2478852189829097,0.9350147209879138,1.517158835405794,1.1064425216731222,9.960430665811309,93.93630784329201,1340.0839654023905,10704.794697299243,119178.88972296123,202598.65666584743,207420.3669090895,191685.75360270694
0.14886972315760186,0.20671058229472095,7.572237364978681,0.07883770836395022,0.23018684357233676,0.2703029449519785,0.8890677748336387,1.6551736017564989,1.1528486106220937,5.197644461578259,43.89270451487038,636.4976616811638,5078.472762470761,52446.05646943004,84803.6647069153,85580.2248572044,77992.86648314986
0.44527512449361895,0.2666574346283995,3.1378599893069294,0.06377136074935173,0.1508901987800275,0.2087603832630527,0.8692398968996203,1.4873253341111992,1.156156206117266,17.124971079687853,144.09354312208765,2125.3747654349586,16713.81191406865,165855.62466126357,269876.695491955,276467.1916549377,256789.86053323286
0.48895725694295744,0.36592542828765917,5.6446368370712,0.0891221056762439,0.23298585026067037,0.3382066786854704,0.9462251286389084,1.7614702283293322,1.097855497824595,36.09585966705632,276.93972331788314,3980.2871540705246,31687.9517754833,224475.98214277477,298594.03547342913,288415.04693286296,255188.3143969713
0.35907863978871346,0.26384436656649973,2.7894160504869796,0.16938229085263304,0.19609396560980588,0.26382356856819433,0.9311758358010995,1.5083359043955022,0.8070626331230182,5.44661731962234,63.20009801052904,863.7561584804635,6946.88644888707,83900.33776155952,153830.19878380228,161098.01668398402,154509.2211524835
0.39125648356930376,0.27193623991488125,6.641763989583328,0.10110074782033643,0.16073480294009043,0.3113370948812054,0.9436236526813007,1.5209258497665141,1.0790202589021487,16.27653185832703,131.56424294977822,1933.6590080839685,15367.67981727986,147390.19405238965,225688.67003545671,227020.22027279017,208065.04885598333
0.16950761865859199,0.2513181388293584,5.221685001537974,0.1391691825734312,0.1664060920080128,0.3948846608735021,0.9343299854152057,1.735470418643339,1.177847209548633,9.25003527040253,71.56606235521956,1038.978262612984,8334.540414487277,67268.0517234756,93269.3835968679,91640.95900774756,82324.3097909117
0.3543198794716851,0.2515716003234806,5.447301517616353,0.06614571892110774,0.21504692485300742,0.21637460574902237,0.852880141514336,1.764805157198464,0.9482662711983669,7.1712135011153695,75.19438724340262,1050.6702317365857,8271.589305810905,98949.78724886567,188862.66883488678,195610.70123596073,178963.2776671032
0.4896620948079623,0.3465534230638252,1.1256925357625631,0.09713624570311684,0.16401297020116065,0.27753920078501376,0.8432443499862252,1.6666311758854493,1.054796847184326,29.709392326014182,231.08281782571385,3372.8071074964973,26657.323598984036,205843.10688777702,293211.9033210101,290651.20421069744,264142.4715221487
0.4706128573221552,0.27970025235517626,3.2376016394874254,0.17057739159768362,0.23881652611147983,0.35221760865940266,0.9603632073057861,1.4931237521394318,1.0427582959124286,24.667618430045696,199.00939081020596,2913.186601886681,23445.64205816004,183289.16954281525,252326.526168944,251377.1185328958,232275.78621675528
0.2372403898714841,0.3274649030125783,2.3924529247340285,0.13510222937001393,0.18491911464409955,0.344360198903128,0.9832837093467187,1.6386672046980384,1.197061750911619,18.46113139189399,146.8053868297729,2122.9023513730554,16864.200940263574,108721.89332969584,141047.49409527064,136955.63861970263,122453.53624706452
0.3782982169227732,0.3893193470780716,5.788950521433427,0.05376627696333017,0.16964732427596546,0.3923027952837266,0.8623531187804804,1.4646569598248478,1.154322476118494,28.758636490555382,234.10956151402522,3427.5914691892804,27118.188860422048,183986.60253329453,252557.32705427852,251338.14082076654,231553.13263722847
0.16696931283243394,0.35629652734260375,1.8756186645325754,0.13480802062544883,0.17927906843775013,0.33608546523121385,0.9098217061803894,1.6714180406584564,0.9630821788684655,9.403747875407126,73.15441474709147,1073.1062535685705,8560.482707360658,66592.77170765398,92738.68255149292,91687.81559967273,83149.72954761055
0.3456158429759518,0.30754191293926003,4.199229401695632,0.13216574154178024,0.18465969755236583,0.2971480927764624,0.9297098054401536,1.657345204700912,1.0478198446500968,16.456202285727798,128.3614798460728,1881.9939541472297,15008.44423675825,131706.2301032992,191557.29822570836,190316.86350939985,172568.81056902494
0.34591550836509055,0.3811560035005975,4.184864800743043,0.13211223697326507,0.23131216126219395,0.3893055152961565,0.845724013582079,1.6410606436309605,1.0405257771596361,24.961844221678984,197.72326483303812,2885.0955436142444,23003.565809539323,154581.3586328201,205912.58151487453,202214.37873339502,183844.58811052932
0.1803629207802472,0.2973619533306522,5.65499720644683,0.18049034881569542,0.16380175079554513,0.3676609592600204,0.8483485335256049,1.4817174134481512,0.8771981046872818,5.074992345150738,45.310697205986976,659.2147951490538,5337.014118990004,55471.65747781959,88613.41338966934,90864.58934020744,86353.71436586257
0.23036439074325388,0.344383174111002,3.563918832879115,0.12349753664767911,0.2257111704465645,0.29227652146974176,0.9115131199002326,1.5634791603497322,1.0467521175741374,13.93560509464341,108.13533330116476,1586.4983417205206,12624.758810967083,97526.7918949516,135516.6470110562,134151.68137079943,122320.32163148922
0.44583040365410187,0.2886286410276919,7.956774711973598,0.1181733178452555,0.22039789269352805,0.3109695621271464,0.901423760230178,1.62538224684426,1.1052419417775035,21.82805421438378,170.78301629145733,2523.0109520170963,20144.012829160227,177015.37593576824,256884.52641693476,255140.4628844672,231940.8425834119
0.18963404222231917,0.289562497003515,3.6779460743789136,0.17220856642973933,0.2170411233830759,0.23501460997827756,0.9455309997347334,1.6273356253732787,0.9966692313428637,6.118793321352335,51.69061284268997,743.8291102264269,5981.005584681938,60347.18207668096,94654.38819484595,95791.88804255838,88450.73172050262
0.21311624027039722,0.3686786380905586,7.694401769793663,0.11542628369165941,0.21565220199656915,0.2145161056360868,0.9397373205979814,1.7473312840673423,1.183097962090355,11.008102393723906,84.88002497332725,1232.9648517759326,9834.682672706725,86647.22231129868,126110.83901520747,123822.68394874905,110353.13734237046
0.28482730709950294,0.33728244733366886,8.04069041195295,0.19995664104279504,0.18917151455576375,0.3421780213280682,0.851519427322051,1.5704129032687157,1.0477031428266625,12.833228518741768,103.07485535371875,1520.2646417665237,12237.582653230447,106566.92510602975,153789.55037436562,154198.93547695354,143001.5601313478
0.17896655918002247,0.23092136682639275,9.814943850044038,0.053764554187272356,0.21407350190761837,0.2648181054357846,0.9210606546177058,1.5212753368552019,1.027526118932769,4.682319387927648,45.409663498015306,647.4932916890687,5147.7483602257535,58666.69108992926,103506.66971860582,106788.40537853703,98688.39440855324
0.2933303820522394,0.3503098209464145,9.42764411957185,0.05034413781609268,0.17339101243518323,0.39247381638652906,0.8795065985259377,1.5084962558622355,0.8799458792364239,12.479177910078985,103.1111820354944,1520.1560593183874,12076.60594927093,115739.8862977681,179955.3005404255,182230.67064602993,168081.48123219336
0.2405531807986302,0.2001837623125344,8.7718663525553,0.09505784081237445,0.16749506467734257,0.2619992862002891,0.8659317573803147,1.6736830950896393,0.8481769292723349,1.738031210559351,28.995974109083335,383.9213787101413,2955.8729183657615,41735.46220663571,104201.55616022839,114453.27388197569,109159.48990000976
0.27224255434859074,0.24591159640996355,1.9185223538449883,0.09165215466113089,0.1735002582079882,0.3561093580149749,0.9694741994240739,1.4289747781719773,1.0624590353574295,15.259455616615506,119.6321772601273,1763.4139674422995,13974.045012664064,112382.06658946526,160339.8111260326,160321.71724791557,147534.17126780812
0.34600410690593075,0.36654253351227256,8.33345143822346,0.08973695179240934,0.21196059777488038,0.3546607238741702,0.9593830366063526,1.5455700843742213,0.9034282648394653,16.474689140140978,130.92797250675656,1929.8211735092189,15371.90978347561,138105.65761812794,202500.03127827472,201685.27172260886,183540.70747012275
0.44512620040268247,0.23796742234529186,3.7551503971727715,0.06488731916522511,0.17408233577655263,0.2671039626712554,0.8732755938738554,1.6179231527770535,1.0297434834120098,14.88195618945293,128.36436305157656,1863.1010602387864,14741.905995031113,153456.55970958152,255180.50326494698,260009.84786677538,238702.06275251787
0.24290968682100195,0.2597315592662867,4.60913618451035,0.13130533197116617,0.23087374152879117,0.30041349487731667,0.9646032919516434,1.671419025321638,1.0676698402651323,10.933679976707209,86.55375774182976,1250.7017993694399,10021.006574543864,89623.37476906899,130348.08419114376,129438.50666646137,117145.94359418447
0.3050573109697384,0.3384927627816834,6.836586488803209,0.06684722107735366,0.15115250792405244,0.34352687451867925,0.8688395097262442,1.6176211588325198,1.0275144489906283,15.223230247583912,119.74603864713715,1765.2239009120615,13998.636369789961,124917.76149496179,186769.4585018348,186675.9424174632,170122.0622086968
0.1408240582545561,0.2686836100426714,9.422638596440523,0.16670219634635175,0.23816198007932615,0.2996042465403943,0.9240795359639842,1.4588434555359913,1.0589449434383766,5.270641743661426,43.997851102363136,643.2458024422477,5182.57020488485,50082.23822113137,75628.7670049425,76412.15247245152,71191.91045049958
0.4265715751053465,0.2692724574870345,1.393634242325176,0.05683929487045278,0.24313473837142502,0.3968407061172834,0.8918677248828923,1.5569049459776338,0.9492753241246977,28.31266026012137,219.7246210045119,3204.977826957431,25399.78715453594,187203.84564701328,261224.8168643057,259089.59433190955,236441.6101521756
0.24887112272327783,0.24090315435683662,9.510883527604328,0.07824735564767808,0.2234077526634749,0.23460802057491795,0.8658059502400758,1.4895269979124202,1.0676390091148733,6.9133054723778,64.69915767606558,931.3529186543734,7413.3306731917355,82866.54266202523,143417.22564038174,147886.20296675124,137748.12528842286
0.4908402683109302,0.27046909487219567,9.013721363404933,0.15784676009266813,0.1862207595075284,0.22563348812811687,0.9458936162575993,1.5703134327198383,0.8267394792202178,4.0750458948998665,64.84829791667678,844.7460003751885,6648.888936668836,91694.19364494964,206602.2496802356,222174.51992663043,212700.61093014106
0.3983136169967244,0.3016304592561234,5.6402353506450185,0.056349185392229946,0.236335582688697,0.2136369073971588,0.920228365802143,1.5972883944941678,1.0229204737543964,14.818364570149004,124.99978701936307,1816.2059716701563,14399.231865154004,146420.49269247873,237547.12492833627,240703.7225815767,219716.37810344138
0.40315420010549374,0.3604128070812973,7.756722066214985,0.06107326285151524,0.2101015403881833,0.33676884836360776,0.9325594423159711,1.7202857918394612,0.8383337602025602,15.143185338896533,126.88071539030035,1820.7283151316506,14534.79836949262,146201.30309338387,231502.35952532175,231329.14464308208,208034.94530419543
0.3693947817299168,0.3299802819731099,5.175891983218823,0.14773204375630045,0.18326028236249542,0.3005624298816354,0.8658836512350453,1.7297913249817942,0.8577992062610238,10.045787131788337,89.35114297085667,1276.013892214976,10270.623783386432,109873.52567664607,180742.01173683506,184139.29470288672,170494.03241751133
0.145027676864492,0.31629224485766155,8.341238884453457,0.15447802404930286,0.20735785644403934,0.37724034069156975,0.9078597063848799,1.4098494869252112,1.100206021758675,8.291648999201199,64.95341994664675,963.1785141607414,7699.232155792022,60832.80882869678,85003.8442897944,84900.27677760893,78757.30383197547
0.4332657125745494,0.39279121047406923,3.603940923449953,0.1431504256405069,0.24071880807392954,0.3072709955996558,0.9436311641746112,1.4616954185248319,0.8518345397378672,20.435140530330358,164.02554282955936,2436.5064987029095,19461.44788763018,165797.06146786473,238155.30809747666,238769.82057745865,221125.42805422522
0.28851778280019336,0.3754450271895833,6.657288775447006,0.1762850205653173,0.20931098795336517,0.27311508310902033,0.8420928240258502,1.482446926408257,1.0518761300342752,14.10006312271558,112.32143947617784,1674.8518505407476,13382.953851777469,114242.91942806062,165952.6156586814,166734.85194294117,154994.5360233855
0.3749943400943315,0.2361809542973897,5.650202401442236,0.0971509908602286,0.22795778089594926,0.31710249692410286,0.9072551176450181,1.4016426649257847,1.1112847947067017,18.376717634511547,144.691408627775,2164.8513827278703,17182.180502780287,150927.57804833926,222843.75183026402,224547.19950960088,208606.35618593424
0.4016947812682172,0.20903649846356262,8.200189298624469,0.12273292893108655,0.18459604691976073,0.2427935026896135,0.9368229287272782,1.45257125498944,0.9241035618709569,4.723001373786901,63.76051854612316,858.2162190963617,6780.950075439139,89947.41598375824,189146.8491510318,201486.3031486253,191927.39903615066
0.11453287229649663,0.31613553833278,3.381637578672089,0.1640696138349445,0.19738096273877745,0.2820784919538446,0.8996651159443432,1.458475508244115,1.117868089285757,6.352858966078265,50.17525018354047,739.9024754068207,5894.826058389674,46802.45773614854,66042.05513594183,66025.02680118891,61109.353120433414
0.4684084161493667,0.24099487954808904,5.3423282086430195,0.1841533694835818,0.2148159386419439,0.21201551821047815,0.9838015592476571,1.739047211763885,0.8768150684984788,3.7416682872605613,59.42525982070565,753.7569744078046,5985.996600149526,80855.51779173204,175102.82373391165,187053.29183125478,178700.83718367142
0.10078222299374176,0.2390534590912383,2.365956345997876,0.08778393926595024,0.17724424768119945,0.30797895614273596,0.8801470085179791,1.6642080375012651,1.1907228269824048,5.6805994053830675,44.03821370240042,648.1129735600267,5139.508743709648,41694.51417065718,59797.92415115984,59225.264553300454,53646.30084046337
0.43102051969296296,0.2638904691400859,4.136512647896423,0.05960633359281319,0.20840037616031434,0.29954452827924427,0.8498796142380685,1.7470732477900695,1.160073585010776,24.44925393458573,189.59777457817194,2770.5028002836893,21972.00678216775,182355.30206850497,264514.6407556851,261118.03202137563,234980.48360010283
0.3105278872736741,0.3195436978963226,1.9451591687466196,0.0688019897751525,0.16406426120484008,0.3561180863182687,0.8840077321156058,1.4822218092680006,1.020572536045978,19.70473547386927,156.1328544902626,2285.902604990202,18080.599826575748,136934.74253701037,194022.20403793317,193784.78566574905,178330.2250661198
0.24969259212803452,0.34670462742878805,4.684150497278112,0.08866347873585179,0.17654343294765606,0.293448073098333,0.8771006839466021,1.6087127524040579,1.1100698623177947,15.07122429905845,114.79902821104375,1693.837530645779,13442.55720746347,107928.16350412962,153705.22005580913,152349.33652134147,138487.4182957425
0.4172184188858554,0.35429464920018633,8.341942163286198,0.10074187182768263,0.2367746138060687,0.24857362589935106,0.9204986553441924,1.4300479362920486,0.8228719586217969,11.439980237947418,105.69343444061077,1513.222917890197,12069.909362539078,134865.00957993846,230009.7899024504,236738.5953000176,221130.8299213065
0.3581546040219784,0.34005090032707763,2.7352899642370616,0.11282842830464027,0.18411097568216073,0.3209433232342595,0.9040328765395562,1.4283065444502228,0.8754061653696187,15.960275286367533,128.83944279508776,1914.7829963902686,15179.170091637534,135605.66729499036,202804.56605438358,205027.33575272487,190912.60190591612
0.42619011683898256,0.377770020161982,9.35269923295415,0.19787237465377444,0.2430243079891459,0.3440917921324602,0.8594714506370337,1.7120978665354274,0.8626931656168937,14.631383734658218,120.26423650134754,1712.7134405946517,14005.256140773894,136625.41318728673,205943.45841443152,207641.86561315227,193248.2370826843
0.3605674271086017,0.31267172273157534,5.299825306500761,0.09227039740666465,0.23739335721275912,0.3118342106238228,0.8566888254855385,1.5782897765912474,0.9762226604265876,17.68590321127091,139.772032881023,2071.3380330052964,16478.61782746841,144064.07635100727,212070.29001588933,212107.377015121,194600.25838260705
0.35798362891507796,0.3585086763382331,5.757917069166146,0.09713871283446152,0.17690023570773947,0.2868505226661908,0.9257084394150852,1.4462112667611842,0.9999366414743454,17.302125609940465,137.96718174388923,2051.659386740842,16257.427442541375,144920.51564430303,215422.19533856603,216626.1630262037,199834.0565265128
0.29440769731929783,0.2312598459759201,9.652751806189887,0.15821345724840968,0.18901795768782842,0.3138198525768961,0.9402795839986047,1.754265602613521,1.107486584088694,8.310370704823686,74.13273453857822,1042.284315632489,8448.898903297573,90174.82840329847,145132.062960355,146387.04784510826,133604.46898173244
0.3739593945372748,0.28097533295162663,5.17213415903909,0.05343331367745962,0.18370030539834667,0.31887999520990706,0.9165162559773237,1.484603669674639,1.0187240889319782,17.65471775248469,141.33843432645065,2096.5648613119392,16575.262661918798,151349.14597159124,230245.44482542333,232407.97992959176,213911.25632749166
0.35257176922875655,0.3586366567065117,5.904708562995213,0.06307687779387984,0.18990474754837222,0.2349663938983403,0.9357703627028824,1.473691054226629,1.098413445312539,18.084826907972914,143.2229686535178,2126.019341030107,16825.249567211842,148553.356673361,222006.3763623177,223458.01994440495,205227.56508642246
0.25824711106290305,0.2568437188960636,8.806854310822564,0.1754474262012541,0.19003283468033816,0.32423737958212123,0.8492243190736938,1.7121445222938345,1.0394696797442982,7.521435918998906,66.24426458089022,943.8880561215191,7659.313458487857,79981.39660051856,127413.19400345859,129254.84482300884,119966.42774798219
0.4058849533729497,0.3136281558551731,3.1072572009874273,0.05039564989529534,0.21936576171717354,0.34178085011011855,0.9770806156068075,1.4500416511654266,0.9297434924359184,23.770266703581097,185.13485883156955,2719.646376637313,21507.738038202842,175330.10650758192,252541.12396848423,252410.17803183128,231010.07103267175
0.29097176003494707,0.3013884654307901,1.7268723625859494,0.17394574536209778,0.17588651142717002,0.37057706732394524,0.8958151397383954,1.6639723881294568,1.1968944749808488,20.35717674513806,163.43195903922253,2368.705720811282,18950.58593116354,125070.94218891804,164847.24637642494,161719.91916917215,146558.09240860213
0.43242834815148046,0.30905925087127556,6.492226301466342,0.16457593301498502,0.17432834557774182,0.31332035744638,0.8632615226746418,1.473809715069527,1.0281171782078813,17.348912896466878,143.99209585210764,2132.363810838449,17026.230878969727,158470.40406032288,238611.66956155372,241335.73997544157,225248.23276933626
0.369267610329184,0.35193688546094937,3.4593972069372416,0.1778553584551033,0.16270393171979142,0.2973277038870642,0.8794225721780987,1.421818187135553,1.1261053314603533,21.344091303886678,168.3830060083793,2492.519233709313,19850.05462711299,153804.77621833174,216625.62380500103,216937.39999583282,201663.83008846297
0.4695856824139526,0.2247882042749289,9.622297721301702,0.1331454637536203,0.1563781224198512,0.3093966401555438,0.9191437101291082,1.4242347224746832,0.9454988734525454,8.471522936734319,91.14262861038789,1267.1459556861557,10110.02505458747,124744.31320918046,232656.89045571774,243291.05411349543,230797.53868518554
0.456637432483071,0.31164782319388823,9.777821720868388,0.12526334688020596,0.21755901144694356,0.23928437443781786,0.8500770946690033,1.6232524645185857,1.1393360262295276,18.66854528485447,152.60664844820116,2232.725228283243,17813.890674920178,171986.2378431477,264685.48348751914,265769.4271788939,243333.0530479365
0.48302503475484615,0.20145221176045106,2.164434331959273,0.0876469561198098,0.2331800994253304,0.27753758360117275,0.9724303673146699,1.5255104830820645,1.0644663705642867,19.899076091287753,161.68541238008206,2369.355677732252,18745.818416685594,175594.82321478525,268619.53569299926,270545.7142349076,247907.30705115324
0.2452337001226802,0.37850778490021797,7.771117642996736,0.09138325652914513,0.22122752702623155,0.3693129264557653,0.880604892639251,1.4962518293380616,1.0376544488877217,16.11171676718802,126.2084480096395,1853.8599131600797,14739.073334466511,110786.29951376189,153595.65921718924,152430.45413784529,139838.1680151674
0.40005365512594926,0.3211693098190088,7.7193650183944325,0.07617713485616752,0.23429127713373885,0.38035223955593106,0.8872741004772883,1.7594459646885197,0.9890943644580864,22.118187820798425,171.14665949323975,2494.4360813290377,19920.803310640596,166599.8997439542,237098.14052629043,232575.74309914192,208185.52188429044
0.48906819766706455,0.25940091493347084,9.457157133669318,0.1278574575230707,0.15248143222078983,0.3766869277186364,0.8552061667098356,1.7138858443949088,0.8725136296502307,9.174159702300422,97.09684814109346,1336.771638727301,10756.61445994531,128193.86957831736,232117.89472370764,240140.17063735775,224331.71076201362
0.43695052128215006,0.22221834920067146,1.4932450958646282,0.13179424715555593,0.18139784265216707,0.20822535051286506,0.8683011596906305,1.5787758565899073,0.8120035303876703,4.686523011523864,59.02273750914991,820.5337046745444,6362.827583432401,83719.81177126757,182928.32718014394,197868.55075434124,191091.70121749747
0.1821337884033929,0.26027065920449244,7.288990892072997,0.07325740733713998,0.15773321980061414,0.3927208800111368,0.916900253567867,1.5901756818314166,1.1197727219548443,9.497673595284697,73.51297445438085,1089.9275202960616,8660.644111745694,75360.5498696123,110118.38164823632,109529.14990169235,99503.51354546634
0.3085678126178862,0.34927515482001525,7.0702122591672065,0.13295449449118774,0.2002277678481139,0.31689234734772065,0.9282897892655859,1.5164080363598156,1.00948146085669,15.343024316974194,120.19625547954514,1788.3485725992325,14264.42909398373,123270.98093567292,177596.28192868907,177147.22151752017,162462.82559909133
0.2020134406063693,0.28538807635676006,1.7426032198428851,0.07672857477817632,0.17297612685973413,0.35109065395881983,0.8609337914261501,1.6128857797523781,0.9258726227898951,9.818142092689616,77.04023222869469,1136.4658121860364,8978.042746941359,78160.71522969936,116758.60589715216,117088.56981012317,107244.23693949655
0.3223238217129028,0.2263271348689508,8.770708606501163,0.12437057586096188,0.15390463654811778,0.25140053408706464,0.8562532160737008,1.4346168063854046,1.0529889549097655,6.697211060755784,68.51984620907159,976.2161496314192,7745.953811377764,93029.13627780166,171448.8924517222,179153.78064279436,169363.6441871033
0.4379121468346615,0.32361483222158477,4.920257876995976,0.16030579247249074,0.23896494588715367,0.21899597305949536,0.9743450743219113,1.5604247736697017,0.8867768768428288,10.828272630973705,102.0137263654891,1447.6673382226459,11627.658558033809,128550.75686616458,214884.86933347958,219794.32167539833,204370.14495990548
0.439477119717013,0.36248155819873934,4.63467685481919,0.1865526895861897,0.18871185910825983,0.3295345716053427,0.841207167575606,1.5625078949011322,1.0580481656659315,24.002000410556427,190.79322265548302,2807.7409913298725,22518.826674422427,176632.94963759236,247305.92276100404,246688.43826564323,227863.3754818475
0.16461851607573186,0.3688988349236528,1.3205456032853913,0.19254421017687795,0.15515560219985705,0.25393071925857463,0.9493291342340947,1.506446806803732,0.8678658621808188,5.355959447991647,45.49241142170008,662.0556880139524,5295.78062638704,51899.040200191404,81119.32284092612,82670.24617139848,77498.65731643239
0.3568609712623029,0.3663440828956154,7.53267920464065,0.16181409732413946,0.21693745160502576,0.2005984963434011,0.8662694960635499,1.6566494580999982,1.0458405844037821,12.523519527578761,105.45700267149121,1525.8355115461911,12208.365639109166,123725.77486336643,195713.03100816926,197348.47133767806,180784.32311259952
0.2983090349632205,0.2056238849029218,1.9087976740262258,0.15742643907220993,0.18280080074789296,0.34615454288508596,0.9387964725528056,1.752835038434422,1.1121873279309262,11.780661310615523,94.96819470171197,1363.1028363289702,10979.188115155022,98694.029647921,145068.10757389935,145186.39612315,132973.2238970534
0.2311705343068952,0.35260278931113237,6.690353886642199,0.18262569957369612,0.2431961504132813,0.23194017169406,0.9832037221690748,1.4721359444400957,0.9131323852322232,7.0440566846358745,61.43579335259743,888.4018236310425,7169.480315441837,74612.42238553811,117729.70542781198,119580.91257219072,111421.86159543217
0.35615560875914554,0.38017205871369675,1.2603276891445618,0.11301665928624786,0.20385746624887674,0.20963249681164187,0.8632285287325958,1.4108536206334181,1.1187487276895607,22.312374843904095,178.88259258809072,2631.3738054628593,20809.470174171183,156034.64083255027,222500.0887926161,223401.2466138546,207542.98192277434
0.3815718620196027,0.2054012296396703,4.499106885666169,0.07875375594857809,0.15449411155950452,0.273195259371745,0.847613700322106,1.647413878803538,0.8401896572677556,4.5206497409655215,57.14169767273464,786.8841573734418,6098.305129542705,80834.32022309538,179477.91133745702,193283.61604922725,182571.21729373248
0.16382675907107785,0.39155581615665647,4.351193611396466,0.12073834265584353,0.2168039914264437,0.2828286511436231,0.9045861505896813,1.4921063052052737,1.1333333046311092,11.35148623661778,91.1206738449746,1330.1456893702064,10556.19846416075,74952.96667652654,102017.10076028299,100901.94222151587,92342.88483911178
0.42927080448772426,0.383412889560802,8.061060047919133,0.19332371030937584,0.2122329711955767,0.23312508554067388,0.9829229073361495,1.7466904952559954,0.8184538850959515,6.646163766940966,78.65590336353614,1047.7051090691346,8464.958722674874,102698.35262983807,186690.12375760204,192640.4245460229,179390.30496812175
0.2689959920693965,0.343211103336495,7.110166807288656,0.13729692837238483,0.16862858754669896,0.2676329032365949,0.8425990450689338,1.6318169931680235,0.8923711658729164,6.880836778337542,64.54707763819445,928.4300993367376,7416.346954344264,82295.80981532506,140230.2584498155,143767.8777122109,133488.7284371306
0.3855639048801106,0.22319612156585777,7.18021904036893,0.19524249224618817,0.18053866818334094,0.37159908962511756,0.9590116205149872,1.7189195308105618,1.0784205101485487,11.28144049037802,98.67799864513167,1377.5123317791024,11285.143294465352,114755.81623184982,176199.59356671723,177847.58362509997,165077.96194807097
0.21781776821308574,0.21644672812971455,2.7286278172678577,0.08465125944075076,0.15720767695203366,0.3675182778873113,0.8858441655535175,1.5474516148761226,0.9740188518982518,7.917697656322489,66.37181121781444,970.5826585052208,7705.249210813213,75747.32318656733,119966.52092968917,121916.03404151257,112795.64788613007
0.38120634120491126,0.24719420043468,6.572040805549711,0.1584502453200867,0.15713919270584162,0.22326120340859268,0.9781281990544141,1.5789882741188557,0.8048476437400764,2.1213014682785776,39.68886618069597,512.6193427174804,3952.5320680399655,57019.53992386394,144645.47404109978,159322.75890011925,154337.5635915053
0.12589242177675888,0.37280899763031805,4.265077356232892,0.05379849403020743,0.1736906193358176,0.2423462000036205,0.894606095054469,1.7678474473060075,0.8317439951758416,3.3332830262816593,31.7848310268824,454.49031581738035,3586.137967170239,39826.96388954068,70424.5303491518,71800.53783056211,64996.48232761304
0.4611080732980344,0.3036576995829438,6.3170190567309,0.10313990059095782,0.2387843835217322,0.3273180655742662,0.9302089671466719,1.6049564509643388,0.9333610186855811,19.803194590688484,159.21189047101066,2323.657603947326,18558.75935945042,172297.49795284876,256975.21307487384,256768.17967688027,234100.49540928498
0.32840530106258836,0.3180102195912047,9.417882721879684,0.11889264855218779,0.18138988789585853,0.33616959488507336,0.9700493550470838,1.7064291892910657,1.139776474781121,17.49369171486693,135.5282131507298,1967.3402754992303,15754.66843350984,134248.6387650854,189989.4651382129,186139.40866288985,166117.26687921272
0.449032632362554,0.29714105385061285,8.12536274578273,0.13760855023704927,0.22728125568909802,0.32530906841513885,0.8782234311479055,1.540958725805186,1.1568058201278166,25.37021949612268,196.21114156770975,2903.7314447595604,23205.02541795001,187760.56125149564,264254.815846558,262652.401347486,240961.00473591549
0.16466351996978718,0.3893375937206942,9.759197311968554,0.1283857846982332,0.21011881887001685,0.2562427817396139,0.8915574015980822,1.6173636311535047,1.0381811527813416,7.4708349467204345,59.16073648214026,867.9913101005694,6926.587207194316,64123.972008326666,95782.2299538213,95552.29671919996,87029.78103101836
0.22412267678163855,0.2987383648150234,4.7958458575256095,0.10894048160545367,0.23665516901355788,0.255207162976384,0.8462704818076374,1.5100654298459923,1.1604923203765902,12.471769536379627,97.95368025387192,1448.173600746842,11507.983371819917,94440.27213880853,136370.64294071926,136444.9807218833,125842.65903385635
0.39597101627210063,0.2936398659409756,8.867847398660958,0.10309697036167075,0.15338434704101692,0.2753430969431121,0.9446080769830442,1.6213940384783183,0.9944498553726909,10.128819804935453,97.78753576589438,1389.158751317244,11080.715628287702,124788.55266498655,214756.81724006383,219010.74385954367,200153.4047027754
0.14299645619522652,0.20380791790705136,1.613549867553338,0.07052271747555772,0.200550062525882,0.35278011369946055,0.9476367956249181,1.6901802264252024,1.17934181914511,8.68247741680107,67.81059782951729,987.4344771289218,7822.642629957197,60394.47867470934,84485.85721385993,82946.52391538797,74296.24161255592
0.4253401180850116,0.34732249153311634,3.182903125876241,0.0935787576514299,0.2317724832274758,0.3818601946738468,0.9404111894992945,1.641804972676613,1.1096811714621384,35.10255007994227,282.48104330237396,4089.2657497696323,32445.636346485237,203345.80859132,263629.7904629496,255906.9431276618,229204.38174466364
0.25906434223750285,0.24354087889496617,9.612564138159337,0.07988251974647785,0.24108706383729522,0.31264636062579026,0.846247303784173,1.763103714344921,1.1016729783752035,10.567983215816808,85.61345258666114,1231.8501623743691,9870.240552801999,96194.5382415145,149114.63845727567,148662.551993766,134294.62893846657
0.2253882410449259,0.254459334323094,7.670311503016092,0.11147244161340814,0.17205304551120848,0.2860630631446629,0.9021435538223347,1.4731494122831115,0.9898325783136356,6.230638545799026,57.09732888155114,817.558901003879,6534.129308082629,72327.23471553603,122515.7564584006,125904.17190132702,117460.30130559218
0.18101117461866745,0.30726748740119414,2.953818721147588,0.09492796741628526,0.15369368156224905,0.37006568285721836,0.98875263365435,1.6206673187809386,1.0779262544081407,11.469927542580871,87.93340343373792,1288.9046764740133,10225.58662141748,77937.5402902979,107214.48972684483,105152.44532394008,94343.72823611203
0.1107225843823227,0.33849778906761385,9.848129297057664,0.1422204235473836,0.22626282285970245,0.32005205141167914,0.8874496181487445,1.4933043023523946,1.129849170459207,6.32535943151805,49.330847161124275,728.8523353124851,5817.869832006138,46965.927938255336,66085.77524285784,65775.41524643045,60516.24905923133
0.42243980351273713,0.39476919363488855,8.301711746114457,0.15265616979998803,0.24218327286305175,0.3097621647207824,0.9891912360986115,1.4963391706563618,0.9810292415475652,22.616524467025105,176.09798472271268,2602.8908711840295,20829.89486489112,172288.32312104,240487.02134574042,238405.63757561543,217654.81523675274
0.46456136984702867,0.237310266815966,8.541542457205413,0.16056581317604263,0.19100336939200624,0.3586084701296146,0.9243854998696786,1.7428409844012422,0.9583147779758062,10.173807281527557,99.61158030971039,1384.1381414655277,11273.412386562166,126336.37911322956,210905.27652636627,215319.437160639,200464.5110435273
0.3133888464016379,0.2514929352166333,4.15819749008476,0.1930926545895716,0.20029320098296216,0.25811033893062707,0.9484254110869415,1.5177677732049468,1.0376419851282017,9.29620273282857,80.9936937040238,1169.8448404227129,9448.23291670433,97136.33175995525,153154.16651177683,155986.13302205826,146245.56898583114
0.38410369569781244,0.3058956209650168,7.66932549005334,0.13742250689844887,0.21116793673192097,0.38307873831540523,0.8685214477933609,1.4984526837034071,0.9375785537228323,16.047920264574177,131.67568517839112,1946.2800483279643,15589.908138526916,142345.22511970814,210937.9664334201,212592.5570008489,197859.80775705504
0.42579985301004153,0.377856170020245,8.161673471672355,0.13233730802954596,0.206411744008014,0.3831118363429986,0.8728561942179015,1.652027230125583,0.9944409969638779,24.707262144829755,187.6643631278987,2765.8757667560153,22155.324898548228,176746.54309768224,245839.4749245122,242694.58249523287,220501.30815923715
0.17882543968705292,0.29697829317481644,4.970100817603645,0.0583671713729676,0.2018263570005519,0.3373104959779448,0.9858015426701845,1.4055288066456941,1.1397266903466368,11.93330830710534,94.10220121662219,1381.8321614607676,10937.539133358034,82534.46784335807,115041.55403033998,114522.33875518096,104940.14898744413
0.3000951876875717,0.3519941820270637,7.427088343664807,0.17182653071643067,0.20560694577831612,0.29955069137444346,0.8858906838825662,1.5447078735156505,1.049898033299827,14.558120714322126,114.57954767571937,1694.4117242496454,13571.50838913134,117050.53615563107,168399.1422767031,168275.09523701796,155016.25649508773
0.2737939673767549,0.39890967477899175,6.086297275398539,0.1509041628677435,0.2281568205571358,0.2622777262721893,0.9462482483154111,1.6449189620718006,0.9731559166381435,13.097900009525352,102.35038187555926,1494.622749398398,11961.90906639152,105191.92582087153,151719.22987328228,150431.38438397797,136262.08598324197
0.19392892389813632,0.387147862010743,7.097580287870868,0.07839274267953492,0.21845426709359347,0.39951453258042324,0.8852663934539423,1.6115957796513076,0.9700033333892205,12.89767360605661,98.89086719677549,1445.827470662211,11507.770865888677,86990.83995789613,120002.67923334091,118174.0641271262,107097.8605597873
0.17967127784502612,0.21089443648037098,2.66973309783529,0.12540165117709934,0.1756315152151053,0.29555927783092384,0.9378755454748258,1.4973240610156602,1.0153456623572517,5.507061815025472,47.99126196637132,696.0264964252472,5560.060229828053,57302.78430810222,92489.6437716566,94501.6403395757,88183.90354796707
0.37689651307600824,0.2672927025201584,7.740966277659348,0.08484494921824678,0.18606432205197676,0.21035133701719982,0.975171976093815,1.7551778848778312,0.8039724488571811,2.5539927369562907,46.81756222447028,604.2814471075324,4642.668293870167,65317.80609030402,165756.3612578757,181135.64291300802,168287.2327493259
0.349766569350614,0.28997464156273106,3.743678077950888,0.1481908549350087,0.19774101565922036,0.3650233334628217,0.8760390837730395,1.6924324443593852,1.1863813678840418,23.13643131449541,181.16736107999054,2630.5682906564457,21012.69841538921,149592.1754334357,200877.41876621428,197061.7911622518,178207.23206214336
0.42468526123498107,0.30891852049657403,3.0497388383491755,0.11371615397482349,0.21760450318789,0.3767320392272506,0.8482769732388475,1.4650538852176276,0.9063753002853155,21.173947845330922,169.62028426952767,2521.0910610945684,20099.75592597324,166883.71827203405,241978.84909603125,243582.12289309752,226995.37458047635
0.45472085643256877,0.35297989746396896,2.4275241138237043,0.1986069094767124,0.18972700156049274,0.28870905785676626,0.9387106837592489,1.603877434799828,1.198691537344765,31.38497599017758,247.46788285623114,3593.538938162732,28682.092879106713,196169.34366384888,259747.97913803678,254989.42091232186,231181.95761356736
0.14349253771107773,0.38737231228753743,3.5119623061335807,0.06610282267859399,0.23858045288334243,0.39776192290719853,0.8480965270076021,1.4206510988056178,1.1490741123342862,12.15771328821868,101.95607759129574,1486.473633488254,11794.868653339836,71428.1947533811,95989.02296949046,95342.75164358,88196.64997202209
0.49208737094464294,0.3904076843284068,4.113393303679162,0.1554701186075939,0.18913742070353956,0.3255949973269469,0.8740683243500875,1.7470311838734558,1.1486454302202582,35.20068602131399,276.747175168825,3991.148297367704,31831.158872512144,218304.14308151303,289407.09968806646,281756.2946227325,252641.68354835454
0.432007559445055,0.3102918271941822,8.851481122938129,0.08128701466428524,0.22057126253526055,0.380248815474757,0.8537076246218256,1.493813140936305,1.0027944957721184,22.624698136226133,178.26400973658895,2651.5874796827634,21094.264292548476,180536.7934657287,263743.5120306188,264393.2499340785,244107.34846371345
0.344294206449694,0.37483107916553016,2.820979398520676,0.05670036501612854,0.21911460548706385,0.24423493211773142,0.8513526294073342,1.5418426397547849,0.9170885568560936,16.68683844515603,133.75737075899607,1984.3432051031377,15654.031300835235,139310.75059354398,212211.51510780642,214255.2047448242,197415.86713721108
0.11409940184434825,0.29647511535901117,8.529631797076263,0.19218305596642232,0.21061711308971512,0.22402491419097012,0.8771930895443768,1.4053058698506338,0.9662560539602998,2.637006424068957,25.617365319644644,366.979127015577,2949.3303926951908,33702.72911948865,57916.06005174416,59924.74209076944,56955.51894087519
0.4153109595763247,0.3879250719869762,8.85575911260474,0.08722022199393148,0.17418654604919548,0.24083223386629693,0.8637957874200245,1.560654454410584,0.965009191018996,14.332446280362632,123.99709376235707,1807.845197332763,14395.90789230624,149639.275266331,244720.96618128617,249064.96477269777,229581.57894623617
0.2015989442747871,0.29905901751603325,6.331445913456669,0.1446084343121079,0.17431966391729964,0.3039904966784365,0.9492039946331969,1.6327702786045366,0.9098838920152883,5.319688110072059,48.474300839738255,694.7983120362484,5593.208740398265,60764.8159689448,100032.1751772393,101820.51318526303,94016.91975259809
0.4519045593570219,0.33080535226576746,2.2382984707932727,0.17241966425733812,0.20209402976697227,0.3542382611250736,0.8484820224366668,1.7277028407384414,0.8565520598809195,16.771535417765683,136.8897993590307,1977.9055009609278,16005.824580076956,145933.99686284532,217053.07426278733,218986.46522899368,204027.57383441462
0.37576561412941345,0.2845539293404074,5.810299044518772,0.19782381038958302,0.16306522143567365,0.36481067263647216,0.9288743784560165,1.480177552736377,1.0769314461352177,16.289762530938223,132.74638782975748,1957.2335175112587,15732.082679322635,137878.3375513314,198616.84189956906,199537.82055446264,185785.6859994102
0.2696232261105196,0.3102157118868783,6.723749923693209,0.12103505335519295,0.1667379784734925,0.3610793829774889,0.8578418650943679,1.5236707591949952,1.1184040594645834,14.967442263322566,117.06548415331108,1734.5051321320045,13818.288751540402,112915.13462158735,161163.61039146836,160801.0038354884,148026.5762088462
0.10867580916369485,0.3063639971555605,3.288591757281988,0.16964746424282465,0.18338129198881029,0.3562766713098386,0.8459950704444319,1.4850169945409362,0.9197843628938659,4.218611974122543,35.246137268189145,521.7618305659261,4191.305605980216,37990.99056092415,56757.47373528813,57568.46652900473,54197.80531569694
0.3398156830907261,0.35591435407392424,5.762083905325187,0.08505976287888112,0.22306893588523263,0.28869409339777785,0.8850076708930219,1.4617492628536817,0.9516216376291737,16.713775471432292,132.94771401454992,1970.8072746811608,15626.099082997589,138291.63872563763,205861.16301399973,207220.5145028209,191593.10393744142
0.3882193013850115,0.26929725212951183,5.126970047927275,0.17320657148106755,0.23723920533191517,0.214052726927905,0.940305202549057,1.7321048365823088,0.8899135281580032,5.296284407273695,65.66347345728474,879.2006335956153,7044.145371614924,87093.860414015,165128.98385301017,172277.17333804694,162148.41269287598
0.45959377770325205,0.3095336207686159,4.666384571055984,0.17400467634769126,0.2134041542559802,0.2158205246687614,0.911760941934596,1.6841045051990533,0.9350775324908516,10.642518970256479,101.61955613653811,1441.4013192933028,11577.55501195527,129223.5484655673,219970.71959711346,225383.45112029032,209348.47503799608
0.1242881645065173,0.3714009065654822,5.707099861766885,0.08229250163176913,0.17132794043753463,0.23914764767220653,0.8453376137211833,1.7222964335746493,1.1732740091789975,6.787986090000874,52.86485797948093,774.9068984962296,6149.948863371967,52371.61067143076,76746.39303137483,76003.90336801013,68606.19772219294
0.35008494842815685,0.36773340914756214,6.886295387780328,0.19837994618552357,0.24433412972296203,0.38542612604260906,0.8691881948934246,1.572913046519229,0.997145753818116,19.276962072215046,152.20473394916007,2234.949301961773,18041.021298572763,138699.53312317832,190021.29465602097,189064.76771322984,174730.0919349036
0.14846192717029646,0.3933151576170499,5.2804364187820045,0.053932190797965046,0.18620930824447718,0.39273753865172956,0.9495692404666222,1.5577286116062203,1.1792360215961142,12.985166539290747,105.00729082902075,1526.0735359965327,12079.29627059849,75256.74858040587,98753.09096562258,96551.40234595067,87077.30757929919
0.4425835283001861,0.27514556292061243,7.550841041046992,0.18749816639228312,0.19190983581446297,0.2601262497559494,0.9038499242668095,1.6472825194073235,1.1882465601217862,17.79605943062948,142.50750715933762,2071.1951713007506,16648.730000864143,157783.81538498183,236350.45838186366,236668.7615609209,216661.005480852
0.16763683874419832,0.2794694934583819,2.415731305933195,0.15671485916185343,0.22223524313252246,0.2979628320266493,0.9519380831444191,1.7587999446006561,0.8415070456568877,3.9570888125563752,37.11087283714944,518.1679909339507,4194.107900252956,44752.67335665873,73254.29012050657,74787.8275409879,69780.3799071214
0.30839229515967415,0.3489880687086604,6.155496277243868,0.0691515730406164,0.21796770424837447,0.24545043617218834,0.8687883099423409,1.4873534149753498,0.8265397606055757,8.760478341140203,81.33543635210265,1181.21141613952,9374.05781547583,103017.66176527935,177115.22689493932,182624.03157389275,170149.83007625715
0.37747013163609466,0.28936180800311323,9.432309396991675,0.1959290484467412,0.2049644415152006,0.20223204775587655,0.8525067987423163,1.620233143512042,1.1076969870581665,9.486176713471252,89.55967193593305,1278.0082181211403,10272.343608600184,114643.52858973196,193987.7570377444,198626.29417541655,184797.54903773346
0.16140683926667163,0.2035553238424748,6.935264382523433,0.19646953218555185,0.20085591776091163,0.2176895299799847,0.9045927607041653,1.7554693897034421,1.1524734540112564,2.8104395583143784,30.53817829343665,413.56197572669964,3328.9729002243052,39859.334285028766,72363.14704367216,74833.64655324619,69912.9942472922
0.42931161844912913,0.3767457036951797,3.5035625397629215,0.1428862522645717,0.16754024732544534,0.3047401909672586,0.8939889202135983,1.7033197077207953,0.859641422424503,15.432125592212268,128.46618408098803,1856.613791441598,14859.884650464592,143864.15092329393,221689.45845106107,223151.98469070654,204439.57873946652
0.17649415026833695,0.22334424697149657,8.310548817590476,0.15089749520205462,0.21601554099456,0.24249133234970133,0.9052142489404104,1.4447544239451098,1.1292107280376888,5.116623071034842,45.82783450310774,662.4918011309093,5313.446729417529,57399.188464821134,94402.61443501427,96682.7036506923,90553.58324677883
0.25956502971465123,0.3690894930404444,9.33721630267109,0.1260662277616616,0.24060509661466187,0.2814590091551643,0.9536538533787172,1.7590430882154813,0.8709319960851213,7.932569468759754,70.13509658062038,986.5856626953669,7956.19245096628,83782.56399722892,134122.34698723207,134519.31326465626,121461.24391346589
0.10673774819043387,0.29093573691489205,8.45986094016989,0.06893266063818405,0.18313998724222552,0.2963519079031735,0.8408806365321123,1.6527870534634685,1.1590178894697027,5.1301267848794865,40.8973132486471,602.3324489432687,4783.965372775951,43434.13938861545,65539.98982562286,65524.20187241747,59684.326118379104
0.20950993218050012,0.3212580422060952,8.185654507194153,0.1370891811207604,0.18111198087290092,0.2960667563003238,0.8890300965545466,1.4727470029731995,0.84652779001033,5.048931668333472,48.54308045364192,691.572009058228,5557.7361118409835,63004.0387350919,107974.76027964945,111347.68168678094,104764.39190718054
0.36362536595185435,0.360782094904336,3.4276773722749074,0.09046962525354657,0.17299712958566751,0.38067462327970314,0.89383301933912,1.5522222611786631,1.0332540492140445,25.015945222248156,196.12957966484055,2864.317568800244,22745.613567400836,163939.28001799577,224543.53227225793,221795.66205186342,202118.55687033132
0.4086882580485567,0.29205257978847415,8.231496223318828,0.1531958295068735,0.15437515998238183,0.39398241515322974,0.969787500354991,1.5645840612826327,0.8872742034920235,11.059361736396516,100.3595811302848,1426.4375771944262,11570.201541444363,124125.5259225322,199434.55228587525,202881.9735918541,188840.32566224283
0.37632796768665744,0.3283072326210623,5.594083273954606,0.19873137097842525,0.1543005339200413,0.2305431783895933,0.9386400077420383,1.723743302498292,0.866746897657204,4.931396670859724,62.31799217627527,829.8088199407277,6634.957783815073,83043.25065128334,160158.4051888161,167603.31109913034,157917.1022902551
0.30059429952137506,0.24041828794941006,4.1011159966513535,0.08920609274230466,0.24503941863557355,0.25176154041518695,0.9315573557858478,1.4182670667549957,0.8483339262460323,6.98764915402783,68.1902827675882,970.9999493360565,7700.03863631395,88724.94669107857,157657.51205007514,163804.66032410297,154064.68678359903
0.3083030496482686,0.2533411860410347,4.816224342348183,0.06525162014796806,0.15070385633125064,0.34356102163222824,0.9497791920521204,1.6021456886150418,1.0565440445921175,13.42054479564067,108.01463218512032,1580.7603139549828,12513.385145521317,118227.72211705564,181494.12110516574,181818.012809976,164949.4533440714
0.15861334281263503,0.368710242115271,5.88344870220316,0.13018963467051364,0.17225913516053667,0.29369071550850345,0.9590420417669291,1.6273644885100202,0.8795223295173082,5.302938395144822,45.270722406873915,650.432086807441,5216.746071618904,53168.55583265878,83843.8692108705,84492.45060776822,77150.42918813757
0.3997763234538376,0.2562218355201207,6.340586371612128,0.14493787610632433,0.20107110657927843,0.3373525726596036,0.9286519851613627,1.5928428883965635,1.0133581351322063,14.854840653738883,121.02748194459241,1754.109100529,14132.174184689056,137068.01875630906,207861.72209545522,209270.1691007238,193005.4641320404
0.20264573544819273,0.39836868672044023,4.916835698569343,0.10659641417769178,0.21671394461516702,0.22460947420884783,0.978638965347276,1.4020757061119198,0.8615394458415041,7.34800461787309,62.085182581954925,909.2337248757049,7215.167608648744,72745.72770239502,115445.69187393501,117414.08408127335,108822.01135482966
0.3144294239484352,0.3645790521530464,4.4629734734988284,0.10377948711071153,0.2214038306557763,0.20202325768604168,0.8526502558725669,1.548437282484455,0.9385518769882166,11.006224670006237,94.61120052870746,1386.981856043068,11003.670661461018,111530.4206288634,180272.22381903252,183496.70899427758,169770.91676103504
0.2194968775660151,0.22609911374800198,6.415991760995817,0.07947799834903493,0.21407987889032276,0.24948274344170565,0.9366782823481675,1.686852532816762,0.8419538079091552,2.649727528195231,35.1359780411613,472.1046132763607,3699.847053570091,48551.27270834391,104104.86904719257,110462.95427797039,102499.01596164776
0.37786382313300715,0.31057518532672235,8.882118077204618,0.1850655360680452,0.18448154027971853,0.3270726105436259,0.899677741163855,1.629341070148326,1.0036465099574945,13.17579788567476,110.20529016602349,1592.4232018635075,12885.404656855992,126830.87482372098,192969.32742255644,194418.10560010906,179774.35086582805
0.13985921764691397,0.22127296026022636,9.271006855172974,0.17705115217279765,0.21251916579610197,0.22970198240787218,0.8443993364103943,1.5375454297464322,0.9748838563477699,1.9080303091428081,23.13486749835655,316.04890202923065,2522.8867998485875,32371.761476811207,63709.11319303189,67203.46985893125,64367.78534027756
0.25229702857676317,0.27887842267598356,8.868229980303832,0.18271074281392324,0.23735525597886417,0.39203901619377274,0.9878189312554515,1.4602852909360782,1.1079732620474156,13.269676592647814,105.44411101307942,1549.0309416978887,12473.258229846244,100133.17204636449,137363.559465967,136554.39225005684,125919.31257353221
0.12465457682667128,0.3963084699710758,3.1499739960992836,0.12547357274002552,0.17925400039956718,0.32073651445781576,0.8563453736302535,1.7184560814395942,0.8597908947856642,5.526952910012218,43.835225711392454,640.4552477342904,5109.505736931407,45625.88573117181,67710.62737749508,67635.3422233828,61656.44903133922
0.18651998226654928,0.38342945416798724,8.583603436991744,0.08807981628720338,0.22927660422664448,0.32199056314833424,0.9789317321773748,1.4068687741607868,0.9052986886006202,9.123730627224875,72.42065815298132,1074.407170503973,8541.385501355804,76247.35166752111,112094.62322820879,112418.73329574712,103476.8243902512
0.2188617835987511,0.3310434076027182,9.90512200562552,0.134582850475727,0.17987914839953734,0.2766514748945002,0.895166693324909,1.6386719095326132,0.8338779920692039,4.115328882317348,42.950675900653366,594.0216964261411,4758.253257753175,57833.453417253826,107039.95959554423,111008.8750944518,103444.34076687589
0.3541523683787262,0.23517963449063273,1.1848253095249075,0.1338081836103809,0.20814620584445342,0.2679509667102899,0.9636635982883652,1.538731761081868,0.9006137181481616,9.535906670965582,86.01387817210956,1232.96094620028,9853.945051620069,103199.72757219049,169715.98238315468,174134.30170054652,163224.85892587286
0.14851399226149242,0.28255724314713576,5.7187870485071075,0.13889518523472177,0.2097919441210429,0.3780449324506357,0.8999293015784713,1.6826125426029144,1.1127462304758122,8.584279048758722,65.62841288286268,964.111843444325,7734.455417370386,60583.11617377449,83365.76610992843,82112.95456496617,74335.8576744949
0.4634307464813848,0.2076458009034828,1.375713110699943,0.06194100804556093,0.23668830302402044,0.25015659633984777,0.9170803177956083,1.5887664906974532,0.9835218989469783,16.492201116413185,138.80069388517222,2025.483544930281,15939.327630311383,159332.92274997407,259985.55406639335,264450.0116261109,242613.44306721305
0.28859698267366785,0.20737827836670986,6.728885608147264,0.16041953952407068,0.18274416549834638,0.336606172273749,0.8488289782236176,1.7075216038762913,0.8879987006353637,3.522745601146935,45.484862320691306,608.4247898922085,4915.52524065922,61820.364675303936,118520.7812549174,124536.11544301703,119227.58389622986
0.43647218188011216,0.28148856454612214,4.640996606091079,0.09384577780115409,0.23454836069941148,0.30660216012026587,0.9606465319288655,1.7061104473247055,1.1015421804804484,24.895606518308764,191.4474099999605,2783.9399361453234,22182.592617728187,181103.4128098112,254387.16612515217,249225.60762313358,222583.3715778035
0.4558990014360086,0.32684064077739206,2.887486595218915,0.11574568824519685,0.18579362425429366,0.3785076144823401,0.8466461784506303,1.6567072031829577,1.0922870821210955,31.363995789861548,246.37001780920596,3584.518039381026,28516.132696605604,200529.07262540702,271996.18232231715,267562.6472592651,242917.5027057911
0.24616936785393018,0.2985042202285903,7.219481281267046,0.09462087368627681,0.2445487731204248,0.301251597005087,0.9253639812632666,1.4435709550490814,0.8873330275313659,8.81571401045045,74.27073344894532,1086.0009596457787,8660.820368670342,87709.30625167787,138670.3859816177,140925.26445041603,130870.9978578006
0.1319759592142143,0.29435700123772596,4.808881422330936,0.10527985093621531,0.20226383066161752,0.3157813395380372,0.9790046948467834,1.6807116044656476,1.0276012970259305,6.366839214395132,49.89232887633915,725.2807100982451,5781.735574553914,51009.72988770945,74028.44184192152,73112.66530252858,65613.29865131796
0.2221943166073843,0.38675977629423064,3.2602533804522222,0.07185332510474164,0.16860800040760804,0.29988652958283474,0.8990248463800111,1.5770062386578556,1.127192432590539,15.96411579086943,125.12037785373492,1823.7381948272562,14436.386803642268,103401.52238881621,142288.69252505415,140441.78093541242,127466.29519642991
0.13513565264854643,0.250099626626063,4.653353284003859,0.1707210236323568,0.19842123557503552,0.20200832013509165,0.9385697833961565,1.4277324305600916,0.9007655204692464,1.9527489196585885,22.868994335504773,313.3980082922874,2484.575842821258,31526.621895126267,61635.17814388444,65093.302418595355,62357.71343747103
0.4738814093776912,0.36042751399773054,3.9768106979599422,0.14745456059079218,0.23618907590275243,0.32335277492187386,0.9703398855644816,1.4032411616860903,1.1228955874257045,33.51555964392041,273.6749600619365,3991.2863357171777,31779.343070031497,215590.3898434356,287058.7055270277,283721.419194946,260593.10982825706
0.39618554802826256,0.34178729369150784,9.35747309039785,0.177207942905814,0.1574495253808129,0.2869191710602141,0.8517494569061294,1.4991483129948366,0.9719764210814145,12.036712548039153,106.30355143977266,1546.90424703419,12431.381595515331,130823.66836163671,211245.33642832018,215794.94707917736,202204.11181247252
0.410636919435293,0.33078403291766334,6.646741443951537,0.08115797023386445,0.20436975066785817,0.3590616704569576,0.9018859495177615,1.517368301293281,0.8914190668771932,18.22530797682473,147.16613701003263,2180.881999823356,17323.88313861001,159925.82439153848,240737.68764952247,241978.8145375297,222516.89453665557
0.4008713496793629,0.30571975675587254,3.345282579701287,0.05848965468955726,0.21677271782912721,0.38497401144106447,0.8981795116459798,1.6814397786736182,1.1947382155290236,33.65885954983978,268.31741859212207,3888.578720467994,30785.31761845816,196120.29821322166,258510.92515358067,251426.3558654022,225173.0750584749
0.18383403066759463,0.35456551128052954,8.605762093753361,0.05098365054499522,0.18373351060233373,0.3047046667997505,0.9764225112720857,1.5476477376554445,0.8890463256895799,6.492638652296165,56.800275884446116,819.1614515134629,6525.613336785654,67441.50438909663,109409.91238768051,110863.08371602705,101085.1121566594
0.4416778270448033,0.32122187523827317,9.646945719011129,0.16443609941169623,0.18345130004347737,0.3142446102776128,0.8552618594761273,1.4336197392487082,0.9889419086155937,15.817180837441136,133.97033243140933,1978.85221314132,15853.47314084133,156564.81847917885,243026.62294098703,247243.07107485356,232092.3128616185
0.3830140223329822,0.27243020702228693,5.984311544690121,0.18506260484229015,0.2212834120914869,0.23169629415459156,0.9560947858855726,1.5089022708794855,0.8610733089156214,5.345590101366801,65.88310886990016,889.3102451916942,7161.492215318885,89256.57267518192,167103.0434383705,174862.34794862682,166903.4346350034
0.32028973945338757,0.2518236018928855,5.236388322222001,0.08185561182184023,0.20110602066894895,0.3255063648224993,0.9421224793842803,1.436353358329863,1.1859562961752883,18.74309077996096,146.926283706105,2170.6770141862917,17201.313454414554,139058.7563629294,198086.00994315642,197757.47403367978,181753.84982951905
0.4913628488556252,0.2178345994404553,2.8892621685244437,0.1755260849450589,0.23490371073053037,0.31559308163808175,0.9290308962594491,1.7685433359728648,0.8697510208701232,7.3869934714599985,84.60863865669258,1131.1140809313792,9255.902819739376,107961.3285491967,188619.88821334165,195500.02367902556,186240.35018500674
0.457819603850549,0.3461319749895868,4.256173480474916,0.08218660703911343,0.2061814338395161,0.2724998656697658,0.9873447347585269,1.6478170924319528,0.8413879780518869,15.265245392311586,131.42903738171898,1886.459712889176,14990.491520667734,154939.5698276544,250573.51748825397,252352.79175671292,228260.5979887025
0.3660043415178207,0.23355364068221626,7.023386553454636,0.07353841953705892,0.19968264298047128,0.3319964104115972,0.853148007599122,1.6161615426038984,0.8944936060040168,9.000930048400742,87.03636555926191,1244.3950042462352,9902.057831695285,112396.86374689214,197324.0058897939,203060.8669165369,187971.67821829917
0.4770406604798275,0.35621283723395714,1.244253497288694,0.06528608925412624,0.1736283482171272,0.37156825819587563,0.8988539054675758,1.7346574841281228,1.086112813803129,38.85551039284151,316.15326583001837,4516.744355219434,35744.24370611289,227425.54111225327,300860.31495525304,291964.3297948159,260303.960790951
0.23596978298632237,0.38159977089098474,8.821596424945717,0.1259712008500416,0.20486863141787742,0.2572947155527008,0.8637440322506817,1.6322768150529818,1.137087482145649,12.823929663618745,98.44033868951269,1453.2869192202388,11583.312421883604,98425.90515018028,141901.90706399194,140716.13303590493,127934.67800637434
0.16153693595502655,0.2015136574457721,8.256656842431157,0.07100850196199078,0.15973213868567776,0.39075299765955734,0.8410643326487115,1.4025739220462796,1.1214767209061192,6.270591933265274,52.66572300019909,788.1735351956843,6242.015432223734,61251.32323511592,97017.6777380982,99149.83847867143,92917.8487443017
0.29645353297622024,0.2166863351503382,4.968712636772851,0.13110607087144888,0.23799968081920797,0.2829423741179881,0.8675011728276165,1.618182991643278,0.9540430252433968,7.157469353262877,66.93165114547496,956.1740471332888,7680.483466059946,85284.3205326413,144629.54640597373,148677.42792140343,139361.87512736075
0.23525486089171413,0.32500881437607554,2.027089904716605,0.1074421796486977,0.18142751320444084,0.305728370498594,0.968795570267535,1.6731085921594198,0.9853334215836977,12.468353143235529,97.27638091597983,1417.6443621680978,11250.381908076757,92872.23341620664,132444.23138897453,130745.96990017882,117536.30401125438
0.2120337813896209,0.3763931216464092,3.746159324986547,0.19487540292067196,0.22454658731860438,0.3447727226969939,0.9520774523190562,1.4481556066779053,1.0389557297938508,13.340547799951832,106.89565904754555,1566.7531369479805,12541.703998632747,89211.59254828189,119614.13006221232,118652.68762979083,109480.09996502168
0.3035620200882009,0.3610721486643119,1.5120603169272968,0.17251466933798348,0.15614904501209928,0.3360453205436178,0.8743179263314205,1.728016180479692,0.9081923722402166,13.146051782572625,105.29101992487442,1529.096976512813,12279.270604572886,105674.29885430726,153831.09284129794,154020.70931255352,141550.963997075
0.2436914738848314,0.35438831222241124,8.550375983679416,0.15780016577800965,0.1585109946075889,0.28925772158904506,0.9303755574160917,1.7061068224012805,0.9086836397830601,6.157002367230553,57.63304169681175,816.9456320370459,6581.146558723751,72764.00077898284,121545.09939391124,123515.42763991337,113277.25133233659
0.20430290601671525,0.23298981138524025,4.986932569519265,0.12093334747572451,0.2217099985117868,0.3655806176546706,0.9388068314122211,1.5622244646542656,0.8127277450863326,4.2816584035643945,42.761573435169886,599.6705557677361,4852.870142020217,55231.03711859372,94386.55567148798,97305.0880690388,91805.74251868084
0.4831633957338707,0.22564207858434915,5.8609685122142,0.09249453840658028,0.20215670178944045,0.3419467220572277,0.9290556528596186,1.6217196623614987,0.9358905499380694,13.63845771055083,123.41828503728985,1772.045460814749,14189.980461465886,152863.08643425207,252759.49856994886,257160.25376134962,236362.6682081298
0.18254172154077866,0.36180278048268655,7.958032132057639,0.1327307405567267,0.16016829512343708,0.2136489195761431,0.8661286878699745,1.702374325981711,1.0863738311188014,6.1193224007877225,52.812947145754286,759.467710544886,6070.138449389691,63102.54270742689,102523.1356946615,103381.31536629004,94092.29864799014
0.46622984987724847,0.3289301947727861,4.389286614492822,0.1619849865322871,0.16692857216711837,0.2034367603691195,0.9378946399492315,1.6518052509002492,0.8111075510665444,5.649167222007656,71.6188866701193,969.250635405573,7642.549106238528,98825.61077677317,203526.52284716678,215693.72013276847,203891.4590497085
0.19702323679885925,0.20214095807071905,8.698460725060151,0.06433338816452974,0.17191496007022272,0.37467743944692267,0.9628372731806906,1.4359781737787816,1.0877842705860183,7.232548328949495,61.57392000342821,897.9500528012869,7145.828482971087,72688.05677277764,115840.13683585793,117735.85141344772,108719.6664807688
0.3183556382617171,0.25170758201759047,4.892427792607014,0.1572479291705635,0.1832121314185929,0.3820538267406657,0.913645326799722,1.6000548736803468,0.9517966196060053,10.615047715775667,88.93495562678807,1281.820586954386,10377.887834104233,102054.3688327945,156098.13408024333,158050.75996383137,147441.68410531708
0.31597342966212716,0.21085085401486436,6.334240694032349,0.06836939399772167,0.1832502522999288,0.2179618335143209,0.9697607816914929,1.6328548151468634,1.1879962481493611,8.238483715791492,80.32876118753666,1138.1869378642884,9017.977565747584,101542.85675569976,177990.90925757313,181771.79190991598,165205.1795660245
0.46996534701580717,0.24987746288078536,4.823905401381167,0.07105762037401611,0.19614223381662518,0.30273575198345337,0.8707132421286757,1.6023558457668,1.0633384095981222,20.710849614900276,165.2860778329669,2432.7655725347577,19262.20793720307,180699.9483897915,277793.4026369205,279298.3980724293,255576.7983292954
0.40480058951632825,0.363812107248779,1.6984325257586006,0.07015130580227248,0.20981195719628365,0.33767804631894993,0.9132476238799075,1.6916333600832243,0.9202377475745274,26.068355110349,201.73455296196911,2937.6765446723048,23273.51861880051,175113.83938089866,243446.26456557226,238989.3933162531,214618.75118627874
0.4959256632589837,0.3103448841186389,1.1791611068511423,0.06327069095171306,0.2397896064132572,0.23278753339439995,0.9477425419764893,1.6513580916768043,0.8587646082893302,19.273254930195446,158.16977227355548,2306.625820704673,18121.555542917522,175279.88253147,279660.29261039017,281805.81093405135,255560.17783922414
0.16920401183181227,0.2988975062873981,9.458341122180542,0.06557735205471467,0.23431143338742338,0.3526942292965121,0.9085278895190692,1.661865207894104,0.8400999508217208,5.254571930046161,46.865921896307675,671.9169955865965,5377.006493341052,57405.560497543156,94548.70952168843,95597.61927331972,87028.30846623488
0.1902194724287309,0.22688454024919874,2.5936583524313073,0.1971199401377839,0.21750057029662967,0.2596904953983771,0.9144341895874162,1.5624090971729363,1.102593136990792,6.521821715277717,54.97451812354515,796.7805197412393,6418.164017517747,61385.47740607901,93282.14525140036,94558.31381287795,88543.78568277539
0.4696364251818351,0.3346729267019246,4.829706356663856,0.14966647627273555,0.2435303455774764,0.29658139992084376,0.8731032178601152,1.4092522323531609,0.942758551755182,21.096793024717563,170.05996295349254,2548.0542224658875,20313.577218139588,178730.55520519568,263323.3209263997,266051.10886606324,249174.30671780836
0.4678940915691967,0.273387840495828,9.152494950619728,0.07191367222382272,0.2170851992762992,0.21778799605003293,0.9700259670926096,1.5130312004447708,0.9250996556259633,8.79796388953188,98.0794494701752,1347.1383514575102,10657.252926501495,131891.07457400535,253923.5161703742,265095.14552026923,245376.61971336536
0.161031245106589,0.2144689631965806,8.157448720136781,0.09699258408472133,0.23769129554449214,0.279628454752099,0.887926574292272,1.489824581294115,1.1813218047687037,6.53279714064829,53.808857864233595,792.2967700323635,6303.766233813592,60927.171401703505,94019.6478943892,95027.05724460485,87851.25653760631
0.20164783758224095,0.33532963930363846,4.570463458943058,0.1009586424249567,0.15770751386445997,0.27168550358306787,0.8467424984248167,1.7077329440745235,0.9403313911764686,6.859356355754135,58.37692328624,844.4428729466395,6715.101738779098,68708.93286384676,111616.55968261458,112874.29234991959,103089.40240987075
0.19472038825656868,0.3060708437850921,2.3854834208381064,0.18967048798873481,0.19719501741700285,0.22935038354696177,0.9307098575347623,1.5527607459624355,1.0493560804981377,7.847084957380564,63.222338158851215,928.2280094797251,7411.790202294868,68000.54004094528,101683.04244345282,102452.81701024636,94828.63994838677
0.3412143183885643,0.33791141858254237,5.391725983510404,0.1377546003815338,0.20641351688866902,0.23425452046764106,0.9780455426225264,1.400693688776566,0.9488794572597488,12.112235931520019,102.62478535151351,1494.2303497719172,11925.330809168396,119932.89487155348,188386.82702630968,191405.56065940173,177890.15817973396
0.24766736113214116,0.253271418562253,8.734587258798042,0.13135375906670732,0.18949740020488126,0.3248221368049705,0.8620306469190225,1.547413026386754,1.1883297712428917,11.381233264373815,91.0387516293808,1349.3207819936622,10769.29191567275,96796.18854905345,143002.93972627821,143330.37247234117,132017.80450006432
0.2490640912921577,0.34574182040115087,1.7910940233202297,0.1293416366020027,0.20246725957048473,0.3806918365008394,0.9453411250909586,1.552975473056363,0.8857498707353898,13.602611269725703,107.96024836013191,1586.5316795973254,12672.793990418215,98353.65284283618,136506.2278715307,135710.24598034457,124403.37994016413
0.4611376691709874,0.24041801763072448,2.10476038838077,0.186053257533487,0.22372175503638214,0.3582214065695709,0.9759605287943756,1.573161070622587,0.8540956225936702,10.409243697815498,99.00163389731476,1379.6490235506233,11366.459537263718,120060.92041753381,190418.30231332115,195197.2419696562,185975.70746378647
0.11022845512269114,0.28481787242345813,5.896351004034307,0.12191786396513131,0.19216687899529883,0.2871942764051177,0.9562248429305421,1.4912232889138772,0.8078392871234732,2.1023413960321204,22.31449891176681,310.2017096559488,2483.805058985102,29670.151201461445,53633.84542473115,55708.64862181807,52402.0267139111
0.49948389770927404,0.3626385070620703,3.1696757929380768,0.06894395324778656,0.15605788583444283,0.3314413053807818,0.9056581757990579,1.7268974908121781,0.8537391521102999,20.778864798917265,169.5931942487681,2453.363032477124,19434.178607669102,184192.48741897003,285414.2504103472,285046.865734992,257062.46445222324
0.29165428849853114,0.3415667749354333,9.674072222121747,0.19711836094573254,0.21923264896096512,0.2640604904002879,0.8769767244162598,1.4394505375437003,1.0549367891080337,11.439324778709011,95.78144019518598,1422.9132646651603,11380.583715085619,107181.0414605044,161131.90746552206,162946.80738670615,152349.37241090435
0.28507690083358195,0.2090500510312587,2.0729220030102065,0.1281225525860743,0.16794086588069662,0.20606733059914503,0.9439945423515824,1.5272452118064899,1.0555038683758515,6.268717516006772,61.881197193724,878.0426311756995,6944.753923554416,79575.49674052262,142913.0449462255,148397.9680799146,138638.39367875943
0.4336981344195673,0.3664697568331543,7.534547016744086,0.1750143141796583,0.21109453064102257,0.31566886851730547,0.8655872250558574,1.613114243574935,0.8738390004882624,14.53880617938968,122.94730740991247,1778.6000855386162,14385.477243537964,143002.19893512773,220342.4196729649,223019.83717238624,207654.2653334326
0.34575417268748154,0.2747467161954849,5.802502167506918,0.12062849365359489,0.1884147165983526,0.344615634562087,0.8981219838522815,1.431117178205982,0.8120068744652843,8.51844582121156,80.38992313241731,1154.272683216301,9265.415767074852,103384.68405389275,175136.29798810603,180813.3223320692,171121.0532962484
0.34808880310752754,0.3510987480394938,2.0617845086394793,0.14866670789912736,0.177309164248544,0.27516154955949673,0.9500881278748727,1.72514877218806,0.9513761271286547,15.214917492581634,120.59462324715628,1744.4512126787156,13925.195487509749,123835.68185224955,182214.50797589554,181374.0165634845,164106.56921059714
0.46304700631404094,0.3711101608900527,7.701426019111424,0.159730192911115,0.15934912329047995,0.3039824238899288,0.8696301850741794,1.5150453691632253,0.9845129713750833,18.51498548263762,153.3356654055926,2263.3998302355276,18086.501755755482,170863.82917601365,258764.43966504806,261116.3207614845,242085.3885060653
0.34763744396759766,0.3192891559350309,3.779921728422745,0.15938236193573788,0.15795237262103773,0.32066563618180943,0.8453222990083528,1.5380871304886885,1.0011913073706618,14.820769209096596,121.15588808194121,1790.97295284662,14307.876989603692,128062.38213418993,190563.07916749056,192234.69032537006,178702.64160183835
0.15123496963040864,0.28118158993991377,7.023864606680716,0.1308442346365835,0.16693607849957545,0.29031231234822613,0.9090427059207179,1.412164011558528,1.1118274497167948,6.325410670656889,52.08283421311262,772.6706315689643,6134.535295440628,57680.67334437492,87630.55627479307,88659.92863146529,82471.23370388751
0.2000503653124579,0.24140069410388723,3.8491425771887267,0.0588771959700987,0.22054280848654234,0.38981242447552916,0.9434231023171041,1.707204924311258,0.8634819737503296,7.4244698746758,61.891530007273246,889.6795218626021,7079.541752481218,69997.08501742943,110180.2282066033,110402.33387129432,99644.64510422507
0.3232235237910559,0.3594665615643758,3.986049289393824,0.17858451221762256,0.15911968712477823,0.3770177737560141,0.9245312189055341,1.7371753890851007,0.9352214096195581,14.41816316998064,113.53215606784555,1636.8531600398746,13221.470132066583,114408.0957434077,163389.29399797844,162552.2572536254,148294.0863771708
0.3202737550146092,0.3218298852781913,8.262782802353755,0.12569488522097028,0.2428721561644112,0.2879372440191502,0.8938284505113867,1.7520911863393032,1.1939454940052592,19.259576851468854,146.45902098243852,2135.4127698158823,17078.37228176582,136050.64260325563,188533.92375671375,184221.99195604082,164816.01357486367
0.303735905053848,0.21815419709071304,7.236604989532576,0.05055663268514444,0.1969791241551389,0.300415346251678,0.9373864243937148,1.5186558367871579,0.9948898629754871,8.546420663556507,80.03920595917673,1149.2141508215514,9129.185685964314,101381.04957484874,175050.4869006476,179910.68775787306,165909.87872582197
0.1223136939104712,0.2986395786733264,1.0660970521609636,0.16069972556588819,0.18683156493135833,0.2493834664526022,0.8677435903340593,1.4415164655122708,1.0034743020739785,5.220068357739856,42.8254188507743,638.6158075845277,5067.456832450433,44545.252981146295,66872.08365156454,67852.28733924423,63607.95459805558
0.12179990646421968,0.20226934731786472,9.039948493879914,0.16469161042270647,0.15472330749262495,0.35496253062419525,0.9254639443774412,1.419379409370834,0.953621198721195,2.044274202107311,22.55260790880953,309.47797071955574,2498.168666660763,30657.54293109915,55906.90926675918,58381.24082166756,55925.296802630546
0.25316000402787464,0.2684432180300304,3.309348006166626,0.09762887286029236,0.2382799515843088,0.2938364096125231,0.9079382746052116,1.6820834553496409,1.1724326741761517,15.950811868183651,122.33500156453104,1792.5122471070374,14238.553563410553,108865.05218582008,150584.46879291712,147776.23974790188,132939.62162725136
0.44000097396702254,0.2003154911796874,1.9763646536552646,0.19768159142164166,0.20508251909915126,0.3177731114847077,0.9410828235408207,1.7258498108556866,0.9534667181658596,7.365174836564076,80.52327877616167,1093.4816410167439,8977.79270178486,100978.89675676145,170281.12433875882,175844.16134205562,167607.68434774832
0.20396172574535482,0.26263689702402043,4.54620644730206,0.11376867459384905,0.18695318531492292,0.26176064332043103,0.8646309751561955,1.7611645903650386,1.0675796546645893,7.148588578024285,60.30077023306527,868.2285763854948,6924.154017290409,69422.83606786559,110342.90396615864,110895.56034228223,100664.08115640892
0.18662612097772927,0.23111730697709665,2.4814399964810088,0.05758942765816822,0.22394051393895897,0.39086061525592747,0.933506068305819,1.714380992733123,0.9816044581297113,9.999938917558215,77.2943352346271,1125.4118861364195,8917.349215412978,75000.07789181282,108548.93494249973,107109.23686890912,96056.07992909166
0.30597815880138823,0.21015629708758177,2.3873187561396563,0.0799860093217464,0.20862107298125016,0.31535375458704573,0.9527262183753412,1.537019963253354,1.160140494313958,16.848280363447238,130.32357695963955,1926.1827420890695,15244.411953038034,125794.56146751523,180933.0649154671,180080.942882448,164055.04259988686
0.40633290296301083,0.29220877812624657,4.220976010239773,0.12516001568283686,0.17902012514897792,0.27042613139932564,0.8872331434119334,1.4910675399228,0.9410309780593646,13.165573426702375,114.35084620339418,1664.5515300319937,13272.429742880322,136372.67476189786,219922.84428218423,224575.9080406127,209425.61530240183
0.2232620510900219,0.39251830925064735,9.051263925715535,0.08059526272357,0.20015131143216738,0.23447403128803668,0.9584280162826743,1.4236454930809042,1.1882144034951831,12.9548988433856,101.87580157737415,1507.7077593592485,11949.877228473639,99175.49168017495,143072.5702652166,143252.24559465083,131585.21198129613
0.4269690707392855,0.36797250989244157,3.7415203410778397,0.09424065480847421,0.17495544740323496,0.3662431425489009,0.9079625567167409,1.762012582461638,1.0236672502552029,27.974985050233265,216.40375421735243,3132.1636343982404,24924.753632324613,186065.09370080975,254113.67000704224,247502.24215318757,220647.4061618835
0.14127981928273858,0.2309339316711969,5.450212993663092,0.19813321676682438,0.19591502507901898,0.3849438381267836,0.9022158125738676,1.715430967587026,0.9302608279390592,2.8974564820020126,29.031626326230235,401.00290497519325,3310.981217506646,36142.07329540616,58598.81292924645,60052.01732840126,56975.82518844714
0.18991646012587432,0.2573135447853292,5.083340159793985,0.11967414534593025,0.21299406404381283,0.24657458894494758,0.9607809830333407,1.5504221012742412,0.9142502478766755,4.1932262963864195,42.00044550526885,589.9238710507699,4712.649419624773,54292.990666937745,95273.3997843399,98164.77420359883,91222.53011158873
0.44511305271976453,0.2026732288853382,6.250776537318135,0.13254103393903527,0.23462924075200606,0.39943483915171246,0.9828623612311027,1.481593087503921,1.0369353728607935,17.21861386265485,141.52422182936152,2060.9801885233637,16654.933973339008,155964.72620386054,230299.75942061248,231730.80201427196,215109.98566561672
0.3831392753830546,0.29526724585962727,6.652219981725052,0.09195468143062442,0.1567745947553765,0.22125179259109795,0.9731911981610913,1.7105743684142307,1.1970072192629706,14.219449204422222,120.49564694630101,1725.9006919486023,13743.243805189239,138816.21226225744,221125.3306389268,220781.4847559884,197781.1731905577
0.20534912787691015,0.32145333591075376,7.1023619885493,0.18376692437956188,0.1553812543463258,0.2849725932486366,0.8508718244591474,1.687202667843839,0.8343837723430589,3.335969139052255,36.61272207031661,498.83797090065644,4015.0508126897157,49024.02015985764,91046.76263528079,94988.56035767679,90080.92584645028
0.3370061363384823,0.28928263677689386,7.8967100712084335,0.09713368786915437,0.1818402219148812,0.2588728149820662,0.8534789176345406,1.7358854579177891,0.8971410966930545,6.593938451656315,69.46320942306755,971.3960246556999,7707.784720064655,92528.15580734341,173285.26942689373,179270.14574707043,164916.03403682532
0.22041536050047786,0.39427733999360187,4.701969618546321,0.11491210154156106,0.20520238802921054,0.3547053092973135,0.8585363658924541,1.4047810056925725,1.077518390661142,15.19335423189982,123.66361628073669,1811.2337847676924,14386.77110420984,100808.26142289511,138854.59655103774,138489.5307146857,128509.34669607323
0.45020872440234594,0.24801705674575,9.931059060044133,0.08849929303187004,0.19417113297855457,0.2014078911794822,0.9198027245274618,1.7402920363480077,0.8239734661922851,2.5052794900732307,50.408647804296045,657.5752545436567,5018.216245684669,72168.91954293332,194481.63439955487,215985.82212579955,203249.14282920212
0.11317606156447871,0.3404690185452027,2.8152819276798264,0.15367010662969696,0.152121389247673,0.34654178867114965,0.9745183026982427,1.6012483986100208,1.0433341342261249,6.450284774633575,50.01256234316285,732.3612701403846,5847.7469132525675,45615.09339546738,62914.74700310584,62130.70219133817,56316.3494689464
0.26102242340025816,0.27551169276855925,8.72944691541683,0.1684378000593131,0.1653961809627883,0.31415218157819286,0.8616543675568441,1.7176173418766936,0.9322869524121647,5.236075880494138,53.42671608710013,742.3279657688466,5999.348149784961,69645.74811542976,121829.37059047217,125467.1430938077,117440.30905190791
0.47111579262620595,0.3911429145002912,8.652905147910328,0.06388284104834957,0.1669712789337485,0.37090005665681447,0.9318594222690557,1.76326560826863,0.9403103308382854,23.636874940765168,184.1900308443168,2665.1105048372406,21260.734746026657,190923.7705864981,281995.23321213835,277486.74245141086,247234.39671159376
0.15551832871122073,0.21482817997839868,2.648162308411217,0.19772715434652954,0.22024599189153526,0.3675674041688551,0.8653176800627151,1.5908953427344799,1.0533408188382736,5.58331535850444,46.3764131965775,677.5283396103156,5512.2537122790745,50075.589933345225,73751.15017098944,74696.62181465437,70506.46228354817
0.4399825506873627,0.37238660309168936,8.360722425386262,0.1804351508758794,0.23406782066549378,0.37899555615697356,0.8466570049862233,1.7633430091357853,1.0419477024420265,25.470985843587044,196.44251019988178,2858.061806103396,23051.97275160613,176959.18052456435,240949.42489070116,237110.9868139731,214845.83058553064
0.4968057828287591,0.2222017018795117,6.879533984054435,0.06086002124656652,0.2140501891107074,0.26974971295447986,0.8574264586107689,1.4371288616846472,0.8295857196106164,8.739635105518817,94.70910695980594,1331.3005894281762,10436.149885415114,132061.2149464052,265175.756577913,281560.76650677214,266787.92942004354
0.2638522336330691,0.2592686987822454,3.8469954752076094,0.19120320451596945,0.18033866781130803,0.23655561734603517,0.9748946497303895,1.517766647248957,1.1016859487678148,8.71483523117293,73.51958145428358,1064.1453220934,8544.718332033986,85834.79219437852,133864.02527468323,135724.28737227654,126041.8330918424
0.380892516034938,0.39983296004554414,1.5508332796321702,0.18008356645889345,0.17746819676392595,0.3927939076064191,0.9696782114927349,1.6075827357360433,0.8401708182122982,18.51192095559592,147.5825720504295,2152.2885753682917,17366.848393439526,138188.66955775468,191339.522674396,190633.4031409928,175679.83918725303
0.14257368589478042,0.23103244453750893,2.724287983247461,0.1732857787779946,0.23612697731030305,0.324021710738068,0.9710485096565489,1.714551878662693,0.9577982640561818,4.10126656927372,35.676540390437225,500.8087959075848,4090.47275226535,40871.002442955156,62910.88267641148,63711.31426822003,59448.28760315165
0.13016477649655897,0.30082634672921804,2.093035386500838,0.052305851440811804,0.2498522661865318,0.33123473033267375,0.8901693118137094,1.4030364938450597,0.9744566907890677,8.207112607641028,65.57512180311616,968.5736390112327,7652.9192969383,58087.77005048459,82854.02036420509,83190.8040491827,77122.52924206707
0.29217452267582766,0.31219985211440915,4.110662690470639,0.08453612399524045,0.20248503668252982,0.21099833281243008,0.9722751780604051,1.573837808707028,0.8916335813014954,7.237723901763789,70.48913713022124,998.832122080728,7896.946808664111,89542.32729524646,158048.87877276828,162343.9303238999,148887.2839422762
0.4768273514300727,0.33578894722137015,6.2646434398562265,0.13340636654038956,0.21467452467907733,0.3805649860164838,0.9760497695281871,1.6037750749798154,1.0462545256066522,29.872197262316945,229.0487102405735,3346.1140618216514,26786.416403857293,202538.65445823688,273332.76619083295,268153.55629915715,241926.98681290302
0.1781289722767189,0.237720066570691,9.885292360462639,0.17881526399261277,0.2243031331335083,0.20184090686142145,0.9796590955553545,1.6971479821969153,1.0540289910357288,2.3981503537614666,30.75228136973454,407.57364645627376,3269.7900751741217,41422.595566091775,80209.25617701214,83482.40366268152,77645.84128853846
0.15435868808485478,0.22482417061218737,3.485542434701369,0.16051733721760114,0.1667507685898859,0.35362689230617195,0.9477633994316752,1.5690995123087748,1.0916443839033532,6.178976225920897,49.535716358251484,723.8338147703499,5821.558472189012,53424.73074474982,78983.6225686545,79428.98682705486,73478.36256446075
0.12022008273265983,0.3834042647975728,6.415779472391888,0.10415414054954186,0.24178382429727846,0.2241317863691124,0.8848556590021374,1.7609592171840154,1.175488713450836,7.256377999336935,55.54770846183871,810.6480215958138,6457.162145012937,51973.907229167504,73179.73588644316,71582.49109464264,63955.21776569945
0.44410895667907646,0.3444449180956499,5.0015070426905694,0.14611411976559854,0.24251162939607368,0.3564833360864066,0.8501294339634893,1.4463365011897433,1.1404926046970112,30.154286103815416,247.53220978809483,3627.0643580616415,28899.425353019295,199049.63837906232,270828.05996911484,269345.3978368471,249465.6715220693
0.4756598978280814,0.3041853545073372,8.349936474063089,0.19925881114961397,0.17803495878754913,0.2723509586728631,0.9420026878149138,1.643615619086678,0.9616757632363426,10.694361371447298,103.93382338837704,1456.9306321065717,11823.929277021902,133160.27494676298,223356.60413767223,228421.590297786,213037.6340617903
0.47223638840768745,0.3661074013390641,4.864748394949503,0.17283299466067026,0.24932568099237348,0.36519461172118867,0.9817357033658425,1.4440332348246077,0.9415539892407274,26.066645838244057,209.21132334564658,3062.343460908896,24601.234109444948,189533.86671109605,258475.92766664847,257109.88707795952,237512.36815731294
0.17364973537153577,0.29352190586662885,6.2791921747746375,0.15907009417451703,0.1855126696055095,0.3205251764543359,0.9741265005894456,1.7330008515616584,0.9666736744964919,5.462767725007324,47.32580370038442,666.1771208844168,5400.393983393974,54760.537060263894,84979.539462594,85363.82685891824,77858.25675350334
0.23971443119701866,0.3560503361255862,6.467381799702833,0.1619143192259174,0.1511302751488152,0.24364928644676934,0.8691601215393048,1.6370787190182412,1.1742133378433788,11.17713042435492,88.45961836330171,1302.5498614453725,10375.862491219545,93268.29096299173,138114.02565229073,137757.885055728,125623.99657008215
0.3714792298100166,0.34122446518934824,6.973092871442425,0.07032455529426868,0.24015961937182542,0.3737024615279631,0.8713024731961039,1.6084622637935642,0.9615035521672407,21.90536493468327,167.6410576736491,2472.3555149453596,19671.784565825787,159954.99191375516,227586.80590461558,225518.63271298938,205128.5388897012
0.43586565123831045,0.20077109079585614,1.1003637962185646,0.10703083237872602,0.188867855741561,0.2898190131808011,0.9596092396991662,1.4738818138300742,0.9325700984482029,12.2446836613366,108.57865655603749,1573.12888732108,12512.32584430476,131499.6285591948,218858.1309689507,225237.35687393902,211093.76923521812
0.4759948097729757,0.2278156091668554,8.041978970955846,0.17963787392756286,0.2446150507026765,0.2539279739728941,0.9865691930647138,1.5031867013381712,0.8342039093123838,4.101323599343086,63.97637593766949,819.7520544186995,6612.508500463782,89427.16089445342,185762.80914245656,197431.45928167508,190653.50936831068
0.41206122378779075,0.2898855505079908,2.6073663590969938,0.10710701885621562,0.1909545808756741,0.2904585772175825,0.9538813335203649,1.4172529616918992,0.9693997287652176,18.528918054555792,149.37784435598968,2222.7674730476197,17571.831016881493,157426.42172665766,235227.98023460762,237328.1276920667,219870.0405623644
0.4242029072385527,0.25912788323746205,9.187624380718503,0.0895525257655054,0.18042514760928327,0.379158613045941,0.9458236288234924,1.4597903515908304,1.0887276020707586,19.931542653132695,160.5945499730921,2377.2409936510016,18915.833523946552,170840.31473742565,252535.13923762448,253176.8511490805,232740.14764031884
0.2831726080668491,0.20327351343406763,3.0993401556605864,0.1693849911449925,0.22163490216086207,0.32193773652271573,0.9534400770099511,1.5233247396925444,1.1011536044541017,10.763542801920595,87.87473255641194,1285.2966305452808,10373.424737603995,95547.2196899274,141234.0619704918,142487.95752162323,132955.1438735166
0.3675847210159534,0.3006690595105722,1.7273283140634534,0.14593348301193157,0.2287424609700776,0.21955042179061118,0.9872240025326132,1.7689477345957032,1.0928296477213981,17.452743662606572,138.08782344015088,1988.8209706413033,15816.293256593757,135621.6253911994,195929.94402883033,193186.44860656274,172530.18621117907
0.3110534382676283,0.32353292175999065,2.11489589710225,0.18736579162553918,0.1558782620894382,0.3309467399293434,0.8983239043660068,1.510333133986812,1.1128876422503413,17.93736828208416,142.91266651515767,2096.2432157889966,16764.37606876757,126190.16757078408,174527.07570622978,173920.97412583436,160556.51803236452
0.34751742708575983,0.300231360769183,7.613567967921529,0.19896601727801821,0.21572819754624656,0.2833848567911593,0.8889412140096555,1.59636483384143,0.8639668004961502,6.815200172712968,68.93177291393894,958.4167657072666,7808.269969962038,90422.67230341941,155400.86494142175,160450.2420707577,152412.3294862803
0.3706183417135437,0.2056513547831074,6.413432606524426,0.08076412588305643,0.2483075905357893,0.22620744727541411,0.8703115432203352,1.584347856878221,1.0294911248189025,8.482379048632044,84.65746932850415,1201.3210907914588,9517.196028333592,110906.6569937379,200640.7470222694,207597.7781004522,192496.5321517095
0.11942952408629487,0.30850804068710497,1.0030510292081407,0.1560797369146542,0.1788116489696534,0.21206165268408672,0.898119529275649,1.5780203306098957,1.0816177124052784,5.477510119316038,43.30555945604069,638.9445879395904,5051.234417417993,44118.728526806706,65784.23194271672,66126.92469910525,60815.535349014455
0.2768690673938007,0.20402732779296615,6.739533574222234,0.1161300339711237,0.15262169326632516,0.23985133554398566,0.8868836344643006,1.4504420572077912,0.9409264649339518,3.3795893505859493,43.41281320201216,595.6153481582304,4657.620823384739,61941.5360662081,132857.79530219245,142427.11497333745,136134.40657727234
0.19270024602595806,0.22193593468422484,3.6662777469899916,0.1491448884130736,0.21817578587961922,0.2395907697467119,0.9554158731100466,1.5217576387481087,0.810153386795603,1.8765606015256724,26.946372508543757,356.8491853546399,2828.409213734563,37416.24026462735,78027.96056258815,83286.1093112972,80298.05408251764
0.21503406729142016,0.2877151000992023,8.447222735538158,0.14937982958963092,0.16057114755559745,0.23570131238511483,0.9354457312257755,1.7614762300344229,1.074446122152059,5.104856432541941,49.494912367689246,690.3908199496182,5535.999675818138,62985.542517000664,109185.83458319544,111022.50209754863,100814.5841347265
0.2501622142897999,0.35829749198234967,7.215468647663842,0.14413648376278967,0.19924691524627125,0.3325709145448137,0.8646313353423675,1.6539208784422765,1.0951367714213318,14.818909120327733,112.88191757946618,1661.7273553649932,13288.609771835223,104876.60815530948,145805.57070928937,143896.94012037638,130709.92968758581
0.31140043283536395,0.36604853200997556,7.863913758607529,0.12754532409436503,0.2422880285916553,0.35210682156556433,0.9401704145091339,1.6011159538275983,1.0596290370476464,20.374986372495776,155.78899045307466,2287.2808775938774,18252.35439026592,136415.66244698587,184261.53862500112,180738.2451138763,163315.7312179667
0.4426172354957405,0.26589627200039134,1.7471778615008962,0.14600021970517338,0.18958561973449328,0.32552222563442756,0.9448439250353705,1.6900356112394719,1.198289707518471,28.364629805440774,222.765632540629,3223.5170256342867,25712.815003238,184674.25870470025,248426.90257583826,243419.115265776,218899.5811697942
0.4611841023941964,0.32857584875423373,4.179528740794309,0.17610108893198062,0.17963160708452827,0.3752917231778279,0.8752479617313941,1.6603829605196159,1.095684556950781,27.5469153679317,214.2698833990961,3128.0546872345585,25104.739550188697,187813.91694391752,255815.3298579255,252718.71301024308,230405.98061548645
0.1611962436350518,0.3791604622928621,4.940399687896772,0.15814782116045362,0.16673764898082413,0.2956171194848595,0.95433580437504,1.5698139583035025,1.1250813094375531,9.9249795283218,76.1590265846734,1117.5874178494835,8913.969897200277,68660.60327572496,94290.69100770087,92929.6015957531,84256.29798421444
0.3883029758981885,0.297682254830573,6.216867349165699,0.12643943991426773,0.1581700927787766,0.20088073222335806,0.946807820527794,1.4059372965005599,1.0058836320680156,9.322772620055874,91.06693404189157,1287.9541067681303,10205.403939641761,118421.62178048416,211022.87508671836,218961.73003212077,205036.4178368742
0.4935535581516818,0.3729649442854853,9.426086858811695,0.12444290783885613,0.1757849207431681,0.22367858785992759,0.9483956058664791,1.7121732858368595,1.1221172096932843,19.756942352097713,162.4188994035118,2326.5793033061077,18625.790955324585,183103.26629615552,282904.15379450493,281212.52097820287,252304.65906707614
0.43707919878738133,0.31461405340833465,4.553558683960851,0.19829654761694393,0.20837876443554473,0.25961799897574395,0.9324336318920786,1.6963934854010903,1.0994410382819826,19.65388682593688,153.5043096804212,2225.6948024210415,17894.373588577753,157740.99724414878,227302.16365031028,226123.42080719187,205947.11719310924
0.2239036652739349,0.2822665127666335,2.3780331220950695,0.18455238313831018,0.21013560416181273,0.32940913550547635,0.9699022963461295,1.4011460464606624,1.0191417464519121,10.55045265954045,85.80030024744372,1267.6218149685571,10187.687904904842,83717.33945094587,118317.14702590268,118858.08380583256,111086.2586470096
0.19293319105344528,0.2094156456975184,1.4681129596897815,0.18663921517867205,0.24438874777385125,0.3882134271900965,0.9742569353322723,1.7217622471215352,0.8440828937214951,2.9351292928023636,33.87953074553288,452.2696570466792,3791.745478176957,42211.32382397834,69092.28552948133,71207.37952558784,68227.50466291762
0.4034226788305796,0.3509341180317737,3.6124664499125014,0.10560103035234901,0.1690368090717505,0.24138069080960012,0.9281157919597329,1.708201114285057,1.0692517842943945,19.516397760178627,152.0758267026906,2218.605268941419,17585.831348718137,157210.43163586088,233651.7623260652,231473.89165356202,208023.41898644037
0.16479627098542415,0.37024696229827764,8.263377586282779,0.09150908150021732,0.15557823937769266,0.22226162022678783,0.8507539603850399,1.7607480713847776,0.9728637202669899,4.163670621679397,40.601335191864806,578.2473219156133,4591.633839326542,51857.689296196935,91582.80478067885,93397.5069715795,84963.44855757979
0.38204630432145914,0.2885256734544416,2.5410070282138864,0.10189517636941925,0.2497900345723044,0.3060972628450908,0.9491793714682407,1.4114567337319985,1.0591021223159756,23.91722568712109,187.617348167861,2760.9565274202378,21908.881672953583,165327.5053803785,229945.7112896349,229104.61361382218,211140.4625525664
0.41008303640657284,0.3075726620513662,1.309104929190911,0.06922178982855128,0.241006479565232,0.3545463352201833,0.9144090985390871,1.67396926811135,0.9885185700579691,29.24262081172049,228.21758381758698,3294.8465086645697,26104.67964291792,183082.67517954067,248596.45156724364,243339.7546186718,218607.50901581353
0.3110068442681153,0.29105016808148754,8.613860891105878,0.18422890460421565,0.17912576649123496,0.20959923064715275,0.8971796207380166,1.6089388225962815,0.9552017750238881,4.815147916038883,55.45096426209414,753.3264022266628,6016.366816160049,75532.30835625135,145333.02751396253,152064.0181086647,143294.54511142033
0.13369158901001824,0.24302430886510665,8.516526872634369,0.1920843015284771,0.23561654224686154,0.39882370308724946,0.8692252929315495,1.6246761756998729,0.8406707583567498,2.279860492933042,24.670490386685977,336.0814348227111,2783.367682797305,32319.848314410538,54712.83006425092,56559.87104186637,54278.97861207863
0.49338391366345324,0.2923821168547853,6.333772133067113,0.05989583341099413,0.1941761341422098,0.32110248746569836,0.9224586599853861,1.6856930998874196,0.9209041685387804,17.7795646220327,149.72031877233513,2162.5087391092025,17231.80789826624,175878.2209193265,283280.25322306674,284829.5994676828,257676.90521744953
0.4017198520946548,0.20209480813430725,7.468397918481382,0.1448987324054548,0.1819948444368774,0.3339766393363671,0.8452790020824595,1.7545051803100273,1.0630819975584067,9.572787232688096,90.44571289340146,1285.5478056040595,10375.855745055936,114877.2506681632,193472.55605356474,197806.86532822493,183697.51439533327
0.22555642164335987,0.30202562204012756,5.684815480813621,0.06214721297795495,0.20247814693054478,0.32042287141005676,0.8762878799546895,1.4548771917518277,1.0482311288001236,12.03531999450345,95.482904548487,1421.89865903102,11257.467849593766,95914.53626859265,141532.6503803071,142487.6211368769,131778.61567465248
0.19068816714872888,0.38901017004469596,3.2810672009427537,0.0957443629888676,0.16726139474451152,0.38821253945048834,0.9555517468107084,1.4782835835693593,0.9766343567994598,13.04155275516255,102.43266829350115,1496.1502083343833,11872.245765942787,85728.19349124735,116857.75522402042,115533.8921427331,105434.6386278952
0.14612879730630401,0.2993805684713964,4.945314127697323,0.16726664300781838,0.24154531261193793,0.2320938657104641,0.8736123905303149,1.4755219938977633,1.0619001090893048,5.87576490109585,48.68490918050846,720.4107466236446,5740.963312583654,53431.123857101906,80649.76536644256,81563.61075289614,76024.35799008125
0.14836294992466828,0.38753883509736803,7.712224161762503,0.18781246875743007,0.17958386645464103,0.3630063791137782,0.98260139380147,1.4429533879737142,1.0411846942046352,8.435729900856566,66.5337402519808,975.8148742930861,7822.005582939317,61332.5168740016,84084.88552088331,83477.63947067998,76760.3682869511
0.44833599739503427,0.34157210602406973,4.6954892468386475,0.10469997904777197,0.2072035409635493,0.3849644418294673,0.9418863643065806,1.5111343697255157,1.0955686666170117,32.43315807694035,259.04274828821775,3777.255726456966,30005.701177447267,206760.65842679082,276215.2604573031,271675.1213221592,247106.38036429844
0.47226265435572656,0.3689405157688667,9.735283902264355,0.15056714582373232,0.23170180924650208,0.308169656365933,0.8694533561396092,1.41484745644784,1.13293862520623,28.187453045787418,219.62900444623685,3263.746771948966,26021.533392463854,204242.55470080115,287564.2420326744,287488.00874800846,266842.2253292769
0.18672781064473207,0.3953009131958584,9.919474854396427,0.11249109546015623,0.16722372542097527,0.2235492931951561,0.8496834298464736,1.6183138457710993,1.1969178063350876,8.974681957514798,71.14383736629378,1050.2053834635456,8348.088266223323,75970.60735286733,114257.60615023135,114276.9549276729,104312.56079776019
0.13184044695231256,0.2567646299488616,6.974557669115272,0.051039302818848525,0.16698110702194385,0.3564666309940746,0.9169325820052034,1.6314668642539913,1.149473990785761,6.857292797842343,53.6868635441082,791.5173688484456,6280.800961480509,55171.23373072932,81612.39860258903,81219.7638617345,73485.7552340524
0.3059307064392527,0.2264476309922181,9.59601016681361,0.15376772328431532,0.2499243097411345,0.36620296865698515,0.8960822559432622,1.498502537623768,0.9021626957373616,7.152887325041515,67.87691926104654,960.6561073086465,7837.848364453502,87450.93958210117,144626.6863429245,148642.160774889,141126.76896437645
0.4779156049620472,0.38906226536146293,2.012591392198206,0.07323029257784834,0.15911042745228943,0.37977881712367684,0.8830783611970344,1.4969742739364509,0.9139259792167417,30.3478719076324,240.74548562768456,3521.4683987688886,27886.34851066358,210013.12870260474,296089.3661465939,295214.29651994846,271285.4606368552
0.12496163487178347,0.2222759925567219,3.6081713545711227,0.1613260457368813,0.24690623904838538,0.3763788606259892,0.9692976219082287,1.427520898581817,0.9984504150487326,4.934918238151208,41.015899992997646,600.8935898345206,4853.783696026695,43358.56736712601,62888.39413737673,63461.34936054935,59605.753819698155
0.2814452707138025,0.2876322202940645,1.313172406051797,0.07990177635065396,0.20225230564203023,0.33431476154546713,0.9715481484544171,1.702684194258993,0.9026504695911729,13.564969693039325,106.85255456528182,1561.0072013986182,12350.538626069942,106343.11038225693,156006.4473895929,154576.32825237396,138799.87695927566
0.15560245773353398,0.3003366264278271,9.669373739766545,0.1513569771456666,0.21537845604193206,0.3128711747404095,0.9861032200214159,1.5509472314272092,1.1828515508571424,8.575025303456485,65.4439227556956,964.6763807995982,7717.2853538434765,64066.82117581395,89422.54951828787,88303.54363078493,80062.21110760228
0.3917281241075282,0.26915732660838265,4.077074692135539,0.05925374259615489,0.1789301991696745,0.35930400750038666,0.9212357563667118,1.459403011123558,0.9762772092206697,18.93307028814615,150.90201982678417,2239.2354941165095,17708.327415439697,158202.62579345529,237758.3499565509,239707.5069057977,221064.90191047516
0.2214024125511143,0.2208034805346882,2.361810723809067,0.10773613453165673,0.1944839749450574,0.30535601653311095,0.9281853761058904,1.6606248203241731,1.0234932811969382,8.246715881819304,67.73236405585807,980.8425282186,7801.124957539845,75212.48311374753,116529.61268410938,117349.41572918036,107251.97783064451
0.18574729657738245,0.2657735526442909,4.297178929126007,0.1669253793160486,0.21975417576638395,0.3336544259448989,0.9001628787500339,1.5124414410606806,1.0850047369456768,8.994241354243941,71.9455951144388,1061.8789730081385,8523.598294835261,71045.94591458756,100955.45779831476,101092.79711300663,93702.57325744025
0.2027771767973705,0.20567735341887425,6.307560288273303,0.19737981419725825,0.15053872849501806,0.27198379096950726,0.892148804022219,1.6107556354997818,0.9561982034735961,1.9928920657927893,28.755885515548922,376.0469028621974,3010.9778125360112,39665.540881452434,81252.43901349585,86354.5794005849,83245.92257693375
0.4365323117117609,0.35385961842196034,6.501815723584497,0.11751852074749355,0.19866400413016194,0.3270194588486034,0.9851005460965512,1.41999218483418,0.9675780718117809,21.88215850182254,174.21489306777787,2584.465107135132,20552.146411396636,176992.6930202617,254811.0555244942,254690.94852917222,234272.46547270656
0.27051856662220675,0.3137534367979502,4.839703905485914,0.14222384447669753,0.21147534367610057,0.259243088489328,0.949784371227374,1.638403691531964,1.1327058700866823,14.094506959622558,109.56324316157931,1608.5705091851062,12827.51882969921,108040.64793085074,153556.58191228777,151749.30434891224,137103.6791012225
0.40594555496273665,0.3528293495733529,8.259375705237298,0.05589254661994894,0.18156271504469948,0.3435476900725023,0.9289443698831493,1.6528699580674788,1.17915415751412,28.32818661683489,215.76787285517202,3152.681234428433,25041.224312597657,188926.92514446264,261070.49106764793,256179.42470156364,229932.62199299023
0.2466292000997771,0.2554447251135623,5.332080167217925,0.08330539376766198,0.16570223747666404,0.36209384965977376,0.9462758458888186,1.4371971790248068,1.0621864996046415,11.897988633380155,94.61944635048089,1404.5935288338376,11126.036062950048,99111.15288356175,146963.78958106565,147736.99282378927,136193.56425168386
0.252835339613219,0.23516218340307665,1.6356644251156476,0.1596394635174616,0.24671055087793456,0.30609855688425247,0.8569443816037511,1.4856179541705972,1.1472186861715858,13.434146192733056,109.14109140869871,1607.3207056726114,12858.191213941398,99565.75620653387,140463.824433709,140883.30111001417,131219.72489860875
0.46453447112104673,0.27500301737709604,2.628165026773012,0.05654458272995786,0.1717678367224695,0.3115080503936515,0.9734113349897295,1.6017526048209723,1.006323296608659,22.82720068416468,178.30232643987262,2620.0206228180978,20633.496275037145,184391.85225233898,277002.4308307535,276388.8273376598,249822.2601735669
0.3253349300639679,0.24445714991465714,6.030615607891641,0.05370674839493428,0.1963828940639701,0.25951417752488504,0.9326438698616074,1.6132474645144312,0.9854031826544295,8.716168485267888,82.98609995018874,1191.3556924587265,9434.091689499173,105589.78202288087,184804.8324079158,189386.3396427274,173216.21190846778
0.10290936945859533,0.3715655918876799,1.1636605036389516,0.19822112584854623,0.19255723502171482,0.3655295554687814,0.9243687393460867,1.7611435265038629,1.0399556675091188,6.7195238789521845,54.65674577828116,780.6747460796119,6272.636286051368,41731.42986662741,54561.47632254309,53423.26286912011,48179.078576676555
0.23030661639762529,0.36046663044713323,2.8632884481971312,0.15973760969986187,0.15050782099080415,0.25036718977499445,0.9667132447673481,1.5140043611686813,1.1593576237632048,13.373998872234102,104.10841625967086,1531.4572309831224,12167.61042991366,96178.08968573928,134778.32367033183,133681.28368865146,121860.8184473936
0.1739380907268162,0.2918295924214019,8.679266978024534,0.18052938712857108,0.15795874798117582,0.39978177643749124,0.9452909692407194,1.6383591363636842,0.9713541417925464,5.73723486286506,48.6298955042848,692.2461722154081,5636.28294656379,56096.17683958302,85261.0629085611,85907.62195743997,79494.25201454584
0.4629730415185265,0.2719253672497697,2.6707581951221,0.05432657392698577,0.16159127084757358,0.25589320130930193,0.8594590328633914,1.769027915909454,1.0532065422868795,18.054940881235492,150.0284558151916,2182.861051559545,17222.128165144073,168438.9065852865,271080.0196705855,272381.1596851855,246114.31642933004
0.1452108526903052,0.20431295977105438,8.919204110350751,0.08285075907362813,0.17946665888320307,0.28584659276490987,0.9514558952918376,1.7003016657527725,0.8268000170498444,1.0752355403732685,18.617866296038958,240.9114102549052,1864.5170762185405,26062.334500472156,63391.1629406093,68899.54899788831,64699.1315845516
0.11875861839219959,0.21197366401050832,4.601031878849222,0.13318489457788515,0.2496307524500437,0.31033243967922675,0.8758741833980346,1.4960403726198577,0.827516163561788,2.1104784088267214,22.213318201994383,309.6061166766938,2498.1935445937297,29808.914006888965,53656.90432633827,56009.14976177613,53677.80658977114
0.3548190947251775,0.327634124664201,8.503692672759376,0.09324474261981966,0.1763349360667663,0.28760170531136653,0.9064480747371324,1.5678990532305674,0.8392352694672154,8.23224179057126,81.876571154966,1155.3640852651067,9207.897789089002,106910.19743926181,190073.91224053502,195886.16156044666,181280.62008344388
0.33144256857862053,0.38600455808135997,6.806615968022847,0.1887371859848319,0.1872038063800328,0.26790171446910443,0.8925619368261467,1.7079529247379432,1.1760377449528452,19.321374932351283,146.94061813448678,2146.9185971790484,17199.325726155213,136704.7813797167,189162.93903063255,185891.2308308674,167641.589808736
0.16980291203386977,0.2646955547182252,6.219133529567905,0.1955544097027243,0.20689759208947744,0.29013511972675793,0.9718267308962278,1.4743110588958739,0.8114682318256448,2.0879316989702827,27.54698208677946,361.67701543148377,2950.9942691358824,37172.40818054193,69110.88976459576,72408.93028689297,69741.18605126959
0.4838358272145644,0.26803680544279324,7.40812108172449,0.0889037538420524,0.16879704792012937,0.2800642706545545,0.8900583319100838,1.5287756217808781,1.1167370981847,19.215951138279557,158.46102983860365,2324.001014896583,18450.70031125411,181708.7480809639,285462.4644264859,288827.68772486836,265923.967577292
0.46865903658044195,0.3216000708063944,9.557712696619257,0.16562184293638016,0.17939517163315322,0.3669933531703925,0.9801356899227686,1.5964610414938853,0.9668522993735972,17.87707706020039,144.78329233225818,2082.6584456579803,16856.211832641486,162444.96112981086,241981.67539165015,242304.40921222515,222155.51319921447
0.2953717550577771,0.2721903289312121,5.180814786053885,0.06854157964880815,0.20673980870679204,0.26100571084272833,0.9459471397792506,1.692041853800871,0.8560888066801411,6.309522702170661,65.00399019211117,905.8009114555294,7163.442370230609,84300.64471861595,155211.9122853346,159765.01497763858,145641.34723832653
0.24854552055026718,0.2602123469838999,7.649591256010142,0.14058468306912808,0.24561577945956653,0.21016467983635145,0.8978049417153325,1.65462112556721,1.1085885607354606,7.316954777061233,65.88605467698278,942.3702365919961,7552.658875154006,80724.2366545612,132361.21344467482,134178.96362762857,122990.12399900395
0.16928001870585108,0.3713135372482733,8.20239916639543,0.07612056411656495,0.21410312329950776,0.30736636453922156,0.848233656063165,1.7558204032276472,0.8525825880130877,5.9178471958030805,50.6549487825609,725.4946406243773,5802.361813170733,59470.36084481429,95842.03465788894,96276.29372990549,87245.68929600187
0.3405778391248596,0.2743507080023265,3.9936095144294366,0.16915551554216957,0.21382623179988963,0.3782998374629043,0.9644164478779556,1.5973726562737416,0.9507825636068348,13.541622370167516,109.83081078106518,1596.627583834288,12950.529025309888,116007.08972170521,167435.4509319289,167904.9447874219,155620.87450189886
0.22703437635968046,0.2575040069857283,4.484239118550953,0.19731490695713472,0.17328751802320636,0.2562699979854637,0.8700590113630235,1.425342749831384,0.9513027392489047,4.941444824437444,48.100125806534386,689.5913609327825,5558.361286539893,63094.191268156625,108588.18888573667,112714.61115906884,107880.09512521382
0.4126032219895923,0.3687374950841815,8.432688892072065,0.0872777010904968,0.16189856681114662,0.28898084569220894,0.9690329193739603,1.4022483909799799,0.8784404472062151,13.350221483608934,117.83746119512796,1718.030929759577,13680.718159421607,145191.7687549265,238355.09507969828,243710.86694304005,226132.9580533257
0.1502400143790999,0.2930506483338035,1.1511773473852214,0.1949594191484197,0.22373240747353818,0.2227364382296837,0.9155879170134334,1.4135215157000316,0.8680534972156864,3.910517206265922,35.44411888506889,512.1024549736584,4117.26894786962,43206.01009599148,70793.12455250192,73070.06364947652,69805.24025667556
0.37322334543475055,0.29455927505905244,4.881559360656803,0.17666762057397278,0.2459067394552284,0.3154829482649205,0.9677218573559606,1.4748818696302848,0.9926634569234143,16.41403927198762,131.76453770686388,1934.1935399677575,15582.081967173162,136261.04652228722,195283.9553600342,195866.2350286981,181914.536133784
0.47681895051874024,0.22720965156317138,8.119656088805513,0.185844269171617,0.19333802015233947,0.25434220341996433,0.9071419859724927,1.4670036952175727,0.9064398545344045,5.627685862030964,74.20842041643873,987.6695678089857,7926.863012234398,103409.99019948006,205588.88667006188,217512.5407407287,209681.88333927642
0.47422957029388046,0.3236235658275346,4.615487899559968,0.12105747812285958,0.23708985011360348,0.35434489653160123,0.9156368074480024,1.4359806863379934,0.9449368433006662,25.346674238320055,199.51727202707855,2948.9184851660943,23513.62659306818,192256.03510846445,273088.3030836974,273334.001953623,253196.3778579918
0.45879100738991363,0.36966804703976797,6.445820336349976,0.12106427578002964,0.2421763285238643,0.3538703573143248,0.9735137971111578,1.4721838653912318,0.9439140487298152,26.55982432970875,205.60186492749733,3023.619815320704,24155.62491358129,192473.63200747783,267036.5916131134,264857.43008839973,242363.27660422502
0.11580937198224639,0.3495918714775533,7.1608556360136895,0.07587549373074162,0.214410474316707,0.3695020162420712,0.8738075639398517,1.5702250818046233,0.8647594737026906,5.238715691989863,42.024062584752016,620.6215010661325,4938.87197856361,45357.50207495699,68198.0478322422,68397.7166994749,62720.79907069356
0.10943346469764843,0.37940291288387684,4.469267473599052,0.09455621492180696,0.21732140661835103,0.3456566422893642,0.9567412638422069,1.6416582087387381,0.9256571977582684,6.47271001675271,49.4685948397193,724.914055821599,5775.199391806285,46017.186742091355,64095.176069343746,63002.12785907162,56670.137897569315
0.452302577089586,0.3540016623436424,9.311503774946855,0.08849253327039719,0.15848152041367877,0.3757483391766628,0.8770825994952705,1.7315228957857796,1.0559294796346854,24.195015725552196,187.4098827131069,2740.1667222467245,21885.000658721496,187683.49748825826,270968.3641150687,266929.62329378,239887.1871017749
0.11928404909807605,0.21270478075426874,7.296858414581884,0.11410010688267429,0.15832079843890426,0.3388329428227005,0.9521475011794504,1.500691269461765,0.9493443067039584,2.4302940115511955,25.207609031706124,352.44080930951355,2823.8731677302485,33366.19167761164,59519.64009080453,61615.233368716436,57688.53132065192
0.4698616474790418,0.25182829082232927,3.174071279595555,0.09836838194301306,0.18836766155252072,0.2045113410853695,0.9814681962134131,1.5770550946656678,1.0679589672426453,14.317274858156734,125.88237246420577,1816.1220670589687,14377.264028954167,153430.43289978837,256998.66829408408,261592.27842615184,238971.70106829834
0.23340849010408313,0.2803006413568373,6.0329795094399294,0.18860346141797513,0.16986060453473267,0.29511478187393647,0.8722915749149415,1.544763672485682,1.1214568261646372,9.332864151745675,76.44359436525245,1125.830420603736,9029.83411817665,83836.54257240599,125336.24904210644,126364.83332265989,117353.16215222639
0.20943619234196764,0.2889655619534239,1.3362777482493988,0.08854363374234617,0.19697700117882386,0.2209155296474315,0.9777931460800784,1.7266131360149137,1.100601659413233,10.31988041444967,81.54397311089741,1188.543822923554,9361.70113520386,81212.49629627372,120288.4885156326,118777.19936160542,105981.47812870881
0.1917760689277079,0.229643693757182,7.172580043035227,0.10946186977548243,0.1700593301333875,0.23134382593546451,0.9698919060568317,1.476896507900368,1.053715731295456,3.984703343319459,42.1363014446913,588.1267221866563,4675.726638233388,55717.40113543696,101524.8364497677,105269.82072845471,97857.77334617879
0.26316870838600115,0.3698148037768127,6.550881155258892,0.05155335038950115,0.16613422403429368,0.37756513023762905,0.9560130409800811,1.6890582125251155,0.9934386641699365,15.707478756436588,120.71138373649501,1758.375480909454,13979.597042556547,114798.98244136262,163558.6222126036,160720.00916822423,143581.93340110837
0.44127856214428196,0.27094910649813986,9.267750267737238,0.054142275329040646,0.2182311890356904,0.27746413709166584,0.9423243838512542,1.4925012232858375,1.1358011975909892,19.941732717078356,162.97960304027296,2403.5035748478654,19074.158426775277,179115.49468436328,274174.34821470495,276535.15628236515,253586.71723119143
0.19880624015749163,0.3043842174123865,2.5456029610102537,0.08299048988348214,0.1760416501652014,0.39547731534167535,0.8408175700069467,1.4732786223593206,1.169332409372859,14.44433165932687,119.51591532325061,1738.681777703076,13786.556958741823,92742.44103390914,127047.55921134441,126327.49277286843,116556.64737240826
0.34000000161990496,0.2862117359783017,5.0238967447596625,0.055250805297726746,0.16081675694273262,0.39190251710865065,0.8761928387112455,1.730502336486458,0.9988034850927462,16.997486347649936,132.72992256571527,1938.3695405018857,15388.813113252198,136737.63689160973,203855.87367132297,202213.20546422992,182146.77260489154
0.2364017648109547,0.3489265562220538,4.504424234506412,0.14792801384057758,0.20046159139447015,0.277452708539602,0.8437500681810993,1.5820365394064426,1.0801856176267601,12.667054299406535,99.01308021470786,1466.9912910114208,11704.634004654808,95938.76279661087,137184.57998380793,136779.72225669408,125659.07764736543
0.4696681257151214,0.22464242921163685,4.467066737263296,0.19405535448170408,0.17723354196430038,0.31878728530019534,0.9007285779483859,1.6076961110037273,0.8250081996418381,4.2786594041001464,64.6857424196224,841.6734284922717,6838.5412790074115,88786.1240602434,174285.45784396076,184458.25511859782,178956.3838991432
0.43195815980692365,0.2673650884397146,4.22455077653607,0.06028487377757835,0.15008118030910647,0.2042408965226351,0.9005057789893607,1.5357139829921758,1.0182991254509426,10.312736131052288,102.31319793175558,1464.9125365105665,11522.602296742827,133395.14493094958,245381.22411741578,255656.89642989176,237313.8924304766
0.32111241295027104,0.3560841482576882,3.566830697096329,0.14286981886743388,0.18734828527378317,0.21088878526020116,0.8532959918117007,1.5238837266853558,0.8607242327407976,8.069854642359065,76.8221341043146,1113.8849183757654,8862.227905510415,97624.64863275195,167489.61694534164,172883.14752692645,162220.18919979245
0.2169493032689961,0.32858882011912727,7.637931617575013,0.16525547441474753,0.1514979299462903,0.2042023796278892,0.9310054179019724,1.6061380684655715,0.9501046470840793,3.8262328955827476,41.19285338730434,569.9237181720684,4528.478067403328,55907.96094602161,106288.28103292976,110711.62045137791,103064.597062728
0.31141226106301767,0.38934392298255993,5.190272888873905,0.14283838044235897,0.22837407368271914,0.20514281406205315,0.9287977776912258,1.651036619706221,0.9092633518856039,9.908377263067358,86.07291334729459,1234.0192111510733,9866.284128629617,102496.68452989146,165040.17858312323,166813.3728340295,152468.36243105106
0.36545076594086234,0.26671259495919336,2.8272555143550946,0.10905892733890801,0.2391298524610846,0.3810093371875115,0.9267243274235447,1.7530971698208702,0.9591775908908248,18.401038095363244,144.25626656578885,2092.191471357918,16768.839775964992,138398.38956933955,195312.70199702482,192893.0638887578,173878.18225072842
0.12123103886021269,0.3019676753617995,7.905983303755324,0.11877119513472768,0.20655457334184238,0.3223883718108154,0.8622143432384411,1.4775701610939918,1.0720136758782086,5.859359179468406,47.00544411384126,697.6336926113399,5558.072780211413,48728.71048288099,71606.54847666832,71932.79563722094,66617.15996356058
0.4908973083956888,0.22530249102423056,2.3272098141813533,0.06538361607568055,0.2046589336147572,0.32260833099733016,0.8521851887931525,1.7379855054646172,1.0746632290608185,24.387027208215976,189.74296779075354,2779.2839680113166,21984.36529725223,192161.64539167247,286743.5471075985,285073.64156429475,257702.0784165237
0.1431998644857392,0.2138015157476003,1.0502775129558461,0.0740881376533782,0.16788994833361062,0.2828044769767516,0.8430843451755602,1.5861059139500369,0.8642770114432853,3.386677272420614,31.97743094414606,466.3011187174804,3661.3515797788714,40967.11834998205,74166.34935056396,77330.80404218704,72367.54174396473
0.13207573180083357,0.24110741007716732,8.885130821661193,0.08829795303623077,0.19863065070095715,0.23461906915571468,0.9078891323814492,1.7265443951147832,1.1989632142910311,4.196399962273709,37.477170849515055,535.3966223053447,4274.685344620758,45378.07920221347,74892.05360975959,75387.18138835915,68088.91874549711
0.43794591684091044,0.2434459565527011,8.50054791956888,0.09179420326975596,0.2308449839618987,0.249056831061418,0.9284179597386251,1.6161261683329378,1.1082565367727553,14.759818249001041,126.2544240100968,1827.1908157252024,14604.103149151726,152750.67584695795,247491.6104144972,249880.53908001326,227735.56420787988
0.1600135147364756,0.35630651902637545,6.869823450827276,0.10360270606880237,0.22111994860936623,0.3324889165478764,0.9002154454622953,1.5175361298996244,1.1255791268461315,10.879022841930713,84.61940935268088,1243.7272318299667,9889.326179114702,72769.76224705506,99717.18799699537,98570.56771294854,90011.34748894142
0.38014804819654735,0.2228577571577569,6.6470382512152355,0.16618634280221273,0.2255256048311194,0.36304352224097675,0.9806887042372019,1.6084793551318326,1.002188437324626,11.481230084471962,98.82728956812196,1407.3463236530677,11493.769020745494,116618.40240164824,178873.98216285216,180850.01616089733,168429.47474143124
0.3927468548227382,0.3794207985027123,8.58712574597697,0.170240738380872,0.16988086695944282,0.37288110758990767,0.9564403546244178,1.4295602439213901,0.854787450268199,14.1001357506094,118.84651920794897,1726.4734968136795,13940.73371594876,135906.71408185348,205591.4356041824,208066.8730617291,194504.62223966603
0.36828656314915476,0.3563771314800815,3.351415632512914,0.11812071763910278,0.21013258071842753,0.3208079556551126,0.9011242160355653,1.4588656711080834,0.8887305303915348,18.064528352156795,142.56598496404806,2114.822432648929,16826.17435779078,144080.9427521027,210100.62913168283,211171.03094204643,195770.0701921162
0.3632597750076907,0.29030184461167285,6.900730838524675,0.16908957401687513,0.1729817681227223,0.3739009830455923,0.8658434115872253,1.672319626644816,0.9309356043631608,11.329812046317782,97.06144017809508,1385.7582774234381,11254.546230176993,114019.90284902355,177811.6352361436,180257.35856257947,167919.25845169075
0.33366038472400084,0.289347341434283,9.850876293765067,0.17087770519761702,0.22988890745786061,0.26480249901654906,0.8475674611639494,1.663966508222071,1.118355503630295,12.922187341607833,104.36575407996129,1510.4285095133334,12146.55662979406,117955.67261775876,179907.60349946804,180763.9117841631,166099.1158207372
0.24126393258866768,0.376640601202485,6.822269973620952,0.12850718557881685,0.17306623353958211,0.2797155479552725,0.9289252189747605,1.491091736651133,1.1112864035627577,13.436457262105234,104.81735918971859,1550.0539625076824,12332.177528763867,102125.0656073579,145632.14098811735,144999.79380847514,132813.11113280407
0.26401695630094335,0.2890407522422814,7.411875380682775,0.16494038410124134,0.1720093715737349,0.20466343992134764,0.8883626581032502,1.5731897282480218,0.9911256268353104,5.059181802347298,52.40459276763957,733.48657573282,5852.489944637616,70819.82495696866,131242.9365245061,136555.62243421408,127924.89524342843
0.4065794800275303,0.20671613973995975,3.6339129643024464,0.11971721508123839,0.16140862278785303,0.31442423971592365,0.9876421346940732,1.4402047625707572,1.1251581821009777,15.928698460266963,130.40367456532414,1903.269637786217,15137.700824929629,145284.43617866444,222621.51497912072,225142.42765422483,208254.13914880052
0.2505545710891015,0.3850509647174956,9.97237043726672,0.06386277045473349,0.22370452535227198,0.20746726881440813,0.931929985432495,1.4381844274513098,0.8456007047744581,6.004324819219182,60.38056981124906,853.6373332402642,6761.297020491604,79471.01698449929,144551.5114021811,150527.46747323754,140376.47047905542
0.1407872826708482,0.24766120879182985,4.727646582256542,0.07872190162227279,0.24833235381104132,0.25559557706475217,0.9519679737549447,1.4762645612799319,1.1288992231336321,6.905643903170696,54.41748484721794,807.2969399556622,6391.353497207206,56995.98151834558,84725.04809899536,84980.88546273836,77925.21913094846
0.44240533181956565,0.22570228999227449,9.4492493742883,0.18543697288883176,0.19421809913738708,0.34170779488950564,0.9159782513116026,1.718511405615211,1.1468926230434013,14.37406186391884,123.41045379298275,1746.031589257379,14231.452904846286,142194.93050057854,217113.65274121356,218313.7479311145,200927.12888610823
0.4791853644753993,0.2514634032306373,8.668983797398043,0.12609069948263568,0.16407326430668695,0.2683433966900093,0.9172939738862452,1.534492177067542,1.1659326058585255,16.515257758546692,141.0678266875863,2050.536983810182,16400.296081493056,168716.5831123064,269166.05802514765,272632.3482769158,251017.61760906407
0.27048378688712005,0.37952506374143097,5.152370182327818,0.07453122189216485,0.16080584959814279,0.38981881137843966,0.8609717586438612,1.5202717096925935,0.8307571001356425,12.199102796585345,98.62458728582679,1463.9408892332128,11606.214262260555,105947.3263346786,160508.79073447132,161830.9428478171,149399.36520868426
0.23157842841785056,0.23891277604253977,1.9437184773285006,0.16246584761468047,0.22732391015183606,0.32348432020582496,0.9004120867093,1.6306935482566922,0.8864872096286147,6.360190378850626,55.09047254622086,787.5620053759119,6399.515477532931,65561.9440267938,104163.10339244746,106515.51125778322,100660.18697142371
0.43210532930284984,0.3638627858532973,4.292686499970147,0.1928339612505981,0.15756232338173715,0.3924478713810349,0.9296475357605132,1.7692639643860506,1.1040584125907402,27.458288708468142,212.85991183111213,3066.931838871902,24654.90602343578,177151.00850060102,234715.97276807335,229243.4931672926,205571.50080067522
0.12908081943749164,0.3030520012739262,4.033498745873212,0.15212779019590375,0.18556923734020708,0.3962874260966286,0.9598751654147,1.767865051673005,1.1259753182165266,8.283585176947794,64.44397558989105,926.7478143594357,7434.7436122700165,53642.719241823484,71077.60962479662,69175.70426088633,61668.864493992325
0.3450826298328108,0.29283541601756,1.877426279332174,0.06328858452130567,0.23078248757286848,0.3867941490727401,0.865193996387535,1.7578697711953648,1.0744489398093988,26.264524224882557,209.15605199366973,3000.5360587950145,23794.079359612148,159486.97174515878,213690.83271284652,207865.0174470566,185811.64420830162
0.34632198731636055,0.33775397636817117,2.4122145369443464,0.11500072579266032,0.21802804493949007,0.23445409159995328,0.9083363946453189,1.6042430357555446,0.967947341718516,15.635027042438676,123.6969982413215,1829.1116626487158,14465.337409992379,130197.33067220912,195149.6313292161,195488.61301393044,178584.30463597592
0.29769977519890256,0.3398035174466789,4.251426453988316,0.1136140071769358,0.17832450046801812,0.25729696122112883,0.9055015818152998,1.6864991372745934,0.9589757970806192,11.128691390759512,92.19579746414333,1332.4904569303276,10612.964051314746,104492.13306564998,163729.329032701,164413.37615945932,149398.2731956656
0.38973971183190226,0.37465607191369565,1.5389523742927849,0.12175877733157808,0.18836650713635533,0.39972547629879934,0.9283918396830138,1.49004037110844,0.8631742137381102,22.789755532439827,182.12565184903755,2668.5526942490214,21282.0986430336,159625.74422809703,220842.05339614072,219931.879882593,202559.35243250706
0.18728527043898857,0.2496395825558857,8.913205571425323,0.09198357841384991,0.1568599022958046,0.3611310538389707,0.9627526584237637,1.7441501463869686,0.9114545883756576,3.99225086020683,40.26710288684405,556.7046741631996,4453.729845430781,52382.7185594905,94081.77879435084,96206.44629741427,87407.16399775633
0.4956097980355978,0.33345089039256826,7.533747911988112,0.05560683116111151,0.21025823443526,0.20350179853645678,0.9245717152217224,1.554418896012084,1.0670320910932714,18.50477466504369,156.9347236016205,2282.4483000914825,18133.50038201055,185243.20333283642,301149.1494436483,306296.9464457802,280740.09556941426
0.21143652022867326,0.32502327517036256,3.4867242334853494,0.1298018508977043,0.19317949781693772,0.35366482267086385,0.9514575073043933,1.5644960573629125,0.8557242197432289,8.530221049276422,68.38409688780331,998.1022827290177,7998.880316999023,74096.76410080137,110460.29939430264,111056.44703399556,102387.7878032854
0.14537056700740703,0.34911805445681326,6.008917780430427,0.1565003312030941,0.15599407716019364,0.3460595986701741,0.8826265845405162,1.4440544638921293,0.9019843363494421,5.342948366084568,45.26175306946853,666.7986513380583,5334.26525952137,51343.952815284,78624.14689549775,79840.31023781013,74807.77477667677
0.35554854019622173,0.39695079107805514,4.38489943294139,0.1425825942918639,0.22026683578311268,0.33350452518340723,0.8850340989585653,1.4104638185733476,1.1888720173069807,26.885579147916733,224.3071048435688,3276.0676535486123,26022.70363768517,167676.66121639608,224436.2194468121,222463.1051423548,205504.43174001508
0.3535126141076387,0.333321209305791,6.657075268569922,0.13161140937764543,0.185731293975825,0.3850819968919835,0.9547920119000555,1.4600422630969978,1.146318071660931,23.92361736062186,188.16845193258348,2766.27137636225,22016.121352273658,158887.00720252132,214327.21415390697,211676.54715400812,193588.40455771628
0.35962249139596947,0.3890691128594631,7.212205191180696,0.1685125548303935,0.15363930936824374,0.3276476948773218,0.9039376462593818,1.4707495178181993,0.8426968015482592,11.345477046565826,97.91324216431701,1417.7650256952506,11426.186478585563,117975.28945303851,186993.94168525987,190635.1297162259,178741.6967917624
0.4570097985512106,0.3391855395091068,2.987741209533464,0.07145000015489973,0.1949630131189984,0.35035841786596866,0.9376089895827692,1.602619046519282,1.088551689261479,33.963030506780115,266.33086603927933,3868.5450437028417,30640.908785415522,213031.87830919467,287340.5484779388,281564.33118446625,253622.04768899226
0.18061342279711173,0.35126753153822465,5.95928829927506,0.11902789639138367,0.16954903550796707,0.23834940142606004,0.9402244625442375,1.7172571930684468,1.076491009032763,7.465007429130772,60.75754146445632,874.9215656135636,6974.019057765923,66844.29454150058,102283.59462046932,101670.1995800548,91348.20169094324
0.3366546453857536,0.3558379429497644,2.4320209789667544,0.14571159899402392,0.1930696300983071,0.3514832812486489,0.8439798895731978,1.6710422232945148,0.9236571183313586,17.298589356661733,135.3218033778333,1984.1708611165545,15889.320871780155,128706.94367135227,182794.91891288306,182203.80571884918,167142.24878667734
0.4170169503323705,0.33984137905234346,9.543755781496502,0.19175033121980606,0.16308158895471278,0.38415667150347477,0.9307015053291806,1.423472053517643,1.0546925482702647,20.02433382162478,159.8203839595099,2373.1081298306294,19024.707848650865,162766.03832199363,232077.1819809865,232629.36702186582,216256.12425749688
0.2354601181240586,0.3532920622597131,4.378660270152205,0.19730544871639943,0.19245021931807077,0.36913026137424637,0.8637990812521436,1.6998520734330658,1.0700363850513113,13.64156481754241,107.69545206846804,1570.19588715878,12637.45688698332,94112.25750968017,127638.0461652346,126085.83474230468,115007.46817731882
0.494554451831583,0.34918241218388124,2.270033836848119,0.11778385609887991,0.2033765919646426,0.296991537909479,0.9546042473080971,1.7370858860909166,1.1094525750003983,34.31185486807766,269.6565566928484,3877.7944489748597,30820.39059872028,217410.43237894436,290557.6474990887,282087.21349541715,250803.99015321766
0.4753429720159891,0.3288200163477587,8.765472562005119,0.17654258188456728,0.2218839978726409,0.2957882927463106,0.9235860306084914,1.6668436265262128,1.0146255239150408,18.878650175141217,151.39184213895734,2185.657058694881,17669.029996405196,167222.4542490416,248186.79862587113,248053.24017531003,226792.50965242
0.10159595501723949,0.23627709043203085,1.1987133307515445,0.18727885814255363,0.22453025771812873,0.2096777418368444,0.8560595145611455,1.4116682263949323,0.8403419061986226,1.6003100206046013,17.038058538459815,239.67264149043498,1915.3841638635802,23232.407258727235,43666.27350874413,46168.26476055936,44881.8662648227
0.4816723208955862,0.3742229471494842,4.027224631642442,0.06574399169505032,0.2495573558634479,0.2539391454621973,0.9791984828028137,1.4708269376927134,0.8761754252303819,22.350787025762216,180.81657008752506,2663.1589600793113,21044.54131979818,192034.33066285346,289797.5593633131,291297.9802335444,266709.80160944996
0.31618203059475725,0.254378375401737,2.5488386496641007,0.13094739005229433,0.2172275394647255,0.2745681242853574,0.9342745000238648,1.415046950305889,0.8076476129536589,6.910138253786482,67.22840871959004,957.7707025268738,7665.457513592563,86954.39870331287,151151.5411899811,157041.1783075241,149571.61682828836
0.11659808540030539,0.21025041895125762,2.7697937511322834,0.19472278153835004,0.2049744485532107,0.35533278245755073,0.8625929561070428,1.5789106825573505,0.8117306911192489,1.234877885345525,17.073756524925628,227.48439010761317,1877.84112600437,23329.820565688668,42886.08454523156,45090.13226923683,43919.30059286007
0.4793564556284975,0.25411571290302715,1.0272809383204762,0.12874907561779325,0.151289997032862,0.3907817770312606,0.8744023906758444,1.441465746960356,0.9287559170687611,19.68340668448571,163.23244800205197,2426.867240557656,19308.84113564389,170724.6409676032,256287.3987648285,260345.9021039707,244659.04442939078
0.24445186348779735,0.3108767731013869,6.51501033091002,0.12912867302764425,0.1501848945858906,0.37306197758247295,0.8952460785013912,1.7552011130457257,1.1857228486407079,14.68907743888131,112.24693081003252,1636.2579129173573,13084.051642071863,102882.06800804404,142127.67373393773,138982.59854485243,124424.08824538677
0.3617818652514352,0.25851955483502953,3.6071506724387863,0.07800463631503886,0.18180933260993665,0.33227322174674356,0.8555324952172442,1.7408065878234327,1.0602819654084945,17.501938178422392,136.93074823452176,2005.8390113092512,15911.372427528435,140999.16955392464,210000.88553363841,208563.64845079358,188419.35596766212
0.14697422666392357,0.3007469348253312,2.081009474777156,0.10077609895482594,0.24222809785536653,0.39228135002546555,0.9588759328494378,1.6745820808357457,0.8682066374317616,7.565283245240447,60.133118872586884,874.1167026375118,6983.053242458969,56504.731198751695,79294.41814871022,78438.02412792097,70950.1283877515
0.4984393168368624,0.2149806535226322,4.5589569820048155,0.06941434844920655,0.20125395428701387,0.27210269371786444,0.8869563989812054,1.441901387694459,1.0874613320779787,18.699894682908106,157.24911437899996,2327.823731891005,18366.71892776227,183415.74727268182,294506.8334540371,300851.68982531177,279999.3835804927
0.32681091714340205,0.3885320301042992,6.825527778421919,0.12178741626443985,0.19233532654570273,0.3241576743789134,0.9813030380289668,1.5849787933368522,1.0906025012420293,21.588623718941292,164.04127465785214,2404.6822918351445,19153.71442066271,144740.94238982646,196536.94919722027,192536.46869233446,173244.4374847877
0.45370739942313976,0.3233348556869661,1.8711654722098658,0.104050244405066,0.15791137433374725,0.3841837930072057,0.8751084466979975,1.6073800194830379,1.081647449124708,31.55935737857427,247.99546636840947,3606.15542195745,28633.845671331896,200926.252625697,273642.5344574331,269745.1370690607,245262.4871020521
0.10307519062064303,0.39434254782780465,2.44438585812372,0.17669162800578453,0.15978888900955313,0.2521120422000785,0.8494970292353076,1.5655158268456628,0.876626767761669,3.5663923187070936,29.877208802242695,437.1721634773117,3489.3471430126897,34122.06215929184,53570.25631847951,54545.44027260381,50963.510325104835
0.45023780245964007,0.26017626752919876,2.6193659665589073,0.1182188902522786,0.21661512146979428,0.28281610855733047,0.906469361274517,1.6426042989932172,1.0799612872661766,21.922611383159452,172.5723721876174,2539.3657843540063,20179.248546317842,172919.25457676587,251242.62288174476,250157.5849518949,227690.8684978257
0.31340756918958435,0.3069912758362335,1.703672009577374,0.1896201211495031,0.15037753217974126,0.363832686048601,0.9521900259356796,1.5756161948575687,1.0378662976989617,16.033743195197623,126.44153624984789,1851.4753984349254,14872.843929117262,117701.93664538205,163671.87388440975,163085.545212198,150136.17381433691
0.29188066257958806,0.21859305390875303,9.43562226082519,0.1559919036432736,0.16137026459162454,0.26499808791914,0.8617539623149131,1.581735087145319,1.101225349384642,6.182553926886151,61.01342413439765,865.072900409623,6939.6679089368845,81936.75845872451,146669.72230349144,151800.24656683565,142231.65717858964
0.24437374018327593,0.29172912834315273,5.098781766580459,0.08041587063855916,0.2488013766902128,0.3605598302689403,0.9782737261314177,1.525703462135577,0.9764850729581049,13.850915425808136,106.74965222075726,1577.238723242401,12544.838804559824,102690.14959967641,144931.55944406762,143558.28998131974,130390.43414957056
0.48276590202605907,0.3504842165221735,4.369595763890018,0.06989855776090596,0.17995000181357035,0.3691274511893842,0.9639909236414876,1.6399815413184013,0.8143474515444127,19.736746186026316,162.5085983988841,2357.6854047138463,18723.391009181974,178448.21993393337,273465.0324091121,273232.8710785638,247014.04448790464
0.2879224493484097,0.3154515915376761,1.7646554208886824,0.19801337261925228,0.23895686688327528,0.30552506398246254,0.9032357390010355,1.5792981496421201,1.1992529925989701,20.11799666564795,161.61586531401707,2356.6482298335673,18843.753508825295,123714.6449599183,163181.10230700352,160804.36192250391,146963.60660953104
0.49050547382422505,0.20649164343199725,3.2278005698165364,0.07224280179514792,0.21702865335749055,0.20210895191030928,0.9279077857990031,1.4091098433967228,1.1925124947843952,18.38022929023259,155.09831805865727,2294.9532279533764,18042.1211202949,180316.16874286157,291509.99629807594,298377.9945979405,277586.0370900723
0.29736670894152506,0.2656905915185801,6.389447714902524,0.08263318030960476,0.1929814925399304,0.33006609407119014,0.8885886230725787,1.6883543655594528,1.1707935334385788,16.280688543417657,125.70826727786421,1848.68552893175,14721.572408505268,124154.62252188854,178693.47455623013,176402.52812646443,159035.81089858743
0.35732950745588343,0.3021004164167202,5.531109125110045,0.05214696021851337,0.2173575134416859,0.33026993377907093,0.9716560223301668,1.6272949278304842,0.8312905398040745,12.299425769532847,105.64356840897314,1522.6913603282414,12102.39442086238,125327.07550921186,203802.11039568996,205589.63228611444,186244.2551621161
0.415828203957459,0.36279133025863214,3.6661323362378506,0.13027445035911622,0.21488329955058882,0.2964393621882999,0.8580910258554392,1.4203299096046442,0.9372374737456045,20.676369939154107,164.75782508374695,2458.435314552383,19545.47700499109,165243.94370912146,241744.4970977521,243769.8109806368,227543.02197776583
0.42474863492748616,0.3133036373316185,1.9383160484683972,0.05155195257937532,0.1511586564876137,0.2094106096683038,0.9261799305516686,1.518558927090489,1.1952567193166497,22.873563488114986,179.74808641077024,2668.6586521583754,20996.330132645387,178964.64779999942,268152.102874683,270139.09121228964,247602.85560171568
0.3728591265794392,0.21769220180343665,5.268285780472725,0.1182816308308164,0.22469825201372795,0.3738945871141174,0.942251485839767,1.4589883916929791,0.8001773586495767,7.295446185388665,75.17990759392494,1045.2232601295605,8455.20460409388,98700.05797677378,172309.1689970759,178730.33292744952,170178.49712674873
0.22472988231435084,0.2967428183126255,4.490485971284729,0.0679318292695229,0.24034698047438863,0.24795216415106267,0.9519428251252275,1.505526450273139,0.9771397310463358,9.580871617727334,77.36301703114356,1143.5123255238227,9035.306532429882,86245.8364279313,133503.73781057182,134662.91233990865,123396.38216975835
0.39143874909079046,0.32902970587230984,3.447426627402921,0.15103371314259184,0.18578468553016197,0.3327306369155738,0.8912052193530943,1.5113085316705825,0.9254821599074418,16.775975281512977,137.3170667807193,2028.5052582282644,16218.04674652226,143627.5914217715,211154.54575484406,212680.8257426027,197655.78798589058
0.2001577745254577,0.21631312828465185,3.7580933137123966,0.06352677600322999,0.1519320246289327,0.23195214503723455,0.933548633938334,1.5269034411176456,0.9270819570289786,3.359422734317175,37.043474214770136,515.4827590293959,4009.5967871997423,50753.34127041462,104313.83953190038,110731.62143960931,103453.79138226026
0.25745290592928916,0.325483113433101,9.120404980805823,0.16526015369458946,0.15997120107101984,0.3638373957337258,0.919203621197884,1.4327287162142939,0.9859140850150102,10.167192852742991,84.49168333194261,1241.4489082046446,9945.698245720338,93991.67726098082,140910.33765481634,142343.86563254014,132726.070909949
0.21866576622351863,0.36070800272351017,4.232123367940705,0.12074031973188983,0.20074800407909527,0.33994397711236934,0.93783678021011,1.5902602253793003,1.1035362599645353,15.730224095665239,120.90585844210318,1763.463120124587,14028.945897620646,98619.79114407748,131915.396165603,129260.27564532083,116792.70413730315
0.4589115522670434,0.24957235195375257,1.8547963342820373,0.050617291690404076,0.15567371945438963,0.23607300915471005,0.8814598795716337,1.514948295159876,0.9097567765861037,11.821197516567572,110.88036137491257,1614.1289159512485,12630.599441299522,142126.77260221096,258612.3586643695,269965.3626193663,251809.44484337178
0.44312679430076474,0.3503668840074423,1.6905041738994613,0.09307247714925562,0.2078774702992499,0.35021466203527907,0.9384284883193816,1.7335467822152724,0.9708437034824273,29.809194104917076,232.388420487032,3350.7403462950047,26615.15585972063,191332.45011315492,258941.05459474068,252383.50915694147,225149.9169213244
0.25093982886721644,0.3248128647438821,7.1035088290988995,0.05245237499563679,0.20587313757778533,0.3523108756047307,0.89398716444601,1.6587333227557188,1.0684228413255945,15.394255954085903,117.37697864625994,1727.231013511217,13731.935321934852,110971.52671744938,158035.7086391587,156068.48714383508,140799.67129002174
0.46740619798604877,0.271275053626649,7.7495959827777146,0.13710925006752556,0.15964373773903665,0.21999645216094402,0.9488785258997222,1.4115150409014028,1.1954206679156616,16.109285487324605,137.39039054944814,2019.596789812598,16062.111290630606,166306.57897482795,267514.2767574485,272638.6446660929,253187.8990268128
0.32206814123727945,0.2926877870651684,6.148155440649043,0.1960594355405607,0.21442273465910894,0.3377499060409316,0.9889514150318724,1.7429353606215408,0.9667474158682448,10.594301605183341,89.0615095377077,1246.1240129523767,10208.180503706571,99360.86173926626,148200.18744551216,148622.77433546077,136905.65020026342
0.3126014772531456,0.3955491298049724,8.445551639276726,0.07631280056699546,0.1876847985537741,0.2695556284388035,0.9897535795588864,1.6254313845249873,0.9451741356582175,12.639689577071492,104.20378932129528,1503.7723468641527,11984.852651690671,118104.95078088557,183721.56347295525,183521.34854549245,165286.54115351572
0.12707565488535658,0.2794767528008615,7.912062767519512,0.13757269793458896,0.18644466699653306,0.3078586118426018,0.9016496934484652,1.4327751962429216,1.0316912890779524,4.738970130568709,39.850689858500765,586.2351268981139,4681.6348649938145,45890.43600576302,70878.63771848903,71907.83824112969,67058.53165558355
0.274925829923242,0.3034381958467931,3.841092830588825,0.12576794538928698,0.1901362001444913,0.33469862284241236,0.8857990055342582,1.423722580517908,1.072973818877887,15.42219353440253,122.47689217281113,1817.9311605708874,14455.925251820658,114818.26787689132,163115.1494145159,163427.6400687874,151675.4844363989
0.40520702262154595,0.27964431096298176,1.5395202669487105,0.18278852547446134,0.18297667385792982,0.2055625417216178,0.9461043809891023,1.457711870083852,0.8514762233672558,6.910049384368239,73.91934407225499,1032.5250370889817,8233.105629388936,97984.02747748901,180394.7857357249,189247.1954490176,181205.27997548986
0.4473562328595173,0.23030016887049393,5.388486041098813,0.18456322778214257,0.15242303669959842,0.38951973324284506,0.8672894209611635,1.4118437485236286,1.0276902862374322,14.494768424257021,123.40629017161758,1819.896471505988,14694.944789850188,145784.4860950077,226405.91383582255,231443.40798723508,219976.88176396827
0.15124547614160921,0.24624293998716473,3.8648718815690497,0.17857879234289015,0.15939630262902008,0.3569017641520452,0.944457452326772,1.5214972995755687,0.8617416792949452,2.8507049834122786,29.80344186229361,413.128238631798,3365.2775950966475,38459.63469399627,65532.9428188903,67825.39153044383,64748.35414613425
0.39919865572757507,0.25234501379944013,7.6593878255244165,0.15652214624098898,0.23096252193211872,0.2328753487888236,0.9543224537702975,1.6528699521634735,0.8509479311186766,4.120382151579596,58.58108537245774,765.8178096335852,6118.19422453548,80705.92520298954,166841.74374944574,176586.8595761466,167684.89934059395
0.4540042563792561,0.2879486920811559,9.388505474689678,0.16412032000252622,0.18809864349672062,0.3982430818153603,0.9799917226925348,1.4372119569440465,0.9797655383282566,17.84779716661106,147.02021045007467,2141.0836856676065,17297.95869385383,162391.84987599292,239252.45116091025,240843.51300604152,224073.97950318453
0.4286045944251028,0.28273052895825984,1.038749459220432,0.14655690395731688,0.19519298617931927,0.38537447979886014,0.8812009216118504,1.4811594149811027,0.8731700333001334,17.907175675225808,147.48896141528627,2172.9617159584163,17427.759613244067,150204.00469091695,220449.41173101365,223153.6837731555,209849.5370263564
0.11433753245401462,0.26520461538157875,2.822188780240843,0.05535825411614731,0.16780554463175845,0.26028624393216104,0.9147761103819989,1.5839288039421877,0.8606839322153323,2.734869547651122,26.917684140671266,385.8372429740597,3030.7434364432547,34570.80864833009,62821.426131610395,65111.45093197603,60114.0386877064
0.34428713499381064,0.27239605956473467,1.985282647145053,0.08727955046591594,0.21030144693522493,0.3577872300413768,0.9368231955278945,1.714800142169778,1.1981251952202343,26.791095896877266,212.41291025967053,3043.1224036037756,24136.119924139322,159059.87967372593,209557.21737413193,203168.7152376103,180937.15794329342
0.20383414857079307,0.29970211193560115,2.9375733793155927,0.18098565873796352,0.19893627440939224,0.3650770151832099,0.9132086561298356,1.6036107300685556,0.8710473447605341,6.942874429787725,57.308443086455995,829.4768253211082,6730.87435365497,63901.47531259783,95896.46350256486,97133.30136475255,91229.24194385073
0.3569256337188681,0.21371349833611086,3.9244640059728026,0.1995621809572602,0.234709046260754,0.2165074569125438,0.8409386207992615,1.6909839693836046,0.9774365257845202,5.253783522054452,59.72975229799101,806.5839116968721,6501.957549359614,79438.21596432274,148656.14112681718,155829.04527426162,149174.71198512975
0.3778542050004853,0.3657251170489897,4.272676415817776,0.16738685960934907,0.1938425235844473,0.37884949238350896,0.9030872264324723,1.4139245605689457,1.049981630154494,23.688701577347942,190.8322459208831,2815.140199332964,22479.645170856846,162131.5780567636,221352.34850357551,220517.54645106694,204522.85714459044
0.19615696374903857,0.30365056319825184,3.4834376793534187,0.17152139923947227,0.19176664431545018,0.20621781783800183,0.9321465269808358,1.6963981312330352,1.1742347187516087,8.477164461480113,67.54442670086907,979.1345024776443,7804.088166683405,71410.3834158724,106398.66053304287,105968.96600671034,95921.83596868653
0.10267414558276133,0.3543912207177337,5.158090682281594,0.13206743872478477,0.2183515390550093,0.2529274082386203,0.9290170237318349,1.665249556953825,0.9032299062302346,3.5386931762706326,29.737924166211798,428.46755007995586,3430.5833351315205,34552.03516445019,54258.34013511057,54621.07000869852,49851.02219124748
0.3787904196597046,0.22793576358365553,7.067839317978529,0.13522932255641051,0.2443311244213393,0.22983672803372404,0.9787322370907232,1.6736500271034929,1.1165425459545415,10.488291313550326,95.94151729931613,1358.5312050042603,10904.270206149824,118222.98275640392,194389.0392696634,196530.4185781732,178873.04867420893
0.422288339410579,0.39884362292934,3.9326734743102634,0.13254756121595515,0.2091531378892887,0.2821341474500534,0.9626866052004374,1.486000602785411,0.8038857768574224,15.76714301339736,130.11683164661812,1895.1840589600997,15155.180775189874,146923.8101613918,225374.82209956617,227909.86411129587,211034.7002833465
0.11012985753986682,0.39370877416714156,9.160144045731863,0.16974617608803488,0.17423583456640826,0.3060673381083806,0.873067897798995,1.6853842282137497,0.8743743274021551,3.2717767203440276,28.61569065074308,410.5140754459451,3319.000023309114,34878.02944583057,55885.64813689523,56630.21456929703,52280.47143803505
0.29317047148649666,0.3644835841012001,8.85471692065929,0.17700600001626232,0.16278728766123143,0.2897649814514588,0.8949662550786989,1.737958307405359,1.1848216186462444,15.195773121847413,118.51387383688441,1725.7793486684768,13845.520138734686,117238.00778124435,166116.21850095122,163468.7464407467,147051.71995090318
0.2069564636846166,0.3443587599691248,6.265921822239784,0.18608175394290022,0.22136794616314281,0.37893670904059673,0.905995844378597,1.7616250508023577,0.834611263496151,6.482686332230077,54.83349585313234,772.210537382908,6336.055025907372,62348.39673975218,94182.56601330773,95001.37201964307,88444.71990811518
0.22703921638963098,0.2549163098946245,4.687510449010507,0.11901622365438615,0.18890152914508618,0.3279722677208876,0.8447130823625948,1.5240931138562928,1.134254144166975,11.319715953172505,90.12979956954453,1336.9287565359887,10647.930038090168,90691.64872933009,132337.56636818845,132745.88105479814,122699.91333734646
0.2839749987369422,0.2785405198609516,7.110698718505186,0.13772324013527015,0.2306195573635061,0.30662223799405414,0.9691494436585282,1.4448968469198369,0.9839356868905744,10.908736764147026,90.35390614229254,1313.279370349158,10544.00773822426,101680.3098909117,153776.90662965117,155181.96721749497,143905.91442559907
0.3782668502283807,0.27698974536851284,8.348059946563335,0.09038972515242871,0.20041329982047612,0.2421661985456841,0.9757980275521166,1.5161502780785543,1.0066873754951093,10.405892828783116,98.47403637809273,1400.976076932252,11172.33012277913,124230.0640345356,211248.11210197158,215801.9888292484,198254.1905474289
0.46167001127945895,0.21660971728154457,3.294504469456052,0.11600112268681768,0.2245457213673635,0.38471295344833184,0.8551453822388526,1.5528218663632094,0.9952629734988876,19.081472520895943,157.2305048437343,2317.9534697479244,18541.369472961916,166517.83666291946,247556.45681315163,249772.8496115668,232302.9224311327
0.3793662936191273,0.31516871298582005,7.036994962420188,0.11081125844642453,0.160369995276784,0.3371542978797698,0.8609696749769494,1.4799715267677505,1.1124115044168457,19.74864585584467,156.7463641334154,2331.7873100394527,18528.38383828991,157450.420382871,229559.65545330412,230247.62336626506,212840.77534094537
0.3210076330925898,0.24940594228402033,1.6538955522622032,0.09526648317192968,0.23930475654857525,0.20843560260518001,0.9377546272403163,1.717262286630246,0.9156094764529877,7.995192664002243,74.80907298047504,1063.2741897970118,8389.319647956183,92431.47160886177,161848.7451200117,165916.48306116785,151667.06174006427
0.29320670640924407,0.37974803719432026,5.634216112880271,0.14666380230098056,0.2422186671949598,0.3789072645595616,0.8465803120840093,1.4038499734295677,1.0810722673308284,19.724051302310308,162.85829417524658,2386.241779669964,19018.959232206504,131351.54989656725,179643.92236839965,179169.3214301588,166693.4708163285
0.4165637373460336,0.39795791326969104,2.6902593598607005,0.15915965060042728,0.1514358667659879,0.2206305444423233,0.9368809224145878,1.5081947451145994,0.9004825187002432,13.870942053833735,117.95908943354564,1717.043163941548,13663.569600729723,138387.9960401249,221618.19100318002,225704.585487433,209360.54045776385
0.4916375405631458,0.29469754246171775,7.978783862982168,0.08737086949401243,0.22403233231333675,0.30284819815397723,0.9694423408726328,1.7071879950926692,1.188686167556358,28.92466383158913,221.60131466398263,3231.1121994450014,25781.164019691987,211186.73682945032,296223.08631502755,289340.9358088098,257450.3797502544
0.49145849293061217,0.2966333810220812,8.988633166888839,0.18986119492913656,0.2313030685302504,0.39872140095513925,0.9163580904864385,1.5999416577410877,1.1161740491559837,27.105618311364065,209.41240509878088,3078.615987670209,24854.02142494652,195153.17368556187,266184.75874411996,263623.5976114711,241586.75197935107
0.3355797327983888,0.3108286999316904,9.205383922078424,0.19316451491343234,0.2308044621895017,0.21461543729306298,0.9299109734812864,1.6933035676758605,0.9347750303577088,5.79798442641971,64.31997788373657,871.9264995346708,7036.885690897226,84848.29142451858,153464.10891753805,158474.80235734902,147979.57708294044
0.15337120203018226,0.2862496507355338,3.1077048780333123,0.0613681724285584,0.1928817454680825,0.24949999259461697,0.8711386370223613,1.741217895584482,0.8246626735294771,3.4482769431970137,34.028505403525024,482.80695156575035,3795.320895352463,43914.79799313058,81339.15414129707,84024.36387574261,76895.11668217175
0.21767042532452183,0.2002109682394011,7.9795507303270625,0.16547023387433157,0.18351594213485206,0.33673374322682326,0.8751560673561685,1.4518883258450335,0.8308488244266885,2.1490310865056275,30.44786316653655,401.7906665915885,3227.825155285212,43148.76387598537,88366.37067398036,94146.24839107596,91687.27818028061
0.48532713649684345,0.2131747380546053,6.478539585207814,0.15878344461259744,0.2179558810894477,0.27871312660520464,0.8753030808622608,1.525174505030895,0.8101686598420428,4.377752689900191,65.88408898979146,864.5299267308369,6908.4857822168215,92804.56732952566,194680.9707854592,208046.1844081321,202029.6276217202
0.11962460104080802,0.3300708459466699,7.616434728302197,0.13956494624449076,0.22448491367772644,0.37219212387407724,0.8484452274594718,1.626174589315133,1.1709132661044064,8.13305531925261,63.228465709674765,924.5002347818153,7377.593794630947,52948.332101319575,71572.04637374573,70423.96495880798,64090.18842042796
0.2034044941788288,0.29068944646100586,8.659172413298572,0.11208713771027938,0.15886519053165418,0.2109056466926541,0.8738310307154046,1.4543393634692738,0.9236948777575411,3.486940191198322,38.383726450232835,534.2229703923607,4200.512378545302,53381.36656851007,106628.1025588003,112780.75375747561,106575.05907856191
0.3717721886843175,0.22135217223528614,9.8659960319427,0.12776785645106026,0.22152756162681786,0.3123031762879469,0.8770153053856535,1.4936513962348237,1.037327817249487,10.711061609189908,96.38287058612165,1397.059448549432,11232.266538584134,120891.83166722843,197810.73460965467,202249.61876793794,189156.83081749958
0.3274242403658515,0.25130900275502627,5.575303865979801,0.11274044171833969,0.2183821455975135,0.2877324016439165,0.9209855741492856,1.607981677718269,1.041962576005319,12.445571093981677,102.28290482314812,1490.8677448744545,11915.40739782825,116315.51398409411,179319.59399258782,180311.90420827837,164955.083344191
0.23121857356422978,0.2575180019564493,5.674280366327245,0.12369482308794119,0.2339229921531538,0.2939564388822158,0.8890599676422132,1.661927854053272,1.127840970504301,10.978145346457163,86.37247813223954,1270.9952963020207,10157.33701991071,89297.47940634491,129974.53780007377,129212.63583565572,117483.25538056136
0.28588744780282926,0.2952757530585854,8.636612095233149,0.1729101706236712,0.238688274059328,0.2238968825514358,0.8601431601084248,1.6025119668704642,1.1990642065828767,12.034235805879273,97.51836498985965,1430.008483112057,11442.236080089628,106938.4517346149,160429.57785834093,160874.52384126597,147798.2361157437
0.3260237079980638,0.24932813494351536,3.882830653062853,0.1138178812657109,0.23283736780957298,0.30628203207052146,0.9277809121137797,1.6096466282955246,0.9252130748714206,10.812203521982974,91.72084422098953,1327.7502971853246,10636.238201605587,107015.97167198824,168373.92451294468,170433.7297535974,157132.9198261142
0.48631871020474493,0.2734703740385062,1.6042912642663976,0.11506512975787675,0.15273358804464557,0.307842418243901,0.9778133404420744,1.663666506178275,1.1561372553572118,28.393495809759706,220.1423460669071,3206.3917120509427,25442.31819455682,199186.98588734778,278441.9624374478,273807.930042541,245632.65603493486
0.2912027347952393,0.22062298007942654,4.089366017710503,0.15027081745433032,0.24901856866065702,0.2392612289201946,0.9156639495633526,1.6796624863432181,0.8179663825855852,2.6920508607365035,39.858034588574455,525.6556010789569,4168.327120856992,54811.78905060295,113757.23526607484,121109.40912165912,116312.89323927005
0.13943099557813549,0.2770214485492789,5.173557984444199,0.15728517028898523,0.2273511689540579,0.20548000199970085,0.9447909983810396,1.679181107646759,0.9833742283545572,3.091055965911361,30.441269785746503,427.2415007134165,3423.788743326954,38986.05599962665,67608.10794826978,69281.83341023272,63947.43419126374
0.19002521470111386,0.2703356575132473,6.7282293089959015,0.10287326047788062,0.22731158590064798,0.2576655146370377,0.9676961959380825,1.6326415609681566,0.8084579933836002,2.873834299602031,34.04257128786738,461.4252228996033,3665.2388050627633,46111.24269289522,90074.0000412494,94120.24787501221,87468.68590314845
0.4367241655137598,0.3977204783630763,1.407503065788239,0.05082616120672362,0.20580433245263785,0.32216622516774535,0.9156019654386189,1.59782767620388,0.8111888199428142,24.83158432291662,192.73385969341913,2842.4030578947095,22413.78763783642,182803.3034290814,266036.6378184945,264936.34580943943,240696.87816021184
0.46871714927739294,0.3149452435394794,3.9160031011187835,0.13866789619585052,0.2391578549638616,0.2339346222375802,0.9708452378632392,1.5482792545595252,0.8632083199217515,12.578609034904936,115.07954854509185,1651.0791598425224,13238.775664604758,142565.1134230818,234943.4909330504,239892.98427811608,222643.2940539749
0.17574061904202082,0.21099974728471593,6.07888559986931,0.17720186779216734,0.21486007375465857,0.28272723207699546,0.9010974858236673,1.6289401993082384,0.9454556076508969,2.6656887750233382,30.83681393592087,418.6945307018166,3396.458172079218,41211.177789161324,74910.22378401784,78017.1392578798,74348.51268454005
0.11255122036211099,0.36325627451817216,2.2246635050360157,0.10201627196971158,0.18975898288083928,0.31297095100853906,0.9348810396348797,1.5665530114474766,1.1980833364594443,9.137120790802655,74.10210012264551,1074.6648104897279,8515.70566040329,54001.631451772664,71056.59522932193,69495.50122161924,62778.30318177153
0.47463196027287535,0.23037568626070865,3.0779128379387526,0.13985120433792503,0.2033441136154001,0.23903292995488593,0.8655051335578492,1.6242987653663092,0.9264622818488786,9.457155720107506,94.29465849755842,1331.3076666078368,10614.634900607693,123673.16364277048,223394.33383254652,232409.3462228387,219233.69651330574
0.13499224312343958,0.32763226005417023,1.169162383226691,0.1747558949069873,0.21564286788769857,0.23225452145677794,0.9373400384857752,1.5405536834716846,0.8800845725989509,4.416283383085207,37.65653979322036,546.4560031382962,4372.8959734972,42554.276819086524,66347.4912146108,67530.71591317139,63195.45224745982
0.2679580804764917,0.2400821046949035,1.2911659878221111,0.18053842444679874,0.23735457846561042,0.2872555949208231,0.9049541794231384,1.6272741301129954,0.8610013808597372,5.65178076534618,54.87037368569067,770.3256932512261,6263.640145989465,67819.13252197893,112408.35181742837,115983.6923797173,110652.07898219523
0.2903256547457463,0.2696800093896624,1.0543746158178813,0.1747922330580383,0.17714391900193358,0.2664066908380205,0.9324549123426888,1.5410280193387162,1.0162892309817066,11.29601089764333,91.55371231573203,1345.4760661923056,10740.239344170697,98000.25583596842,147458.69952713186,149159.75890291872,138859.99883951797
0.4793635434623892,0.33807296441951107,9.51067143089976,0.1750126416286597,0.24835573967563207,0.23417700905495922,0.9551359677221306,1.7251113913825133,0.902997056670646,10.304361979062518,102.93605860086463,1416.1721366256047,11474.455625753895,131871.28786849687,226044.03516823662,230705.24235098675,212683.70920241068
0.3774495813207134,0.2617991472306523,1.0906336036989406,0.13789497527997824,0.19835092603818946,0.3006189315991722,0.8703668065779948,1.4354691593970423,1.1792096581054112,23.053542179431865,187.3248515520478,2744.2692693417457,21819.898184628033,159500.3271556114,222955.10884176288,223079.70976481348,207163.97448658146
0.37750677907599994,0.2979909969811561,5.736607806412932,0.07295209430233246,0.23065238753664685,0.3076235708471446,0.8669430615932717,1.4155710120105118,1.1099785064468755,22.209973360479818,173.9018890505914,2585.403535120385,20489.488192976474,165366.05925066432,239033.89805301718,240256.0734139415,222973.2750665727
0.48081259810485266,0.21952786836585597,2.018881492565585,0.0881589103237041,0.24056052394978525,0.31616318762462925,0.8664233226703838,1.4176871888115046,1.0191809329220651,23.001366296108277,182.15528543315767,2722.7705523517966,21535.03998336472,186968.97943725248,279354.1829382383,282818.8878058731,264081.46991302265
0.2879475123307567,0.31689491503183564,5.275238500205384,0.05693364224182037,0.17104809024720957,0.31183049552966186,0.9105602141166282,1.4928077453119097,1.0731257814952353,15.77791404913154,123.58719898926621,1831.0650456690737,14497.48657386508,123292.12227566104,181355.15610745377,182003.13604192855,167102.1948960389
0.28661312100319286,0.27919512300118,2.5359493101430948,0.08797292587568482,0.24689966856214737,0.3208303137469253,0.9473124387562918,1.5877953438251846,0.9534858606627962,14.8687511665476,116.06886723782485,1710.7552920915482,13584.392042208836,113850.74796777859,163714.4298156698,162702.81452220184,147886.32264284254
0.2814048919760913,0.3369974121812992,1.2037590494998103,0.1232936621175049,0.1949781439246982,0.3981883011990674,0.9336789749750982,1.6140604782909307,0.8705049804816571,15.229987323909953,121.05693075207361,1771.9951337720336,14155.944876222375,109450.78378679321,152083.1426898019,151031.04859863914,137986.23611435835
0.40696004711750733,0.39266595468996845,9.4470876482636,0.06490509662464224,0.2219639389239232,0.24295464078735188,0.9740653454523707,1.4016192105986551,1.0260114701504428,19.70578820125366,158.15766990070128,2337.884484910921,18542.653596099404,169602.62366829393,255849.9093493679,258372.92597051244,238175.11400658046
0.46672487608212376,0.3300470017701503,2.871068175645828,0.1502589171298415,0.23000539373911322,0.37027715656050736,0.8862427855338789,1.6468795982117894,0.9463210431678013,25.19690319684147,197.55377469044782,2901.120747047139,23296.704818847247,181426.47899601125,251033.9399125352,249263.85222669292,228370.21565188558
0.3223842546329419,0.32407967160265977,8.798821147258689,0.06285904091941288,0.1562713608035999,0.32757104670003895,0.9843661200656181,1.707463271986658,1.1319179054497308,16.941478489214603,131.5677244926709,1907.312446752449,15189.807738095773,134305.9361645237,196781.2188073592,193607.85274609676,172297.52719602897
0.3692434078070881,0.2774433595342197,2.675614586849451,0.1644474363579299,0.20244976812639426,0.2125762015389184,0.8653859804836993,1.7148172586326655,0.8738174863588599,6.346468305781715,67.19302605729727,929.7990328303489,7406.775914007199,88164.8725773063,163813.48228998453,171083.71799814413,161613.11367417136
0.32052121011803086,0.2937640267218544,2.1875647905102387,0.06655638040557378,0.19104020647597522,0.36240735716280703,0.8850448775929102,1.5478584878663266,1.1889094993823184,24.812268047959535,199.7063939581856,2903.423727545929,22981.568567648806,152478.73733962292,205998.3967692135,203175.2065669844,185047.14777229258
0.22581265346543586,0.2032137008493836,7.585568996493421,0.0816136253288043,0.18128533517107287,0.24881092396992788,0.9456308731828523,1.5176196945004938,0.9197594470951601,2.746237897423331,37.028609878910885,501.35562264620614,3932.176919185526,52057.189031316906,111763.94772301264,119182.31658032982,111896.26369432872
0.3574130130633988,0.3482120266346054,5.332858264234331,0.11206198800889272,0.17430769903189633,0.23937476295995352,0.9447711286401451,1.4568858215291878,0.9086245348318039,10.922902666360661,98.04949192285275,1422.5597068754676,11323.216623404756,120360.94011505588,198555.99536545065,203020.22257605297,188346.0807597729
0.13814836184837245,0.27509744908551653,9.93507658303375,0.14916192450119464,0.1544045552536574,0.2592111850006912,0.9319630336827236,1.573452807276193,1.16468000819172,4.57533283308901,38.89652871924181,561.0486387480436,4505.779094532878,47218.92275059503,75840.82863476718,76724.20885164254,70384.20486280382
0.43252883571142464,0.35142032200249945,6.4762419504133595,0.11410607374378239,0.21438991377200295,0.315334778760849,0.9362040623444758,1.6723019571692572,1.0993956564629221,27.19404378990419,206.139004317475,3014.7150015597285,24052.423250658245,186951.1898223758,256978.90002240337,251529.55138877808,225646.8389410283
0.47295785024973147,0.21446905773804262,9.597204360144254,0.08870091071323055,0.19487418054218636,0.289678667761517,0.893506480930092,1.4324137828247907,0.9064440065586062,8.46868394542314,91.54244074338347,1276.7973719821414,10102.842800084702,126743.27904193339,245833.60579276553,258715.21694076693,244546.17481011513
0.18773624269226277,0.2263101348765451,5.286545425186322,0.1062066771683198,0.20192467481536186,0.2520959346377818,0.9860239859256302,1.4459779168172902,1.0220322123119603,5.113960908223739,48.05606757909095,685.894209984038,5469.6128782068645,60029.49293571572,100881.05956717106,103400.5320246381,95957.30935981218
0.4116439208431082,0.30904823479290117,5.09980677540004,0.10871002339909083,0.16547331110392366,0.2344331271375626,0.8811308176644276,1.4723266268283497,0.8251968178389256,7.925005812024395,81.89172672425208,1157.641991180235,9138.215209923907,111460.31134626255,211962.1685019904,222567.544286732,210027.41411105628
0.3911210791460704,0.2516010781082336,6.511613293015518,0.1091303190202597,0.21961787499129715,0.2187085030770245,0.9255604619164384,1.6503348093712982,1.0296991501869817,9.513297979968673,91.93847752597033,1303.7255240924967,10381.834002003341,118085.21535318477,206210.21190938036,210965.87797558817,193298.75335964072
0.15229814027949906,0.20849561684204224,2.822174020682461,0.12175762030935154,0.21700036697098513,0.21189705087547656,0.9786891674443614,1.510181616984579,1.0699503206919068,4.052937295038857,37.48112668801534,539.7651313249473,4289.3199076631645,46661.48074704812,78734.99806171471,80733.3353603195,74841.62894041493
0.18586435407377,0.24866080933487686,4.795179896505083,0.05407011562396877,0.2188159915027436,0.26799677701872926,0.9469336692225412,1.432142973425237,1.163721444095971,9.783960933680095,76.61183390950698,1140.4945561004386,9005.965049512939,78478.79382066267,116748.61104573077,117634.35561475834,108368.21060496895
0.29821569792888236,0.2929491538240417,9.200246420210082,0.18781386187446597,0.17581528967823085,0.2513924784054508,0.8725989737997656,1.7500894696435787,0.9918474851141597,5.942019353000484,60.98599592707929,841.786075008402,6791.540759508964,79477.29249508739,140480.08399488742,144491.50914107452,134340.2248398703
0.28235979976113584,0.3231963410537946,1.3178177002636673,0.11020107135968968,0.17740129725226914,0.3331296234364112,0.9410495396977017,1.678531192955609,0.8016313092596308,9.959694158562531,83.01012268796838,1202.5507057634347,9577.411699186356,91963.93842198253,143051.21391309975,144419.100610442,132328.65279891115
0.3468922402353519,0.3014933377279965,6.706811300407807,0.11545135325287398,0.20027223249890944,0.3703030962001217,0.8697187132203116,1.578642859393194,1.195125048457129,23.179810109665468,179.67855492663452,2636.9096675929513,20990.913709464097,154586.04464978696,211498.30066443613,208688.9979698758,190220.46480579054
0.20208046159223564,0.2956506615314135,4.608256550628135,0.14620408632748255,0.24845878904655763,0.2038680286944866,0.8905086723274734,1.6083540073261422,0.8006768527283636,2.9745327848284533,34.26153921061554,469.2144094116591,3724.2873518580036,46722.3286185327,91141.344098789,95901.05905808778,90998.31260158683
0.43051282290886905,0.21725975192791988,8.31384710821159,0.08108142221169286,0.18535242613024888,0.2958461268955781,0.8491603175816359,1.5424490304578624,0.9877283196490677,9.795230087849356,99.4012994121991,1419.0332440284958,11275.797469609213,131057.43513820057,235213.49765888142,243663.1490683709,227208.0512398847
0.2903460216707835,0.3114880280855935,7.905385980000645,0.11984347659979801,0.1833493337160162,0.2786982392828365,0.8464752605226313,1.4498826039250094,0.9860378031354531,10.163214073359772,86.16581367580534,1278.2196161494787,10171.605239851107,103450.23549322871,165639.46359858246,169095.02153233293,158131.70191616713
0.4953107743808567,0.27729588732091637,2.0957256318309394,0.18617041805439044,0.16327470284549309,0.25539641934489954,0.8955881284720847,1.6523644940660887,1.1110301583617412,20.471892693352682,161.81908665321123,2365.1593290295245,18876.0853186145,171727.14929834614,256742.65189770836,258106.5111722781,237588.05103571957
0.3494299179005177,0.3646934614796095,8.497654899639521,0.12181611641791486,0.15161180987113493,0.3329878012986113,0.9433404497538008,1.764446372132294,0.8746556472435815,10.067362467246593,90.08878095690292,1270.6203208661323,10214.656448017384,109919.85416738401,180364.38832569803,181695.3971401177,164271.23898430588
0.4170489600585452,0.30902611061029545,6.651581941017598,0.14195596744104522,0.21526384422970815,0.3896044449289337,0.8739412290143197,1.43713911048389,0.9847458999588784,20.643491182142725,165.409950197441,2455.115620836175,19637.44383399685,164815.36899040066,236567.40925043623,237656.85405706588,221525.2664440393
0.42801394592813924,0.2775887942045138,4.041786572892088,0.06635810840848469,0.2114492407671559,0.26444449204312337,0.9624068217741857,1.525211838177696,0.9686787918655623,16.59557305160795,139.41049676917885,2033.2074007313151,16074.214672742448,158186.85104993882,249782.87038346744,252456.3518954283,230990.8809216149
0.309387701605492,0.23555376398351482,6.459267513781096,0.10704732576529533,0.2464531767948507,0.24135739757223998,0.8991364242538404,1.6550128875655707,1.17805249491065,12.509744168899934,101.56357224806106,1478.7739425050222,11801.062302230686,113995.1478712663,175341.68368956354,175528.70505910306,159585.45958664714
0.379220882931529,0.24904465061184056,5.611257815509633,0.16947499198588611,0.16618555424006934,0.26128978057880675,0.9433519075894068,1.426459868637986,0.8169626186054912,4.067342428369383,55.30904975816106,737.8057056047122,5866.111853688875,77799.7175337898,160356.55792819444,170897.98630336358,165257.38220916557
0.28505540247808653,0.2853466956496131,6.774028759226279,0.1467503813289298,0.20913647676211045,0.22511853209914157,0.9553839346929046,1.4156359516231611,0.9504244023447123,6.856692245298296,66.64807201120172,947.2469167534481,7587.05789278535,86172.1577866091,147908.21572124015,152514.72322280667,143160.91576659193
0.3296420592477518,0.20834734565380053,7.331769622304694,0.0762366776385922,0.2143471510216502,0.22570264023951658,0.9125890972123699,1.645362208017826,0.810120132666111,2.322538179511466,40.311570313176716,536.1069020732199,4103.821410539075,57928.510581585986,146803.49622061235,161486.81928327284,152859.5071270701
0.2910293741570459,0.36272139192509667,8.897328352521438,0.11552314035673375,0.19120797433113945,0.3292216389903009,0.9653394507640357,1.4419335076722615,0.8133439183474364,8.881091185692966,79.02865112445315,1142.6829853215427,9174.833276659761,97405.60091231225,157221.00384906295,160163.0873316034,148819.04753283813
0.30180620454536966,0.20507776599730293,9.626266040728254,0.0543694441547425,0.15873298820411014,0.2592540062480496,0.8993023639906041,1.6936386374623966,0.9618974346011359,3.5214546742217365,48.97530808456077,655.112465913197,5111.770693213151,68230.4055383022,153567.61801822396,164278.05468958718,152057.49635740975
0.37077903998835926,0.340709125277966,6.500866092523202,0.14178376064331014,0.24438409522342083,0.24911579878764664,0.878154584787457,1.539697473964308,1.1914123673118655,22.113666094059333,171.5015473524978,2530.3092367128775,20155.000949642475,159252.4233017286,223368.9099058669,221724.1623118868,203059.7289486792
0.44875748655310244,0.22564073063778045,2.2546429597319926,0.1536649022191584,0.21272759815134226,0.30337896431519734,0.9506599533840703,1.4355800753907024,1.0668362625260879,18.608195887710405,153.47733859333442,2265.34646192736,18105.573211340845,160966.5131371936,236906.7015261207,239174.22297198305,223305.29851787255
0.14135353012585014,0.3695719617600826,7.0738153789838645,0.10498559391271957,0.19900257894844423,0.22633755220259824,0.8960249635481842,1.4583817140039632,0.9853470319362081,5.455388718108385,45.495404518922484,668.995587196682,5305.073728498738,52698.21767819352,83268.03389898568,84613.08536133631,78451.85180828298
0.19340035739888195,0.3127164458099702,8.726033909075934,0.14323127908080355,0.23074102156106316,0.24952801996080032,0.882586237549494,1.4400466530181157,0.9733640432747844,6.275035118103366,54.487787650695616,797.8668096433256,6389.41781218564,66373.73698482469,106450.52026402586,108646.42670966379,101662.0088524967
0.2420132623652326,0.3515654447608529,4.001677938949613,0.07558480701737472,0.20874867585477136,0.3679283824186258,0.954004803129733,1.4358694280394801,0.8766649665012305,13.402163654031124,104.51298285473383,1545.9949673098615,12266.498625953804,101473.32000640675,145791.80982037727,145789.00774726318,134078.23190076603
0.4203410936282078,0.31514520262254264,5.822558717102481,0.1339827048030589,0.20514743422965667,0.2396874709953626,0.9040645262634293,1.5365967466125925,0.9567019726947397,13.355363058699087,115.36920969915765,1673.0044486949462,13370.453864415129,139935.2116446845,226649.75422462454,230742.30528078717,213773.411066367
0.18551079588096686,0.32722800157661774,7.3183501405650695,0.15913488289304464,0.19136247004231757,0.2468704168423797,0.8592930448981138,1.7408553018340984,1.0474156224834692,6.368706204610914,54.046589124619686,774.0600447039454,6216.156959521646,62696.14963641473,98645.84779042569,99188.85283904758,90464.06666808277
0.30686551495068504,0.3843010534306084,7.475809798121195,0.17042157852728684,0.20500078177789363,0.27428521227986136,0.9462524447816351,1.6048410916571119,1.1348677382798564,17.943745157995792,137.22902570946127,2016.9430570455715,16128.149374898845,128553.50723314958,177534.72603813908,174831.99590118328,158196.86342728854
0.35699019472018056,0.32016227965184096,6.059609573535656,0.05034803759573345,0.24118509054581608,0.2702641664273404,0.9475521121951305,1.4910650271128767,1.0169762069744104,18.295445227711056,143.23955847720188,2126.260758377442,16836.263316826313,149540.3848534918,223322.0064475374,224361.93108906207,205406.21573909634
0.36362051828527864,0.20384230846341947,8.466548384885444,0.12613912423937684,0.21584671761057675,0.2024019810096541,0.9495725647311911,1.6812375665857386,0.9861973715058794,3.4431142031645434,52.11993727444338,682.4056533750618,5363.409161999615,72531.58312887276,161749.1667274294,172869.02224904674,162088.38690778668
0.15863199164438302,0.2318118407230357,9.539534830380191,0.1501021989002313,0.23408382833188648,0.36150869766827853,0.9274898341182357,1.6472024973520525,1.1135185196463886,6.592078260829042,52.03185746047458,754.8356741149954,6103.054260775704,56769.646752632514,83285.97544519181,83150.73105771966,76086.1374679894
0.20140432796137908,0.39570490979079087,3.0269193820020974,0.11658015886611381,0.16068516983869383,0.39420107688514655,0.9781506220605917,1.416529457681913,1.1162484316783328,15.78096763994235,131.86959786183215,1913.464922230238,15183.116617312553,96339.75247789486,126678.71699581336,124733.45514107608,113991.17150914046
0.11399163434394577,0.22609673011696307,4.811121536315989,0.05656272151881232,0.15479048609360166,0.2780776708326881,0.8703025066800257,1.6290213856629023,0.8689342928555202,1.9694923622380955,21.347250980830058,297.6849338788552,2324.2516501052373,29199.632375767076,59479.23205169398,62861.01925128783,58484.403092793196
0.4984076500329745,0.2504564507993926,8.161748729711688,0.056171646170060555,0.15286379598557162,0.27141676854099805,0.9734228562311228,1.5303535666524923,0.9724381022612337,10.4005963982106,111.65543488143508,1561.610407161866,12359.822724019756,148490.54495532135,277999.26337706717,289021.5023036551,266447.77947849117
0.40020383428422535,0.33447437938303237,5.551900082465536,0.12156880531492417,0.20560577876365704,0.24119843936998747,0.890253096914679,1.6785063714726094,0.8615482045500794,9.806058482162717,92.72652004286833,1320.207972463918,10545.553826490648,118438.29274012409,204684.337152524,209609.06184900182,193107.04588716011
0.311652663685554,0.30004747664488696,6.896338281247083,0.19641603357681942,0.20173364561185858,0.2347215016014219,0.9386105705672317,1.6702589786930977,0.9866360245999268,7.244713140669605,69.64994486589698,976.0222996810214,7896.59746400283,88133.61366817023,147655.57543680543,150796.39634414169,140068.6684806672
0.4501924641687285,0.23996544866804828,9.836387544187216,0.0696580043326113,0.18824924644166857,0.305304633349579,0.8609369627281233,1.4233556258004685,0.9201728761718417,10.58644386678094,104.89468808459283,1502.1032471281735,11918.73974616046,139891.87546033572,253391.03925098633,264203.8996758112,248674.4754612782
0.27190474715108415,0.32391060083341505,4.562746746612172,0.1887044641489385,0.16936807783862584,0.32138916387375344,0.8613405922010715,1.6093880695022689,0.8178298135202713,6.101089351491743,57.472261691052225,816.520990088843,6624.428593884002,73448.68408647683,123148.30436987302,126937.75197697805,120583.1013520383
0.373357333217069,0.3223271021903683,7.546772148192282,0.1553956275558517,0.23298691681290878,0.30921233580913843,0.8884363809639747,1.657855096511832,1.1459347858740485,21.61399204153602,164.51766500452882,2417.7512027857733,19392.22445495943,154301.6524932872,213772.03218956327,210780.53840578653,191170.4147519898
0.1133161580006366,0.22036794138973384,4.738349628659978,0.13914372905385525,0.19686286248200074,0.3253764595367078,0.9314512703950277,1.5321744949789724,0.9865143857459697,3.3206691972038618,29.163917068857803,420.80964278379287,3392.1983441071843,35388.05634901162,56624.580016871114,57732.859718002204,53956.363836526136
0.30509816869108697,0.35019901893387534,9.446913031676484,0.18248059168377,0.15953833188939467,0.3235318256413962,0.9502470898000115,1.4408753762055553,1.0726608872625325,13.732864183411229,111.32793487070458,1650.0385456983424,13200.513742418994,117974.94235482957,171478.42766559843,171917.4959493807,159010.0138712223
0.24294368649949508,0.28370114780195105,8.564738142327467,0.07406823816942144,0.2453629069197918,0.3448899187065232,0.9794416994935081,1.7163429935180208,1.1815848791692543,15.81953161766087,120.21099628968211,1745.2399467679527,13927.653007724386,108373.93090861614,148663.4868980719,144433.56655456725,128021.99632530483
0.15368162438024197,0.37108304659309044,5.754478381002582,0.11706101366526915,0.24771088248144407,0.24372946650551486,0.938385346659522,1.5867212207293344,1.0392447615958496,8.213992364853855,63.16704959672247,934.043348404074,7432.828587190096,63106.67571833294,90496.31257120696,89688.69297934372,81362.60134337455
0.37606813492078217,0.25253601211763843,1.152533414208404,0.13010643013970696,0.16508798976725614,0.2254630561775981,0.9418701767634197,1.4867712042192132,0.8173120232316388,6.126236413530574,65.3802751129957,915.7120153216401,7180.472253872212,87902.29474120127,171104.33163505612,181116.66089025393,172736.61079054885
0.14109257011970144,0.34783656928212936,7.517137806673236,0.19193162743271303,0.16960444679936518,0.3606648348107846,0.9488538872169485,1.5239331887207408,0.8203970235456222,3.5774467946989015,32.728889348316144,465.91020795456507,3803.959328563607,41020.84115964674,65853.45064389022,67305.01392730884,63521.23393137303
0.4278824372618417,0.3693811154115955,1.3246998206121412,0.08077728720016647,0.215405966312704,0.24244881468872392,0.9880549202675598,1.6269463704010447,1.0781119453909978,30.012628327380675,235.14692674158906,3397.706034559629,26831.86578280361,192809.84205472274,263486.029407265,257836.76178615153,230658.58906036368
0.11585687430190982,0.3031419311223902,9.980195419849952,0.05854829956120276,0.18373886528045413,0.37543695577830266,0.9071299960079883,1.5366738377361773,1.1456940431310514,6.961822970649779,53.552484389613674,791.6305017663882,6295.775644412198,51497.566378907286,73739.61330731146,73398.24481531448,66957.47191996466
0.49818890344945266,0.33809413423860113,9.709017639717677,0.1958628409114918,0.22423180177798893,0.3089693250202431,0.9123464907226275,1.498213934418497,1.1825771037242658,28.59467635977345,221.4019390076908,3273.117911199025,26241.529001763105,207394.90721758644,286768.0948138635,284817.7545582567,261963.40917432867
0.2836563934157378,0.36674223511041454,7.673110280958837,0.1504172871045163,0.1860919573497649,0.21392316935629885,0.9774008919627473,1.7300428496915972,1.191857360384127,13.0477922505666,104.49690398526947,1506.0589236575954,12048.19133908563,109918.33167792368,161635.1847903868,159051.3782268324,141767.13968147794
0.32337911256503427,0.3486985774582081,4.177020755152137,0.18495963535913662,0.17889557586710308,0.2752236695918404,0.860920188370989,1.6962649759359734,1.0644844039513335,15.020102823997545,118.72411710446754,1741.4902213385055,13961.541123233437,120615.01018433075,174546.5396764157,173955.0959173896,158958.7785509076
0.1571913516731907,0.3081579523958034,4.910065330185528,0.09736845882597464,0.2048261076122326,0.32158948035747936,0.8786042971063183,1.7214008251758448,1.120279126138299,9.565527597444273,72.9265665946747,1065.7944709347091,8491.063485346393,67029.39061395472,93738.25536069386,92007.73431819957,82712.3411704725
0.3682415808474516,0.3732166377383199,3.2698916967744402,0.08212962090812974,0.23346513457334242,0.23538746553446802,0.8611734151742938,1.768549235380795,1.154762351065296,24.77165656006971,192.7859542560195,2795.131929437459,22152.338942935505,165171.35762613322,228779.89835780658,223490.00116313162,199848.00815929266
0.24826225373227256,0.36731014345443685,1.0197360261676602,0.136131625657128,0.23887379594466918,0.3873865646516232,0.8953754620208463,1.4810866239795901,0.9338747938525185,16.53351469148139,137.3819202565074,2002.5384081376335,15979.062607831616,106778.21744483926,143534.88334659758,142468.85044919886,131465.51789245784
0.38963283053453157,0.34260671955579586,1.2378209895810852,0.160338843179683,0.20682199924166295,0.29015914158826495,0.9537518183511223,1.6339333970300012,1.1441939173013493,27.994161675919077,223.07902227443824,3220.972222460573,25636.969332777935,170237.200729959,224324.70127003733,219386.67802795552,197678.50831226833
0.33417080438161373,0.2287010809697363,7.796520978552225,0.07778383334946724,0.23693096368804012,0.2596103723699445,0.8447156356003878,1.6780396770014248,1.159702920021765,12.866972802654445,106.2649991603839,1539.0429112098107,12265.119399986692,122600.07102750767,194806.83802755256,196081.8980457028,178799.21412213737
0.14072412002264667,0.3657404143125108,4.127404997720946,0.15701935599251915,0.18157132594578124,0.38555483827346554,0.8740088237175336,1.573391682410959,1.0442740001088047,8.91078872039121,70.35797103747588,1030.1465392338303,8234.566583890819,59773.3939099603,81252.42384247704,80402.28028757864,73647.56141513311
0.20719073058691306,0.22346577510865823,5.151834629714417,0.07610468458326476,0.19869232913701065,0.20080585100453896,0.9096720285009344,1.708869381323274,1.0012652856220796,3.542549183482345,39.79556563072031,547.3191998333458,4293.225583294543,53389.74944623307,106756.08645455536,111626.11528876153,102479.43925759719
0.2740791031321743,0.3007235962567655,6.900784472001496,0.14083472597407587,0.15164276635338012,0.30040850427827365,0.9093761537212115,1.5453338425927299,1.110423849282959,11.746267506741274,95.0525186304676,1397.3015432835975,11139.914108262392,103605.2650464049,155418.32161328476,155970.07639243128,143246.5317288857
0.10675029637898295,0.33830763965902744,6.415767297280033,0.15065980990212283,0.1994237889113901,0.31062505587143396,0.9172611402821942,1.647768036839826,0.9726980107084385,4.560648788743452,35.91989980882185,522.7691580071853,4197.828098970055,38738.46699101971,57254.62442375865,57189.21360594195,52227.778642497804
0.3060580688246167,0.2907335064662294,1.9732925534485508,0.19780639519957915,0.2384545412497227,0.3966408331099542,0.9075561110720795,1.497980637876348,1.0854988754672403,18.36351575547745,151.45436666839925,2217.3018171288386,17845.601430789684,123724.62005080628,165634.91526841943,164781.38949460295,152898.40926823745
0.22663315441201692,0.305075042932,2.7663093546572775,0.06216003580425321,0.21309627908216489,0.30581213469860824,0.8592109127689467,1.4424368666882443,0.8843203332608124,10.282416471951075,82.70683555875978,1235.2833406862135,9746.683249735424,88761.44986884954,136523.77273754808,138694.38983772285,129143.43864041347
0.24269276158011654,0.38278685784614763,3.7903390915472546,0.16563662954295744,0.22945259626888884,0.25878753409040545,0.8683135554916084,1.7085723290160806,1.0647466644726284,14.04970239135837,107.18071413438582,1572.3250662254593,12578.829245889114,98567.40794283652,136968.68621094272,135084.52309908211,122366.02456368384
0.11356660985737621,0.277687193415849,7.232690373330776,0.14081979232569752,0.16116104083560423,0.3439889871181031,0.8582277061831011,1.4360739678184606,0.9077381616801988,3.1904033002905665,28.591313921134308,417.0101745042731,3342.890307869949,36029.83604908877,59458.95001808056,61143.62566237904,57796.143416212675
0.4391432151933885,0.2826775075146973,1.0390655197258156,0.16878982654134128,0.23797409530125874,0.2967964387869569,0.929157667677888,1.5338181332303042,1.1122756914349838,26.585125693981492,214.02110084257893,3115.7215509403068,24906.794293331714,178906.11096485052,243127.6749479144,241307.3131537312,221739.1037675496
0.19193472845569334,0.3984975159409006,3.146482654666137,0.10328326043121965,0.24424026008811184,0.2912352358522674,0.889275283812359,1.544180280776907,0.8941743417086521,10.758125147498502,83.46375714912769,1233.670128503417,9805.759750133717,79315.6859393335,113040.51333075858,112606.81187565302,103211.47158520957
0.20355346700752525,0.2520793153915441,4.602582059646753,0.09318677643263885,0.19832430545399693,0.34538883449599855,0.9810011613894993,1.756524327968779,0.9915402893928453,8.047759758299858,65.9715334556658,942.8119550668406,7530.291546281503,71961.43262932262,109253.72825156234,108429.48601461436,97025.43591025888
0.47838920872181157,0.3455303292805134,4.5591052034619475,0.09992069323583208,0.16465352629000798,0.2523003556485111,0.8599177540031124,1.4498157408241061,0.8343304837796139,12.83817080793002,119.36493259546975,1734.2050162103328,13753.352051025753,152394.8625201416,263801.1811718345,273075.92230855476,256459.3576081778
0.11526158716240423,0.2576902408432357,6.345794521225939,0.12441335010567395,0.21774209144374673,0.29001564332294,0.9444869546391961,1.5047404647144687,1.1292505440366807,5.250144163956533,42.316679217072306,626.5206519360306,4991.500854961146,44822.9118289354,65818.87973752007,65856.07041391302,60434.19222395893
0.28688164634784286,0.24920133709609196,3.914102967362681,0.143694516508992,0.19625738098972828,0.22949172399766612,0.9307653081280242,1.5641756026486355,0.8344588630811175,3.656298932526022,45.420502232224656,615.2881640256466,4869.095863303305,62394.20056329188,125460.59366131984,132869.5684764032,126667.09506330136
0.26775569865890075,0.21885726836100933,2.2443263572179863,0.06530387758887495,0.2056596289362313,0.21819508626735884,0.9193077242727603,1.4112049977372636,0.9570167003313825,7.161526009142298,66.79685081345978,969.2452558312839,7620.5606007551405,84698.1424798358,149985.41330327117,156112.1949319583,146365.52625728096
0.13629810924489863,0.3970711892043435,3.7665939184635606,0.11365280601471396,0.16666529361414045,0.3322714347731226,0.9609287445274142,1.4512493478623418,1.1669470814977563,10.330945534021716,84.81284237699533,1231.480514000431,9757.526065742575,64827.27653665341,86309.6795577231,85033.89647504124,77572.66618927641
0.30620116953452264,0.20540466263292184,1.409841403170223,0.18748641399984606,0.1522195593795487,0.30640829259518876,0.875159018648485,1.480003150904097,0.9940768260402039,7.310365119252747,67.86822053381451,975.672658951697,7885.39679057863,84495.75592785743,140507.16885490797,145382.71518566375,139175.77547820797
0.24871206000869647,0.3214022962569207,9.87328537209678,0.18657286334625983,0.2028605351470263,0.20970414344677613,0.9430769809119858,1.4981508858633448,0.9280990525190944,4.498031389835078,48.875631404684384,673.0416646115261,5408.899488329001,65985.64055004744,120684.14659008064,125353.63891840368,118037.13882742429
0.4843524351565096,0.2924087979618806,5.455724376918733,0.19616886142382406,0.2064956400308933,0.2240774794423449,0.9405380406996092,1.5779913529259417,1.0770345087813122,15.932577998991205,135.26389207056243,1956.750981177606,15748.625191889618,158965.5906992964,247730.76467868837,250574.82766406078,231803.2511963053
0.28666267519463207,0.24716223977321441,8.588383587475105,0.12525712600874095,0.24308724747719285,0.2521919346337491,0.9793479854539708,1.7145115065460022,0.9594863757734177,5.634635810372184,59.04789582102358,806.6019755943743,6478.171665901669,76978.43904257606,138162.94245081762,141658.8351727286,129755.48692080288
0.4188588652116362,0.3555076835741166,5.752197325624516,0.1386384874561347,0.18575247972599274,0.391461738963047,0.9580084124579427,1.4830661779075804,0.9706312776010171,23.439846124077633,183.32704029521182,2693.7026053014797,21559.733622856707,172031.02694431192,238995.00190781517,237484.2502536978,217911.75317621688
0.12262210964979775,0.38595010813234276,5.70286516434843,0.07242517045541597,0.18430353657946696,0.2192548199949365,0.8652283842172901,1.6717661485231685,1.1563473757696268,6.636463078105214,51.49587187803365,759.891531057669,6021.159496779894,51851.06022450079,76562.74492081358,76149.40222790414,68973.6962589094
0.2699857954803908,0.35079326695794255,5.534373213686873,0.09249046146877812,0.22528808858420027,0.2716279804415142,0.9402554539972571,1.4090905912720812,1.0756201250537325,15.714533125415315,124.84390849982992,1841.2053291215211,14596.220552187995,117835.0813331441,168004.04941169,167985.02719348887,154809.26958236287
0.4702523901242698,0.3089851739493784,9.149228174660884,0.13699609263790286,0.2326068617029332,0.23123606822016796,0.93900388365362,1.7248034668053978,1.0976305585548862,16.882687808648118,142.80643550140226,2037.8881420221537,16378.528543962364,164748.50608918627,256540.86149295268,255966.28031674513,230667.1294649309
0.22395578584479298,0.23148050208919843,7.372244985316077,0.13892060736569506,0.19107149375601645,0.23407742912431206,0.8553723419220715,1.498469615993997,1.0337842619439133,4.814136402576089,48.47302686769201,689.4566956507717,5498.919667272376,64565.106950407404,115744.26139891785,120206.56382853992,113243.82508243162
0.4659994805589711,0.27361557289415966,8.99659695174563,0.11236857506027756,0.20253025533115943,0.2787726550761721,0.9778576936365257,1.6161264755606375,1.0414240002108854,15.307952456507646,132.6898337930888,1894.8401040700062,15196.091476057018,158860.17965521346,254133.02784389956,255780.2220832292,232374.2791272156
0.44500684491630926,0.34266239550254696,7.306410711914568,0.19702246057702794,0.23733487786252774,0.3296511802214339,0.9649247790599494,1.6060601539510873,1.1571175733631027,28.437883553420594,217.65764947242351,3178.7522744723433,25516.570012717315,187223.34261777264,248845.44041869693,244236.76585616844,221208.41080225617
0.1198950654129281,0.3978002214761778,8.762071513671964,0.07481885642399522,0.1668124104047384,0.27474244664654945,0.9380159462376698,1.4591722710073745,0.8246745218933603,3.389709257873927,31.615764443281268,454.500826081153,3620.263292318209,40210.30770072998,68920.45103159791,70887.16034301637,65731.794576643
0.35542773396410976,0.3270334693479879,6.579634445367263,0.16235470184765766,0.16173502304026272,0.3189809388700765,0.8928789046960711,1.7050752799424935,1.1958393415646953,20.448428108613314,154.54354129824836,2262.5021322108923,18116.063172099985,145789.23745638263,203090.4862394756,199804.36642093846,180252.46311630393
0.4228371141942878,0.3180990492609634,1.7084820093288213,0.15480689413814658,0.19836666490664848,0.2044831525840825,0.8574445660850533,1.597759168913651,1.0442188886389479,17.495429650208923,140.6655314501071,2084.2901173629048,16512.00433887299,151555.56353343165,231453.2058866879,233661.10254281593,215687.86929326618
0.44772443022032016,0.28169862807763885,7.768345729946214,0.07421084354290053,0.22504577684922986,0.25554738948597205,0.9846324948803296,1.6827518384635516,1.1549067012364942,20.675059033912664,165.9630589116799,2393.0024596102994,19060.395191266125,177265.34414736542,266283.1268687673,263435.55440373113,235442.1674279738
0.2896220788336226,0.3278647492434291,4.907170316490841,0.19525529462717817,0.17711221113147724,0.39656381687355746,0.883563703537874,1.452563304184168,0.9802669782704619,13.244221687454885,109.30707006034896,1609.6213409612121,12966.807882060344,108481.00234907362,154729.6035280167,155696.1977602781,145895.9156188602
0.20339916040990064,0.33950968728009023,8.243126139250384,0.12898949008992336,0.20851205188310135,0.32534688940345846,0.9652473172123799,1.5146478315805878,0.9037654999469201,7.749566997373733,64.03205239879475,926.9540962512336,7446.996153052244,72703.31583565824,110575.50451908162,111263.50906897568,102368.84998700763
0.2629440790471841,0.22460439820164285,1.4678840078845288,0.1430675967563274,0.2469001530833911,0.3269646177351686,0.9826017825512685,1.6213312549621401,1.133109320685916,14.620266642556548,116.18332959048567,1686.4636872915105,13490.977894997272,102643.90067463747,140306.5099495207,138675.65991572908,126021.94303716114
0.4993439697644987,0.20371988941896835,3.0198213732425794,0.09475930672291719,0.22177717061971947,0.3456019431146624,0.8895409434832178,1.7615988303379648,0.8970426110247163,13.086793443748789,116.81755859976442,1677.86585462447,13398.837277146393,144277.37112096802,242153.34242451497,247244.82215870553,227802.03756426397
0.39227266336277167,0.23817654573812325,6.087433775633501,0.06413534871617059,0.15646617971561097,0.24326594298439225,0.9007988443028646,1.756799247668485,0.8959914966211743,4.9114851861732856,64.74710578761771,877.2194204738386,6821.331164122889,89137.87569605582,194887.39771345438,207024.17051739612,190500.6140593925
0.29047785548346783,0.22746943982850126,6.672906752686787,0.11481295774289252,0.18532290906076726,0.30279690181884084,0.939958082305761,1.6344795806686636,1.1857993377952805,12.162287475642914,97.74151285355903,1419.011752892374,11346.410467576956,107586.22626335829,162440.8802708657,162167.0137139785,147164.98202306873
0.36469494811625947,0.21514435077165173,2.8084885066665435,0.06762860178096121,0.22657264896978796,0.2586500199007791,0.849198224178021,1.51087587845015,1.1345517279363408,16.52995655784698,133.79445035683074,1990.5340954372086,15702.296723107494,142950.73698638822,219517.34846569283,222187.39470600657,205602.4474015909
0.4780785433123197,0.3957822496401032,6.1177216499168825,0.1350330998231023,0.1519997692065853,0.3961395739852294,0.8749389456496808,1.5597767156178959,0.8495974639584183,19.974206000131367,162.69001514392716,2394.673444587178,19173.585758126104,175955.50538572867,262172.69594715285,263710.85999116296,243726.97797931725
0.4674570814153497,0.3698086020465904,4.048879360753064,0.13579823036499494,0.15610966993466682,0.35606909368957257,0.967319898000368,1.5945398179091603,1.0411484477152533,28.991479391883626,221.84145772009356,3252.8355966030927,25928.221218771447,197820.23392108997,270523.8366342002,266127.38996737386,240493.88748519905
0.1866094592200981,0.36618135612758607,2.481438724881777,0.18233297771411555,0.2422810786028093,0.3187874867954981,0.8481448266170072,1.5216031904880154,1.1003667867558595,12.352255484944225,102.22642895234856,1494.5559183942646,11933.869936450788,80631.60458160269,108678.64426012756,107836.22881046485,99505.99332757594
0.46811183150821944,0.292618523105884,6.8662463750935405,0.12767902300520395,0.2050262958863863,0.20830516087124976,0.944877996842127,1.483412662532251,1.1306349234786421,17.331021365886684,145.0133824105646,2122.0732779350415,16906.71594825253,169869.21814403989,267661.70146376186,270925.87854605954,249627.01962312157
0.3037634804767997,0.27366927442909095,9.107402333943867,0.16963889905586274,0.1573632118897185,0.2152523892647225,0.9827195577682398,1.5719988103629212,0.9634624071634479,3.7896661035641492,49.429242055840305,660.2470793526115,5244.58435380623,68463.2217539801,139586.1347818242,147075.1965970899,138109.02381065907
0.24501633380217838,0.2826756210726235,4.466852038183364,0.12484076223676449,0.19929390847299605,0.2802352796364319,0.9061988321038075,1.6714350872880135,0.8353543423643948,5.167892679766672,51.37105234014872,721.3168674156884,5776.417540567369,66411.731177407,117073.1328929767,120734.46390591165,112424.06365170957
0.15720080447763063,0.28613324555520514,1.2302256896586696,0.1435647602305683,0.17076351177306284,0.26566275498857944,0.887915319287061,1.7204688314408707,1.0812059429819003,7.456763044104116,58.80754658055999,856.956323575689,6812.4973061639,58055.20363369292,84927.26125021347,84609.7103751858,76858.84610634595
0.3399666333557341,0.37050491206031544,9.606734674562647,0.07152263186155543,0.2144433054922557,0.3743594264106714,0.9648187976164901,1.4926254738227867,0.8840961866990916,16.263502855565175,130.58097649229114,1928.8270281591772,15357.994955486842,138604.61987013512,204697.86302223877,204585.31531063886,186884.27747096223
0.3650708339734794,0.23989436596452487,9.236099293713613,0.09939648676189805,0.22389107519794438,0.37865091073785623,0.901399823106837,1.5559199741479195,1.1399277133248853,18.97170174184992,146.35078727110994,2165.1823234034055,17286.709900358102,148954.022583437,214679.5172886209,213678.60438169818,195356.15097173752
0.17913943005897065,0.2817147289298046,3.7996489880272413,0.061327807190205044,0.16238325259463848,0.2836396401724415,0.8524867059853299,1.7422105599275342,0.9196272838436088,5.313898303634241,47.87331981564585,688.2262025352856,5438.18403400366,58440.13923890061,100117.03559512348,101907.2003065505,92820.73969619456
0.37876810855781917,0.3026462746809782,9.115988149656454,0.13399814136627575,0.18036234773208484,0.30522220502993314,0.9131962381488105,1.6609993386839599,0.8476983274979857,7.360069115691758,76.3713407316468,1054.8525847150092,8485.377789285618,101157.02789596963,182244.66012211135,188121.92177981843,174964.48090213264
0.45615216853219964,0.3709994517427201,3.9787196262201476,0.07795628693956051,0.19638928085394394,0.2272805071795512,0.8468910077180272,1.6546112971389404,1.083507229252155,24.196235981099075,189.51671126312627,2793.785020497834,22091.142980154636,189595.5639712474,280534.1077296523,279601.9999384819,254297.44533768008
0.47382593680688256,0.3167236795516667,2.14874451972463,0.08954772154385252,0.2068904805488687,0.36932650648717824,0.9488065366854934,1.405478233121865,1.1697487070510062,37.46668983567043,313.3423050047897,4543.399631383578,36027.66700103422,228023.5926910649,302921.8234189901,299338.8851458287,274695.563285396
0.3573501088248281,0.3376501121337826,6.762878165612781,0.12078917166931306,0.20387370551540124,0.27990821189236187,0.8412172083464036,1.7401099334547165,0.8240100052009944,8.419257901440156,80.07115181312514,1141.9239950244746,9142.1754765621,103301.82480168629,179430.99988194858,183941.52509172526,169857.5499239704
0.2617470890842918,0.2303098550262253,4.542931766027236,0.08241943871290056,0.19173318024845273,0.3931665482638151,0.8412413508634481,1.6734925528901141,0.9392485829818957,9.843430295221484,80.03953941723054,1163.2279936819668,9272.617055130448,91139.36965016944,143137.4546333931,144516.11044523062,132633.86845986402
0.4960372251766423,0.29499318966768534,7.777138481786961,0.1857097502687362,0.2476829952206959,0.2597846324529015,0.9181206560227712,1.7227251670937274,1.0504055505504422,17.16284334776156,144.11445892789666,2044.5376266128508,16586.27420956393,163656.7268222759,249186.85509570866,249953.8627875251,228830.38725543095
0.36624328781110205,0.2342353667485989,6.046560546367374,0.10238701993327728,0.23185766535300117,0.3218303072546616,0.9760700287108517,1.6971565203255896,1.0344540408924958,13.921103920264448,115.01757406612822,1642.3615470322848,13170.942143252983,128434.70772723439,196083.08776230246,195506.32344262133,176291.1568312817
0.32190340431596487,0.3871714721602228,4.658986926663477,0.09310427880088179,0.20638514922803877,0.35358074982097404,0.9811831006650709,1.6701906517414398,0.9960136547794448,21.827833131047054,167.39968916120006,2434.6918201458698,19365.202840169586,143057.0325155148,193100.72754413125,188004.3691095609,167598.98551187903
0.4218217639200631,0.25483899420699635,9.027955671215178,0.1560177596042667,0.19467034172046538,0.3813920580915605,0.9429741152618377,1.6074135783448826,1.17312325991204,21.201549255248356,165.0692049158622,2425.4004449363356,19491.985046997033,165110.22612768016,232283.07570312885,230180.50670551305,209582.1604565312
0.3112414529557437,0.3721524106881362,6.253914963118652,0.19964061822834367,0.17224281707836964,0.30694434579441165,0.9732039814871443,1.5362483023939768,0.8288752068713656,7.947495515234891,72.74263030464556,1031.2748398450847,8388.560565112024,90481.6917092707,145813.94332363998,148881.4670803366,139899.33056283277
0.48638723965436803,0.29250284098323104,1.6799263885830105,0.13122304499814735,0.160736548704557,0.32950241750255826,0.8693871311727767,1.6805568205756662,1.093667107023587,27.502571911360377,215.15305661133272,3145.9013327751795,25059.666875052804,195537.65481076186,274986.21145077876,272342.9741882787,247500.22839231728
0.3770753652220896,0.3577096944751236,2.1558178714178524,0.07881883957400034,0.22571247934310262,0.3311872568439548,0.888353918063751,1.7254358317400142,0.9168230867942161,22.75993596156605,176.68140622655102,2572.3296545647427,20438.25327463158,158646.56834568988,222445.511722719,218601.14701524208,196442.02259740498
0.3934126666504095,0.270228918720897,2.4984539791089597,0.08317945105804514,0.16299109216788074,0.24657620698218136,0.9177895390944537,1.4525377260038226,0.8519677842223169,9.23359068124288,90.00544033073844,1286.5410832368068,10135.781345491816,116206.23940261547,210169.00602480432,219138.23000076818,205442.44924390505
0.20878950996207843,0.3424870661220315,9.964175856566891,0.05885911564088044,0.20623502423388868,0.32307010588241236,0.945217888906936,1.6702939497242317,1.0228328888716196,10.494150511112657,81.69508777356364,1190.6363337036676,9482.401964514493,85832.01308192563,127501.27706305929,126311.54022797085,113432.02245679607
0.36106205681727876,0.24809555212229958,2.17978656815231,0.15328611892000207,0.23480344697183758,0.22496246179804036,0.9269109784017857,1.7602142720875058,1.1341690287676067,14.890797382618704,118.72129752170538,1709.3792825644643,13645.690153812862,124950.49560284936,186942.40821327857,186492.80011124056,168894.81039532943
0.19316754289863736,0.2861272820938328,1.3863539020559226,0.11029385324580691,0.16871426283948046,0.3412998786659919,0.9582449610103972,1.4711127091968683,0.8260527260317703,6.804941615282727,57.23952800727625,832.2833687685282,6623.9301683162075,64241.908285271944,100495.9932532911,102318.92875308244,95361.22703443089
0.4900048878475375,0.38482436170423995,9.756711410027664,0.06079689966372371,0.24072617941387997,0.2699728288375931,0.9854277577044968,1.6301148111800565,1.0045878122817211,24.606570552990913,193.1582803730761,2815.5941913990255,22415.94806998023,202767.59696463242,300645.6298316209,297943.83278285974,267415.96260014887
0.40535117997118264,0.3134480139393595,9.33585856286455,0.18308814264101914,0.23739732384930223,0.22323307313527585,0.9832041368804001,1.7422586466706322,0.9151181184875496,6.5850731427154505,76.05577571738482,1017.1209384027397,8219.990363087534,99727.51287418565,181212.46310802194,186633.92472112388,172925.6033281592
0.1809262910981102,0.39404933411035825,5.813683735484796,0.056149196677631,0.2171655246049805,0.20831085576686248,0.9844527059511162,1.6441518998208398,0.925542785947131,6.406182028051646,55.4228118168321,795.5357605937897,6312.784928091344,65227.04714390016,106609.156187121,107484.08313639704,96977.38437394123
0.13510534454735185,0.21389264628926538,6.180629734858344,0.06751823666227016,0.1680865688923367,0.22622387585618983,0.9525974739773654,1.495360540533498,1.0463194749381413,2.6980694929008138,29.01788897308606,406.0867425303771,3198.552289217646,38882.18867914674,74103.557850318,77505.5506423779,71997.6812641826
0.18234285482784718,0.20113812803365053,4.4052355320287475,0.18402418320831065,0.1791716995931284,0.2557735628551312,0.9732025430025752,1.6607821306815902,1.0089921752121949,2.463064794062464,30.653291423780704,407.3712778830952,3280.753208054112,40451.788687415974,75695.50460571225,79029.88061640921,74871.9244752697
0.4613363990262028,0.3891275614342647,2.0414379858282645,0.18849692344924085,0.17828064005319702,0.3645270608523574,0.9842185885714896,1.5092882922013173,0.9548986857727932,26.479443704582714,214.692596729103,3126.3962422431864,25084.625032756958,184480.81435980197,248996.4365546526,246929.17665411314,226846.95123486366
0.2516858593750915,0.21133843096488064,3.363888001781324,0.1771366113429274,0.23442302007444782,0.35541599431826854,0.9415982064723296,1.5060105475271006,0.9326010368626929,6.596176290879483,58.74437138504141,839.8039310886338,6878.716273612958,71389.90772917992,112202.21243314815,114832.2570119777,109295.34305172758
0.19196307103261329,0.38366955522388074,2.4406013990771465,0.07643201825105157,0.21594912774145777,0.3441798249474317,0.9513759487130824,1.6737060776231574,0.9849881769899788,14.188349550963279,110.87932426863895,1600.3545139234966,12680.215001789667,87962.2452171489,117832.3305656193,114736.46198345246,102471.08606643915
0.19610368080965374,0.33542338566504193,6.430566791855744,0.1908242912343469,0.2272502163307101,0.3537675499615734,0.9087929061989897,1.7227237004224414,1.059188435886373,10.569375898477274,81.92366381259362,1187.6335111368915,9604.007297991458,75946.36052450241,103824.09711164077,102426.21134439188,92991.78048619039
0.36291021227591935,0.27500658262736105,6.12557008121467,0.07665818006713421,0.239693602609311,0.22951577693642408,0.988004430553074,1.4987435727098506,1.0466981916454818,13.566405121654316,114.93171781934514,1674.058562370765,13297.813100926438,133802.65248836883,212248.11817934754,214531.78551735892,196195.10337367828
0.39917828089188534,0.2652619937824626,9.29416540614121,0.1442051182172437,0.15958382469736038,0.39181783205283854,0.8459635561843704,1.4686537434050968,1.0877501355736463,16.623997725202788,136.21646411901074,2032.570342556475,16246.303363092682,150119.55409584788,225267.65508858228,227651.06702106126,212402.36474559666
0.45986338233340396,0.34335255139903986,7.907427233758079,0.05182317356727166,0.20422321845738226,0.33050402961905706,0.8584168132737049,1.466926174775707,0.9506244884910823,21.937275271616528,176.5506960947125,2629.4393736429693,20836.5110893844,189408.43649730206,288508.6432558971,292198.748857066,270871.63114018185
0.4265880238254173,0.34563187932486994,9.762493401365742,0.19409066526691454,0.24363197681323162,0.37318573736594396,0.9119090491165134,1.529301417693315,0.933983217713112,17.80377915076094,143.5405764219414,2108.197177632686,17101.180765156554,153068.96758494317,220355.40273256754,221173.61081956056,205988.17412257157
0.14683801197095603,0.2691324416142857,8.474687129135033,0.15212542108351212,0.16849742513124813,0.2963741621619146,0.868313435664582,1.4537435596515207,0.8469798717923626,2.504048196542309,26.85262210765766,374.3222573804892,2998.683380166139,37190.934335909995,69907.83963185424,73331.8026502005,70137.65853949267
0.43093693784617393,0.2178820911448159,3.2263396944565663,0.15541095302464314,0.21042578319380448,0.2800186489755595,0.8439418861146342,1.5108486361102096,1.0574623104725216,14.465581958929445,121.60371571891491,1785.7644894218517,14303.095569064573,141610.5245017401,222675.18166326117,227310.56910352554,213899.65957469263
0.21360973044446008,0.2683481888010145,9.3262701433266,0.11155871822375117,0.1902618542099096,0.2692890004460021,0.8830736718503812,1.665289581757655,0.8908682189752836,3.7481622339358087,40.67379119843896,561.4286893987685,4469.180194103281,55273.84170888593,105694.88696720402,110073.16224451852,102253.5468013541
0.4485280027591252,0.23025877304682665,3.673337044346159,0.1061569092848858,0.2475479528012742,0.3802303343318498,0.8829370756693287,1.5642526334423745,1.12739174541619,27.213653138498433,211.57005039848895,3100.2027145300794,24731.977308060752,188561.08782586356,261208.3575763602,259025.66961849597,237136.9353385998
0.11167600079001905,0.23672316636041724,6.184273687911556,0.05213253838837763,0.24648167935185056,0.3505726042199344,0.9757237619208834,1.6481420714661166,0.8434765957135455,3.072139403879614,28.852049833825344,410.86982830059117,3267.6337168755945,35967.01443698397,61096.974434612675,62026.48955268275,56268.20275919335
0.4250521156511087,0.39374751100355965,9.146565532566191,0.1205865603963075,0.15438194065670727,0.28105080201642113,0.9543411660275996,1.70185777568732,0.9622461508781183,14.802139557388132,127.13435586339165,1807.6731436018056,14488.261714067488,148327.50992390318,234794.15092361966,234836.99319867877,211579.18864389902
0.3601988298661667,0.20501050017253555,2.3593309655964294,0.08898765981215526,0.2486844645389957,0.39216929205403717,0.8769201898218133,1.5546753503761428,1.071745436805346,20.221818049855802,157.60409751086655,2328.61266411517,18540.91781520324,146669.8485160191,207566.53616454988,206898.39177824074,190054.8620109681
0.21384683172686614,0.2536375020664365,8.08737745484593,0.09056921729995726,0.21076976810063386,0.3633265967711198,0.9804839512299098,1.4825261479579945,1.137185848506061,11.679224042902394,90.73711037439782,1343.3410865254184,10703.370652576532,90071.32742682147,128272.35145595089,127442.18606907224,116199.13354034399
0.37419422412883774,0.20406019312142396,6.861007929150938,0.06145075114582723,0.2002706193073645,0.25471224874904086,0.8660881635594182,1.568019276145285,1.14426895377278,11.738020035910443,103.61027699795056,1506.8998082152498,11964.417727075172,128869.58931539874,218303.56228714675,223626.1750290956,206435.58440136802
0.17109779336587827,0.36015996278428963,3.0992133429224302,0.08380591280946728,0.24292776813919664,0.25496861774021273,0.8450543146500629,1.6833538954947387,0.8939985374480987,7.747403328045275,61.20371846169365,901.224946305905,7133.354429184585,65078.7561496797,98883.90943366878,98954.20425772057,90130.81022801792
0.31716232639474995,0.33246014649403044,2.3868047653560334,0.12175373589753564,0.1538566997149152,0.37467374342948767,0.9007669306622144,1.4447016947972662,1.0830058182168736,20.76622129322808,166.84142974586672,2441.333338656377,19394.298535014947,139453.9293946471,191966.19480146456,191044.88054217008,176243.50367633477
0.4002636531487538,0.24435174894451828,3.655994529117044,0.07688199958057387,0.2052977541107092,0.3013243907734574,0.944432363861359,1.5293948995795017,0.967567092256169,15.196273765803515,126.77931470335841,1850.999549667282,14672.57712083661,144169.43822848392,226619.0129696729,229152.04858894725,210373.62151407564
0.3567879532448186,0.2109245855824564,3.525227934159216,0.18877659623675108,0.1975420573490907,0.3938808208670108,0.8938424090808638,1.411919300558874,0.8843409694193947,7.4293146784807895,72.980207552835,1043.1142083484192,8572.836715167039,94357.93244853106,155016.89380182448,160381.80367547646,154868.8358862385
0.1062300648793098,0.2966857063346009,2.8566986129470546,0.07593742818200314,0.21004821398529197,0.3575078681359355,0.8930368390078859,1.6369485134575763,0.9422358695601154,5.692097946611189,44.306832760305184,654.1622112512456,5193.019184523434,43162.182373649426,62252.43485856803,61806.44897322349,56121.99293030444
0.12898110180345906,0.3629130026703048,9.61779766254303,0.05704432045302783,0.18157483803398217,0.3719739664861818,0.8681525316781069,1.4576512462986788,1.097285784706362,8.010926806115592,63.23654288787055,939.4258740648515,7449.137410869088,58702.52617462457,83972.41596032502,84137.45610195996,77689.0420470031
0.1199612174772279,0.2584768159934473,8.409900575239801,0.13795838207029948,0.1702899019481267,0.34028707679702286,0.8791118063026916,1.4700407189560798,1.0436289568786095,4.236782681316962,36.13916409108102,529.13485764163,4237.42331300575,42238.48381354913,65874.76762557456,66915.16425508657,62434.29551688154
0.10290531384287349,0.26640241952277094,7.824301944738611,0.08173333872245976,0.20006915030471173,0.21938755863362086,0.9867052120410971,1.5778291822053725,0.8474209117672749,1.2468728162399454,16.82354692430415,225.26373741988255,1767.4329809251874,23441.92474266844,50753.80558948054,53934.56428956624,50072.417303690214
0.14025272830769847,0.3182636135199286,9.346389048656704,0.07504070479241017,0.18453209508568222,0.30158350173585247,0.8754356879606748,1.514794451621207,1.0404282673697554,6.029723789986233,49.351841583801715,729.4832852394617,5793.65821538579,55212.27993427284,85244.47108601281,86104.42425062871,79356.28215914288
0.4209841758160021,0.23864547254126436,3.7720704480042735,0.16073692069154089,0.2429896486356129,0.32519520046254774,0.906114949914921,1.4601690856215062,1.0204266254813499,17.04091461009258,139.14227949371605,2048.688226517117,16453.758750705587,148762.76373234022,219465.14060228376,221826.30857120763,207993.52561394704
0.10139501924824229,0.3848338530847616,3.362975263832079,0.19672981661555206,0.21251270511989348,0.3534442301636,0.8713706859234792,1.7142738787507807,0.9391497802785376,5.1918586182089905,40.49285700564576,591.7672262547743,4785.692374581847,37793.31348743062,52271.96473787318,51936.58705211061,47664.65661693696
0.4684040988929762,0.2882829529869001,4.201280300205913,0.19239921107074187,0.20362872306904967,0.36948692212789563,0.9893709151938992,1.7571293338300176,1.0941161252873162,24.36266053452042,190.0455685009483,2725.4018564307544,22086.94840786964,174162.39607773226,236038.4668950782,232207.34918926275,209614.69164667398
0.3481996468851206,0.2360120461975385,1.9908145492183622,0.14881358632303648,0.19785143260698138,0.3459617018157882,0.9398791437992007,1.7695721429729545,1.1225120814713094,17.610546501527352,137.79041619384932,1990.3199015018117,15986.657225988996,129093.57203108394,180383.17145495905,178192.1663283294,160871.62349363597
0.17950410385871593,0.20356211839913663,3.7327372104382777,0.11391309991277207,0.23879968998284634,0.313194984468525,0.8632389113347212,1.761369709999879,0.8606298232284307,3.2705516086715214,33.946070145176826,467.83387986504255,3748.1810322709102,44045.38045738363,79873.08916514253,82936.30713513427,77969.37035142901
0.12124314996391874,0.36655949491223117,4.001843737872981,0.193826817040318,0.20200748682484002,0.2057152672982522,0.870466632521307,1.4758932197830466,1.1088113519035732,5.680391917315549,45.41593039639165,674.2200808756286,5364.531657177615,46881.04167297336,69009.59057263772,69465.833775169,64516.966428837484
0.25394388156831643,0.3669064251837348,4.787790431344136,0.09405745316524156,0.16708005842958576,0.36780418310639,0.8529882136701427,1.6060173136331832,1.1139373796777259,17.732417063581348,138.87354391825338,2029.0056113439678,16119.496464710657,115817.36749675414,158726.14722873506,156492.45527877993,142332.98349965113
0.19584331264196117,0.2086392526228562,8.23059763570734,0.11831068324605278,0.24715232372306106,0.3367777493295028,0.8994700818050524,1.463871416731663,0.906520734842266,4.5525958412504615,43.53969072887025,617.4831633486004,4984.591484850817,56951.04922792507,97551.29229368802,100691.25631609674,95192.13361323401
0.35830519419809737,0.25105091243661637,4.7457770167036095,0.11020022981345358,0.20097496017458613,0.20556785631704688,0.8440329059329799,1.528269612458005,0.9413536568208203,7.20363515870355,73.06544232399317,1044.2698253277756,8250.767142643488,99057.91064675695,185940.19855737052,194633.07272833667,183100.93721410437
0.3432739082611679,0.21565242891975678,5.786307008799223,0.08056250992570436,0.2279314741366859,0.3255016651520062,0.9627202631711943,1.50093320685489,1.1887887274108744,18.177886732552405,141.55644168256276,2099.083767947111,16675.977353747152,142519.43833970287,205899.49035566673,205092.5154246515,187140.142322504
0.3755522807636449,0.3650324352317316,5.419219253123844,0.0840848245046251,0.18719079715320744,0.2660558163272062,0.9218245338658815,1.5505021263641394,0.884787448843283,13.482827615789205,115.0927872352806,1680.3816592903281,13354.049758523895,134984.13764513054,215837.31785718352,218570.1353330933,200559.31915849002
0.3809747437087466,0.2401434696092696,6.544076700595386,0.15614511440591686,0.2075939185213068,0.32519232121314035,0.9533329743413307,1.5611237386467773,1.0922276457166606,14.993960762270335,122.15718317721955,1774.023204761068,14283.448765282386,134491.57091529603,199845.21939631738,200575.76893265924,184790.22278464987
0.4630911988140939,0.3789771555952117,4.279266793027106,0.054548531108825425,0.23228947732013627,0.3229709266083032,0.8919497135071165,1.7537643835795662,0.8226662965303723,21.571704961334145,170.64091467968657,2487.832728927044,19738.2555135463,180342.383737254,272643.4073950042,270473.04033562366,242910.1372241035
0.24100985848025858,0.29030309073998817,5.812753300305506,0.07626054556155468,0.16370574279416497,0.344877014184486,0.8888392947627308,1.639102868608902,0.9500572566643739,9.21499265820401,76.64018541787982,1115.9010006074416,8878.81847768488,87682.85073378487,138019.9644436059,138933.51415590075,126724.66556137419
0.47472566773065583,0.3868775974467521,9.91392541449263,0.17066438371342085,0.164920459310607,0.2846753084061624,0.9733914981608196,1.603814926876174,1.18562473723324,26.864477097111703,203.2198628305698,2996.6354865025633,23964.562249800958,198134.08284162945,276711.84749056475,272295.9751006083,245466.82021049657
0.3929812916604296,0.33622415853782806,8.250921859465095,0.06556639156396707,0.2384102961614731,0.2774091636152135,0.8594316080333377,1.6519138452485018,1.1438807364971946,23.22620429905096,177.71485248408237,2618.5296796649864,20817.46879276601,171855.00635283388,247490.10896480305,245272.509071421,222319.35816732998
0.32834551877825524,0.34966054264725593,4.785567330241179,0.1735529651440636,0.16345865882510127,0.20791991573526963,0.9471339501334788,1.5737932342383871,1.1479490200507216,14.24879566858122,113.45990346233238,1659.7857721823432,13199.822023440962,122693.1819957826,184122.95236445894,184283.122384022,168176.35448850927
0.1118426422888042,0.3038123952031528,5.682049360182802,0.09972437325894146,0.1512800157137007,0.36425830417832544,0.9004463838949134,1.6618111246319902,0.9348439492356796,4.316447480317956,35.02345409030082,507.277942311925,4051.437681526342,39699.0350201062,61653.676437622904,61928.9754426176,56434.92078366927
0.34263375643173044,0.20360157746041654,5.363525328222486,0.06686705549353794,0.21166129044949997,0.368977131508755,0.8546601883124499,1.526560359809138,0.8757167126711959,8.94898382991035,85.0460989059006,1227.148628002552,9765.06349965032,108117.39416123592,185893.08950829116,191645.01042431383,178890.87869164732
0.1288943183190909,0.2077530354889877,8.00745003442654,0.05775023936647804,0.24988576189950712,0.3584022106727791,0.8658124000500246,1.460355443729736,0.863738331028567,3.366490162608046,32.0799904498698,458.04511427223946,3645.9898269675323,41245.560703632844,71963.36627232845,74443.85638135059,69720.55499626433
0.29402352938396537,0.22983424691448764,9.757719215367025,0.15797558886971091,0.18288407256238812,0.2239527828518187,0.8483624249096134,1.7234871242103285,1.1164754289041763,5.449450715092609,58.17585521269566,805.5027065478413,6434.706126462984,77803.65513080602,144461.29669343104,149621.8473518482,138842.71508423175
0.36693097071159564,0.26195599697404853,8.473544511552458,0.06413551690793878,0.1839458327028657,0.3219528325093327,0.9299170151702979,1.7057392860035574,0.8007428390975453,5.81272351839215,68.63295077806936,933.6254902147255,7372.328284957237,92941.2829994583,185793.99194847632,193992.9125710433,177952.2327228326
0.4338113823198848,0.3210496638952432,1.665168824742255,0.07635142316161375,0.22555860971844094,0.34861491097991965,0.8691532144156268,1.4931907041596901,1.145417509584363,34.24422748021207,284.21346047959975,4120.871294852989,32630.679974802777,207621.77781208575,279174.536293738,276113.3865899356,253240.01422195477
0.2604630475115065,0.2847624682008031,7.210333170770343,0.055488632147923295,0.16837944853561973,0.22293131215293877,0.9786114783067452,1.5014382584449004,0.9267983613333544,5.096279025900905,55.778540164218164,773.6759374412408,6095.710773218866,74876.38995396068,144771.2957359502,151685.53203978096,140465.29062046483
0.13778617044602404,0.3789100821201893,5.872196205901629,0.15377682676182222,0.16823626761923813,0.2508734819126689,0.8569124835545273,1.5928901420381059,0.9821189593302551,5.2620598200677104,43.15383723178914,631.8861986751344,5042.067382607817,49156.808677967274,76262.5630350541,77015.86616278547,71031.90243915361
0.34870132842840845,0.21862203005094358,8.280859510085419,0.11880589185824465,0.17913465200696582,0.38689201603945167,0.9060036800157855,1.4073814535537068,0.860941695503209,7.3391714893075,72.79706986835498,1023.5562216292415,8235.77099815902,97179.7223278882,171795.78002975514,178554.07722123087,169943.22604945308
0.3621413445302172,0.34319363835917327,6.133363873496998,0.18738983963765643,0.2100094844942215,0.3284086640130422,0.8691285551752919,1.4756473834203472,0.9837909950993938,16.17043792267754,131.47622391403146,1946.0106308917125,15624.46218196161,135727.60268671563,196698.83206109007,198025.31177333818,184973.54188732995
0.31978323231180217,0.2290049298289684,5.305329672340365,0.1774582163090635,0.18742169785109805,0.3938170730533984,0.8819407398302914,1.4366320385740288,1.0401551119295913,11.7676605280777,98.89140085241883,1458.31450634479,11764.058475891667,109688.37289498534,164002.28272763288,166465.45498743682,157269.6597201871
0.423590716462807,0.23317523241783414,6.311782629233305,0.11089761393626975,0.16363194395608885,0.3768748989452883,0.9171958579915456,1.428017990076196,1.1602801467633213,20.967301342532878,165.81846746229766,2470.56780261435,19628.39753223373,170488.1116824184,248900.02085497868,249995.22493435198,231462.60176167305
0.2676351935468817,0.29220187178695384,4.871714089815455,0.141572100810248,0.16813642882368426,0.3407355938289296,0.9262548015638414,1.5845662290938847,0.9341846614402576,9.48835454156706,78.28493025561279,1132.921542838476,9100.076661035693,89727.65763181065,138463.23353955316,139919.20352809355,129336.457369472
0.24177350257441127,0.39850410020436716,4.622743426342092,0.10340382218781465,0.23546883727999365,0.37817188805495694,0.856176361787716,1.6725001635521772,0.8063422862770628,11.956687750018492,93.68965401216848,1376.3753398626095,10996.789233463014,93761.09033897985,135287.0574943939,134609.88798817416,122795.77994207852
0.17986031685448026,0.25785655219916925,4.629257123488522,0.17675468408942135,0.19232328669091883,0.36543940836326494,0.8819661178453955,1.6673959681889978,1.152950898752448,9.193474362599058,71.83663022575207,1053.480146494911,8485.350833797322,68744.65251633193,95997.62971480345,95365.73372935587,87329.84612635867
0.49612137572587356,0.3336359705659725,2.1161580619800944,0.14559600527255842,0.16956561767592304,0.29296489633267475,0.8449501489243629,1.4100780711378458,0.8438633975577707,16.94311221314483,143.7604146652775,2138.9287651995055,17001.177438705774,166386.61630165292,263647.1381798369,270391.52099725435,256042.97590862837
0.32385749605120606,0.28217814746496866,9.832677996963234,0.17229048238226669,0.19038145072018683,0.34176858336433524,0.9080930988290279,1.6780247082858393,0.8317286048457107,4.970506555044621,57.97470949728947,778.9597655869197,6338.4132128247375,77090.65276126047,139250.97932088934,144442.8187540824,136797.24951915033
0.2877067058724252,0.31382008917399445,8.984139699617609,0.16726364545883488,0.16530159526066832,0.3957943602376334,0.9239565451714502,1.680783666794605,1.0784207809210309,13.918400736303255,108.91987811823213,1587.020466887001,12803.93450591783,109964.75234493605,155539.01910912653,153999.5639375202,139766.02375300572
0.10858411581542451,0.31897214066940377,3.1505207049054627,0.09786988649419814,0.2345452666371215,0.33027679080617744,0.852758884262427,1.6164759300034868,0.8500683227240454,4.658485871230818,37.37021772643216,551.8990076252419,4390.954290370657,39925.90888058519,60069.90348440384,60403.42378458222,55585.3750264754
0.3460686761140017,0.34609478652738923,5.0068647277558,0.1045020523712807,0.1762911351408596,0.33578448979146047,0.8516169791309353,1.4239127169717012,0.8063223697069816,11.880762595633154,100.66810868613607,1492.223782011524,11857.901834141949,120071.02469771031,192691.04457848423,197306.3403518765,185408.99127983532
0.1936995559883514,0.3004734003685824,5.330788671936765,0.09381340553650963,0.15054984568808283,0.35268106588961645,0.9679064884141095,1.5334683109986922,1.1942568724429539,12.36955614997294,96.1835128597685,1408.225723797657,11180.079463781796,86101.8291198873,119264.32230248133,117689.45092798013,106620.89739912745
0.177824263365579,0.2334472432042476,1.058136329429269,0.13064318672539932,0.2269250447844131,0.2593189374947498,0.8944185776150491,1.6584712392258296,1.095199296623573,8.227545158264016,64.8388015624589,953.5653016986262,7567.019318986933,64972.66076952458,95460.55953812948,95523.49108140597,87392.45000034748
0.22824998099706928,0.34221368410001196,3.746802733934982,0.06570229612140469,0.1630972966559722,0.286469536082813,0.9400398109938428,1.6222292463487908,1.0683617809277195,12.762900499092586,99.65510349572372,1463.472428497074,11588.099067277233,96892.79595792854,140523.1810380091,139310.3060097611,125737.06375995922
0.3813910295830708,0.3842577591652878,5.697944239742188,0.1619754455637568,0.20553608489936914,0.2961763995206193,0.925178411955185,1.6894768000223748,0.9018661464505595,15.06169113174552,121.60604033074083,1754.0366256403915,14139.795825575966,132835.21569178128,197846.4723593614,197814.3122256835,180567.92279527828
0.4386229807780927,0.3461276015624577,3.0153197582072826,0.11020523985492477,0.16115542441410421,0.38960325530546974,0.9280227271769138,1.751358298614008,1.119413418140864,32.57691623268863,256.22581184344887,3674.4202598623683,29209.506342905566,198242.32595435347,261669.83775058313,253464.90342977556,225388.42420183666
0.2046781910342285,0.20489849541785968,2.5073509728013583,0.13989782510950952,0.23372464029094137,0.2311777353963344,0.8696108882188215,1.552488987538179,0.8250852256380385,2.3606156629157042,29.870514147088993,409.19481388027907,3228.073029475079,41671.79214777672,85275.98244016126,91019.39708913497,87942.06360691325
0.4156169995409743,0.3771599910194432,5.914451879751418,0.0816334397101538,0.15507877904310877,0.31095192935813987,0.955080016716742,1.462308578669884,1.1045016657002604,25.36604754718462,200.11200303951748,2948.87763338241,23374.160012036402,185462.34586929088,262334.3581275949,261159.31327798264,238814.1941301178
0.3377986688129204,0.3434706674252055,2.148458309431221,0.07091612618316877,0.21592088242563462,0.3452543939417616,0.9667837060904063,1.5285745983796306,0.9706175261919177,23.102740069400006,182.35095819869596,2648.947442563666,20968.237893893533,152028.93020245194,208279.8728328062,205424.74404661797,186211.9960531553
0.36297570014427394,0.3098967872958119,3.3548150256849243,0.1926423637609263,0.16311064471239012,0.29466464491448896,0.8689894245545897,1.5025231264365204,1.1067628714118736,17.28277701318648,139.02780566215515,2058.4911373330833,16467.065774270985,138644.0824028718,200170.4916544441,201132.23502900827,186967.2970516238
0.25272704509965793,0.24482025089345055,4.207882132595717,0.06245598753179307,0.22905159573507383,0.3502490017527502,0.9507791021983353,1.633372618922135,0.9241659033767013,10.241417266611851,83.96147511044025,1222.131118934987,9708.001611148631,93102.10447332804,143549.42054870146,143711.88821464186,130219.52981259082
0.11241032716319031,0.24062515287164615,4.354356171832979,0.1985398018061822,0.1898912630750559,0.2930518599030372,0.8741993405683594,1.5698420762656602,1.1952575264603653,4.792370742893765,38.77280161040156,568.7282921619401,4575.10483181409,40547.65359273187,59255.4849683436,59572.04880121603,55316.751480577186
0.3932221701763924,0.3527532307097968,8.91513157714536,0.1407572890215491,0.22259332973368745,0.23792519436750906,0.8630230618040977,1.730830331454314,1.197687730459468,20.469940298061115,158.3773398061194,2316.844311735379,18530.71344532419,159831.09379028736,230606.00060333495,227441.9301677632,204997.20531894738
0.3945566461750082,0.3472613718953826,2.079209977443555,0.17591257985046949,0.22281845609212436,0.27746570648140023,0.9608233628192657,1.6040661542389032,0.8808564316085807,15.351437608342453,124.19259905987768,1798.5262688205125,14462.68321467101,131972.71472234046,195053.75497037388,196191.00080048759,181601.22113927372
0.3254114989648896,0.24556484067610954,4.954109363231263,0.14121729987070689,0.16211702167287315,0.2542139649933528,0.9166614110616985,1.4075710781394193,1.009142973398797,8.572186037337497,79.00430402384302,1134.84352495321,9059.880628313516,100447.40104380055,170779.266803481,176317.17644788502,166119.69225516167
0.40534861375359177,0.2798285273449017,2.9738911373569654,0.10214294575690462,0.1700972590179305,0.22924112874748412,0.9053036887662139,1.680319896258657,0.8608617065995502,7.840189382605817,79.9662935636547,1121.1107003233856,8829.763170108732,105512.3227949887,199975.85415486648,208407.20473133755,192916.11833437506
0.4125092464965868,0.25320802142110216,8.815513893047026,0.07183708064238478,0.2346235448449699,0.33069185097517306,0.8666162853356216,1.6359221370431265,1.0629503290848312,18.252871392617926,145.486121982337,2134.9010074580756,17003.34571994153,160293.45845093913,244241.9682972597,244453.9311547095,222791.16051498326
0.49810466800865405,0.20468889313543093,5.374486045336084,0.16159180083894503,0.221831469516668,0.3837744428088991,0.8600427695728621,1.4797167560539837,0.8344922990966046,8.270712545993963,90.24017985993953,1241.456306430845,10159.966824270496,120603.6421120697,212098.28788574217,221206.28713399367,213822.82086469047
0.1545469747283384,0.27642030576859744,1.8005310984160396,0.154350045288565,0.24955795500778372,0.2650886289482359,0.912666128969756,1.7639282827556642,0.9332597181574519,5.2502136734036275,43.77027541988149,628.4096569433058,5047.5290705085845,48309.51861260576,74058.02293312168,74657.49746266018,68730.46397189006
0.2494793088855304,0.20859881830034357,3.324510369546916,0.09146321084632753,0.19690030397489341,0.25305758869658046,0.9162784048935153,1.5498534692563954,0.8798435772165842,4.388753515753837,46.52974390681875,652.9166518666641,5137.629367578476,63097.042121194216,122111.21117256291,128362.17326236994,120553.89781405698
0.4018961683044543,0.3707838327264764,7.292286092535453,0.17206277115285512,0.18852161060416153,0.24037032372046396,0.982383585314318,1.7510242266235916,0.9401530341792761,10.911635029663783,99.10650328595455,1395.1201726439383,11236.765682027004,121445.7223424616,198473.19045114532,200184.8562542118,181645.60958784504
0.40192746202523977,0.31170780033695583,6.022016920686943,0.07415062559555217,0.17013626683277194,0.23454705230836329,0.9614460339656279,1.6384510389101674,0.9633196265086392,10.71407585406669,102.41502137944555,1460.938195077417,11572.193966452587,129262.69175326293,224538.80173842364,228971.39889833136,208170.23707363772
0.2684503058382317,0.21374633296323076,1.328080044693269,0.08258786402052312,0.20296209392748282,0.32916864501751897,0.9507915740912536,1.5221425620754798,1.0477636458853463,13.384389084642088,105.36441668251997,1560.2149828649074,12337.852739202972,104721.39979017724,153456.81562306843,153648.40152731058,140717.29869262237
0.35762983449559627,0.39598328758490675,7.038854292993706,0.19113115036070794,0.2154756712352869,0.29237371809244894,0.8644864239805177,1.4061361557990146,1.0012942482606066,17.525764481003733,139.5641464531213,2079.290722404213,16627.825839110254,140876.07510855646,203689.6668487939,205114.5660684981,191925.24065316218
0.15358551036627643,0.3464029634494057,3.1341747467052383,0.19386024885685765,0.22078364462815403,0.24582942136818275,0.9597146766537482,1.634935339444874,1.1926163994548808,9.663152866459244,75.17546955383095,1094.300369083358,8738.791653635102,64279.85804495869,86544.30674933533,84948.94915918708,76681.4946730076
0.48513037172135487,0.3203391067839686,9.703031575937331,0.18158930002184553,0.23976459213726958,0.31901314250759916,0.9480699617134569,1.76026353669775,1.108437073488942,23.88282427783202,185.88108813503172,2668.5627192625184,21619.638211307185,184201.08275577243,257437.33886858166,253239.05621763496,227622.6915879828
0.26551357886688065,0.2760124404021591,4.320743546682612,0.15441277017276575,0.1593002718567035,0.39506333732662413,0.911717849563045,1.5063389578498565,0.9163517903927795,9.317814940689082,77.56902207658047,1132.5672991399463,9124.511984445095,88263.02585640608,134579.52468442539,136546.6441043401,127935.79156270598
0.40675576158957094,0.2031446701632479,2.583073511587348,0.16643801003530373,0.21896764778354794,0.2973293708597209,0.8654362109384972,1.6649196522197736,1.1522500574922223,16.081635443016754,129.4197449386933,1892.138575614969,15198.934370238137,138225.58120891545,205694.7045449663,207136.21050516496,191968.50845983377
0.11416427088018494,0.2152442730173532,9.895257002346257,0.10045134255419319,0.15680279201872463,0.3376488751231447,0.913722585196139,1.6453988344356447,1.00162084500325,2.387463359162424,24.520170894745416,340.83344942411895,2727.297762760284,32349.80062468736,58502.576345521644,60277.511900324884,55580.8335250998
0.27774045050896734,0.2380886021695072,9.788594694500217,0.12486591348943395,0.15708313970196922,0.27929690576967503,0.886479740655779,1.4103827637271706,1.0589246858710026,7.042197073797529,67.10652928376264,961.2785966717887,7672.255590754103,87361.88231850309,151447.5957311158,156623.02476927298,147344.57489867462
0.3489183277697495,0.2142403903775355,1.2869029566854835,0.08643574157329034,0.1828516983559704,0.31650708070413797,0.8733551216288012,1.7598956659387683,0.9772216465351641,12.229125653075974,102.07640221818471,1483.5918020200284,11740.947099316752,114796.85374160923,183457.6163740713,185295.163855205,168770.9375300547
0.19602181831494658,0.39278140985318055,7.760171445687828,0.18282755321948663,0.2164195698497569,0.26696320376381455,0.9111873127045506,1.4181892555255884,1.1611524814583558,11.778922966084515,92.21691520049588,1365.4401962626127,10887.129184506659,84469.26044430883,117506.2540118735,117102.6301713561,108267.19759717492
0.47733170948936254,0.3997195597985594,9.053713382780819,0.08954342133942983,0.19018937794477606,0.2923754823408362,0.8665807032962807,1.6045012004161594,1.0883496717318935,27.611741204861552,211.06166492746385,3113.5933340644197,24768.35307138528,206183.8334199065,296771.015890908,294684.00524536317,268207.02306190296
0.21286585107871125,0.22693652533238032,5.870644683810108,0.13771210425564404,0.1732538195207001,0.3566049359898344,0.9496313839125736,1.6194744338293652,0.954634963030098,5.292201253340901,49.42572073066032,701.51280007282,5659.369208888573,61926.282199445275,102222.44947447082,104376.92944175149,97113.17306192456
0.33835075816797683,0.369333618484544,7.543591819600818,0.16869299902624693,0.1734151090391563,0.25567965213921456,0.85835090680408,1.4886695067750209,0.9485024803585631,10.932519017317134,94.93070680037044,1390.9808363033167,11145.748690317389,114815.37975123446,183619.99294159195,187269.85996768586,175114.81201125722
0.24147483140456713,0.37699026423755244,5.803035786081528,0.09978538643311011,0.1648129693129232,0.3128652154606094,0.9027263502578962,1.4755036956117495,0.9620526687452372,11.801041628374865,92.88037446905507,1380.0500022177846,10958.399575132624,97287.87387700652,144346.62424944888,145039.36381522988,133747.0023476241
0.4939023941887276,0.39273463279234333,3.9052416278827615,0.07617069607166813,0.1854115986564639,0.27501042350702803,0.9032023653959144,1.4652997463773905,0.9018205053225824,23.583233468908208,187.7792800268706,2783.9519486797717,22019.447875927115,198099.22763290824,299319.33010449354,302064.8484753208,278953.21318171144
0.19147697623129326,0.2617900504262177,6.230863377858648,0.09510894387157093,0.17465995794434655,0.3364446148752399,0.9288208034814183,1.5343761853188296,1.0539734972266621,8.197577408586046,66.73206095920254,982.7640757022915,7809.704823003063,73103.21124687686,110477.53914388455,110907.85180789627,101634.4325893419
0.4279200370670351,0.30368570202159495,4.48024505502001,0.14899428155287078,0.15705143965358334,0.23799373713736455,0.9772534540252089,1.7275019789591273,0.948970663862451,9.29455443390737,92.44625009262413,1288.3711920885235,10281.50553013926,117546.82806101147,206266.67235975864,211118.7946431307,193169.10887239414
0.19261647244261462,0.318956434316046,5.686301757657798,0.12428392173743631,0.24535503336109288,0.23423947230240877,0.9752235141980871,1.5259892070410501,0.8784580669798676,5.264187004044689,48.665636835421346,695.3913236475978,5566.916654710785,60588.977179656424,100397.69285464702,102402.21574112313,94641.0493681599
0.4415706913076052,0.28484430574306824,3.7285858006810364,0.16172694042750552,0.16297138069492864,0.2085149583116261,0.8489245932295141,1.7566483855152346,0.9985285963999976,9.511785947318861,93.41366449096066,1320.097175942793,10501.82415088969,120052.68927455343,214384.47890407903,221174.2295079239,204947.69735219894
0.4545666838051634,0.27591606635811095,5.33325489741888,0.14155317009284882,0.21774146111741738,0.26684195596920823,0.9805529173210351,1.7687926482807124,0.8351508165277349,6.691015515382013,80.98576706117863,1080.3338130460857,8675.635995444469,105591.30343755694,196301.5639750913,203448.93530783494,189354.657915121
0.25108220706662876,0.2915836159045302,3.8008234182364236,0.10896522016379058,0.16745918350615804,0.23884817221416343,0.9877979452732567,1.6194859986630623,1.068928837654332,9.543769438053685,79.15582090003204,1144.8692296610186,9085.691040492133,89428.83798629214,139878.28493816513,140278.36831648505,126966.04940097651
0.432861497621461,0.3956887629783054,2.348059600741369,0.05377859810490531,0.21854185454220737,0.2210977378159354,0.9266638437641065,1.563672018373001,1.1785997257561314,32.168431170477064,254.39479143029445,3707.8390507825966,29287.58887103548,205836.29204850452,283312.3656413449,279984.234515737,253888.17749012177
0.2914037099584528,0.30697970851782796,9.032499424953944,0.07137805218268264,0.16168001371851423,0.20471966241493,0.8815681990173028,1.4976082567092817,1.0046385478755615,6.499381897146043,67.0469436351464,947.2358719071962,7482.580143735637,89277.8505628592,166518.62353934222,174043.23389116125,162425.490670809
0.2606947012329667,0.3605738353611072,8.55153344239408,0.1539262943864535,0.24399657290973892,0.3274301520906935,0.8506874761844375,1.4324064694643384,0.9146418591320714,11.125852857757195,90.04804358165838,1342.5663746062041,10739.010112652462,97839.29934157485,145649.20661012433,147277.40673606822,137997.90729367512
0.2383907006330639,0.33822214083769897,3.554317186534089,0.08919794353316758,0.23465945690658838,0.24416272826713378,0.9362882091319917,1.4003263495463498,1.1314540563108917,15.020244732275355,119.03864895728482,1753.1642489327805,13871.816504696799,106571.93141493633,150315.01357280553,150192.30544810524,138504.34052313323
0.2969455756665814,0.24816084033010496,8.923353966464827,0.06870834598370357,0.1605522368433579,0.21351932275812324,0.8915397576275261,1.7117834619984957,0.9786055489246781,3.957800502347194,50.745132366795005,684.8993758203245,5357.755828185862,70226.8256617477,152713.2915165977,162111.45527243058,149553.9939230086
0.34446909221500943,0.3298271507316693,6.176585349928985,0.07851719601050174,0.18195692495293814,0.38932504716329336,0.9516438088946031,1.7440224883072695,1.0205382460528314,20.250798263075936,155.2045912681545,2258.6441858166118,18007.411739767456,146117.67162189662,204664.21342841344,199761.60337929518,177616.8453440089
0.17809233811600378,0.3510063951031442,2.521664185555203,0.062433696265627274,0.18392341654586353,0.2113909501639677,0.9529279643669523,1.6506350773400182,1.191595798017402,11.077176024017605,84.8850552316674,1247.037467084787,9842.598381912216,78286.42303355067,111861.09580444274,110427.48065028674,99150.94742659878
0.30177666489362576,0.27074435316280226,6.359758200037913,0.19639867938009514,0.16844812596893985,0.2675405574047852,0.9334212659887651,1.598356476133343,0.8769222516040951,4.022191047068255,49.4580528750615,662.0634805320733,5333.1003028733485,67018.38373459878,127084.94518220659,133172.33496234784,127078.48529961586
0.1984311163809776,0.3894327075892722,1.504904375353348,0.13328583410461226,0.18852944233212604,0.2930080420563627,0.9786411395111558,1.7563419623086358,0.9768214142157035,11.754503727283247,92.04132615545426,1331.7496525929273,10608.216990696477,80363.81442758473,110072.093718358,107510.97435965137,95702.99654533606
0.47471393786140637,0.2319607521006079,4.85352874824716,0.11372371108923106,0.2459666493576878,0.3044889472727554,0.9423129568096712,1.6010071007861968,1.1138456155915843,22.326150950695546,176.2871174780588,2593.923797477757,20687.160088680503,182361.70525161334,265054.44501464197,263819.30610260053,240124.42149500496
0.47468096544639216,0.23290190320515586,1.9818907034131095,0.09442995767605405,0.19859793724293764,0.3198999347182077,0.9831551148457606,1.4019102383462596,1.1316392308655117,27.75663559553208,216.70625779995996,3193.674657244019,25316.56531086146,199674.27068773462,282570.9220876041,282262.4463853333,259831.2930504396
0.24133279734921703,0.22733923234875242,3.3882824423990305,0.08686823706684244,0.20961152808660458,0.22885374270086087,0.9350645567771929,1.415895634391089,0.8385562034025762,4.256273120433387,45.56269979049175,636.5565112635948,4991.027159389016,62061.88803188147,121719.71820510023,128697.21192804338,121865.78526763275
0.2960707962048067,0.3937698556531672,4.9109314602685235,0.08990052282408177,0.1997332223307521,0.3008116835114707,0.9187691462500993,1.5697685726805903,0.926248815954073,15.492257722566649,119.89891396950381,1774.315256028536,14090.846158855054,121144.14072229878,176351.10671008495,175581.14415860747,159936.15615943627
0.47410394273366907,0.3223154047424475,6.275712389297556,0.19805871721622825,0.203946099635981,0.34090337968643886,0.9637938327379999,1.688594003330077,1.0419941564994526,22.148528992151153,172.72022897049285,2492.507369289632,20217.41555752713,172533.74303714393,241831.21375484325,239762.89007673183,218411.0911183646
0.48660764109369214,0.35786023187654054,9.762816210326822,0.1941706782939503,0.1568573559171259,0.26941677968414224,0.8946753974472181,1.7052517557920641,0.9672484490589247,12.578301450325204,115.51946991704918,1636.2273803298037,13221.86937053794,145415.05707575416,241171.87535610958,245321.01152306216,226323.8456138679
0.2172518978277451,0.33940737889432476,5.4738438980774555,0.14461903264076056,0.22282225080982135,0.3830359792690142,0.89930445081615,1.4579440830612107,1.1709303564529663,15.609015143427822,128.0309724319139,1868.7140228426592,14878.77452241424,99481.4305153373,132708.2464806044,131190.9839117844,120638.33421980904
0.35730499058657006,0.3129546936699796,6.785842788251002,0.1516540248604949,0.1825111060977046,0.2740835420852953,0.9608920796221816,1.4147008271262904,1.0073125355590777,13.4370425332258,111.200346023772,1625.12851764316,12992.609946240811,127704.83446827301,196621.72594755027,199171.18830036093,185165.84545512724
0.47668139487250627,0.2564275538941661,1.1151915682868525,0.10003054962411197,0.2259104406763715,0.38264422294743844,0.9717518456753309,1.6142819886469046,1.1604930695998608,36.96515492641086,299.42203327834073,4325.736017528499,34351.70991636479,217818.2877812233,284068.9369549787,276788.9834054263,248543.00578915467
0.15861110306618215,0.31228876819682416,5.265112009683588,0.17129012379720504,0.24381238567738628,0.3507391088731962,0.9118357342429,1.589958110431865,1.0733166597655595,9.15366775608631,70.85195088964474,1044.834942650197,8392.838523753255,64175.29694728083,87505.16311837926,86636.40459818809,79309.86159895487
0.2830967596981182,0.30242936573193174,1.0368037869400677,0.17021318425242177,0.20180183103078997,0.2558277827688558,0.8413863047545841,1.5286206385127106,0.9186930060939985,10.21436889118625,84.09068120741517,1244.0059545473464,9924.97447704156,93281.7202480838,144355.2416899524,147209.91641069952,138613.20372711867
0.4771552316512716,0.344452634347054,3.0661536375029304,0.1772952531510546,0.1618321339238188,0.3165711810109534,0.8952217176561367,1.7535825160520335,0.991240553396655,21.027699826046966,167.36507315721295,2424.7164865605178,19474.04831018275,169805.37840698462,245980.4694061491,245003.55930282534,223144.15185056298
0.44546227753231216,0.2369626456747325,5.780409243749769,0.1660729105730479,0.22137106487732633,0.20421381727472857,0.9704999872508822,1.6596810767527395,1.110310714626569,10.515193486372048,101.11378071115935,1425.6283427512096,11436.65228591736,128518.01418734052,218583.02531071194,223065.81621902194,205178.21267438814
0.4769395019381234,0.3296661715766058,6.432291383658482,0.16166383357849168,0.228793534353107,0.3125223926633249,0.8534800179174052,1.4778355376873207,0.8634774996255421,15.645925640558168,133.3221214979984,1959.2294682427,15782.351263038217,158164.31984512176,247050.1932302558,251860.64115589342,237420.0510863996
0.2712985213971695,0.24975433286413234,6.2308894453097174,0.08883969798750835,0.23044476685429433,0.2485904049988139,0.8525234035427225,1.4089294620500876,1.0259847657293089,9.252979717044234,79.80695005950652,1183.285656183591,9365.452120499569,96657.73404681546,157890.8978959129,162047.1294102629,152000.8284322152
0.2977420170446129,0.31129256420244095,9.4130813152342,0.15664546316524786,0.22780268669885742,0.36058192583971943,0.9557009167925319,1.722271099539371,1.1244520243488532,16.822341587729248,128.56598153862654,1867.921276362022,15050.263564908752,120533.68087639024,164661.22157816184,161179.94554801876,144455.22431584148
0.4676326254538957,0.3966644322411804,4.696582341326146,0.07435673993771648,0.1780881360793581,0.27415534128841706,0.8716549986118141,1.4152709220436872,0.8590052122721368,18.908199902912347,156.72190552158648,2345.393262318964,18502.775359156116,178509.81797397434,281575.5825626331,287333.9164003245,268156.6576395262
0.3413450282725275,0.28848951655486466,2.427073803787014,0.09142415594591582,0.17961109912347845,0.36622276682462046,0.9661179537500251,1.500099802247,0.856510744094375,14.200181877306086,114.87288446377383,1688.0600242884316,13397.863942024767,124001.74788120834,187625.3487547237,189123.47560199304,174126.6436074149
0.13365700921409465,0.2902389369662788,8.49573785106827,0.06769086890230575,0.19475774770352688,0.2930045113303501,0.9080115684314711,1.619141388009881,1.1056009520496506,6.130038833268141,48.81238358623888,717.0046106556167,5695.729780587828,53241.210683573045,80966.45262196312,80959.42886905337,73520.10491183113
0.4242815188537675,0.3310630682667318,2.7737060248647514,0.1724473033365857,0.22088416500149263,0.22876568332308347,0.8411559726836778,1.473867518961217,0.8916950073514726,13.385359226982585,115.15597810069796,1692.2864050284284,13525.819817334577,136738.77503464045,219018.38779949944,224515.98141407073,212196.90028391636
0.14708989836406516,0.2815392787213927,3.136894828346631,0.15862144936878864,0.1679468407785855,0.3437001612930304,0.9441800663573139,1.6489003664052027,1.0464108643233394,6.878142321152588,53.67195317974251,784.0158119506502,6285.526331413205,53925.81075880861,77258.14614186028,76940.49742326286,70239.74120441003
0.14030098589361062,0.3796132015441192,7.698273019155088,0.17890963061582704,0.18709836192315638,0.21096320875284116,0.8811491489614366,1.5246728974134223,1.0259174183786588,4.778846597906769,40.90667502845887,597.8784127062332,4789.858722675859,48756.638892585644,77219.0336778403,78369.6779395189,72670.04393467632
0.13431616585694606,0.35693864580464,1.1536216584351275,0.158760433382454,0.1974753237354371,0.255141212207549,0.9619846384304405,1.618540181525912,0.9693567159534071,6.618372659811357,52.70587480636658,769.177867370863,6125.201426404758,50454.25379513961,71998.08150533211,71650.57474705939,65284.05588036724
0.28756989418269685,0.37464124095290585,2.5683545479598067,0.19849311726061686,0.15646783300066622,0.3283851572538492,0.9713136010460963,1.709900766423233,1.0175606011086618,15.008722344996187,118.79216610979356,1714.6336076058242,13795.85497427411,108876.42075410379,149694.53177993963,147693.79036976406,133584.3008476392
0.4093660213501067,0.23571657021139167,2.26211925270655,0.10326552228867122,0.24483623421562978,0.22809070570836773,0.985159973724532,1.476469365648183,1.1721013028462215,20.722468242841188,164.38355127388562,2425.5759304140524,19171.791982282695,163747.9336508944,238771.60911602763,238675.49213566718,218342.76428624077
0.3308975221562862,0.3413572379200937,4.9600942391987015,0.057967847731493743,0.2078877744856037,0.3331024700180988,0.9088921438826729,1.6704736250680474,1.1583833033873179,24.70969746358232,191.618951965184,2791.616679850499,22116.426594441593,156526.93458764558,212449.28632529516,207742.6532424392,186343.81764573208
0.44593851349514535,0.2704271522814397,4.886064217482768,0.11178179688117276,0.17717074878256084,0.37397138194105084,0.9128938378007704,1.5764739437571975,0.8674318793595115,13.848465944573729,120.95394244075666,1743.3257425283975,13987.070677423608,144221.90678136155,230353.0811151266,234177.4590615716,217122.7130306166
0.10824168563232305,0.335068328929493,2.9970131241919895,0.08328546083899746,0.16550257177310443,0.2597307410914651,0.8721354599701485,1.512803019665125,0.856773569670221,3.429413388165278,30.505263566116067,447.0672671291494,3534.75369798929,36780.57031117166,61109.7955344992,62653.67761013764,58213.5150599383
0.4593495478510239,0.22524515522768587,7.018399996455976,0.17741831459181767,0.21841980499299496,0.39193222025033414,0.8596768916812894,1.7366269929433837,1.0405250300860476,15.563627789507809,128.03402940481192,1818.3883058811566,14863.491293821924,144407.91408689506,217911.38251557518,219901.52730720758,204866.73303731836
0.4062325073015931,0.27995943828605624,3.1910472090069986,0.18312275530692235,0.2214023104220573,0.2600613468988891,0.8638080514525417,1.7440378630020508,0.9259069575046183,10.610069996854614,94.05043146696384,1336.1760658925466,10799.173529633606,114049.1008250558,185803.39994203148,189841.607167123,177822.7495772324
0.4254751041355308,0.353641696817698,1.7655702069461925,0.10528236162357175,0.19515803535349482,0.35681538157730036,0.9025115498968217,1.6072551527501,1.0011437001520134,29.366425002966967,230.29158124888465,3350.636536001723,26614.745154818345,186990.67301858327,253377.00911010843,249361.0072866695,226196.09150133168
0.24345909360866524,0.39985308737675124,2.85802652379294,0.08784826667165095,0.1682578405438463,0.3102179122934735,0.8983685589778874,1.6722075497899374,1.0495233092963012,16.606961538084196,128.83505951124266,1869.3757362935567,14818.686772512483,108968.89436624873,149932.2266058797,147053.38797198763,132299.02039853745
0.4399075521160375,0.24095117907127683,9.277538950185468,0.13076427660650686,0.22992516286714473,0.23295506852396636,0.9501126235829597,1.5075202218353791,1.1924277743218363,15.516885480242117,131.7355939054143,1916.058974625775,15372.14018209818,156677.7830782441,246704.93640882746,249292.7817651417,229257.63982196955
0.23087158161719726,0.33855281080831057,6.170846842499474,0.17332893978148525,0.20890957103411134,0.3536947415896131,0.9287373264200166,1.58501557801628,0.9721854982239835,10.785537638493775,85.2585871538571,1252.0755547902934,10084.115065846292,86344.01009297482,122496.26195445703,122154.79245446713,112352.39646059804
0.3989956019348567,0.2062078011348769,5.492328416411084,0.07271173669530136,0.1918291225718307,0.2828073203683413,0.8970337131476414,1.6758109438287614,0.8340367614369848,5.085188306777031,64.22736076200425,873.9898818383579,6829.4437071868115,89069.8664656499,190073.631362933,202197.29326525354,188722.1888536291
0.4186707222907492,0.3108502462903459,1.5156572423145978,0.16686903429192151,0.2324031806160505,0.3912078959243507,0.926587255250712,1.418668176289915,1.164669065717891,30.681696348497276,264.6742538036014,3841.9947088296467,30690.639696606206,188886.3867082341,247951.67713506933,245304.78428866176,226420.77323682833
0.41754875747506415,0.3411209989813578,5.732260552099304,0.16366913097298702,0.23024960013308127,0.2640244371907139,0.8607351482288231,1.6095604493297664,0.899686214317841,13.58519239455974,115.38981346992949,1667.9243385166228,13421.308128790333,136078.3375727746,214194.2806568847,217450.43578460196,202340.51634846246
0.28639426063925266,0.32035514286385675,4.627554029412943,0.06373183358532192,0.15582003446697715,0.3278186109096375,0.888551916862071,1.6525788622193418,0.8058486200553561,7.917090578291784,72.8989249351802,1052.3818356033894,8336.015200693442,91541.30840181968,157929.51879203532,161546.9480080669,148074.02626403907
0.27430788314968857,0.3750572467581237,1.1762163874112441,0.17123888524669723,0.22771136242575346,0.34246247535494634,0.9454971175658666,1.5273914130683928,1.062682136843386,20.02840813061202,167.31783854411714,2427.1673209052074,19386.292688135694,121443.45292725103,158310.1758550912,155668.61716602204,142035.24159044176
0.34053477389275755,0.22098465595545122,9.26271407309641,0.10413032702946534,0.2459154572184388,0.30760382139713,0.8847271595499473,1.5550390415441777,0.932318815643727,7.916109947852083,77.08273856557125,1090.3600939561743,8745.849696150593,100756.49192930991,175468.27915517177,180709.85953143402,168651.194232435
0.4580816999857934,0.3491107805468638,6.528117226285726,0.15429486508859616,0.15682976874306603,0.3599907472501133,0.9079542444087746,1.7186894683032392,1.1693846378682957,28.821166018420158,221.72974085212545,3227.4155502096364,25832.56322544019,195303.85630455712,265047.17220498016,259099.30171453257,232535.02623284445
0.2711851202658442,0.3846175917383412,6.8019268414743745,0.07500715686681317,0.24064258954448248,0.2674076417686775,0.8674595409079559,1.6488359934867216,0.8505120711598692,10.149683462106587,85.06749088744012,1232.4685174753697,9818.236664635995,98544.91966796623,156889.20674099823,158146.89125863367,144367.369441441
0.47990222951090367,0.33066857647408887,2.333573701737226,0.10070719887192497,0.21465064684759366,0.3683605156685705,0.8929151104634051,1.48731861707513,1.0320465819809688,32.843028889185256,267.4607054260929,3886.202542292263,30871.004216204255,215202.98842603518,293023.2424260103,290449.6411458413,266679.6012852523
0.4978485901966895,0.24849618824349728,1.1790193190827731,0.09383511140872658,0.16333219813077166,0.27069882563427217,0.9829183534619801,1.7460152263825943,1.1585418065761333,25.536660521006695,200.22707925569728,2907.090752697174,22949.615841768333,193571.61782736462,281982.30693245865,277550.59041369497,247099.5191039715
0.24434285313916226,0.24140071286533385,5.548312859615684,0.13856882858357672,0.15492393599000298,0.2371368255144844,0.9619503624430877,1.5716729239196725,0.8305791343523059,2.039544455723776,31.415563793809774,413.40250282388206,3219.3441663105714,44357.75630463153,101874.86177815555,110210.79796218906,105537.5436965595
0.2660438313070782,0.2140251467331812,8.395404726455933,0.1577200476304328,0.15828141477134236,0.33570277771346047,0.8573723188231064,1.4581535885797385,1.1773062543295132,9.181214298607507,78.46416173010213,1154.9466142914118,9258.25770025759,92513.13884606004,144744.05216220958,147366.16637274672,138171.66378868493
0.1800755702921964,0.32296815569683696,9.30980399113207,0.16491447937700104,0.19786370760364536,0.3015429698826095,0.8874525967053756,1.4965614293900273,0.9274963621278487,5.503291304455517,48.20430635987835,699.3543799983626,5640.186685802766,58993.34329784086,94058.97401206853,95845.9436101307,89723.25323282258
0.4452595136214048,0.2987357836615492,1.0071080324151507,0.13892035062542382,0.20999535265503616,0.2979902226471464,0.8524401340695754,1.438831817969745,1.0790187011453314,26.495817436931578,214.52420513039024,3153.4418737758633,25105.526346715273,185565.95513989695,261159.06179505764,261805.33194842312,243694.44164214173
0.160491741048867,0.30137319654842243,8.062416941578185,0.05813582042559893,0.17600841035276127,0.3041104553432742,0.9260076958368759,1.7217428474103693,0.9506429943916251,5.034431721696288,45.31708782963239,645.9413575970409,5150.446923660642,55041.26195494638,91877.71630619561,92677.91005890505,83614.12517392592
0.4521854350839726,0.22698626083700574,9.980269104360271,0.0792402614608076,0.15805007708004012,0.3356919365441432,0.849760737317338,1.5577523464635887,0.8185085246692132,5.9457244872430275,74.33170237805874,1019.722188424742,8014.532220177973,105574.15091239102,223729.61718038865,238493.277226289,225379.66733476133
0.28286687904106256,0.31914486895815375,2.6425567565541814,0.147331307042958,0.16944600758463582,0.22760956742607868,0.8880722079875925,1.7250989554448608,0.898846268402746,6.956379207687815,63.62294268053161,911.8442176033415,7262.62491642042,79995.27621660792,137916.45060662803,141556.3252505601,130848.90896696625
0.24874630777840798,0.26173280041389313,8.958374104536253,0.07103828279442202,0.2057271778299636,0.2869105736266921,0.8400868162940657,1.748291539369852,1.186296875754485,11.151742233596954,89.55998792807644,1303.5035959553052,10398.525209360763,97572.9779834791,149199.10352876794,148527.6324588627,134136.40399109953
0.2781464212427465,0.2783741903500937,8.119824451841833,0.06377201309465763,0.16259404200963065,0.3173373873702239,0.9158473336153641,1.50973096804819,0.8361491249500714,5.829226735707473,61.7873069416531,866.8696752492776,6865.79306507226,82190.39938282,152386.13496847285,158616.52983706878,147524.1854023659
0.46176334065601365,0.30078036358255367,6.713883840420519,0.11436541082191522,0.20894579085338738,0.38325068139268936,0.8701456197191545,1.7062892852032339,0.8050002416655635,12.992944497476495,115.58954450865055,1654.1240966859114,13350.696002746727,141579.57798350704,229919.1878490362,233678.52123510515,216088.3538494689
0.22004746472047976,0.35790432221886914,4.456954241320593,0.1304289189464996,0.19087108420471044,0.206692953424208,0.9460902807018671,1.468452673257512,1.1494195471797797,11.346371237146867,88.9243455095801,1319.655062356274,10457.868406805448,90264.66894008202,131929.30449763316,132029.7825893111,121176.86493851779
0.17014574036099422,0.21789853858933195,1.3057472060821644,0.15715171456380836,0.1751059798230847,0.28058649381252276,0.8586951092097487,1.669286198285054,0.8579462308493245,2.6342729178520754,28.786112754499484,394.98822620431264,3161.4176532221377,37691.512873869186,70376.87640137332,73999.1314681724,70944.5583973836
0.41583279657707084,0.38376450664329803,4.827970877836638,0.17571758787924052,0.21097778470220205,0.3664072008349959,0.8739833377572526,1.4527628946141773,1.1181196955054094,28.309024928203492,233.50746798062642,3415.0163947832352,27240.615828523576,184968.91087691573,248884.92285715067,246984.4299654314,228305.25077740615
0.3234077007424475,0.376000340361722,7.11047974738992,0.11945597933243374,0.22737064072633953,0.3628357888239362,0.9062276990005945,1.7513891160952144,0.9261867338087805,16.574370844530474,129.86643635451722,1883.963161634686,15127.567599014967,127561.77153993121,180290.96987632694,177402.84947301858,159418.9459471834
0.14212488809132393,0.22786496387441657,5.394823413924093,0.08215635112984572,0.2468941340555733,0.3248157264387195,0.9433790178467225,1.7665408281063,1.0072236091241067,5.357596631445783,44.550967226962854,635.7808897806889,5083.083584996466,49851.3141115469,77142.05668790717,76797.44204077189,68907.53909292589
0.10783454181967618,0.3080647790220746,1.9760325519777904,0.14431460488743975,0.15977436207607768,0.27230202659088554,0.8920415859990696,1.6359914382003922,1.0808275430765542,5.226395171465882,41.530484594000185,612.4512467643985,4863.843041974167,41258.39749352271,60027.07456769143,59883.479360355406,54665.23349395317
0.44705464786954374,0.3832905435123236,8.311221254229435,0.18236181995176565,0.22423907945811092,0.371779236267542,0.9068968163572986,1.456716340952537,0.9476809817911392,22.329364847033045,178.49448251936477,2630.5516526308406,21157.624906430203,175161.08752559638,246774.249564459,246990.03990434643,229608.12401395105
0.14018321586437799,0.26203099103007244,8.589857353183561,0.18071449771092074,0.2318444038652155,0.38693527669988065,0.9713344046419591,1.5363892469386886,0.8699266809351103,3.3782430769759966,31.46106820848595,441.6879821871223,3635.1342428015364,39363.53997114233,62619.76793419392,63939.283258047864,60505.327479601285
0.3484414805867805,0.37040903135817316,8.273196569191072,0.1911895185149094,0.23088587469068045,0.3621506125236923,0.8671343529773049,1.409874068371528,1.035405223238472,19.170829809164758,152.2095084522102,2264.4252668471254,18159.498170716517,142512.10212585522,199639.83018443894,200045.99845873998,186836.42105426354
0.2198772634640428,0.2673925521910554,9.50794882219715,0.19588492462969925,0.2110428974894536,0.3631026539089487,0.9043211548228922,1.618262312243926,0.8708465515207229,4.154157995883026,43.37690866960044,595.9292589153432,4899.212646227776,56289.936121026265,94690.16351155883,97488.44775396374,92737.05800782224
0.4760559689588997,0.3664238371991953,8.025466396466795,0.0677886997969572,0.23897521094355953,0.32062655264450235,0.9217014939849515,1.6458053434886173,1.1242440205066073,33.370263462554355,256.4511156238812,3743.152279945038,29740.980263438654,221084.44730854276,302735.99150351965,296530.08387071104,266330.9354445208
0.2645518394977909,0.25686621408196336,4.3811256132402105,0.11276782702225328,0.1829434160022715,0.2595059796428776,0.8470594892468614,1.6040007868487307,0.9464485071580429,6.660306846346879,63.005790434158435,909.2090538570106,7229.887739859067,80188.82410411167,138345.87553751544,142413.00794071355,132554.30539914465
0.31859623888028976,0.29572345530131117,6.5822569052987046,0.1213570081448067,0.21527163455486614,0.39003675250593184,0.9516109340001395,1.6177337600617154,1.110335181590846,20.231015157080524,154.74224526154242,2264.901465062502,18099.25235854999,136869.6374629006,185397.8235615699,181858.8685554138,164070.31597805003
0.32770135320724947,0.25658437073976514,8.412482742749587,0.17420615938873624,0.23819655655114716,0.24781951614621325,0.8546818775698887,1.6222155183085942,0.9953684096649636,7.558958218566029,72.06010753107692,1023.0182286309868,8249.867588345116,93451.9445834744,159320.0741358498,163757.78556206825,153737.66584228366
0.3108523986481536,0.25726950132446463,2.8512067833543044,0.19130488883802577,0.19822135184594583,0.3997958895196911,0.8742760523666767,1.4387067158793398,0.8085916312819591,7.044759835716823,66.23469247521479,949.4383255819542,7798.339887846372,83659.41070316892,135378.68941232745,139826.06722164468,134932.10743882088
0.1709983603959403,0.30341543465690796,4.912074129254441,0.07937910186185379,0.20056206103061508,0.2099814573188744,0.872406084384258,1.57172671942443,1.0432459438164445,6.0930261175079075,52.05163243709841,760.4157985341228,6029.310253712355,61550.499003728415,100319.35752616884,102044.25945515507,93916.25470043658
0.40775834649942255,0.397318318739716,4.183339713234499,0.1915993069735304,0.23181305540138655,0.3410256315837551,0.9487912508510211,1.667865812229209,0.8769481091819502,18.82950162290152,146.97624590393102,2135.0898152172267,17316.4990158205,145613.54993079606,203894.53551959095,202925.13641563096,186382.2572638643
0.3249304783577813,0.24778223000953203,5.0378823995674775,0.09068617005083324,0.23825315036261466,0.35322867073662073,0.952132196955421,1.6746350854768124,1.0575957183005738,16.666993704798383,130.33209950436392,1909.0488327490852,15225.670585150889,129565.15532160139,185069.48151746232,182539.42312399586,164179.70154148838
0.3832861760672751,0.22013611609549194,5.516854819075705,0.1850227711122584,0.2186146212523989,0.36672012491432726,0.8510148068893928,1.7474586255607778,0.9317112862856609,7.68867086470665,77.72953833917082,1076.4483222708536,8841.558679869575,97602.82605656984,161146.61184490324,165579.1735999215,157270.5240939453
0.33262927853803004,0.20334453124696028,1.608164593388298,0.12913187982068713,0.24008026614233396,0.21270571177038514,0.877017994893635,1.6649270821639242,1.1760106709569693,12.807617614098445,103.93874294518355,1516.6129948629393,12025.96483001377,114096.5271695567,177240.33602834377,178868.33648548689,164143.2781980013
0.1529013686133773,0.3953028092425025,9.441730416001866,0.05281666106036706,0.1527750242215909,0.20275320406642605,0.9478265834581188,1.5865666239796758,0.8358428988378176,2.463351647018139,29.196549465354266,398.12291340289534,3125.828559175967,40132.45843736437,83503.0921094385,88409.62885614722,81800.0927168987
0.43849253639975083,0.39326387036524363,2.4021455569054058,0.0855949957259993,0.1754520353683758,0.3917083629791318,0.9337041767816432,1.646669269027703,0.972831995195428,32.31141292938949,251.7220427483254,3645.699475754691,28928.848784750382,199629.84650988114,267459.7276875274,261281.43920116048,234643.57191913747
0.3595441803564118,0.2867285784494345,4.332093643884159,0.1946868687047113,0.1595568492341064,0.3412186563453219,0.9591168541537486,1.5810988689762167,0.8693053126093236,7.890085579225546,76.85169246186356,1072.4707735786576,8750.330799381803,96250.0890614464,158182.85596396384,162375.81524626535,153668.0166873474
0.33833070899821377,0.3488541375378331,4.562232319592064,0.12794001976195696,0.2261974912753383,0.39867054555411213,0.8775733473490271,1.46812797617639,0.9852962468703281,21.119767841076488,167.97123768930925,2470.709174316933,19692.74870370822,145185.6348745077,199758.29508550902,198820.72011501706,183738.8069380852
0.20688927003706384,0.21900846105449973,1.181400469164001,0.060282655058119215,0.1769985368061089,0.3500918963525991,0.9389738182006244,1.418958898243078,1.059594175019765,11.457073997520313,90.13393384759092,1331.6480974411231,10500.649715748386,85930.96103015538,125763.77205423442,126573.53836123744,116933.2090593936
0.19367255341407305,0.34803825001902156,8.222961266194233,0.1273347123610692,0.15742734484260756,0.32147170646652734,0.8633169561156422,1.5701270939766143,0.8481417004645554,5.162678901495058,47.89818758609304,687.8530869059291,5516.461468305422,60669.77735915098,101936.51258765224,104436.09223970218,97227.27160024791
0.2923741790437373,0.27360412905640696,4.301274988726824,0.1659135026498174,0.22379261850589505,0.3203193429498563,0.8765577864089182,1.6349467121529844,0.8238732153088302,6.245490601645792,60.52615156594966,855.225468289652,6960.441826191337,77394.02769014463,129701.40228145709,133598.4572090983,126810.21248092377
0.18456843505257928,0.30960658936671515,6.696756428838615,0.05412877029811463,0.2170297701607914,0.339357781046674,0.9229462319474144,1.4432148671158345,1.1682654850455267,12.473921102386631,98.59036047922183,1454.7606950456695,11521.364115362148,86219.80892222548,120489.55483124986,120090.27339654756,110315.2748011518
0.28444291699735,0.3142476495703171,3.334103073722425,0.18714318612331127,0.18807078422651308,0.24005101867935552,0.9150437048043574,1.6462869227044865,1.0677086950641403,11.705367424126305,92.57069199538054,1350.1892409155244,10801.794754023573,99648.59706713546,148696.5757199692,149143.48588233133,136835.33671283742
0.46941550538156174,0.2524081534434848,8.299487554608886,0.1299845476067676,0.21668031020357392,0.27150590686931,0.8508254533245588,1.7686468240072932,1.0979556511376192,15.209509883811066,131.53487495085358,1879.3224317930092,15106.477040539985,155949.04539520686,249531.07419578315,251159.71356993445,228649.9970605478
0.3860074689832732,0.3756709591312232,5.925953624574975,0.057331860907411325,0.19254786301756638,0.3161182921211545,0.8607513660068629,1.6332454598729065,0.9376272515579734,19.453424123923963,153.18488827057845,2254.570439138761,17861.794505108064,158594.0488316544,237359.54264568418,237210.8789895564,216025.82295494693
0.4149406789630692,0.39661857099852,2.233396686598049,0.1037481859702806,0.23117572564826283,0.32735201498115585,0.857315195378426,1.5187797625820587,1.0115386709468874,29.477287630909085,241.53499548990632,3516.0091572286738,27899.44272243312,189240.87202492886,257107.53184780394,254571.98234037324,233597.56077843206
0.14920238643380804,0.3791659256718803,3.6546632028576513,0.11984825637407455,0.1796481965890508,0.30762655965506003,0.9713345022975034,1.672395343902856,0.8093063394314282,5.021779321395894,42.95964816810141,615.4357951014714,4925.327679896283,49185.43590818366,77005.08229714686,77471.65246604488,70518.69099310723
0.3175333745649346,0.30210960331316095,8.514099204861294,0.11891558652546629,0.2049147059639,0.24598781073382844,0.8822828376591852,1.4983957056594532,0.9214902399743443,7.694913279181885,75.85189515756515,1080.593821827631,8633.193954862869,98278.1356663251,170591.5677019767,175873.7266726317,164267.87371930561
0.12209887095936454,0.26349579250121313,6.319940344379474,0.12428827837986464,0.21600545878722754,0.33358916584543197,0.98215577380191,1.6091737241570934,0.8856742459191684,3.2931135897842694,29.928429995676673,427.11847641211943,3446.4214518950416,37084.15213005492,60207.82042153516,61151.524859707155,56441.2162749555
0.2076263364871347,0.2808651363202631,4.36141173502913,0.060016195528693014,0.158020823937221,0.3730069868276951,0.9515749220626674,1.4064527841767736,1.0460056431716525,11.581749321936613,90.6973032178045,1342.5604811331655,10618.86150481815,88850.5406441066,129524.8615862049,130141.13550567572,120030.83671987656
0.22300455373785139,0.3855336027682119,7.638869618568988,0.1892451646987725,0.24810760343720284,0.2761824118879366,0.9351684032853883,1.5402362541989876,0.9882677005563244,10.237878146776882,82.37338712230746,1211.2120394409703,9729.026580549105,84787.79503266978,121222.1616320195,120996.06765050242,111329.21891641073
0.16487386965387113,0.29138708380146633,7.608858823607396,0.0927531407630245,0.20285358827857497,0.26755504572356037,0.9877232689638953,1.7190660407132095,0.9946829853303293,5.060908948302153,45.53338255533837,644.8515474858565,5155.638213309627,54862.67986821382,89777.74272275656,90046.44443235677,80822.65671246787
0.13720133586719668,0.21441094571639044,8.023493092676127,0.12571322332201035,0.2387438937606632,0.34998906661853146,0.9884003503786193,1.684452487581853,0.8729227397129797,2.198098485888282,25.749153691834163,345.85263319560414,2805.414010409505,33722.61125663643,60334.34928286981,62240.525512699445,58170.13968792362
0.2825048419003141,0.28733385688432156,1.8803157881288999,0.19320759470248705,0.20087138772271834,0.3387945781591358,0.8917318499803888,1.4547907463119767,1.0713037087435324,14.617590591796768,119.90734762984721,1764.3419166423073,14166.004662152534,109459.76388753335,152980.67959065054,153446.62955337414,143330.7497488259
0.3810974663826904,0.3651706527565942,4.389629264716442,0.08998192529637827,0.20079113620353523,0.3987325997454483,0.9230736955724117,1.4450560011999114,0.9834950766574319,25.41414257402166,203.39865251200513,2980.9968324897022,23654.683516329736,172060.0389034263,236042.99893164818,234283.14651912503,215219.13621419948
0.1054075859315903,0.38282034114852886,5.310549109083383,0.09960438710341335,0.17600914469217482,0.2134819144211012,0.9733624739144731,1.7112059807743865,1.0673295665071982,4.522206089678441,36.68852555601045,529.4860004624128,4208.281733051433,39999.36697595121,61205.47192721709,60700.853329906815,54267.1495149183
0.23827531296046606,0.30609673814313393,1.2041312569031728,0.055715246086451606,0.21301200211753252,0.3290902272585853,0.8486875282968306,1.4503209996851223,0.9731799247520049,14.863272494525296,118.74578492928303,1747.1402562251671,13800.90138022596,104624.08280221658,150403.51812144785,151151.06587690988,140141.14489509835
0.24532206831851508,0.2143612235541221,4.217227756904997,0.11008616540234809,0.17862124986454905,0.3766925036333298,0.9416342844146363,1.7294235686477428,0.9358588191681402,6.616551248230244,58.92143474297548,840.2469623418115,6751.997887176961,72228.39820836173,118726.74605327904,120662.22490884495,110836.36006506921
0.4852677606803292,0.20455834665724082,9.156271771425004,0.18727994544259396,0.18895656700183505,0.2802122443834492,0.8640883611123438,1.5717817170015103,0.8508066617942813,3.1794711328591125,55.205200834231846,716.7965228634088,5684.045074770028,79844.25105192907,180641.60885899139,195229.47973773934,190741.1771353188
0.41375723098568373,0.25527610883135554,3.1061820986080533,0.17204372204640633,0.23521562415217284,0.252651098871496,0.8535340292178496,1.6891372195053425,1.0094488918701785,13.034767825779007,111.20402351651065,1604.9661346963821,12919.515968379277,128899.9277629525,202544.657718433,205676.25140455374,191556.97975484273
0.16329267111540902,0.26164606765754517,3.0562091633849753,0.13379945407054017,0.17246346647130506,0.24438752277854658,0.8804213097378442,1.4979878729234672,0.8859609161729348,3.4588305237967556,34.27319991482506,489.92282520965233,3895.3906289337647,45055.034180268914,80774.05456616411,84133.66355332482,79581.1390930543
0.36464889286838786,0.2492257510963083,4.39878448341211,0.12273339526171989,0.16135898348150837,0.369924357436235,0.848763855533188,1.6503063592540426,1.100837446323244,17.018795888248633,135.0703281361579,1989.0881336658747,15864.8397058913,138843.41154880944,203575.95631131058,203425.6672522359,186297.6728784466
0.3284057109268149,0.22099637321661061,2.3285450376627015,0.11963128701293443,0.1906356212684413,0.33741609316445687,0.9072285524342683,1.7490803317184744,0.9061815409271758,8.562634853622264,76.38577701604852,1090.3137506124417,8745.81039337385,92912.88551709,153868.02816372292,157183.40374272666,145696.41538916487
0.44281744863489125,0.2904123839114924,3.675488027635411,0.0821528543457564,0.21037248469871472,0.3643316020003748,0.9794973952762464,1.7035469588810144,1.1588316149382067,32.82882655241662,255.57599170134995,3672.9932448606028,29176.75870365752,203237.8996998314,269799.8558198549,261276.0656249671,231763.66595250188
0.2457367826461906,0.2446392733752641,2.35459878185035,0.13605119243850852,0.21667231252802965,0.30191674072826286,0.9307648813186352,1.6481198194208764,0.963151052358284,8.590693344708173,71.68100993658938,1035.9229277559073,8301.256454431908,79975.01006724617,122767.82310574762,123954.36437715184,114401.57954492244
0.48425362586890863,0.31960016998942997,5.188116145678949,0.15392977271272296,0.2035892026984815,0.28855323419481693,0.9508199747499071,1.639835782574225,0.9341685293221014,16.711668495137424,140.3649763460242,2019.2215733344456,16257.954301585436,160711.313214567,246959.08253847808,248556.4051102981,228131.3126024492
0.3092095389348968,0.2292195191605945,5.12773644800644,0.06540907019100424,0.24046199987442943,0.21575561811124883,0.9810401116670836,1.4646482771294331,0.838272179302891,4.717939759037917,55.40803958187766,755.6196812901493,5921.361304927809,76402.17769492595,158452.61736419846,168257.42589513763,157560.09417213575
0.3736181799300222,0.27066848177095326,1.4179970654962226,0.17467874995463725,0.21862340775760303,0.2644470771961912,0.88711070476727,1.7237600073706625,0.8005118291979372,5.918658698028183,66.3124508518455,904.783510826331,7312.226170228218,84524.34809980197,150598.76156486018,156876.7482361389,149728.48400191075
0.10618132375637034,0.36351568467415096,4.240836030054662,0.08616253462514561,0.15170267812769603,0.21029024491442197,0.9899743060605837,1.6616580682649427,1.1118358998460274,4.636407147884165,37.82984208330152,547.1913447277802,4326.025182425037,40862.490743894035,62807.46348632682,62528.00202033597,56079.78416636167
0.35310328596415297,0.31372706246535037,2.6183222351651683,0.08262203000957463,0.22535283952957014,0.22579901958195964,0.9668289718804064,1.6604701499809527,0.8667146816266453,10.505963281047215,94.49028513557246,1359.9121701047843,10747.917358480563,113720.00100352,190066.99462787478,192804.89936643073,175095.47403113317
0.31160351659693625,0.2117381531667478,6.70858876545962,0.14123278670234407,0.19193850150365313,0.39481126426978497,0.9835486854300977,1.5321363932478136,1.118042732939011,13.102752336253486,105.77291213598865,1541.2584386309356,12419.99685832651,113193.5727184493,164832.9040646118,164928.97227010812,151657.50626583234
0.4542639900398159,0.23682779764621661,2.1283120010832537,0.054709661574206994,0.1681694218726453,0.23881648009029394,0.9366882932850893,1.4533625915100417,1.0116705473552015,15.105917561827923,133.42541220265014,1944.5454230365453,15287.49436037475,158358.71785234963,265576.87163839914,273324.3930066411,253680.36017577667
0.3371520217224513,0.21346378274504862,8.776515735457409,0.13102245330521262,0.20860621595181073,0.26970243050746595,0.8753748364145886,1.5540480097063933,0.9737573319885666,6.127754852406639,65.13576454224834,908.4358743045605,7278.713646536448,88809.64185748278,164799.8843914008,171751.5423616666,161899.77688747513
0.1534921717251316,0.29596382276650923,8.985585210901753,0.09900787494874191,0.15213457734477598,0.38105841631941245,0.8561035274852713,1.62701246940488,1.163020624612203,8.472506942535333,64.78368113377626,956.380716603604,7619.208393732574,64307.898207325205,92692.60806589652,92002.31228480772,83758.75589979757
0.48976789835402423,0.2678478523585371,8.190221117806963,0.1622019162485283,0.20796563901395135,0.2639506263911458,0.9727980600611564,1.7431577054701886,1.0586380479007325,13.58311514401287,122.75355676264056,1730.3525986127852,13977.443087052894,149713.13907561128,241902.37895339748,243796.89382872652,221719.05672353314
0.20987127828586508,0.3125484490062021,5.657135620612114,0.10353451100908155,0.22147438433111383,0.28788561895430087,0.8479389142515715,1.48455065710018,0.9239524666292512,8.099758122746126,67.18090080180012,997.0425516164537,7924.98229543938,76896.31579362573,119947.49088500804,121815.2103432027,113410.66585695637
0.3802839664344615,0.3850868405834637,7.752446755986087,0.1312051741412278,0.16993881027770819,0.3599097557795268,0.9258166297152428,1.6517057441358758,1.1712905292147733,26.878755960562565,207.8623794283505,3022.400913096858,24078.347972884752,172712.74867175563,230957.88649042588,225320.53247284068,202359.82877161136
0.10016953973142813,0.33503480028783394,3.3767608033766434,0.07583151726069676,0.1803278903023221,0.3334081946011934,0.9217262898170957,1.6104738558603724,1.1870747800577717,7.623986475778506,60.13329427269404,874.6097032431709,6922.076249201879,47367.95833698816,63695.56149602614,62387.45893439927,56218.15245362954
0.2881997211342198,0.3228433169970897,2.7601339312789785,0.12709989283336223,0.16527227305344874,0.24020431102020365,0.9873366570762638,1.6877660682056703,0.8554656650925201,6.466721409383336,62.72719767101836,882.3712028675374,7014.491513086561,79401.41895658537,139690.41692085264,143374.31410613607,131489.16562815887
0.4687818122327956,0.25956500642604985,2.2122814064304293,0.08035664724184104,0.21886697743470493,0.33252087449876444,0.8748445219563226,1.6832689836350836,1.1499417632602866,31.36671140430793,244.6855937917542,3551.675242290473,28153.821890022136,206263.34983379894,284153.12131077313,279087.9549091532,251723.307697139
0.2440732172535907,0.25992098563181815,6.471501071364597,0.14809690381550472,0.19587110008366862,0.3554509372388187,0.8946025393290228,1.6916965449096024,0.885703263051094,5.870911133341364,54.68928971786087,773.218712007401,6274.558180143408,68841.41674097537,113853.2433194147,116389.72885244366,108795.38765888663
0.3181846584945459,0.3490745662276567,8.125534530515043,0.19212652667325059,0.24408984474432416,0.38496659810681394,0.8831612325200204,1.685549673549312,0.8641254363380267,11.508927887311765,93.52788791798024,1340.490238467809,10963.867347219379,103365.97935507113,152271.16934284242,153241.93170316363,142848.95572798225
0.47919661539436065,0.35426845319407285,9.357954864403643,0.1718221885772395,0.21572116294073623,0.33748963282879946,0.8909831800781467,1.606648604550262,1.1990844472956546,31.375425547420637,241.99291547986593,3549.4874839993563,28373.556440093707,209118.54456785868,282271.04813594016,277573.1856693104,252213.28293777735
0.3658348415305779,0.27182842851534456,8.199619403983451,0.11377027921287272,0.2381600820658181,0.24560416841360183,0.9792953264753735,1.6220231754007963,1.093151030680374,13.31455052135908,112.541607674373,1616.1007696936438,12949.836908742565,130296.50333353649,203117.24421642759,203372.45344929385,184150.37969340742
0.36394652450189957,0.3477717402163105,7.482406855901211,0.1357761594118497,0.1639827254564544,0.25767269599503645,0.9012140379935569,1.6703968878943876,1.0171703361385158,12.674180526901337,107.25688597958903,1546.821669022223,12381.057436803016,125997.1154995236,199704.48199469977,200938.6303235068,183040.82549093958
0.3814760991605648,0.2402384373568915,7.900614481163742,0.14363211721115307,0.22656238617518826,0.38622256563012625,0.8997412726104204,1.7566591658634538,1.0024815885407226,13.335993704053248,111.08762919846154,1576.1466859368095,12813.613072621309,124971.80243319192,188962.128711048,189511.35252364547,173738.80942817143
0.463464066663862,0.27753904998472356,5.084580655144672,0.09208906151398219,0.1594799709757067,0.2891625539027085,0.8804938081484207,1.479758626554295,0.8984577851944289,12.47923345899115,116.68083284156724,1678.8312772380789,13335.100887053624,147649.56897679128,254055.62494989813,262159.2439824408,244975.48510046696
0.45730477334547415,0.30649180215760957,3.9246167958911817,0.06078457669671349,0.21862209975765134,0.3169402155674156,0.8937015608536532,1.6199046427278971,1.0030983540305674,25.591325406489993,197.48622645280932,2915.4409542075227,23096.67397604724,192853.1293939129,279790.986784849,277940.46922011074,252250.10312684308
0.11295887561795764,0.3948478529843463,5.403270633689235,0.19887328544541188,0.20305475465942577,0.3766913447694033,0.927865920534028,1.6863224864233757,1.1648494854925675,8.526424353305854,67.7805113127542,984.8020128068262,7876.946029290246,50435.70607569999,64809.65059332848,63030.47173467792,56633.72209771363
0.19863693453137868,0.38219369831235794,5.997099527786774,0.1752449486437656,0.24822569197738903,0.323429186377926,0.8853736616980941,1.4623990916796066,0.8979389852835281,8.976562643143742,72.77523080300449,1076.0375900859228,8635.39086355979,74669.77579970023,107761.34359092147,108411.44462071476,101235.61431760693
0.1830302733225175,0.24450525912264665,7.044621866829913,0.11461575472248126,0.21507928464458584,0.38990108966802384,0.9702427983212216,1.45696203674506,1.1308153786945239,10.259021918688585,79.3123423913987,1170.8755600552904,9350.97937895044,76147.78321549731,106657.85156044307,106036.92200002259,97248.9649721037
0.18467009692293895,0.2326825116091847,7.514870785144825,0.10664831985754265,0.231545384221747,0.36935136724253403,0.9415344293763223,1.5348023814417309,1.1314866850521121,9.538772518731433,73.99800158101908,1098.1273600061054,8772.198305690477,74722.18585363144,106644.90218849927,106021.02834383368,96839.7981906762
0.42087512560072204,0.32851222475591746,4.768587645790705,0.0961619366738067,0.20902805005261343,0.20196878929844042,0.9073572730308435,1.5590653366362364,1.1070033292064765,18.73637293811607,150.43872021380494,2214.85837596887,17514.202353358392,163840.4586945013,250986.105688169,252302.3925494898,230818.7422669043
0.39529622256748675,0.3876474650428462,2.316263195557133,0.17819710834080615,0.24519458438975295,0.3779655709168508,0.9766722299463356,1.7519965723602993,0.9906896179834268,27.070594219313964,218.33871143598705,3117.0565212739807,25057.560261106173,164265.94454513362,211182.14039907194,205522.73642659152,183973.3371367942
0.37088229968191844,0.2220207718966933,6.412963102810977,0.08723748018040539,0.19357605052062052,0.3642599179150168,0.9385488596907489,1.466800172809367,0.8346382323581504,7.905881634311307,81.33903904606181,1139.4289490596163,9110.222032578953,106540.40988223927,189207.7868385174,196077.86482704326,183950.159180203
0.25136757234207807,0.30991244434808213,2.597976578613406,0.19232223442343593,0.21652700486444754,0.3994201024825069,0.9550008056425063,1.4791361449548817,1.0769946195822224,15.713790485442885,127.72954032065313,1863.8270157625993,14964.864236972651,103725.02763305652,137794.6687078601,136616.5066792308,126063.58523518856
0.43103116421133203,0.3440038630249545,8.046316099020757,0.18764741509796068,0.1729260841792862,0.30381577780904306,0.8899817920156137,1.4508825825534477,0.8361162361141453,10.097172260972263,96.17459862366685,1366.7934711883145,11069.073449195543,124613.36166966273,209860.8662395278,216468.208173612,205745.78496213464
0.4490169710506293,0.3077206915091577,5.474383579964698,0.19471756644502813,0.17524920949065556,0.22775609170056785,0.9186439188427041,1.743078884196282,0.9571118148440783,8.805718217694233,91.16034145731972,1258.7945470465875,10134.212946239688,117146.51967735884,205585.49119771228,211457.61562427832,196674.56782025925
0.2822182893659342,0.323080388789957,1.1164636473789245,0.1453981472887344,0.2287831892255582,0.3923113023800604,0.9181816899309395,1.6552106599031235,1.0484758728853412,20.340015855173725,165.05048980362636,2395.182514631845,19147.731239603327,122115.11002139736,159340.55595045444,156052.12251536833,141213.80231866494
0.27628388024009787,0.290301643492265,8.267614614071984,0.14749009456160378,0.1534038013088656,0.32589931089915025,0.9571957144157806,1.6638904418749167,1.1136441072137546,11.4439997297922,91.66358613472777,1323.6851691794313,10634.24065898751,100658.74350413882,150295.99504719797,149631.63552658967,135442.26613680884
0.30271768414940947,0.3210368779931201,3.679459072907808,0.06888448956197514,0.19684507556963854,0.2353109252065465,0.9454727793505364,1.6579395314049576,1.1598980715813028,17.171390205577413,133.44506802957827,1953.8297891904747,15468.61048837987,128915.35310506332,186483.64783075548,184254.1927758364,165521.17059375442
0.447406806479002,0.22359935765838523,2.9785334452362435,0.10080704989919007,0.19602831624141578,0.3586691040817185,0.8874575918671799,1.4886003624052895,0.8946895050318862,14.315703922673038,124.46430381016852,1813.3358822893306,14464.784009104802,146725.48442556465,235009.0652041132,240257.60784031273,225043.6687894649
0.3867882321905697,0.3807629902146486,9.193119769954578,0.1915461094846197,0.19672476492619778,0.29628582015285665,0.9634165142576668,1.671851154793131,1.1828418200796729,23.22469166611811,177.60466750950712,2592.017923624627,20805.661244096274,162207.75575863136,219988.28910554765,215172.79335804057,193089.42691697646
0.26580044098691435,0.3394613663504149,6.068651659674425,0.1488000705751752,0.19114836402599591,0.22143775425120185,0.8995824939254825,1.71412677261244,0.8421374285050246,4.592371549158763,50.08667048030557,683.929370166535,5458.981881079496,66454.56259106143,124966.8154037763,129901.74208578895,120862.75012502771
0.174350744453916,0.3887939031105725,7.019324559573716,0.05638207528658534,0.18949688504182796,0.33262477957595504,0.880368484902009,1.475345627669701,1.179231815970219,12.565794068561374,101.23836205050786,1485.963830709197,11764.572123225867,83636.68908406627,115730.02445782122,115180.35312226419,105861.43974710336
0.4287092573139565,0.33269373447270045,9.414030098997532,0.05942326401209086,0.2353698096908862,0.2046657513521556,0.8997426700675042,1.705292154719794,1.0696750246857083,14.967975016291486,129.8635364524004,1856.4329219113295,14824.644150132908,154820.01828229497,254879.7576846149,257248.4878285491,232819.55978133026
0.1591103076651356,0.205102737841191,6.406484459985404,0.1473381285925373,0.16868627581429238,0.30867025461159436,0.9408481392689254,1.4410792052479418,0.8621685032419267,1.8493481222426384,24.512788045015363,327.90584485617256,2624.510599071917,34258.35996575749,68744.70385504812,72893.40576249902,70222.52579390648
0.2564301470654413,0.2182039725893819,2.2115757255503623,0.11212488054846276,0.21621143229533574,0.26523619336947285,0.8750224767652772,1.631030075517571,1.015136912165275,8.52722810275683,72.13045310132229,1052.5545457741612,8365.417907948646,83849.60335430565,134337.58328346364,136553.97212636643,126187.15279173052
0.39850843572015293,0.28024561815461824,4.759938653777386,0.13681202135662346,0.24104415177844773,0.2859554455207567,0.9373304055951441,1.4623343347644149,0.9195919522053736,13.788356010158077,116.60192112351577,1696.0214404401445,13606.013496695596,135037.9009467995,209448.23956336186,212656.08002283535,198473.10162134113
0.28546167673006506,0.2577825919437511,3.440452161970556,0.09711211229481928,0.23792476826431805,0.29050542816273756,0.9403990675612075,1.5861902393234162,0.9385859045113308,10.69682470812361,88.87972434127138,1293.8161775109609,10302.156713383643,100041.90576118817,154913.65727253587,156115.2501673237,143042.70552851565
0.17556731537752995,0.35370871220208644,9.343672765761234,0.1492668409083735,0.1952387017117124,0.3263549883417275,0.9293643463011887,1.5597630179486424,0.9734374194319488,7.453416591711969,60.00551877640418,874.941288681842,7029.651251981283,65365.04531165382,96734.44299618994,96820.25183350529,88825.28070751074
0.11000514139174339,0.28249901774247893,5.5273369027087105,0.1670943301938297,0.21231822779389753,0.37056473298504056,0.935937349453337,1.5546028829422187,0.9030861210165396,3.717308038578173,31.165160222502006,450.6384422225365,3656.601880609521,35576.80512471627,53684.69130683357,54304.672136369976,50801.28949824831
0.11528872542214513,0.39354331094388123,8.770219191557956,0.16910544021469992,0.19080885229374633,0.33185690084596964,0.9624237304671603,1.6817302415390087,1.0539659356777982,6.291308820652471,48.8145548707698,711.6577463730001,5718.121953618241,46617.19626836179,64336.776210977194,63150.947278663436,56754.688458482226
0.4909154074477806,0.3193670979035998,5.169569863352102,0.13253660336242312,0.2321155103680295,0.20077859518591293,0.875646106160996,1.749691364712178,1.0212506786477726,15.707851383415777,136.61204267680398,1959.449814507385,15636.00944321757,162039.63931625333,262701.21285748674,264862.50746073865,240747.71708207153
0.3403382612001836,0.36810340933362895,2.4718875129495546,0.13304126892639556,0.22363659337668895,0.3147604014216858,0.9303757446372064,1.417246454454412,1.0580335546117017,23.093149013111884,189.6631775428726,2764.091095103794,21980.034793485167,152222.8598684837,206102.70463606183,204547.06336649737,188528.3447664359
0.41992225051033516,0.22252040994619526,7.7889264095245005,0.12366872453746831,0.20455520713239786,0.3466421563277753,0.8517968877304118,1.4674196325880773,0.8742050898060586,8.819324683448201,87.62790550861996,1247.4067908037825,10037.842532500434,117369.72118436694,207147.46899755346,215219.1486222599,204791.22057491465
0.3375973770436441,0.3640185038382696,1.125453817915872,0.15054641395716584,0.2003098584762845,0.32137819076084384,0.9576912312908095,1.490781563674906,1.0273522503628645,22.740517680650033,183.78762157492707,2676.563476085996,21316.68250933413,145769.70293122326,195386.48246141023,193133.23197967134,176723.3047553373
0.2723711932631555,0.27077631094380933,8.028907050242706,0.14534283265144599,0.1839734679758924,0.21654529307354528,0.847702974591488,1.4006717171874374,1.0041255783802006,6.184894292334475,60.71219357712517,871.544501435425,6938.02129198307,81214.71479354272,145467.99259214313,151559.08672874758,143722.54452880108
0.20032733417600093,0.320002095374765,2.244639495628568,0.16061154848350756,0.19421404046115498,0.3129110306197165,0.9141269423560094,1.6912829607333868,1.040598857513697,10.761057531045887,84.24550553335925,1228.621493300239,9838.366520436954,77683.85855606825,108082.91111888087,106943.61449410902,97106.9470880191
0.3939147421719916,0.310453559444728,7.949519111536973,0.058622009728877954,0.20265985905711792,0.31538213162329287,0.8879518705664391,1.491544830713613,1.150338810151303,23.26369604267255,181.65481803533672,2679.125724731944,21263.760641387053,174498.82735125607,252348.62949322906,252622.8264455983,232166.6483954069
0.36492067238114,0.23363295245191895,1.5649054353532552,0.15604493097671612,0.1734349787988834,0.33673084090383054,0.8816610423310091,1.504171596453126,0.8784643441212191,9.285432053185176,84.48596818762313,1218.733427509772,9833.960354104816,103606.03202827147,169953.93222645822,175250.77173188748,166978.7127570993
0.21225568582582954,0.3099081970718907,8.486914217324944,0.09623323654364817,0.20700075325632708,0.28275867660256726,0.9024843031002749,1.7364212751478938,0.863507753100999,4.915069073029806,48.29341124081612,676.8888342396203,5411.1671882653445,62304.520507734494,110001.67481296058,112394.5609506409,102524.34975111183
0.31842253921309516,0.22207937307794504,9.662942051744935,0.18757086489125552,0.18128609004707213,0.37741540031111065,0.9602396546131569,1.471715515179818,1.140922537356136,11.531821916195673,96.38431081132565,1399.7945616687678,11359.101802811461,109454.52349831672,163264.79105900525,164721.71600979537,153703.33881884237
0.4454662944853144,0.2254228263878212,8.848238487222943,0.10825836097883158,0.1635290298495028,0.3271709098613057,0.8661740983009039,1.6537200247482788,1.1908826940365833,17.132323344386702,141.1967325337261,2047.0427605816913,16371.984037408401,161678.29515016475,251880.67724484505,253091.4347283372,231159.6019493059
0.2897961618218534,0.24487376662824745,7.817996487412786,0.16355222375104544,0.21317955324599905,0.26442110203387714,0.9157749393044249,1.4084261881760298,1.1062838555249297,9.844849916806542,84.48103706681017,1232.0498041196624,9879.534480516082,99944.07102484592,156631.69222724964,159469.1158271823,149460.08970780013
0.45194529064945976,0.32271482187599265,6.5500984483537295,0.1253358128442194,0.18785862264857428,0.308933139670731,0.8902063323692461,1.5963372886994565,0.9304892490423311,16.489101904117064,136.51678341526684,1979.3209642370089,15856.289519725482,157526.00854812065,245385.9671873099,247729.89403707001,228061.03209921918
0.4045589160351103,0.3265779415060793,7.962880263180871,0.09137844286580515,0.20320125595560531,0.3278643187170308,0.8545802572468375,1.6544154229195478,0.840392064322574,12.327418567294295,108.94968898723573,1565.691089580107,12523.96736465737,133579.94390571222,220362.3381073989,223914.5772671312,205830.21791839923
0.23686717616449224,0.23398654101024174,3.012699406830102,0.17612404289137212,0.2374253836322275,0.2741441608092871,0.9724996095846994,1.5796758092989251,0.8796483872993055,4.060587156041258,45.21920880052229,620.8977915484973,5045.906700130495,58028.947513194355,99748.0683727301,103171.54727802661,98128.42558793508
0.25587640202055845,0.36961502468457946,1.129061863629433,0.054813686023539386,0.22429335210839066,0.37198468359068126,0.9365639992970927,1.4622845628330523,1.0901139123048573,22.70165376265431,193.14204162258244,2786.2519350457724,22051.114161938247,129045.32887652816,169548.78815934388,166941.53135775903,152335.19316725124
0.4618329839095886,0.3637687712374151,1.2894215454336475,0.06798602717300076,0.20501926350070404,0.27331738059941835,0.8449771233376875,1.6556223460844919,0.9536733995311331,27.23333968520158,213.28637648432994,3113.0981893115595,24575.270394511488,194888.16224896393,281571.9239180103,279829.5704928539,254484.42975135116
0.12128752779519099,0.3532363098112562,2.6677593268635817,0.1272874185366473,0.17695015951132154,0.27477175293132733,0.8484988224519591,1.7381437940907127,1.0569815588374085,6.569676806516447,51.14768264360816,747.473551354839,5944.926124222525,48594.82162777093,69566.01922626501,68781.42999459233,62192.10403043584
0.36382482865206234,0.2461489314507579,6.346550605946742,0.1327824259720714,0.16811612420550578,0.3509864457432392,0.9299163076154752,1.7438940189951144,0.8876623964920337,7.05337008212551,73.3583143032174,1005.0072732295224,8098.656670152726,94301.38647435853,166160.94127135206,170954.27769575096,158838.22061921537
0.26168972733170537,0.3786122029230512,3.428570422607045,0.1523131970326685,0.1640828457195723,0.3645250461378558,0.9851267627360318,1.4695335415873658,1.1724056558894713,19.987884053372024,164.00164559655718,2377.454288660897,18910.264647601478,121876.35789068919,159264.30568818006,156276.1992285396,142131.08371930252
0.22410173919303855,0.3238714255905612,4.922150715982323,0.12035474155644692,0.19089364663427696,0.20415912367799838,0.9389267663798317,1.4695814475125324,0.9395103296793081,6.1146189419052455,56.399314187836545,809.9858710214613,6445.612919892064,71299.2426347318,121772.48537395723,125219.9839661402,116433.40728683
0.38785910449841565,0.3936211524389617,5.971181194312719,0.17493607783737147,0.21128525116547858,0.2720976934499556,0.904833221279723,1.4894418785623054,1.1483604450789497,24.455182363421162,191.1507563808478,2808.8822128679385,22408.292302514685,168400.00449612652,231316.2611993582,229396.18997026657,210650.5355353713
0.4349136438041795,0.28033144822025297,1.9860666904802118,0.11065261641873139,0.17603639045155478,0.23154260431087664,0.9497157044069617,1.6090686897194098,1.0951320842118166,19.26374745170235,153.32928062874737,2260.494393220582,17836.375980187306,162496.0529343614,245782.2892762952,245968.40791428852,223499.61788504428
0.4191697287011492,0.32077725740491453,8.18913862671753,0.1848975609245072,0.24776301741921392,0.2787294554818419,0.9471501487287078,1.6906284119482073,0.9905697257991543,14.710155229892644,123.47501141817816,1755.6626699697445,14256.529407170317,139279.83169064514,209661.9425867005,210059.9820811564,192430.3313116349
0.2096206011885121,0.32741727926523456,1.9048228127699685,0.1095738630626678,0.15457290260786213,0.37048252983082913,0.967793348282619,1.645093151504682,1.0179313192561725,12.925319464408298,100.91908821992156,1474.6811173209885,11708.533276575487,87992.70575616867,120745.86978315467,118582.34627638625,106625.66379882705
0.4605757669923779,0.35562366719345406,9.559146381000755,0.14258383574193534,0.20782749541578988,0.30010619309482667,0.926699675364923,1.4820137103648228,0.841280573627388,12.814845205437994,117.54520110213849,1690.608788279992,13632.99039538453,147414.0836451837,240491.13603968816,245541.19783678403,229240.03265499632
0.4003986188964441,0.3875621766616032,4.208497678411186,0.12937118802732891,0.21335033232819728,0.31658098452994876,0.9602766490058939,1.6053227389572027,0.8028700576662374,15.363114827678057,125.4744220370478,1813.7819145444194,14548.025219709481,138515.3167078844,208998.77193952174,209861.4422820678,192387.0581374043
0.287073794322601,0.26431181834463247,8.147881636024737,0.19616486033471603,0.17355093477625338,0.2452186244199131,0.8816415220014183,1.630851655637135,1.0530276616947816,6.351277083439441,61.42573860819322,872.0058660177799,7030.013458979009,80491.87304231415,138736.832825712,142669.2524418992,133542.45439008178
0.4799612742545847,0.3484370870316531,7.17915289250906,0.12667789833838294,0.22626868072843798,0.3699548864817917,0.942563709714489,1.4275639714429833,1.1278935160543502,32.86860879150579,265.3397062271034,3892.2808371529677,30969.29429397304,219147.31361743825,295196.42180645233,291997.28952730686,268055.7819601367
0.38315601542097044,0.2299599188709872,7.711089871047632,0.18528801888995616,0.1909572375428959,0.3177786158410866,0.8434011946867005,1.533249765010919,0.8872180819755915,5.8118304974567785,65.83875436320119,902.9486831744017,7327.0331703440315,90280.08081972475,166159.47735263873,173969.6834134518,167545.59892628217
0.2922607359493592,0.38562059229914303,6.541559932519056,0.06295588097582103,0.18611035395968384,0.31884298433811686,0.9886464240402321,1.427334129395598,0.8825463980777015,13.417348442374019,109.25367793252745,1610.9343327806343,12751.674832555593,117820.49096688793,178168.8650407836,179506.96683954832,164872.45635401772
0.20284122765606633,0.29327316770079903,9.014385172082584,0.13401442914065953,0.20733444218921587,0.2619559745741047,0.913386392610119,1.6090139960493546,1.1079825900443163,7.946777713486838,65.30376095825265,949.9448818400296,7606.367977663751,74172.29206379868,113641.06957266747,113947.27084268609,104025.4685393484
0.4872327115191606,0.3451412682464122,8.038570608939452,0.09716389265929937,0.20622397645153923,0.32490484962398275,0.9792395839685575,1.4433574236250295,0.8360659398292072,16.683284927747387,143.87420029433528,2085.607404388279,16694.87357913888,171465.33614239166,271641.00603894016,275537.8977904382,254595.63041865872
0.29487804620319424,0.20719175985829985,5.973867047757718,0.06311331372868696,0.1802822193830495,0.3613495036556685,0.8954904740552746,1.4820578133218738,0.870505873013005,6.841535337764578,67.51549960014484,962.8303087822301,7638.051495434574,88766.18174673154,159575.67549828129,165776.38261502734,155008.49411686283
0.4332733667402008,0.3511669538258293,2.697436582415533,0.08416068585569714,0.2322860561644564,0.2445438788582316,0.8498021370899292,1.4392362765035678,1.1195257727984174,27.707506848010784,220.82396861253224,3256.9056277630534,25780.911538512435,194026.04574371444,275918.1391011861,276554.9645498079,256297.56880627698
0.39558885114024855,0.3406187648751905,9.23153572609647,0.12662316479634897,0.17375499638174302,0.2059994543924926,0.8927102613227283,1.7220219014130977,1.1323123369853276,12.710939650924118,113.1025091006111,1615.4432617529912,12925.001816162725,136078.1716171808,222400.96771462998,223762.76027005282,202575.68318620743
0.2773848243532205,0.23368736649764418,1.8874241294234775,0.190624779699126,0.1591858767854018,0.20959609981009472,0.9682878238607413,1.4872980943381264,1.193572503445761,9.473008894978324,80.47700723526262,1166.4373528187239,9302.14618789229,91487.19543301912,143376.79044941464,145747.33312471857,135538.03119014882
0.4090006268594367,0.3519894391779389,2.469263694603984,0.18566609732883432,0.18856666002933073,0.30660272574123226,0.9203535419117439,1.6019164936907273,1.0003727362844819,20.814099160964492,164.4387252055387,2412.5082712680887,19335.30697295692,155680.00911284346,218082.6423379884,217152.5604625179,199405.3655846256
0.4138182406302737,0.27341894071103845,7.0739387064946655,0.15645990116865482,0.23917338805576493,0.3677808731749828,0.895768156704963,1.741325581523091,1.0236750096973208,17.846522698782554,142.4379074918441,2052.2386856605212,16617.266843423018,147771.60357695818,212682.5265240155,211610.13807472948,193076.32925881972
0.4263925554402378,0.2547016609402843,8.871075237936264,0.059542012311741804,0.2128729585220011,0.24003485356250728,0.8586495082646517,1.7604270498535401,1.0702129497163753,11.500181024363481,110.16063586898596,1572.5014582382141,12509.651989322378,139368.26367953542,243207.78008105006,247430.6809963342,224556.39996719043
0.24097724833962678,0.37723621666775803,1.9846614350991723,0.18983605694242978,0.2496126397993215,0.3288713077754107,0.8441928905141548,1.6529353981775625,1.070588192742983,16.480925607533685,133.4911717187637,1943.6569818685284,15562.687160463027,102406.84831227738,135826.41289764585,133900.8049084538,122341.30646099604
0.3553417689534042,0.31599409162562375,3.6812809156671626,0.10558412289038337,0.1931111800158655,0.35434489692626076,0.9676880269569492,1.4015337552094582,0.8809070913196173,15.866821347475275,129.5179125469288,1915.0695237008524,15209.360867741547,135832.7639242369,200726.6758852025,202217.75842801225,187501.19392218126
0.40645137409766074,0.3725148383945855,7.389141795522899,0.15507892986204294,0.2049795945200557,0.3018152047546802,0.9864461974545458,1.476579755517116,0.9179921191682295,16.525605645419958,134.79495112544535,1963.117917432636,15762.564077026076,148266.11047443585,220262.86637832658,221179.27140396845,203890.69715088594
0.425294783375444,0.27792000291285734,2.4431013848296916,0.14450313721910685,0.1530175355385469,0.28301665362745565,0.9448316658570474,1.6899845844061523,0.8802511674367953,9.2184473064196,91.0965817671651,1278.138673325689,10218.219408390984,114100.97844768237,197239.7308061277,202961.5809690167,188780.00179323214
0.10170833721772442,0.2556798223104417,4.974289153878637,0.050926887305723055,0.19172227435347472,0.22710629414914518,0.954061409873674,1.7651533679390248,1.0559471131524232,2.898350278053374,26.97976140720235,383.7370124831201,3034.5453551350033,33263.46240365156,57646.61233623605,58357.63014925073,52386.92816117555
0.21448914608588707,0.28159441153766135,5.821805838554373,0.15039959166572128,0.23361077038048217,0.39737046977250545,0.856269616937605,1.7329503621720472,0.8757004676120428,7.305798455598372,60.12123472156448,857.069302088188,6975.025783492731,67860.84744672195,103101.82456932444,104101.17886847543,96820.7918857661
0.19214058111780086,0.3177932697643099,3.146924339708444,0.154192003251973,0.2117722904839796,0.31484250036641936,0.850597171059804,1.6417889530345442,0.8193643003297097,5.64782187183588,49.34730469086525,709.5906154516977,5719.1827478836885,58225.87899385394,92609.58573861286,94502.90808262848,88730.35126239873
0.27202116815320776,0.3681645244290238,5.907971524373977,0.1696862642350159,0.19707316306004846,0.32256380452708133,0.8977318700765428,1.527917835552934,1.049876278879718,15.124972675676606,118.3385674883043,1744.1449523889999,13969.798309795571,111265.9398296666,155305.80740334478,154485.2745838385,142041.02325572702
0.473369921332094,0.3301238553454043,8.144371898937692,0.16161497231902788,0.1993923277582995,0.3160967968832361,0.8700818066315983,1.4488946067533146,1.0210135517748553,20.754669093744734,167.22697554345808,2495.7011611784224,19930.6003900758,180210.6886578327,266833.6034481547,269106.76017389196,250911.47954730623
0.41594601140310894,0.36592011019758075,4.10003073674923,0.09748360397657903,0.18537450515478704,0.2044356633946588,0.9560065166985369,1.5427411463901255,0.9496828913113291,14.16769931334574,122.7120623003095,1784.178133685805,14144.627803001476,145567.19323687739,236635.48445871833,240119.7491774646,219953.32651071707
0.194940422382567,0.30771964271143126,1.388409173862664,0.11011094881197309,0.21638636067512068,0.201335193152949,0.9239462145416285,1.6864063394112094,0.8021502985305239,4.024207123355966,39.45472636159871,560.0471557021788,4412.910538366732,50902.29213436952,93698.92130155918,97357.54670431098,90227.79770592673
0.3544989692277819,0.25500339004273637,1.1914179060415764,0.1874522535636819,0.15694111728191654,0.2820075826186278,0.9446916736539389,1.5702308889821386,0.944472687899332,9.417969388821557,82.69358932955146,1186.5686905990622,9562.754759442614,99593.41950484834,161720.04091959845,165935.4890188244,156640.9554821783
0.4336008552783981,0.3140980269589534,5.9344037843332735,0.061035465505975536,0.15277067841161338,0.2104862502694372,0.9328959065566585,1.7490981431672115,1.1424142659781849,15.06092625170173,130.62532031999189,1867.0294740626994,14820.243310090234,154017.7991973588,254659.44225595414,256239.38012030418,230234.0834995606
0.4615423446466881,0.30950306933588767,6.222263614100086,0.1738274133596845,0.15819977908562605,0.20344663954244976,0.8828643367912925,1.653827866675667,0.9288358879066334,7.415068539267512,82.04214101686763,1125.909806497326,8935.178302299306,111454.34177758347,216411.46794117623,226800.8281764501,212985.00205164822
0.19316103674739651,0.2552840888692677,9.188879636909554,0.10280028502656155,0.22530972265829088,0.31614019220877876,0.9615550343349645,1.4608894208012086,1.1599475745073022,9.561271075388033,75.7273473387034,1123.5403698044142,8946.185752000629,78920.15307770013,114888.58864722442,114777.25141631573,105250.61936107028
0.34947443475563944,0.2170569893580234,4.6316476702722795,0.06897887869391522,0.23504570749142528,0.21355468252723733,0.8910798325354675,1.6877504800250167,0.9014302921840932,5.614602682704108,63.06233907026037,870.5143477826095,6805.227799639437,85982.69986258254,176166.03216019532,185624.0969944216,171703.83451974008
0.3953514880899187,0.36147140605795053,7.303822523191115,0.08782139780539328,0.20239518322663566,0.322959859456847,0.9601117123268224,1.752250339746796,1.0870489909700285,24.484038587111048,186.16740354677987,2700.7846187847676,21551.862061621134,171715.57557633898,238146.2545587679,231579.72411998943,205224.14691374797
0.2352348096247927,0.341268910598427,9.142530755689506,0.16332212322407244,0.19136720059154863,0.36700891833059973,0.8935980763224868,1.4178088447386985,1.173165126983192,14.536375050681704,114.5808386347852,1699.1723978087698,13553.35928572569,102438.02500012846,141513.24738427807,140978.2201073582,130534.42052219814
0.4411300316570519,0.3580553455727902,8.799751803491649,0.1928697306811203,0.20651440602564194,0.39591341290615656,0.8943851860959536,1.766172761464342,1.0278609073473195,23.04306243085169,177.25737199814952,2567.638559627428,20823.999681604364,168507.91723386606,231641.43429774218,228437.34001891207,207057.9312655208
0.29283472065683386,0.20985625986640447,5.395612032237932,0.15565580796006748,0.15746399864750493,0.2251319555646366,0.8532316088035826,1.5874771738818534,1.0024829543270333,4.0475654133817,47.874288314771206,659.9371426272799,5208.914433760859,66696.91304607231,134559.82718445995,142567.75137458957,135764.37213832542
0.3022688437536152,0.21234412412386905,1.022340784311873,0.08530667366216416,0.23596758632875464,0.360484551075416,0.8776159911672993,1.7497091259059223,1.1994902175763482,21.025468124517094,167.09142990825907,2393.6613746583294,19012.381287730666,131734.02604316472,178092.3210810963,173953.8578429204,155977.81509663808
0.1763130487548014,0.2868800435358544,4.391901198228911,0.05596826322409472,0.19407818702887938,0.2445395783987192,0.8647895520122667,1.4954476672035208,1.0108232590908344,6.860000442865226,57.44360232433856,847.0082899749475,6683.120039289387,66243.21052794502,106817.33591547963,109119.7562025267,101216.19698410266
0.34171945930932746,0.23659547071179943,6.3782232968410035,0.0500110799176774,0.20271883286361034,0.27573759936346137,0.8879841557503002,1.406945339278725,0.945520206214828,9.538513227279594,89.91045506678496,1303.8166126953993,10317.159544184933,114805.26916939234,200486.19105185277,208275.3072157427,195389.61928335277
0.21559669624792105,0.35325534628303484,1.7006650378430876,0.07080320048035008,0.1757299774962725,0.36181304688697496,0.9013673446264066,1.5689964961602307,0.955431917291404,14.30003586434585,111.25582706638224,1618.9324093866023,12816.499058400152,95053.01565858189,132568.42442885175,131286.73291938915,119497.73691156929
0.3686190063282365,0.25490538072778157,3.005581196935719,0.1746188749133788,0.1948121548561838,0.39738408410297393,0.8773624668378373,1.7226701828104958,1.119425259416369,19.652362021500313,154.05929924767037,2239.2443877764044,18084.027437180124,139958.2166830834,192361.24001341398,190661.4430376924,174293.523375016
0.3644954514986509,0.3788819637959001,5.779710989718995,0.10936505878192133,0.16615077348559015,0.2836992150120308,0.9096389437579808,1.425540151857138,1.116715790221669,21.329972505461146,168.75868584267076,2489.2928495598835,19745.175177114437,158872.19451436689,226832.92195835055,226936.88921697382,209455.8480922278
0.17750031369939753,0.2314332808073092,2.346182296212801,0.1846051634047819,0.18214747483461993,0.23020605490015122,0.8669242127873853,1.747990512965925,1.0749634578804212,4.5005766622808965,40.6167086742837,581.3709516753473,4660.797191458095,49781.547573771524,82980.12699649944,84981.77638969931,79229.10743748223
0.36710530404246333,0.24787787589084928,2.9474417348116506,0.12980509312647923,0.15969720303751508,0.33636383822901017,0.8946425418808752,1.6910660806881441,1.1147050932208091,17.199338704966422,135.5189273822354,1985.0738677358465,15828.416319589234,137399.12482258063,200340.7967408244,199485.3602827254,181378.34459951296
0.32197267252734685,0.34199426486607254,8.207222345806603,0.11840525438083792,0.1762666749057599,0.38467125276738257,0.9060757690545801,1.6492453286942863,1.1338055697567837,20.80664683313122,158.65068210262555,2325.4751119893313,18558.185212545075,141280.975447001,193119.24777853643,189387.96579364248,170801.74940411389
0.3234144840963531,0.2805699763436913,7.639824640661295,0.14611184224154947,0.20390875524751165,0.3780909440192456,0.885956220506555,1.543498180731197,1.1542192446758666,18.490535333406143,143.25085065990473,2111.9703681637325,16917.15623344286,134181.12696875705,186821.88135622858,185547.79058366732,170303.4617611018
0.37344346066233414,0.2905310914888924,2.218648777077167,0.057764387300908,0.17500895751379597,0.2545544623567726,0.9203066611349016,1.4577615610226737,1.1307623089816725,21.30055898050031,165.89632836189818,2459.8207281517653,19378.196101683436,160066.51117134522,235341.0274775607,236797.81141929087,218128.0139235128
0.11764849659029278,0.2892999980573896,2.959250644505045,0.16064850416303106,0.16428004787095746,0.2699379159725763,0.9877636738052933,1.4262834626667191,0.9248103083993775,3.4634650716479776,30.53234528862843,441.9349753388627,3540.791153110411,36850.671759357196,59292.02474158458,60642.25871163549,56875.339191118546
0.1968477749937664,0.336090919977988,7.94868720622497,0.06838453772256323,0.21867980538925463,0.3690063871485017,0.9793399048138115,1.746126553224574,0.8154188118640586,6.793247554519627,58.89542450712921,831.62070842975,6663.106952473875,68266.12205610219,108398.91483703956,108043.28081876927,96622.54193431234
0.28667230990748394,0.3520632448791507,5.615990337184702,0.13491433751987658,0.17976046498655307,0.2788516944284458,0.9221124007539279,1.471348387540281,1.1331193633455183,16.261230685571842,128.21157042120964,1889.41606476835,15029.326677060524,121656.96937046165,172338.15664769753,171714.15764993415,157753.15780720214
0.11719849230456242,0.31257332380178515,9.549934991473872,0.1405521021379735,0.2080197958626715,0.21726821046464162,0.865764633390869,1.7481180280398023,0.8987524850584906,1.888152484602601,21.416593084406102,292.02197883729866,2324.0527346621525,29004.462561136213,56266.01837308706,58631.726170919275,54369.10885815893
0.29615253868510016,0.3482752983230124,4.527183213915889,0.07568596636939857,0.15143464435385404,0.21975236144875243,0.9192491480536628,1.4581871390539258,0.8404271536404679,6.698330735573405,67.30227548599947,955.0304530308915,7514.450567873716,88594.82024746235,164131.70988778103,171537.24612950784,160338.48772130982
0.26039298635259717,0.3535600002379119,1.4273458433125437,0.19916875421696195,0.20450220906633676,0.36913183787555637,0.8519467249107023,1.512215765040822,0.8909338079769061,11.720625958636036,97.81990019914483,1436.6121981343524,11618.692738060581,93800.2396603797,133412.92883813352,134484.85779108628,126528.72628105311
0.40021553694440937,0.3107459427145306,6.120169914830167,0.1797025545609779,0.1889973390059231,0.32577773354371264,0.9753402723856355,1.4605290942131424,0.9769150380833673,15.733257179737144,128.32662391463685,1871.072221998466,15086.70292721048,141046.81866174037,208601.49167723674,210141.5548469263,195456.42714492333
0.4199302716507137,0.30025244141190444,2.44823154915911,0.09141883040728827,0.1994119673797094,0.21127371070419768,0.8757665024252352,1.5188166804592385,1.0084611554160186,16.451746829449654,135.8352705001983,2012.2955076694886,15847.423098262037,153566.25842733032,243653.72496675613,247684.94944702517,229090.2919240241
0.3175982522236239,0.26205029900900123,8.090329060010276,0.1407402254327883,0.19348001663719835,0.2686230629568065,0.9606482736046614,1.4812970974065547,0.915868340041004,6.228452142843553,65.97598391126499,915.1263769692355,7348.590088743364,87597.37851947869,156516.0281395947,162074.57248468557,152181.65256921516
0.46068367583640535,0.28471902772342067,8.188378438476754,0.18221972151248428,0.22592832742450925,0.2302007420702255,0.9218884828134213,1.7411847740333488,1.106454864715458,14.078958424073143,123.9196428691548,1757.0374721661208,14199.652931091849,147359.86820837102,233314.59700054626,234755.46778962962,214026.01048061083
0.22878772299008576,0.33165549638159053,3.692377560432915,0.10771725491578649,0.20241770461315314,0.35313205270737075,0.954218499727549,1.4902865204258446,1.1871662857466654,17.515895031780282,142.79664015357574,2075.0688635949505,16471.153004254607,108236.57798991851,143116.608121202,140596.1160019425,127836.32036727043
0.29808996484679084,0.2705400541713453,2.946745786895213,0.1900915891069787,0.1821776727245861,0.29557431551584634,0.8571988552522234,1.7570376386902165,1.002986633516731,9.471117064288334,80.26370393464691,1149.6170314559477,9281.400422754808,91155.54206771446,141311.3541147441,143160.18840302672,133154.56857966958
0.2830818221931931,0.2038593004445729,6.819122148361898,0.10430515323865343,0.17480655717093624,0.33103118728250736,0.908209808504425,1.5414587340302037,1.174487105163437,11.12850127078592,91.3527998153214,1337.3638290861259,10660.735808124266,103694.11716809437,160020.48008812865,161349.12913197302,148419.7543319116
0.2734346893111804,0.3875856813147148,5.079759199170905,0.16918458955470606,0.15760721663550917,0.20421877874453676,0.9566606204475822,1.4669463711122308,1.0295229954471825,10.160253373262124,84.19021545163217,1228.6666787576853,9786.201436574745,97264.33868814906,152191.20834085002,154160.56730718844,142443.58641708392
0.2339452747513877,0.2873671861190837,9.167100822895778,0.07534175992057648,0.20016796043486293,0.34998557472227654,0.8613421837478361,1.709192291641513,0.8295417409184419,5.679788105273539,55.12859027872709,782.7608901164224,6251.126494717136,71170.90506299553,124771.77932298163,127635.82034907887,116971.79245971939
0.16028289019831596,0.36249952669879854,4.696698014838707,0.1320180664405763,0.2396171692003602,0.312930372062462,0.8526999765367517,1.6716843901717022,0.962672378461431,8.581203470109111,65.7292852555382,969.0142396334362,7745.726566957298,63709.494379083786,90421.40692582281,89716.86350696807,81775.68258804659
0.18842419706248778,0.3399866322338589,1.6839311443594762,0.15611736867090759,0.16630545846678288,0.22237076432410763,0.9730588666991056,1.5895096059417704,1.0121830290339004,7.813205292361,62.84387633422831,916.7578768202409,7269.341939553561,66905.71992842012,101082.01590148875,101470.27470473989,92677.07023427988
0.4782303122097672,0.23768705851146338,2.3560249935131896,0.10595096550140792,0.18258329952239236,0.27302263121011927,0.9250947351190503,1.5149572917631335,1.1782035517175105,24.44451445215343,192.05791030054527,2845.908062723668,22524.257269882644,191282.14571415193,279404.1052409896,279606.3143851232,256460.02041034048
0.10153453427885095,0.21650521190048538,9.419102386784811,0.1253121228229831,0.2384039401382982,0.21655953417982488,0.9610943469269974,1.475188025665422,1.167923576020696,2.75214499579229,25.926663950427365,367.68474882526993,2946.2851312818957,32802.962013854696,55262.984941411625,56534.84500851512,52348.490730056285
0.43642683876587507,0.274479129618837,9.657003176145587,0.1913450296573525,0.17179078455852942,0.26976738310770426,0.8454182737302307,1.7301177535407968,1.0182442189331922,9.068031758437346,91.16995212856554,1273.4806932983006,10281.502841999467,118772.04194677869,206964.7222659299,212806.5911834491,198728.30540273013
0.166914517688467,0.3549418420247987,4.209234434949769,0.11778594181841189,0.20819239252672472,0.30333467168916434,0.9642542658477014,1.4389051112921973,1.1689482828063313,11.790152728936981,95.93918434067652,1396.2042680496877,11085.694848666582,77255.82219045001,103991.16203179347,102708.88929043191,93889.00861509661
0.18840818986515617,0.31802096162256244,2.759197517090612,0.127381920470931,0.20933774043442072,0.20331732228101923,0.9884950314011566,1.4879005589515293,0.8046275736609971,3.601886033419529,37.85362387704044,530.4580421705971,4200.560076805217,49865.67705481163,91586.92329424893,95418.45070012778,89491.80088608197
0.31730800342015775,0.2303307559998761,9.724379365843571,0.08040628020660368,0.19760628119432203,0.3593957142826393,0.8411416711525747,1.4738149265942324,0.8706582282470676,7.233780554077189,72.23812746227081,1031.1697220935032,8223.911387279253,95915.21679792297,171346.38910772037,177953.73565759487,167429.83804725658
0.39401965713637,0.27177958293606846,1.076482220599027,0.09757678929103158,0.24871709081827062,0.3567585378379183,0.9008558366599484,1.582616476452032,0.855923028926472,18.38958036596009,146.58617426327805,2158.459313165752,17165.170277074605,145588.71635131282,212571.57812097197,213300.81339392634,196504.283474034
0.3710890822117644,0.32419493583366205,8.549973210081339,0.16556878577751333,0.172324603204161,0.30898989862491366,0.8425928117517169,1.5042396625694474,1.0099618453649557,13.772230345088818,114.82409701256036,1691.2698541554173,13558.269504129084,132092.35890368887,203675.79928969083,206549.5991372857,192777.06903385802
0.24257840059998137,0.22582324693266728,1.317264376376905,0.1355002319106057,0.2188839229837526,0.3884977654845633,0.8857287236428478,1.5918071757175027,1.0935204790950581,13.585865310274604,109.11148077314292,1590.819916174967,12736.12822011106,95679.58860305142,132238.70582248937,131603.95851919494,121088.80358012306
0.12002384550923986,0.27169472998268046,4.046452676956974,0.11409059954896754,0.19382166887108263,0.315585820251069,0.949297904440167,1.732592833652238,0.9988574963205556,4.853029366379658,39.06123081574393,561.3301391978425,4487.576325891875,42309.119372625995,63843.028676302754,63601.653753999126,57371.79140914598
0.431371791427141,0.3223409679974004,8.216245107818338,0.06332184937472717,0.22774546040281082,0.350091974240294,0.947364631779697,1.6982532534241446,0.977904784710518,22.068722026337674,171.80693682784815,2499.1279012579957,19915.82140002797,176477.00750359878,258216.22422232147,254593.17889702393,227863.87187370134
0.10301966678795056,0.3350293034217011,9.164116855021607,0.1195926673515851,0.16523430060824323,0.25900119192273463,0.9162123321096448,1.6759569630441757,1.1043875706729767,4.077644095460564,33.27302103744862,481.0556701416758,3849.2081857090884,37937.50839057051,58843.890174647844,58796.091124417726,53196.39008786893
0.10988497619955338,0.36567600729572963,3.0477650018891547,0.14030161280779802,0.23780041094416807,0.3098274664736912,0.9898726961024532,1.681622402644749,0.9198821173510295,5.670962165869252,44.80060111036708,647.3181405124564,5188.402735725366,42231.37416675574,58800.727316463686,57973.87637632271,52238.40331736311
0.445500203815683,0.3294162676023157,7.425030831279946,0.07794456768075556,0.23300497166454068,0.3118279730250448,0.8698122171912954,1.741937924847384,0.8014480857927493,12.195464129406766,113.41781640348292,1618.3980676647172,12915.43634945299,141370.200046802,239275.22613716635,242845.4582573323,221190.41243915586
0.33671151107934305,0.3037040025410337,7.38703444940704,0.1224749345207855,0.15875904871181235,0.35634346543011947,0.8746655377154102,1.4066893085732226,1.01992384364713,14.717617499153349,119.2066575470439,1785.0626546663057,14188.145920949719,130192.1048394715,196027.6797623141,198380.0053312881,185195.87593470313
0.2308618700556686,0.23315536315594457,9.922862934089096,0.15574597044105187,0.18777833447580686,0.3864940213670538,0.9883280724044858,1.531322867133028,0.899285265320563,4.403132255125911,46.88040812810528,644.0901862798182,5249.155266781398,61290.57532054502,104794.47514981836,107830.49182143922,101722.3320730831
0.12235532278197572,0.2613460026388599,2.2513660054815774,0.12196770212111739,0.1785714925080617,0.24329998251385224,0.9010694267545822,1.4731288104317115,1.05298388606347,4.821009353062877,39.5180003576236,584.5446386093561,4617.593507398222,43949.41395142922,68342.55720733188,69409.7738347472,64490.7354612057
0.29985389343218244,0.3072724160582345,7.616125888397784,0.1533609306381977,0.24217994722086134,0.358879144870792,0.8717821491961393,1.6801079175615197,0.802582118627873,7.468325989463325,68.6682297733898,969.9673404909825,7906.696540379985,85561.69081310164,139104.70346866327,142062.94103419775,133421.98021284287
0.45168952341953816,0.20353016898214632,6.030538118030769,0.18567403907826996,0.18515026588676753,0.23064595175417546,0.9493043139820446,1.768627845774778,1.1301706816476642,7.621640387425877,84.50696482760235,1144.3001147632062,9207.407805374585,110149.60904533348,200073.6142376584,206603.7789647084,192118.95276000642
0.298927088096254,0.2161721003368953,1.3135541421177186,0.11397329349931318,0.24822249897951051,0.3702475361343296,0.9526513166654108,1.5086585603545657,1.1385692186809584,19.303971006501232,152.96954926138537,2229.950729958791,17777.830449479265,126332.94005058976,171059.08719544215,169328.477475056,154950.92279693802
0.22137993264661665,0.2092790605606657,3.4032007969752573,0.15189795808891576,0.2158315525914855,0.28434651684261586,0.9882268195359314,1.4761776395718598,0.9467667099121803,4.91772275481531,48.08440026930525,676.2911941182679,5465.507395734515,60989.10086554727,102626.91301692907,105733.96005780173,99965.7494406198
0.47053467524133696,0.24538721056371401,4.69654734132769,0.16755082580590236,0.20369070112773696,0.31542424487328413,0.9112531392455631,1.4795466349952417,1.0571623646183428,18.011971692854413,149.6070567923488,2195.7079162228374,17638.619205748484,164745.41161326243,246560.01024776234,249294.91593324314,232973.4934241284
0.3371662787052972,0.3409348645786311,6.199615496894415,0.06674756110663972,0.156309572358535,0.28239076123004675,0.9323877763420494,1.7234646810174048,1.1165131955597072,17.309748113598573,134.98274730892732,1963.1281901246678,15579.439061781548,138386.20087727017,205182.11303475362,202735.82498731828,181388.19985375533
0.24085323746299925,0.24739596601645142,9.016464597305202,0.060412539740977114,0.1829590285682124,0.36774457241071984,0.9823973966987187,1.5831386257308226,0.8367393613672973,5.047658441651185,53.330078696160484,741.1951391387331,5899.156266864973,70309.6558942338,128491.62603055684,132460.7933387863,121436.71811091057
0.2935309060032315,0.3499163725090578,7.882111869196673,0.1527427195770942,0.23219231644630137,0.32215313140650237,0.9005386111263033,1.5819525514757355,0.9137706195450314,11.88176513981466,95.75227361564609,1393.5782477122088,11209.826293049753,105195.61601869648,156564.01699866678,157226.57689113065,145073.91540974137
0.3957987273557738,0.3783656738414484,8.498769319637766,0.056651937574254844,0.15197104108375245,0.3709106947871003,0.9287470332090152,1.5100115495501314,0.817676129511945,14.085367150826302,121.19099630528103,1766.852114242301,14060.802128418241,144741.037458488,234286.95626391942,238279.9535867118,219253.19807444085
0.4383860990683709,0.39384559835905886,8.081789319029644,0.15728056095062548,0.15145122279290937,0.3428248839574145,0.9019224862955041,1.4365675846842518,0.9705935233015155,20.224159430688953,160.80961010355207,2393.1200638397827,19085.507777450224,170558.22547504248,250794.2138808314,252349.2510733216,234385.98741120624
0.3797453948571381,0.3428676447011565,5.316640746808171,0.18950182734763765,0.24987742936141777,0.370296741136011,0.9634817984095413,1.7348074925755252,1.0933996078309236,24.693434172144773,193.20183796384077,2784.5638809012694,22450.71138130792,156984.23880168083,204492.531561062,199441.76141638446,178964.56497248524
0.10908871189606764,0.35578637216361875,3.075017183715588,0.1776330681124219,0.2235764683526268,0.2368622270753432,0.9170761047454089,1.7092763162453397,1.0471366048632653,5.296971857246043,41.57780220294884,606.1018435582818,4851.752071122767,41010.84997486412,58559.463169956696,58063.4325974135,52637.21854328086
0.2758249653091347,0.2307716694677637,7.6463040846457995,0.11506353117982072,0.19463445487181577,0.200484301637416,0.9006511170938121,1.6063230015404317,0.8062973239633158,1.5720193383684127,29.843611218946798,390.9748253677534,2980.783849542014,43070.23534503787,113915.98525550617,126686.067733904,122147.15277983334
0.1024021354230932,0.3421256838293535,7.856246815103632,0.1384159757769396,0.22843240859400638,0.38199411150689855,0.9303316866887754,1.4749358849243617,1.0770904851243417,6.502585093731873,51.24864237830237,753.6886738287515,6014.587910913158,44737.477548619965,60827.708473341474,60206.87473595074,55220.77979994059
0.359201683181089,0.36842916196790565,9.923383627896046,0.10892438351071543,0.2337935883707698,0.21175999620432998,0.9625865164400002,1.7395535093614607,1.1119659341058714,15.136467975887715,123.55806926004189,1766.6466536926666,14152.742635422832,136478.39067860795,208036.11557360104,205669.13628906917,183440.0321433
0.12280469257380355,0.2554803925086775,4.1112099662220345,0.1831428216781052,0.24880885301384692,0.2828235961385543,0.8870890648727601,1.6662406240626895,0.884903415893305,2.551623212480258,25.246189927369457,352.7081762391717,2876.1312678160566,31940.254937408463,53358.927380078734,54905.007137427376,52067.92727799931
0.29818119408601296,0.2187459545468917,2.702608445467657,0.15635937774917863,0.1689948457102372,0.283952848072367,0.9850962054507715,1.6159413035021302,0.8319251585895827,3.0643355741980614,42.07105259947032,557.4815910771416,4443.674642550733,57374.11697358853,115755.43689186839,122805.73707230519,117812.11455452132
0.18557290883571242,0.2901636372396713,2.716940946167999,0.08821528946778881,0.191902644648284,0.22112845423848115,0.9631654056886185,1.6803390779975078,1.0248329288894376,6.887167984196158,57.537416690219175,829.4332161088086,6564.212271466864,65128.81633855993,103789.14683190249,104159.87134216184,93973.04202258209
0.21332652583340375,0.3075815843894024,8.632255239316994,0.18035111274274007,0.15873032054198496,0.24198062590719305,0.9325099377855511,1.7480711526847084,1.0023880163092078,4.375036209679558,44.39177878399149,610.245750874866,4911.337147242466,57527.762776562326,101911.79669339048,104480.05782907309,96102.18898257204
0.36343418017045914,0.21798319208752792,6.0993974777131506,0.16900295096928503,0.16864950489786487,0.3608003749800227,0.9303443845905054,1.433049941480996,1.1026346300377217,13.047771647026378,109.45449440399251,1605.4630623083608,12921.713863201545,124790.6168619035,189238.09512721412,191911.32258225686,180026.27048612616
0.37574786762073076,0.32490738070581693,5.926932156330624,0.17331140372505105,0.19413863202280784,0.3937084393825507,0.8521919570983514,1.5259715127835276,1.0497101719357431,20.25163647891752,161.4566355417446,2382.357998876689,19137.627849458993,150713.8084509952,210623.12353761596,210338.69006207358,194889.35567392485
0.15644045996202083,0.3720093964292478,3.398736434020924,0.13108960576204975,0.1829740417172952,0.3671364821271218,0.8836674315964738,1.5944633643409318,1.1756259231591881,12.349105893441399,99.57914610151948,1447.162163236359,11499.530935236153,73269.92710686302,96378.47408615184,94381.49939986553,85601.79760805405
0.34560254194045203,0.35106112534003947,2.4852395135142533,0.09388851102763088,0.24791411910355604,0.3461061804737995,0.9245350762182731,1.5089029148776003,0.9098712493679164,21.248001401125663,167.87472055896657,2466.5827728692134,19591.355218891185,147851.7982692814,204939.70318411003,203356.30832349413,186135.53213391526
0.45690110919970184,0.3932296976562984,7.143564171109242,0.18804948170391983,0.2165512299863636,0.3621998752241119,0.8962265965749799,1.4353486127067865,1.006844852407371,25.773777862921904,205.5340885425053,3038.168645411876,24354.62075295658,188224.01334663117,260566.72243030855,260129.06030740953,241629.4955320733
0.13398559300851887,0.35418216643226774,6.0299471414812995,0.17923693400100377,0.21284165322306287,0.28315131022930307,0.976133380220888,1.65637685029871,0.9360630875752654,4.870389704418962,40.28593953037907,576.3534996634261,4656.85017360077,44911.78756902183,67338.58528466894,67461.43334892941,61750.52862523685
0.252946633365834,0.2944438459773343,7.925676719522944,0.18333375205726182,0.19810453256594557,0.38119964660878497,0.9570885748235987,1.7507250657120887,0.837607147510578,4.9492111630061375,51.71698637306414,697.2030954858647,5746.840109774376,64450.59155716868,106291.76759650659,108632.33582614547,102002.52693124623
0.3049747444982993,0.29667065946252713,6.615888788582332,0.13294372607818147,0.20030342698463202,0.2455283160059927,0.9384837062864332,1.652822974839714,0.920726463339661,6.966301224856424,67.66481975577635,955.6013440509338,7656.594613614939,87693.33267848713,152637.69547283248,156401.85216924644,144106.13889987554
0.15069111451006234,0.3104279548517976,2.1742442101867123,0.1340392114367928,0.1653153388949932,0.20349330657068454,0.9164164974398352,1.559026381226566,0.8830516039648092,3.3203948235088134,32.63589698218642,464.8147002017408,3674.8926178940587,42008.668267400586,75412.70579380843,78285.38155482188,73146.74258346859
0.42738316673360477,0.2576818700260302,1.2481994453990413,0.12287193395389384,0.1834795485269481,0.3980379435285485,0.907510519350735,1.5079747556753325,1.140035056209137,28.788477400585055,233.29982618302236,3396.0429976095893,27052.86401923186,185597.1081554019,250862.84960729387,248467.51786674818,227966.91897570228
0.4599539554548371,0.3804709997104652,8.411367685055001,0.1606568714110738,0.23649287715738956,0.26939963834552205,0.8580841228223438,1.7678425989975828,0.8193343376299183,11.001759781732519,103.74267291367286,1469.8805174802146,11881.446457863618,131798.08921110613,221225.96584112005,225673.48399618638,208957.8271360689
0.2072473111979234,0.3553280718457271,3.7346547955463647,0.17738488627771698,0.21867109910707838,0.2677288132286059,0.8925520877429775,1.6953529872296842,0.9360242080987212,8.212401987435662,65.6992158994853,953.9314095643414,7669.676613058742,70930.33925468026,105618.06506035365,105951.01611216362,97383.13709600568
0.28841010306683024,0.35081807772804613,2.461062805223592,0.1742920810061178,0.16404392632299844,0.3890995265702358,0.8910604218785806,1.6260207951566843,0.8394131636911311,10.884965493307089,89.13764251177875,1301.6270211241545,10509.958370592369,95463.85243907143,141125.62259640766,142419.78157343,132927.13388984586
0.2733417828758188,0.2303051990680403,5.567091846321524,0.11280525243717696,0.21587421836997667,0.30473353292375693,0.9455225600802328,1.6135954219598114,1.1042840303676216,11.371201306628588,91.4970771803049,1331.215619632421,10639.788955917653,100132.89737261954,150522.41942938598,150507.6258276861,137042.20988041794
0.3901903819770176,0.2556971306306335,1.623133265853575,0.13967276863563452,0.1782899769445405,0.35982693374664176,0.9356296900237313,1.4346809290217746,1.1547172034267401,24.19943320517735,193.56044475400174,2839.6161248798808,22606.192953026355,164579.34713311977,226057.62196111123,225119.86765874503,207890.60665529454
0.3180009589377346,0.3724904810631399,1.86199055463444,0.08609710805143661,0.19201748804271088,0.3559354942030255,0.9283164570233323,1.5893155311176665,0.8036076397511036,15.840613567661268,124.32741027159007,1833.700864098648,14530.523471500512,123577.87810420203,180285.8190524799,179907.75640866507,164079.03043659107
0.21786058468973257,0.28107174916225214,7.778617504218278,0.05095066600344869,0.22569058042841747,0.24355647854906393,0.8716552211305469,1.5622685460795385,1.0506198069436892,8.007245751080585,68.51621272719504,1000.915495741912,7953.600137605396,81158.4805453306,132131.28712103635,134598.01743206798,123937.91934631314
0.15590994275723094,0.3562195521637073,4.083844839324217,0.11806808780611058,0.16290727877054503,0.27262358911752094,0.856177473945478,1.4932178381525354,0.9000436561584586,5.667342010219621,47.51471554494005,701.4210327463172,5567.32391881704,55162.19886665628,87571.39091911289,89213.55574196302,83101.17345613346
0.30129158093019026,0.25365452957466544,7.4733503047296415,0.16461460396600658,0.169599287297334,0.31164069923303506,0.9551454658678193,1.6645592830336018,0.8319555813133753,3.20446795770989,45.6062043095167,590.9742004033075,4761.988115737211,61654.355614231834,122306.83499753378,128787.79707671187,122638.86925760754
0.4798555886582,0.2450492559854752,6.189836920901347,0.16985580838667702,0.2240778882898219,0.2799475154559937,0.9879377954185795,1.6734967197839103,0.8651715376303726,6.158815319900429,80.06459915870559,1047.5154280462816,8499.402018974897,105500.74330740668,196013.40657289524,204109.92301207987,193252.40535812
0.17651458534026052,0.39692881110399425,9.905250693578036,0.17954447527336403,0.24147167047937282,0.2476731917883488,0.9523395878347618,1.6388721105672905,0.9005944765288295,5.346935690480835,47.076798234855715,668.2877474480233,5418.1093455607925,56711.675336426284,89563.33535398883,90373.44760010704,83006.08314338318
0.4790080129814476,0.30856607311752426,3.196308883609325,0.1980225872420624,0.22507762627401148,0.20060043807955363,0.9717717346835053,1.74425363512652,1.108166324436988,18.12136650934153,149.59263290451688,2137.4184042192733,17157.04325713624,161331.7530121698,241888.40690469128,241312.56447758302,218570.50746375453
0.17918905880024227,0.2994203580843917,4.8550164911269835,0.06614465041698453,0.17902383609403388,0.36608404895787894,0.8494383037364206,1.715360041995112,1.1545792927548921,11.901283339896464,91.76854423979626,1336.2889596558346,10610.65349294599,80355.56733877267,111984.88434452591,109985.6858614302,99039.59308926768
0.3720547498667107,0.35292809356198496,6.1040626670234035,0.17215698973510238,0.22574972585023437,0.37428132997384184,0.975801475863886,1.46647412242608,0.9311146506480328,18.19926892075508,145.69433082798975,2142.0205588188896,17242.521665987093,142859.35223429187,199489.88376238954,199090.85226886923,184170.75767609436
0.11155832929193893,0.292692841489124,4.722607892840687,0.14455511328853957,0.17715794993051567,0.3341032629594395,0.8664689198948915,1.6281609626904407,0.9305417395554092,3.864914519208975,32.20094583879809,466.6934345604413,3745.167251870945,36998.55134225985,57483.30919803339,58212.386272427706,53982.918196923696
0.3421318701860333,0.25746211315201806,7.63230950467108,0.07759022417885754,0.17798815511177454,0.24860267498476452,0.9155295261856167,1.5563551288587674,0.8559521637856491,5.0974409809347865,61.07716934385115,835.1819265027972,6563.293045187214,84668.04943492787,174895.4877628188,185123.6566284434,172907.3629503511
0.11970356960248285,0.37149787135651047,4.166364330528726,0.07056459096263158,0.20337836590235553,0.20547372521593824,0.976048511523395,1.4473400315796163,0.9228119226750159,4.404955697325819,37.59253654864157,549.3033473537216,4336.211528961578,43899.176083269245,70958.61479984847,72313.1816519537,66660.43093110807
0.19692864251447056,0.2271018238757181,7.6918191073629965,0.11904616025084964,0.24449006758139163,0.36065567738043813,0.9837638097357208,1.7549099006520552,0.9263451178987123,5.046213097974644,46.68851803257451,648.1865143098954,5256.103747846619,57188.24697678904,93306.7690943224,94378.30725879934,86307.44175240434
0.2152625863099451,0.27523401435874373,6.287134960240364,0.12545204426885292,0.17410469155206618,0.22722317026433236,0.9864798145771703,1.7416130619195354,0.8390956603113087,2.0962780109650057,30.816252787918742,400.34079875765786,3147.807770280912,42142.98385613324,92860.74944491583,98944.41872022157,92267.23228032746
0.47834259908091337,0.24913367984627732,7.446522145499191,0.19719680599284628,0.24095493937139276,0.3039329813390753,0.9025945953565793,1.549411538969685,0.9764903258162416,12.622255766395618,113.02070852053221,1616.2068650542963,13218.249489351758,140637.51721192195,224282.80193663208,229140.26669740005,216645.3926754224
0.322289555207256,0.3696767401713301,2.345505037368225,0.18301741976242653,0.20915635407986577,0.36210694841279867,0.9150911590734616,1.438104400616575,1.1877463579142753,24.486334630039007,209.57294080878043,3043.783010370395,24277.16666109652,148398.1944148311,194357.29445842066,191887.96404039278,176657.26141457536
0.2097940023848945,0.39383684780340206,1.7726776545219602,0.053003535048281286,0.16684036425906615,0.2599317631112305,0.9790956656936791,1.4369771712587873,1.1131771817235254,15.101428243963223,121.06562705057549,1759.8059629084278,13886.62002217593,98854.89077053462,137091.67883968298,136466.0616907981,124809.3501970403
0.17479194177398671,0.30788451561309427,6.184572162121816,0.18508448657860643,0.1573804533688057,0.24867523519640367,0.9699567854926807,1.5190312142381235,0.819026838070439,2.094369281771833,27.61116056867735,368.2952304035622,2950.730995625302,38053.73287206995,75213.821119439,79329.13909692506,75750.71699906506
0.4930633110902125,0.27776410123986883,6.6693951589046705,0.1297685469465597,0.1636923586016552,0.3269171790333769,0.9588843705636758,1.6025998016039062,1.156695437612575,24.118471264520696,189.518079248275,2788.626327087169,22244.13414169958,194585.9011098594,280706.6336626356,278370.5495138071,252234.4906833768
0.18514826342013532,0.3857411066399685,3.868214456440223,0.19683628651098717,0.16488990988044946,0.29756855430058887,0.8464574902190579,1.7371842770512322,0.9682583333802931,7.793689013529714,62.648630236688746,909.6763904779037,7318.257366030599,65221.36187716989,95755.04962015987,95829.18106299432,87959.62405971777
0.2686694043954011,0.23273690994598795,4.315680971590283,0.06097720223184971,0.19456726615100275,0.23187050652095842,0.9598708657884697,1.5107712279110592,1.007853260549788,7.222135395445985,68.51985885195249,985.5140283021102,7787.656327980208,86917.27818437312,152112.1575333658,156695.5971432289,144501.8956595979
0.2688179012544326,0.24725283303966625,3.987737175121521,0.1269033240268665,0.17454930697709944,0.27480673886654505,0.8941225021790667,1.6076040677842918,0.8785499790204491,5.199433731258706,53.12832053935811,743.2294959376279,5926.944289489072,70094.49503225245,127934.32286042266,133106.78226726584,125099.60606652201
0.4812082736464801,0.35661225421948395,3.467363561811706,0.11009244038340844,0.2086288079725258,0.22002962962575426,0.8748066542513827,1.4870595617060136,1.0828706405987278,25.374152370068366,200.12108086248813,2967.113010504386,23470.248736404785,198756.4049604676,291787.85168971354,292887.8805812701,270259.9025383885
0.2541152801226284,0.21166150660213262,5.652741045996458,0.19823695401247504,0.24664103447379734,0.34041794740242587,0.8461789198979954,1.6642845768051333,1.0575828606048874,7.891461930911116,65.98265712753138,941.1480660349184,7694.711363434223,76601.31479022227,117564.16028888026,119496.80440422322,112724.4703751212
0.3281283828340369,0.36150491148355746,7.456354410200494,0.15623182348724918,0.19046735634416684,0.3798553815438562,0.9826632894955158,1.4479878239773487,1.0712602944357261,20.527079436079756,159.85794430278466,2350.645101592338,18785.25219624116,141466.21123914735,191831.6388823942,189767.04761518157,173774.78877466463
0.14526298822677053,0.3592032186947901,8.190043007873,0.053666329253576506,0.2277582297530414,0.23340323867540547,0.9306661094104866,1.6522453504458041,0.8201782788411223,3.3767998874581733,33.95052859822812,475.5160057736467,3768.7433554765817,44291.469777910046,81259.74274042778,83709.6762479657,76449.6999061421
0.12299047897002593,0.3593469877920691,6.803767655768645,0.05602803697888806,0.15667740317997703,0.2935736820405386,0.9526443790686706,1.7091438244974857,0.8887924448994685,3.891178923177629,34.711523755835614,495.6754813828229,3941.5269148616376,42123.50208213437,70558.71429756357,71220.36925778016,64164.06676267075
0.2511125121531351,0.2382185509013417,9.004954261074271,0.11923684996394765,0.23290767667063625,0.3165389073777865,0.95379834168773,1.4936652171191882,1.1910866604513906,12.114274441504941,96.17043542679365,1426.1487327164805,11383.67663630341,100495.85120249863,145642.8784273991,145292.40965053323,133099.8713615899
0.17256651611511764,0.26947744013807834,8.72390703624332,0.1578327176953821,0.23802549012027174,0.21164691833773172,0.9418135449087474,1.6807061070186802,1.028954422116814,3.6784997602248954,37.389045983927986,520.3412155563599,4183.863673599624,48565.70672487506,85019.31409188287,87045.72603979555,80117.22914825685
0.461388585351,0.2555341194149046,3.0112693503879435,0.12711515103120283,0.15417129658370415,0.2672014982799925,0.9764785078643801,1.625464726203374,1.0189927181824197,13.934856516808953,122.43210487948191,1762.0243012242572,14034.243309202238,146231.49394737795,237952.00328708286,241364.20033692545,220881.99040422763
0.16411034346782297,0.3223921763485438,1.438965862624342,0.13370087968108124,0.23275772327993538,0.26534062508162115,0.9043190708395019,1.7272291482113222,1.1304361819607598,10.855604915847204,86.13046098428293,1238.0029380929436,9847.19728525191,70026.67189293588,94668.4163447723,92583.72041159436,83092.06996387459
0.1465419903175032,0.3899857656500237,6.673194062487498,0.1627646671568019,0.22335801476839168,0.24202781722353486,0.8778137951230554,1.467255772168293,1.0997304695183172,7.891579262578183,62.00808405570807,918.7771156456649,7315.684689575487,60677.55721572133,86950.42649144238,86989.23990878217,80426.17513347877
0.39967343956715307,0.26155048607623266,1.7655275647639144,0.08987863866634277,0.17644551114990326,0.35549313675766236,0.947672206470411,1.5963265848445296,0.8026137097901741,11.855703748886656,103.47285162984434,1499.5581961110706,11928.828868681225,123682.46807084742,202806.03588200253,207047.6694863338,191363.66752327187
0.25942379404966043,0.22071819087170322,7.021980361176489,0.17961172057936148,0.20237645892765133,0.24984557936783336,0.9399682213194077,1.7497785028842312,0.9981635067626099,3.4576963138976726,44.01868607019226,584.2458983725279,4704.527634199016,58311.6617084824,109876.90386762033,114404.37882322757,107564.4268422809
0.46970255522575,0.24204587234399974,9.49063865384235,0.18554618218760283,0.232678032021769,0.2139141893963227,0.886134310383436,1.4673370430540773,1.1944456478552878,14.417820542289741,126.74613292512896,1838.2931978269453,14777.443987131854,156130.6418885106,251797.5817333588,256992.19178689874,240478.2646505061
0.24991947510179646,0.2947764444870445,3.2131593233322486,0.11296546971868951,0.24461335265414472,0.3030620486218672,0.924894394139633,1.4324437437614592,0.8222105166799487,8.703269110657656,73.30485426193098,1073.2050488785057,8562.143807539866,84660.44463406155,132554.37753226893,135074.9609084664,126512.67129873781
0.26884395031572594,0.3276630376998907,4.816297655589642,0.18248556531908372,0.1705177419861958,0.36045018507189575,0.8474507790027734,1.44186828360379,0.9790347699636122,11.690810913014996,95.45685855910698,1425.2292920179304,11424.347290904729,99732.52230552008,146327.08770435525,147956.6950529949,139012.0785466058
0.32647060610159295,0.2539378473908388,9.794302655464806,0.06498877773024538,0.23766425661152357,0.2301122935661147,0.8859450889142881,1.508016855880381,1.1344316150921077,11.383759064159483,98.9815652991782,1446.0011175744507,11514.943335279797,119855.71669470507,196379.54276087007,200494.83759167028,185327.3631499153
0.3428980175506944,0.20808993215983856,4.170355507328886,0.10787237181250484,0.18695860806520015,0.2568696350752689,0.8504122750152441,1.5050102342388039,0.9467963328112219,6.970818375530348,70.27754419657197,1003.7362935962329,7962.105680018845,94401.40764559773,173993.47322764157,181906.90628399202,171921.4474769053
0.25858325098203894,0.22797886449481825,1.076968512202003,0.11641322265536858,0.15653914406884745,0.31756506884523356,0.8523735561125054,1.7017446612954434,0.8150514081495277,4.76938964192053,48.448179452599064,681.2568314068823,5398.310835164246,62530.005446570736,115277.55177209679,120685.76112153003,114271.1061184623
0.3723543391361913,0.27953730995681886,8.310364977596036,0.06379090919155367,0.20331841760771668,0.23580472764181934,0.9142738397571056,1.7325041689986769,0.9638544638821471,8.321590736532302,85.55531038362528,1190.756136315847,9441.930841997251,111091.89953098148,204363.48012015334,209658.85253225296,190360.33166326443
0.22289025555573333,0.305524418879058,7.44173892948479,0.11629622049214337,0.16219265880702044,0.3213386092954601,0.9865400946325308,1.5154533773443404,1.0586628032252794,9.742504837575401,79.31039102375291,1164.9995261113008,9279.415775496109,85926.21197819895,127764.7688411493,127680.23710769718,116455.53119020228
0.3465393516766523,0.23116496730067537,4.003926139134058,0.1095734950459395,0.15951025131778718,0.3855414300067824,0.8419251152446883,1.639120940045736,1.1249488056938204,16.857859573730273,132.778971439584,1960.7370249593293,15619.055719556653,134565.11142631987,196751.46931875797,196541.6014082898,180020.82126837925
0.22049515799994027,0.3716005786463842,6.970382675443144,0.06945095856003627,0.18298643568765677,0.2574184905581029,0.8678486314567102,1.6411012562681568,0.8711206113168639,6.639603851515982,60.122552908809396,867.1362210430701,6884.64580349652,74517.21405889605,126433.57283038914,128935.81292451703,118179.61510471029
0.3956571402167187,0.3057443397118818,7.395770606842865,0.12780278725640887,0.20910620855105924,0.39488742263811266,0.9643812277471583,1.736404737404166,1.196051489138392,28.071878054947593,215.16446443381085,3107.4734485467984,24857.532605127722,176107.55090526005,231562.96894016716,224005.77433809967,198845.4702816165
0.122447424747745,0.20455591540089824,5.2227486652790605,0.1539218562032061,0.19650201653252386,0.3980820711636601,0.9678985172309831,1.599435247485267,1.1895623304772807,5.885179555382641,46.43851766810336,678.2243572577987,5460.105839522529,45980.89687614005,64568.0358372663,64168.7887730498,58688.81839189075
0.3609227489111595,0.2831764987315504,9.586848450288157,0.07589855612898573,0.20053701379622457,0.21758088363966915,0.9169799528238508,1.4947631195640925,0.8557132775245837,5.345013265450034,65.09578276922329,885.7010921048611,6958.397421121181,90647.9102308853,189401.2415326475,201247.9613282107,188743.17321761118
0.34371880006914296,0.2724298428121377,9.254664708306686,0.1840243722776359,0.20391122486718186,0.2303745071472182,0.8877957058667459,1.4250857275046958,1.1028350509895006,10.14961974369238,90.69872962448508,1324.957275264353,10638.174312297193,113360.19284501312,184215.6291979247,188573.54890684105,177241.71441236473
0.41798720275136503,0.2828251540755822,6.899948201749613,0.14233839891991673,0.17237725241777951,0.32650754868376564,0.9243367324705196,1.5696146001815972,1.0083797715510883,15.28766598057642,126.578122744699,1832.4377938362334,14724.535894192511,145087.28448376645,223037.66772042558,224907.82759559547,207266.3487586919
0.3644663214051794,0.34697297971066066,7.925195115331409,0.16816710141338836,0.20474111150285065,0.30516309628432403,0.9732642495801263,1.6449057143855343,0.9037071185562091,11.629139901634694,99.19934388665884,1413.0304562335086,11456.86179954761,116984.42051672973,181350.59766199184,182638.30818865245,167777.91935375863
0.2903062576085276,0.24958329827365178,7.70496043930767,0.062146164028180365,0.19165671427554598,0.27451477566090277,0.8710816394182584,1.7186219924939174,0.9836595180258754,7.217499343285728,70.65072010584566,1004.3397867748013,7974.51601177003,90773.75967378398,161449.50652374234,165194.93270370725,150668.7381770582
0.15455099554629453,0.3745431438062765,6.8697675333024755,0.054134272483647404,0.24462869367772694,0.3161367890010604,0.985473087467271,1.7487511865552303,0.9355532151992972,8.413044747790776,64.59248617986438,935.8107795881436,7448.908432547252,64501.48935621145,93443.07073342975,91461.21956157692,81002.27214296725
0.26586328169079265,0.34868754050372336,8.076743168458558,0.09034951372944547,0.17797353176605063,0.2496717892112387,0.8986802616337711,1.677834391529388,0.9931353070228623,9.151121387320698,77.93367001561774,1122.9034426193937,8963.219156904905,93346.5685055558,151995.11519909083,153239.4410176669,139161.23417862246
0.45029174964430807,0.20124288754312103,1.0075117683851176,0.07925906244761091,0.19728217085516975,0.30190193035971136,0.9373320057246615,1.5233714006276438,0.8233169409058907,10.002758412011177,97.07727557838726,1390.9694394593482,10976.380438373017,123906.67419108366,222387.8318606985,231628.17800578687,217236.73459999677
0.30641240918760415,0.24201633336906697,4.850835564533557,0.18206002057165088,0.23339762392960933,0.38801904297488116,0.9350137883272657,1.4883586226503762,0.9882259445715841,11.495641671501032,95.2240652812735,1394.657847954929,11337.329084702,103322.04354970095,150602.31142166746,152064.23802447526,143011.91523579997
0.22440943452111753,0.21337648392116498,1.0776043096180892,0.061179988970955994,0.1872774235887393,0.26575586515875693,0.9526868236985173,1.6749048280307637,1.0326343976431545,8.509781544431151,70.93834461416927,1030.2978824669508,8090.143571443102,78571.76972073485,125977.53706958765,126895.47562342593,114792.95494766247
0.3973819756764231,0.2171228665710926,4.406441674056506,0.1504482843394421,0.23477931542187255,0.23838966406258694,0.8534068220085806,1.5361252009510755,1.1789104425424535,14.765871766347447,123.5304272046966,1816.7193894361274,14492.328641922322,139756.10512674626,215946.50545410826,218904.54826509787,203657.430344781
0.4727068319750988,0.20728505102990546,4.4864132360409466,0.10885454492254669,0.16737218998072015,0.2832172676784802,0.8572799715765327,1.7107677096469418,1.0759202237738428,12.664463636972703,116.31365849501061,1669.9484790052397,13293.422903928487,144771.98109770403,245921.94906384463,251167.39170882056,230919.54482816052
0.21431304200038032,0.3745500436517143,7.865456884076295,0.10414536082710912,0.23863377881319114,0.28113364389140244,0.8698068032114545,1.7080962496326395,0.8175681602542144,6.376505230636975,56.984605567909625,816.9236112975939,6548.016871327699,69754.54310189237,114567.54468545482,115987.41832076311,106021.69082236348
0.22686806042349766,0.28608816456631986,7.864246906746596,0.1530692991373755,0.24559266636087435,0.2334057704495336,0.9276000523938844,1.4393849892401762,0.9908901645090618,6.739876499109285,60.04802355248726,869.6782332785713,6978.378533653295,74371.54392946743,120643.12756370507,123249.24029291354,115277.54446222763
0.2649567649706209,0.21205537550969258,4.429401500245136,0.09862695370114832,0.19960183511475732,0.25727130502035866,0.9558872023041141,1.4021061751747068,0.837436422898133,4.114070242242054,45.73038772156919,634.5418281719349,4997.858140985891,63797.63634016215,127664.48656148066,135334.62357082553,128843.52439717567
0.2257838646417717,0.37580716722727553,4.947192840177351,0.07750403635747768,0.22504056965992392,0.34668065260961445,0.8668833290223596,1.5144673814721592,1.045792451217067,15.553275801489281,124.35527942128857,1825.346633460907,14469.74443055517,104193.54266874994,143648.77861672375,142437.70025179017,130529.02812845616
0.40677810043877705,0.3194815973569965,7.041239052410621,0.05344484040173347,0.21670737269064932,0.3868430994383667,0.881588431449263,1.7604075907134713,0.8590364757225786,17.305593269214928,139.94164346181608,2013.21735031867,16062.620858138085,153781.0797399071,237116.03634389502,235914.06431518387,212211.15181260393
0.3670806172570259,0.3535521233706936,7.281627827886141,0.07589674931909159,0.21946460029770531,0.3116009923203453,0.8965322397034882,1.5705745842450307,0.9379106103069575,17.28054887095925,137.51956336965475,2029.9291083164478,16123.526344266502,146848.75349034267,220002.68717468032,220175.14672294544,201149.6248298183
0.2657410877528137,0.2556788487021818,9.440323708293942,0.1640975727619632,0.208327831687148,0.32894167542250186,0.9563975463617148,1.4601615089957178,1.1249295839888864,11.055007297045844,90.64628960609002,1330.2262502067763,10681.999186757817,98704.01848460175,145097.1854340626,145722.18092750764,134902.3101772534
0.24581822661017338,0.23958869409834793,3.891683786186879,0.19570280388514294,0.22218504738601336,0.2123877274568885,0.9738697893181896,1.437471322111812,1.0069072321740902,5.460593795007061,53.304220641361866,749.8884533397878,6053.261273061111,68251.07932358397,115839.21656934812,119570.66645528008,113354.83392816439
0.3942274459892616,0.3291904880360962,5.962666476920315,0.16616468095599563,0.20924806299770563,0.2563449593275532,0.8828248650494103,1.667403385914968,0.9806835728867836,13.569467696020267,114.48243215247346,1649.7075928533218,13259.91753138237,131968.52236081194,204934.46927857088,206673.62567021305,190141.16651431084
0.1291465225240514,0.35403171120124166,4.101774116804325,0.15946814941078297,0.2271205635945714,0.2935087359235835,0.8521119815570833,1.4474384013268358,0.9300571249606567,5.7782784461436005,46.544989168484705,695.9608933282467,5557.996794006162,48632.25750793255,71653.92728315564,72389.82031138251,67773.3757338293
0.3815573445479262,0.2971897989085007,7.680599314365236,0.13220189405993726,0.24966759908095687,0.34275986398513203,0.9614742140763901,1.7608886630295193,1.0957294118035414,21.009947706263308,161.81255568393502,2344.364278979322,18854.279127139747,153454.60328393534,211571.69735100865,206682.16711680603,184249.8956075918
0.20607755187752566,0.26316190855637234,8.675931987583587,0.1847948018074725,0.1626877443416054,0.296965780376737,0.8618118590693219,1.544638019968426,1.1823378932011996,7.805374121008319,64.96771706171026,949.6661821541497,7616.472969591595,73471.29299553108,111989.17737367938,113124.13795854508,105016.50904796695
0.2575170514505346,0.2234449909825915,5.2183412436645185,0.0774072286110058,0.22076640752227597,0.2564465272085417,0.9273963482628785,1.6112836140474864,0.9179338087551281,5.431558233096391,55.13609431936783,776.227454043869,6142.341188684887,72775.72684573357,134121.0745286153,138876.7273438838,128150.45147564441
0.10411452377349298,0.24638482223696256,7.178313105842592,0.1545419883702442,0.21684883642680014,0.2913138823625517,0.9224622590174216,1.6740547528404655,0.867082980492561,1.5558801552544148,18.357516906890677,247.20272448708883,1996.1662053147434,24484.657059912577,45220.951193240006,47046.75085771078,44448.262795175884
0.46632707978819876,0.24760463527226637,2.3950021487545525,0.11541338439941257,0.1545264034617024,0.20860167067928284,0.846770767396584,1.7260921676428491,0.8040212008510128,4.478421852301144,60.082005317554135,823.6529311348993,6337.050629825788,85069.96693141096,197310.89593042148,215148.82685782545,205504.1059275917
0.4323896366684392,0.26573261171037543,4.156070014449529,0.08877541989316479,0.23319579091469736,0.23876779350507518,0.9303570319399891,1.5154162225716674,0.8285947965045798,9.081168218408827,92.79091115476712,1309.1047304592983,10370.480659161336,122206.77483895839,223130.99757723513,231935.36480283283,216433.55839933624
0.27142006706885186,0.2338091149586544,3.623932376541325,0.054893609372178784,0.15564657295637782,0.3717576602196465,0.9733657354255716,1.759716162167432,0.882193842346366,7.344798009525385,68.1494939689793,968.0273250564187,7652.280730839579,83913.5011701598,144779.42814054884,146716.14053376703,131942.2072320994
0.24694472724403924,0.2955100345659676,1.2544467144060225,0.0540370927956946,0.19472600353305208,0.3016642267827962,0.982110983640077,1.446695046352166,0.8813978753083251,11.89104631292405,95.06187816613466,1400.849479289646,11001.068542841751,97358.61215146634,147476.19181030904,148855.20963886572,136809.22509807497
0.14128075398682297,0.3941943915918303,7.389458711926066,0.09473915522139079,0.17352225195943,0.25866403224772594,0.9737899437651709,1.4052779919065252,0.8967894296802588,5.065827233162512,43.03734074932056,630.9649494241137,5014.471537807548,51373.30845640809,82310.28366828503,83800.69568978844,77583.08067379083
0.3255629285202173,0.28202318595607967,2.6124294571440765,0.06426925108655863,0.17933474242089284,0.35682271974603225,0.8992775169369813,1.404879277929022,0.8823071660916668,14.580958664181166,117.80187345620516,1757.093180107964,13862.809924522688,126370.10060486352,193618.24169337619,196698.72488931735,183216.1594840271
0.20040204553965252,0.3502104765989436,4.545662291591576,0.13130833692577487,0.19005144393693574,0.2947745355233814,0.9144320890924952,1.4512843547990018,0.9571046921652413,9.245190319317173,73.98850268192838,1098.010244431666,8724.707688441527,77517.02669575438,114428.4490456282,115140.85031601184,106681.0065381678
0.30670706102001377,0.39590125106581076,8.240287028840834,0.06613168197150149,0.1887522206791271,0.2766829489421554,0.9756289768807764,1.4470137705163366,0.918693617116724,12.896859137580538,106.27177097252864,1557.8084495105286,12349.67169359493,119894.79072310863,186434.61452250055,188602.77336859258,173330.97895501193
0.23212164556774761,0.3986248522144029,5.77879273987042,0.19690274482534537,0.2038620150919034,0.2263447978637771,0.8506731145174358,1.7528407840994407,0.9063823460408863,6.573029645699292,58.417670765581036,831.7330460552457,6710.1465858361225,70576.78600978188,114331.52766159063,116086.62032860378,107278.76060336673
0.33509873983535965,0.2661922992855821,8.639741738498293,0.17152121965368516,0.17582777861897467,0.33124634708609835,0.9400311111064339,1.6167410438203502,0.931689522648875,7.188218706149492,71.53631042919065,1002.7715476223021,8147.966208336033,92562.78250777369,156104.35007673912,160015.86891146805,149918.03070757393
0.4702475759554975,0.39665490233650136,5.1947216411700605,0.050312438148804706,0.2450763459312733,0.22291037522635684,0.9543172379382873,1.6487160326675843,1.0235105868373144,25.74583533469471,198.85492324494115,2923.12305509883,23142.446010051583,199780.5071283672,293850.00717996317,291496.50018007256,262123.4142970189
0.4677158815563419,0.38645824713928045,4.338826236241498,0.0725293185376444,0.15803241233895313,0.2760632281362124,0.8508432438830944,1.6768497845969537,1.058888370464235,25.98503778260191,201.1426632234847,2957.256820085903,23441.904383720153,197345.90917306527,288944.02792745514,287047.74985521653,260224.03343393983
0.4284984789195704,0.34009441088569814,6.831929435330496,0.11135151133512838,0.18351712415427412,0.24865382474646266,0.9335175063345935,1.66034854479535,0.9065461480083097,11.1916175420867,105.74347914765426,1508.2916040053478,12025.585344806217,133587.608245697,227579.86974457678,231643.83067194288,211512.32211582054
0.4075355670194055,0.22022206917362303,8.840238538545265,0.08174824818762302,0.23857020199458975,0.36922250595207656,0.9508655057963513,1.6449264272733348,0.9918928217019947,14.228715805241984,120.5051522374543,1725.3140911556727,13861.146743219166,141565.73655672115,222986.0330065238,223904.05950852885,203321.39909854552
0.27438383841462954,0.2990597657817743,4.629523139709057,0.09919799996245804,0.1521509125559967,0.35015881744056954,0.9631839174465052,1.6395659945465537,1.0948258563161504,15.071640835630722,116.53432097092251,1706.0260112554222,13564.599886388205,112960.31037658894,160648.75511474046,158402.88361531863,142504.00178735182
0.4130673593532418,0.22026011742803642,8.659360030425551,0.15023049190762805,0.16449928279340914,0.31934176631172884,0.8604019478846711,1.509348740606399,1.1895381914456769,14.551612664311882,124.06871791368081,1817.6354499190288,14571.0209935597,145225.5578169875,226616.9539041367,229968.18103218466,214136.80501103355
0.3398731514474401,0.3160355678292308,1.3948692008464456,0.1519428993416574,0.15574307261068882,0.362861793833511,0.9811203340512514,1.5460277627246894,0.9553661596439413,16.83862103560774,134.93775389675878,1969.920380302462,15738.314766125184,127804.08124644804,180358.6224361358,179892.87593981033,165132.81794540776
0.39060758116268446,0.21314296562177842,5.624295349203138,0.06316795334445939,0.23737157992667116,0.3624466172364242,0.8555214788893691,1.6480612467177642,0.8924884127896346,11.65689553451164,104.07065983217385,1502.3722489870513,11956.170989339786,127896.12726308043,213654.59302301626,217753.71842626948,200314.44177332113
0.3171685098814654,0.30138300926678924,2.987405904140081,0.16664478319453244,0.18248763589260875,0.3221195901818925,0.8516571885335903,1.7655143421543282,1.1128639062257186,16.96629087017576,132.21466098411295,1924.9765739556888,15436.691500743349,122800.40493673121,171913.78893515494,170018.9303741869,154213.26474741372
0.11101493582669826,0.3119919629462398,7.319655269698075,0.09734526787887379,0.15005409142672327,0.31576237153809195,0.8990006098876692,1.4255865331814648,1.0996417227094466,5.350646810104722,42.551093487061856,631.9592152839608,5011.030197071175,45080.14096940334,67529.36753486957,68127.27989698756,63137.74196280167
0.3577906690785355,0.3211093654502638,9.682454163697882,0.10735080089214531,0.23325493307698505,0.21440135377376618,0.9239392331206504,1.7351243482555494,0.9628509241759566,8.381468253379524,83.42932767157089,1163.8359097278953,9302.546656358672,107311.9361047136,189610.9697960227,193134.9597288014,175214.83468368783
0.28711472317526865,0.24631903589295825,2.7867835264754457,0.13528743792286546,0.17670590239889397,0.3466622559693337,0.983496548838644,1.7061218380476086,1.1454730677135105,15.152468030985874,119.28703148883268,1725.8609548286004,13801.643544675904,111531.7251938375,155446.12872847653,152983.86555819304,137338.04038357924
0.43449270396065676,0.3750977753044632,3.1163239825843796,0.19991583163859378,0.24010440935432753,0.27598284312497895,0.9121292873753588,1.6509793004143658,1.1985118010963236,31.50971213950157,249.95235143333585,3632.820227806198,29015.99920327315,191410.54304312653,250482.16696443394,244921.65820243984,221317.41306195766
0.12057545084326748,0.2593978444308923,8.924055860053468,0.09366495404877306,0.19945797074959978,0.2539197812286931,0.8464581060808766,1.5909860990179217,0.9538038794640086,2.635168841734391,26.595184511549345,378.4308075654581,3007.339094166611,35519.70595792932,64805.57100966759,67153.53891379881,62435.52071530406
0.2544334929704023,0.30630297942730605,9.239853713604784,0.18492869206049467,0.17411948366495505,0.29720363466823524,0.9839845555499009,1.5485082197177165,1.1241947432014259,10.538931269797553,85.6930435317775,1240.9106299786872,9990.87258938692,93293.78242144157,137269.78531540008,137152.5211505671,125489.40676365234
0.2293219343316348,0.2526806981002485,9.267561568538696,0.1763682066322656,0.22881146157851687,0.2872991063408079,0.8564253120024584,1.5522092539397874,1.1427734358968475,8.696067385370819,71.92522480042207,1051.7198846335575,8456.17941998266,81302.67280305372,123251.627117742,124443.1221351899,115672.9272073613
0.3180101057886111,0.2544283127858618,9.214181272464701,0.19560582836083257,0.20618549069923822,0.3134259801678316,0.9628892552967275,1.7477293129592404,1.1053500014975,10.218203196100545,87.29713540579193,1223.5584765654696,9982.499503381552,100301.21182494778,152896.0304945325,153323.06861497508,140339.2573474093
0.45171102019700116,0.23890290091161748,4.018464497165165,0.07999740332534383,0.1595997454082011,0.30878415772607243,0.9648709499495994,1.684013275131258,0.812432633460951,7.013864569532101,80.98378310774783,1106.5486279105457,8700.435471801093,108577.92775579286,215559.12694391838,225913.35465033253,208616.19160019202
0.46382044319100524,0.2362602619346317,2.0549294587275195,0.1555131226367173,0.2427685242179447,0.34429646844481665,0.8443996535823675,1.4608613490339972,0.8278830642487945,11.906017221537493,107.79941117192774,1569.2213956848104,12709.610939845006,132767.95283329484,215046.8369055724,221851.66693028202,212911.24710324765
0.23084930816040533,0.3401474172628943,4.387067563701473,0.07306634163167372,0.23723635706026572,0.23793926635523147,0.8474210959235026,1.5420994923181093,1.1544017474377586,14.037457798198641,110.31059087470048,1627.651001511722,12900.558393261437,102186.12469100118,146711.07607234584,146475.5264945173,134414.9675039506
0.2655908943472954,0.26915536229663384,4.848512983259764,0.10186458740814625,0.22201059420383645,0.38659800754164336,0.9535240991347828,1.691053762220943,0.8395068339038875,8.629235841575632,74.26625487411293,1056.7357444059905,8507.914029930054,85752.5782599645,133974.3214287818,134929.98546056822,123321.7681590374
0.4694785910749134,0.3300046670480626,4.295009327435747,0.13787697954397443,0.2107627458184177,0.20570431944044304,0.9103644358334222,1.71368586331386,0.8676222794963983,9.60729721289517,97.92701194196655,1367.7757347832335,10895.264961181809,126713.61361830206,228164.2282249034,235270.13076916212,217235.54840981882
0.45796161382923417,0.24525167982598545,1.8146192777717738,0.08181867518058668,0.21072191032737014,0.2830912229145285,0.8532067944601572,1.4502376165648467,1.1249327966297364,25.525324036909534,202.00355069145238,2984.88042443529,23596.189100216634,191388.0781089108,279708.6587344771,281606.7193636468,261399.3972374577
0.19027769295879515,0.3641362693287301,8.086902507403126,0.1652130062447022,0.15883305788987143,0.285185397979447,0.890338536201193,1.486906380660865,1.1956830838467774,10.545700322252534,82.52971142880222,1219.22812073861,9720.437364078916,79960.62512778668,113779.09780193077,113483.97189542251,104477.89258604725
0.1279690114978465,0.23564400894571264,6.254782803754775,0.17850961303529322,0.17467537733492866,0.3709306803372583,0.8529256166087872,1.5777840376050625,1.1441768524745273,5.340825085566073,43.17454085299542,634.564676859994,5117.779595782954,46026.94344627479,67587.09052128956,68011.3874888131,63240.709838187875
0.32070152616169556,0.32981741436516077,9.725364920756277,0.16584531872584157,0.15672626733013087,0.2701315643482456,0.9230685163306219,1.415149639176122,0.8718369786467044,6.51958301653951,66.82212791565772,934.948502215135,7494.814770108495,89651.64958136415,160772.21197910537,167089.15541755906,158245.63609194072
0.1501682706840402,0.2572278708147676,8.318139847584986,0.14279158416414206,0.20261506909629023,0.30306815143189025,0.8427370794415774,1.743141779282308,1.1350140452949007,5.950582410391943,47.97530711164241,690.6314683825449,5554.54183610665,53334.22776291457,81165.10169631768,81204.38362708798,73994.88575859535
0.1162503958407215,0.20150343538999135,6.838213781180261,0.05378701074521658,0.2479318458221928,0.2221705498570913,0.8805710650935331,1.6558006619337664,1.1512909762872685,3.385787741343861,31.072036652456138,447.1796114403262,3548.1542619507095,38965.27300962752,67254.21300642006,68721.34943684713,62849.324022652756
0.43112391650985626,0.384908659955993,8.742913460635613,0.18932888318819852,0.20959838372462952,0.3944075189542059,0.972905992128681,1.4124042521639157,0.9232858714689016,20.488901146541846,165.4976963243805,2443.9254155135727,19692.658722853528,165733.5411827151,232709.49538445813,232855.70371870216,216561.91959246795
0.1245268397069772,0.3843237521017307,8.20359585151827,0.17247055318299592,0.17925506213324197,0.30578231847197307,0.9348780330332543,1.4568430356408701,0.8318977732308834,3.554190267107072,31.69711823118131,459.300855130917,3709.758739836202,39473.11652396497,63444.12924648955,64779.20270149377,60807.23860421627
0.3216923661535136,0.25934793830165737,8.682683179661705,0.08826566471384731,0.23454533084152906,0.2246649972932297,0.8983185634546289,1.7132336409925664,0.8427729702971741,3.926722855142443,52.043514311722454,697.1521080797196,5474.313627463289,72013.35423190625,154577.22087985574,163867.48624309563,152010.44341589024
0.2858476339422046,0.3616988044654658,2.1151877370944567,0.0945478190797164,0.15283734741532032,0.2554424356867046,0.8692382751108705,1.6431566732160148,0.9700916987354138,13.212725655456056,103.05926011255727,1525.0179263083326,12027.005392824241,108944.69557927884,166016.74335079663,166521.71320072582,151915.00650495218
0.17463626117068945,0.3368555824965658,5.118889564604243,0.1654330795930688,0.23013570119715873,0.33397263060614757,0.94214798569617,1.582317473379218,0.8313465885998228,5.79944902754778,48.58214124563336,697.5718358013519,5659.447193185464,55740.808709186174,84826.4092365691,85798.59282091811,80045.27292441917
0.12026102654612983,0.39605374878888255,8.99407012342834,0.12753477277716768,0.199395095254991,0.3105361807916079,0.9505803004136036,1.5464609992328109,0.9704297835597008,5.796285637398155,45.738846161032924,675.305055154894,5390.94501441638,47849.600814598074,69454.04122234939,69111.40734314875,62994.51263258926
0.2802295942019833,0.20040378151290228,2.89974412062682,0.19760198760168252,0.17556227258283197,0.20201808523907713,0.8530414929875533,1.6064163614604718,0.8805341489761744,1.7983351227466866,29.89260550188024,396.1619093480149,3083.339886224863,43067.43497498408,100978.89396277332,110489.508729235,108371.1076819497
0.14215915054155084,0.24408080772541418,2.9088719866742583,0.19697050445668818,0.16432308674608873,0.2397063213517131,0.981625751935378,1.4308284064102763,0.8976112828210451,2.015962704740414,24.26172837382213,328.9591800861857,2640.4900877083187,32547.003349606985,60805.53727629729,63879.82936399592,61385.41363720672
0.31106052696136466,0.22570057909152405,1.087648384206025,0.08756643546059595,0.22408790596671785,0.26574448477016555,0.8604368608377876,1.6645134861923843,0.9917779786038082,12.228398993484088,99.34876214226742,1458.5018078050282,11508.612535377903,108475.0424527298,169998.36524584092,171777.59729939283,157525.10512593592
0.4822161370644188,0.35911882076858553,8.810641704985622,0.15433932410966333,0.2023792827312614,0.2389859254640873,0.9197851330851303,1.4233900233829375,1.110927230989055,22.137978659747098,177.36351231210875,2641.019737627425,21002.73099553368,190920.15690770198,283519.9024814747,285285.76875382464,264226.5350581145
0.48909219917319613,0.35976909460369777,7.493738626284902,0.05066727903675758,0.17660041153949144,0.3284458394282247,0.881934914146171,1.558561544324481,1.13649023908604,31.67215821462464,243.6539350939349,3589.0503389447026,28473.906750947703,223207.87788108396,317424.932326418,315996.10754786246,288436.47921024123
0.30808379906943306,0.3782763271143581,6.879760623268881,0.05955554932810604,0.1739453253250264,0.3102642571623092,0.8585246376446394,1.6294622370569738,1.0332983625732324,17.13013393178044,130.77799585206714,1934.2534280257848,15342.295449951229,131252.64849775878,193063.8955940405,192463.41457957312,175161.01150429796
0.23427087050321305,0.23721994163338578,4.9634999616461934,0.15347994340212856,0.1956029620106055,0.32314033216334614,0.8559439427628658,1.4612893048808822,1.0614170343521623,8.78911525977619,73.72974320192635,1092.2262970552013,8728.485083097807,82649.19178930474,125990.61103373798,127966.62702600588,120120.2284842068
0.45363178071565813,0.32289704099566197,3.511792166019637,0.061369431836345564,0.15389510094393083,0.26524996505241616,0.916304584643893,1.6926555643177315,0.9414676237184669,16.021338501302836,136.68013557528238,1974.2889824585134,15619.50215990866,159346.84842516755,261126.93079448608,263647.71638694144,238820.52502228142
0.308554448094161,0.2919888493413173,4.839763997316648,0.1283151872915193,0.20127373556631745,0.22975515338259442,0.848865981601437,1.7443556129892261,0.9345807488990024,7.297313725941734,69.44217900492941,993.2239397496672,7916.740732044728,89077.58861402475,155592.47860392762,159607.732015085,147085.5278144739
0.36158924325141073,0.24446556785026277,7.212890217871173,0.16986759533451673,0.24940883326016317,0.35778223230455686,0.9596196050172914,1.632703326155693,0.9170944049835463,9.395386645054923,84.73697592483042,1194.317534477871,9788.20792295387,103589.39528379097,163261.2321469683,165958.3247370568,155655.64231741647
0.4011112833023184,0.39345850481235484,7.093822103756015,0.18991439815076522,0.16745272590525428,0.29907645302349073,0.8510385211300444,1.4864621611569104,1.1302575764328615,22.230663635891347,176.20726018764404,2608.2778630288713,20811.537271740413,166678.06371944753,235837.71229231756,235673.83540021945,218188.65342775325
0.24818167851604644,0.29059937429486643,2.286185903356613,0.11583209804659932,0.18554884456455228,0.26298104596612754,0.9320418955247722,1.7677913936906289,0.9137390017013449,7.606957891864758,65.50002834854558,935.9676725602324,7447.055850205164,76808.87944266527,125327.12608335882,126752.56752668283,115164.70925518525
0.11646817743142607,0.366775776074745,3.05630003631985,0.13853019879398398,0.22001103402892036,0.22332608034906215,0.8573551725735882,1.7065216262333154,1.107067587743175,6.496792544799322,50.42723609993874,740.2423473389329,5890.751038474279,47617.17732292894,67702.48971855323,66889.26168248094,60532.31481855743
0.12630696766073926,0.26485178477186627,9.273780622766033,0.13526913007675134,0.16217551181385773,0.3360663550201134,0.8750849925413727,1.681875095465006,0.9559309624979554,3.0438425630535937,28.82297846020023,409.9664824170898,3299.6443712994883,37134.136730379054,63290.57873592356,64741.23329017798,59924.0095058867
0.1061049069118329,0.26339180003848855,2.107352700905816,0.18520783858780604,0.19900953097729676,0.37002040948331927,0.9629210325934019,1.492939232207946,1.1247947826209397,5.975851346670927,48.67342825949818,709.3406973016477,5703.676316411396,42143.7369146716,57117.7680908945,56789.01055740588,52424.78679850037
0.4373172419526201,0.3449917257757653,4.958097776008679,0.10984164030990311,0.17395366133005008,0.3742235484489998,0.8818003114553593,1.5345318034892501,1.018865400292753,25.826947564616976,200.5906011078648,2957.656504310916,23549.858604109846,185770.9572928389,261253.52823290802,259723.73297252663,238125.08455665153
0.47242436663557563,0.28595207873473,6.465880234655515,0.14670855908092978,0.15441627662157897,0.23260868732205137,0.9391721414845577,1.5161823648100476,0.8186032459838543,5.066998567585088,69.83553674320201,936.7163084167863,7376.320266215939,98541.77969503767,211058.97746439982,225536.55841768585,215196.87082183495
0.26115485078472445,0.2887462124209559,2.526962414563988,0.11065739068173472,0.24768027947545257,0.25601570557431563,0.9735593725176027,1.6419051185083877,0.8715208860438344,8.379627818740142,71.88900285335949,1033.4835243915552,8242.34255962305,83691.2339858079,133564.05977881784,135081.26464389567,123567.71461974263
0.12722507873840622,0.3810091233246503,6.974780654083912,0.10020457513454939,0.15193940188641394,0.31121419804149564,0.8710911083236837,1.577436041990653,0.9275560495381037,5.109946517914569,41.97007469630168,614.8493190103017,4889.122605653807,47455.19405850527,73729.19162638373,74340.38119598849,68283.93555645733
0.11979620970418275,0.2508832850585304,7.11411739810267,0.10277828254006714,0.1945171665309721,0.3238042673552598,0.9688236364439745,1.4374189667502029,0.812006127725729,2.2418147560339032,24.375031424119225,336.87970757158865,2694.3387734785024,32575.12746099816,59509.58556914104,61935.718356135665,58329.46095002645
0.49604329625339927,0.27256231477570053,4.622117350143996,0.1287743723027215,0.2216146033533039,0.23247651391547053,0.8782780102918935,1.7581280488966353,0.8580672508296708,8.570396318406377,92.38219408152328,1263.9442404228457,10048.934378334256,121552.97377086234,229020.0225858761,238412.46460622048,222188.4817677806
0.4794075741928586,0.3085062588156401,9.914875870579259,0.13695210891498977,0.2216068521472661,0.37034646612680977,0.8968566851551846,1.5483575014467983,1.0212494643581702,22.805066738799876,180.39668358946884,2669.2900333487164,21403.00693285568,187385.4468910714,270211.53452135506,269740.115066279,247938.1700649917
0.25762708674237733,0.28976675899225,6.049780947790552,0.1725317176347736,0.24699683530859504,0.29783041501042384,0.918827844519761,1.7432901676263348,1.0315550729469827,10.324370292165584,83.16147313723073,1197.9044285687128,9699.358581085547,89085.89278386469,130381.77847313136,129977.52099089634,118539.02049987877
0.3474060969221847,0.36668799421182163,8.442589717748117,0.1261606065593542,0.1660116507236674,0.25987501326624884,0.9058629874272288,1.46952339786562,1.0542157196588786,14.655001952971901,120.29573943524593,1777.0748910739383,14119.174546459462,134085.19202819114,204662.82396018528,206517.64831374807,190784.42797772764
0.29076112362819023,0.31890483940973446,7.456163820180167,0.1558712707849648,0.1972022616219234,0.3308957289831975,0.9087679841690443,1.6226993529499965,0.963350661024134,11.208567031206776,90.8559397419008,1322.480425782153,10648.960728217993,101735.53076380515,152838.76739209323,153446.01336706217,141136.22745972188
0.24840934842215853,0.3407730258306909,2.802531523725242,0.0882167952214642,0.21506711305530174,0.30423980516110516,0.9534485404459896,1.6799615966449841,0.9915529908315143,14.748517604931164,113.98608655360633,1662.290592699702,13204.47155209201,104426.90677117393,146189.0121109572,143499.75425648948,128577.2754896347
0.40132098400054717,0.24211404848322188,7.875230952871054,0.12045062237357738,0.22665783165887504,0.219134309869486,0.9443744548872376,1.5874068333192877,1.132199750263239,11.868555748693273,106.99710121849277,1532.5565272155604,12252.095601840729,132329.01162347043,218630.53937704262,221925.42334838095,203274.7354021525
0.23507863633773127,0.2507697432706273,4.27644511677312,0.167978124716458,0.2356383196832714,0.3124984934897132,0.8855017373599837,1.6711539956636416,0.9169885201744362,6.319177816426369,55.81764578749903,792.9249466414672,6445.192138658778,67556.52606311614,108069.3869178706,110268.9144284479,103642.52329450543
0.47589598177230374,0.24925945824499435,2.918847227631548,0.16488955119728121,0.16699658871904557,0.26269380908002316,0.9215543345381947,1.6107159564162585,0.929471662444744,9.674551279926794,96.4465200444799,1361.7197884313737,10925.79324546399,124661.33441268267,217987.05350918655,225575.5964088333,212606.57210364932
0.2747463385209049,0.2547860116315253,8.982647636132192,0.10309862251351867,0.17382612137282566,0.2969666676537631,0.873633426628697,1.7514061587693412,0.9300795148627632,5.338760035781687,55.878199727858224,773.8612814914592,6165.195157440752,74154.267224021,137774.21151055614,142272.19698375123,130756.52857566967
0.4023549722464742,0.2009622497279968,5.1724458265871744,0.09109614171398953,0.17897001549190444,0.2671381258819073,0.9177611080682024,1.7308442788413374,1.0100270893340975,7.872568587434889,82.30084316864273,1140.31266972999,9028.734732439578,107855.8147193554,201516.14238741773,208332.10754358897,190930.91417476238
0.3306269672870691,0.3546536600977473,5.628072385847247,0.0932606693069431,0.24770801289785493,0.2006976936741194,0.978292091087429,1.6144440532095254,0.8028695980178658,6.647171418474811,70.1513983628324,972.1191450795372,7701.8312211458115,92157.85345191877,170821.38510175803,176471.00600950315,161887.23061685901
0.4245635272530488,0.27418148985687446,2.7837169049464863,0.1543247809698517,0.22997816875500432,0.25391335816770494,0.9656156454573273,1.7299580056469517,1.0212867049120822,15.813986589828234,130.51302185581133,1872.05211130551,15020.353098969554,141566.99848210128,213212.9125291784,213252.65707860776,193854.7638556231
0.28576333958845046,0.3774808570972788,7.495643968231279,0.15716032015900283,0.17931012159497467,0.34891715527735556,0.9650318568711823,1.4284008864069633,0.9294931388398999,12.618920438084132,103.72137043010616,1528.05636666658,12230.850162294635,109139.02948432627,158577.31799487583,159125.3946429275,147367.84376580396
0.3796410304376562,0.39009404437071654,4.275205894250149,0.16422552225495923,0.20838928455362513,0.36424434947340506,0.9284830515174718,1.6477130568128315,1.031517499183987,25.231832508367955,198.02132967235704,2874.2140928370745,23004.837919352885,162204.07046428166,215170.2698587955,210919.2257103668,190695.00047412716
0.18512630065548397,0.21251753840190535,7.4217132410359445,0.06582091139217604,0.18937179369898333,0.3262317310332028,0.879261368736886,1.4998229716201656,0.9946317207040091,5.317024822879532,49.10770895006393,711.4262291525672,5665.140407454997,61989.37299052089,105388.67424363364,108313.13759043279,100665.5278620646
0.15125183374221424,0.2685945915720996,4.940636099475732,0.12007710165343269,0.20818661964283217,0.3173642574376173,0.9187132198605026,1.5986486438696599,1.0976698221035466,7.608987178765578,59.31751913936876,877.8979257270327,6998.679887782948,59804.56898326915,85967.17881778107,85459.38582952895,77864.70028857395
0.34169674595008287,0.3145621280491014,9.662417359259452,0.0820645939773313,0.17464161480645196,0.33741373337589975,0.9080535909500135,1.41669648160063,1.0209425713658022,15.21153728133386,123.91575884118843,1836.3484346029602,14572.74472078365,136358.22897151366,207700.3081525475,210095.48123749692,194817.31680950237
0.20775483169925635,0.22005435177702537,9.622162946591242,0.15315229046244067,0.2475988757453244,0.3659160488148747,0.9230593204935373,1.5098652422500396,0.8718822881124301,3.878511241511696,41.07865512043397,565.8337674215019,4625.712026195522,54284.51040722043,93448.57015265289,96580.41204010759,92008.16939364783
0.4952126449961065,0.36260833264926473,4.276158165197803,0.10140415189678727,0.23551844018204338,0.38520423973559165,0.8898955406540036,1.750969653666676,1.0124409191371098,35.02422465060717,274.9712763971843,3957.7373855186092,31518.913131482634,220679.15014922668,294076.2797923209,285925.947149388,255590.7683618233
0.1868165197128224,0.2030265803072362,5.308796063202432,0.19224989636370943,0.23458973987384907,0.3540633904431649,0.8547734886567215,1.6679887507385684,0.9005852781762155,2.8169241014809754,32.226953113371636,436.30465502759796,3596.54976507925,42411.173319358044,73727.05269476498,76594.10295458749,73707.04079646071
0.17584818498570287,0.3105414337481427,9.010182802831732,0.11285584899228784,0.15163741026922034,0.23026868170906575,0.8532427909710557,1.491693282684561,0.999350874251659,4.214050523743282,41.706473816448025,596.3670639134897,4742.882298551537,54824.828879821616,97802.5886198145,101381.2329261968,94831.65143465395
0.2498339688328084,0.3610054704700527,9.141302178599073,0.10437716573817382,0.23415541814056567,0.3563279418168228,0.9664549963052287,1.6314253418536186,0.9074733163868456,11.772301528386347,92.24999711958368,1344.329564247273,10775.535152120005,97106.10513519027,141165.44597508552,139815.70115213518,126252.85498471277
0.26541930309702555,0.36962089258191594,1.752154123162197,0.07265293901231767,0.23767675829143575,0.23185472379655345,0.8842813303729469,1.5551869604123836,0.802739197209717,10.350775091434256,84.73580437337547,1249.1444020585652,9832.8551805876,95383.48829185712,152076.9823164258,154471.25119088413,142374.05378105954
0.15858264109101886,0.2944973509605536,5.686634520219693,0.05503004612416171,0.15093897500786635,0.2651865314573286,0.867975773774921,1.5958424627598988,1.059304201758859,5.9708780113001225,50.49270499424835,736.0548272642881,5830.5374697234365,58801.32052184877,95522.64729096393,97132.62800593697,89200.93215904273
0.2898026046275579,0.2998523387038179,5.9593191806853225,0.09735670428513976,0.19839794121908458,0.2777891851661616,0.9459807119183046,1.5611658564604096,0.8881302054910727,8.271418428133723,75.18407222176265,1081.279873480292,8628.298920407962,93621.20695719647,156195.25468314643,159223.556225585,146494.1293829347
0.4212914893692008,0.34381927672836254,4.21470054772395,0.19663870497061603,0.18984980570237514,0.27650956175490204,0.9624209736367532,1.5838126710037546,0.8180537059782629,9.093861871942005,88.99128447241377,1247.7118799143714,10133.379142846345,112775.62793603614,187935.71568595825,193053.65039793006,182237.70224227142
0.25617270499650824,0.2538691890373648,3.845642032959204,0.1343649033307378,0.17256496925073386,0.28494264121217994,0.9377387055059828,1.5959217330401279,1.0068733008226183,8.12779720349723,70.1381764335737,1015.1584218636768,8121.9226570036135,83108.76122910433,132534.9191833321,134422.74091201372,123958.49516502685
0.18912817499863427,0.2090978077422608,9.565584227990932,0.05171288087680636,0.15073404884200187,0.2280453212286536,0.9244832254503013,1.6219838032465244,0.8395042304177666,1.0100056059359566,20.497172591053232,270.1043563303015,2047.739685103785,29787.246591662497,86098.11460173607,97553.5472596093,92514.43408042728
0.1336732720367414,0.310054572929151,2.384291461478678,0.12540053587939365,0.17348960218393714,0.34330244271402,0.9587696800705952,1.5961013879758201,0.9176856695463982,5.902829897492531,47.07866771902579,690.0972038390682,5501.083534621624,48668.39459163229,71366.52720026554,71386.38926306086,65293.91895748964
0.1559871245339892,0.2302564636485176,9.18087806985961,0.11647592203116773,0.1949711235882028,0.3471539630185042,0.9511740894229967,1.6673910833373788,0.9022830899575572,2.9610770672175457,31.493819681824444,431.2742246671532,3475.6814606983107,41406.5326775441,74163.64023864848,76386.80010027815,70802.19475114148
0.2615469310725658,0.26667875042362205,9.252928517384072,0.0535373166081794,0.20467603352379915,0.25282766740782353,0.8536478467799705,1.5709085832779286,1.0423593151970045,8.098774565968894,72.59553723263421,1054.4252364258195,8395.44793688111,91101.88267036753,155360.72916246444,159480.41146121064,147372.8139092138
0.24385747697561977,0.31460231636701513,3.6744433387193096,0.195217202091297,0.17847455992660727,0.2654115379865022,0.9429638086281609,1.4438555796016639,1.104520163480708,11.425025179579237,91.5534105865516,1360.7927260585625,10860.832485007199,93029.77772920168,134108.58708450734,134631.93859711557,124936.29452776485
0.11924846547793902,0.36459298389002875,1.0431286851534611,0.0839722273105245,0.16642863168453764,0.20212569389495832,0.8857031351221036,1.687999250022039,1.104210426757971,6.6465302556201005,51.57750290150284,756.7304809389824,5957.934737011678,49112.346571187714,72135.18352182038,71614.5225973759,64693.09249256017
0.4740800917566539,0.38472426858531505,8.207738324747496,0.1598946276853646,0.18573455331800726,0.3803156563897569,0.9814605206884089,1.7187109799183309,1.1854310268116652,35.35927312527186,274.2577556304932,3951.5796103902653,31596.297580017304,214881.7068037573,278117.5330365901,268436.495946985,238085.47452495105
0.4814050532465062,0.3097304499015575,8.335331021372497,0.09946957559076305,0.21667233734781333,0.3424177711995061,0.8887401770641415,1.6334589155349328,0.9628698751815914,20.63168067141372,165.8527879732389,2430.21754840558,19408.708094316276,181988.59858588342,273693.82670782466,273516.1998193636,249345.1381258782
0.2129672376140238,0.311338708663151,5.296875146079333,0.1180894967840323,0.19114243381437948,0.2723055773213534,0.8628581852034626,1.5576542342258484,1.094505182931556,10.274054213324742,81.39918114873194,1205.7725597355252,9582.223295748787,84568.79855299061,125056.70538152316,125285.12388914965,115137.78938262905
0.40377805310683124,0.23781821466092712,1.109126517231553,0.07232437324467564,0.17281317668041776,0.27689226315373455,0.8688939195053252,1.5341187204668225,1.1574380561082454,22.124780190937486,174.7875755297158,2581.767962002271,20363.151193900016,166955.5845442549,245656.1275951709,246532.81974521014,226694.04939811243
0.31087740864573565,0.3047414088721831,9.4635474323326,0.10535722056931185,0.20793664929637756,0.24465719032284924,0.866405742892002,1.6226502843573458,1.1892968106878934,14.146457827779681,112.76707950881969,1653.7125493823396,13168.51068693974,122653.87705140955,185579.7210657704,185588.1894088685,169230.75462196994
0.4482325739134613,0.27638864284344067,6.617009947049477,0.13465325929400745,0.24582847995908266,0.2746008621146944,0.878406264114165,1.679778112884439,1.1652031605535174,22.448545130460577,174.5595650915205,2568.3468990568704,20530.66293022423,176914.1680474266,254670.03463048607,252378.33185434964,228991.71512697238
0.2303559416974046,0.3929017857853342,7.7614125382345085,0.12589146573273508,0.20590656195588022,0.22541372762906609,0.9691148040751417,1.5064081964152811,0.8896287322438283,6.915858956050912,61.61213658903354,885.4780489379624,7083.555613726634,76477.29471634829,125973.97321352296,128211.4241563178,118099.61135402655
0.3911850112375337,0.24928171406087737,2.35695358035703,0.15285255178883164,0.23056996322210904,0.2172107454658233,0.9809741174961021,1.6602069742640309,1.1686372000071337,17.151312529154087,135.89386928165993,1967.3626330780346,15672.841301014034,141030.23972961804,208113.32402558147,207279.87907815658,187726.48748587386
0.36194947138059963,0.2606451903971656,6.2164756935086505,0.1749778483119832,0.24524958052304832,0.28566137046079443,0.9768897749278025,1.524009216977103,0.9461995399334203,9.762094552171348,88.32990045708452,1260.9345058078363,10247.470441369325,108627.79646625847,172728.27570336836,175914.06460304634,164914.47431784382
0.4326038065967729,0.30787023310869344,6.270507957353289,0.14736092691198527,0.16069217246179393,0.2685611337124113,0.9693349854591686,1.5251252028726814,1.1528932693979868,19.62736881247563,158.08671042531066,2324.979289429544,18517.209111019045,167623.8255970257,246754.58181303786,246398.3188604387,224996.23598268864
0.45292502388878275,0.38209827486362175,4.342347600852988,0.11519984083194379,0.195657506613616,0.34959937327962326,0.891781766320445,1.474795465465563,0.8305103299763159,20.244462260760745,163.07361517879866,2421.8555896527755,19273.2565421426,172299.9678768444,255389.0338381233,257290.48885823562,238728.12595823166
0.41359022890674446,0.3334344425145839,2.6314094893465985,0.0722318641060975,0.16271253838715252,0.2528140113588416,0.9601914716866632,1.5836502925835203,1.1845969657360043,26.61582990346777,204.3516647400141,2994.87480176698,23674.836380787106,183678.162232686,259082.66440429416,256080.94075926745,231159.6149052188
0.17140235463148304,0.3840502974036082,3.9874380625295167,0.1255905926408069,0.1774545155958679,0.32150607156753774,0.8639214079077501,1.4133616783794192,0.8402444000876503,7.061225095235188,57.82820290411562,863.9001229804514,6856.626482699065,63488.02096086934,96679.88641849744,98199.04207763018,92032.64650200718
0.42510363401932083,0.3262231103532858,7.6970191531276875,0.07257823908144384,0.1677131445360763,0.2006077565806451,0.9665695827599854,1.561103084685252,1.00006591588459,10.072779595651724,102.8644461737767,1447.7140628318605,11459.503741121278,133287.1402922255,240789.223917032,248356.4949744358,227823.1719231679
0.2568695053076073,0.347609821062937,1.6669332331598095,0.1744572825126814,0.16614698241977757,0.21753119028102755,0.9443253226652062,1.7552653843980512,1.0129689349410562,9.60236348971204,79.03217777366838,1139.4420426219406,9080.077913491305,85629.72772027203,131145.84132983326,131362.45358953936,119061.33027899009
0.3463987347460158,0.24384777059083576,9.375888532204668,0.11357714272002951,0.15310175652274952,0.33820017437336053,0.9628641250232498,1.7328272001789367,1.17765610942259,13.260073131668085,110.54206335204192,1575.6324648061122,12649.954315405825,124502.27767219442,191079.98561042006,189787.6026093093,170133.9512616381
0.19789996858701825,0.3152232173618034,2.414549877806562,0.06665893717884215,0.24960841335224343,0.26469713743129153,0.8758499639969486,1.4069272702404234,0.9065242672751335,9.609340379360543,76.19976012468896,1137.6499851343133,8966.003033944187,79282.46671409697,120253.28375277563,122004.0398498223,113697.99956350352
0.215102604701594,0.23105660205149078,9.266191873661345,0.1518378970722815,0.24981467507772126,0.22421335657823036,0.9261993521827157,1.7019907651132171,0.8076216597089265,1.2645545136326013,23.688677682858042,300.722647047301,2339.9374638784993,33343.79272164021,80622.9665304238,87845.6192578987,84724.22571694682
0.14923843098177084,0.38329475452654305,5.026771995391444,0.19062738288804598,0.18070229926256956,0.2644429933320378,0.8461192067223458,1.4598236494108074,0.8483372690115711,4.3398655120243745,38.26180813301736,561.3294568284119,4511.136161312954,47126.99473714863,76196.24440477969,78203.02366736838,74091.42972341784
0.16390663731626526,0.3615189321672651,5.0646848415049845,0.11380864143948674,0.15647477444410754,0.2021075387035044,0.9542968691765923,1.6222807849536518,1.1610559740855944,7.392361444932745,58.579867211387445,857.0284590993967,6792.896098625154,63522.436851387116,96606.38044046024,96387.65480869256,87129.68935814816
0.26605362456476556,0.25271706896821317,5.836647935151622,0.10258880216597813,0.15668733908131152,0.2721008031950927,0.8785461233305131,1.4585586194936044,1.003692794679494,7.498068690132318,68.6288197943958,993.2433698462061,7903.8956881858185,86662.30779295476,147518.19736964576,152011.28369660946,142181.53055664286
0.4407119217259947,0.22794672737352795,1.6907822570615698,0.05325894679061687,0.20688367902911292,0.23355285698877043,0.9065261133894513,1.7474337619204903,1.1829466820776906,21.69611716203394,169.59362321279949,2477.312892873334,19482.28254886217,173375.98623060808,263392.3258955606,261784.2421269091,234978.58059596518
0.33235968359638757,0.2215856566237911,7.453824116051428,0.07614661620504577,0.15968524859099317,0.2738670990656501,0.9651973128185429,1.725028420201377,0.9947512085021303,5.787095556867228,65.70143280412407,895.2398183357855,7088.401551841442,87526.33014204902,170370.98946976085,176452.10826042327,160475.99572478613
0.1978067545582497,0.3163981885478149,2.5939946802000833,0.10302473545489904,0.20323058787335224,0.31163574736453326,0.9841813775855476,1.6836649320566952,1.168541272138386,14.478236603411647,113.88185002156226,1637.0260729500646,12984.732375589698,89713.68739887107,119018.99645106791,115476.79955159375,102688.12256142586
0.17059798479431923,0.3685295815478117,4.350451097441813,0.16957261464250212,0.17285720341168703,0.31961893989688184,0.8674010069789782,1.749587220290187,0.9118872547466017,6.637638334236308,53.491555987669074,770.0043261158999,6204.714259813708,57942.14225392236,86844.57086034748,87081.04533885715,79829.2072664404
0.34372752637085974,0.2732767382674417,7.112889739436343,0.09695903018862466,0.19120087761134544,0.30484743932266867,0.9831552931767342,1.553006410208932,0.9489352545622093,10.813167283197165,94.5882193731313,1353.8208841327853,10831.723973984166,114959.76377430599,186984.6513863917,189463.6895324932,173395.36922569913
0.4403562370351447,0.3065664118050034,1.9255985767080395,0.14326268725183067,0.17476471091390144,0.32824982461084595,0.9022550779521294,1.7279822849650928,0.8136707713583317,12.212742999560556,106.63424146541871,1520.0912690440089,12223.631707315828,126348.84958879993,204606.84197989988,208732.16032842293,194371.89144778595
0.3774383299914895,0.3243677377077166,7.035759424288209,0.06226510059326324,0.22105674539929626,0.37676804452537144,0.8888646477902293,1.5388606757830217,0.9010576891616543,18.411795270887286,145.76992649609565,2162.716886451427,17174.47858943094,153484.11301294086,228460.50037255953,228955.31525319288,209914.62251532052
0.2583470945249098,0.298454795176534,4.355539070503937,0.05574758839531504,0.1766161462506064,0.3899483375370689,0.9411735302404887,1.580669950347656,0.8660927556034322,11.32710004705439,90.46608154264626,1328.157550860242,10505.891090521169,98812.69346401324,151458.67776265074,152009.1956936992,138413.16272903103
0.4936397975979362,0.31031196331171895,9.988624696205065,0.1011606651383993,0.20939452186430843,0.31712533527102676,0.9845548588009034,1.760716354773082,1.116695211196869,24.833410596877997,192.70815234811923,2779.5254483410185,22260.150880979018,197506.91541992628,284912.72289709194,278544.89145849965,246800.8367023734
0.30413869686484657,0.3651232738375285,7.757067348336732,0.1661785295080439,0.24382991445463062,0.2450888237835358,0.8656721897403699,1.600719933047622,1.0377874888611212,13.375756301245337,107.37456614479291,1579.676819177074,12649.971385862662,115021.99102525889,169991.02641831856,170149.87034876132,156298.31928765742
0.2076643536166249,0.30878669657574154,8.57276347670555,0.11013363288881749,0.2336751671931462,0.24372197193960404,0.9789482810963674,1.4557558721641297,1.0803978083035557,8.806723357132958,72.29900508427247,1059.611907332671,8432.824364739801,80282.62132281066,121679.18827969464,122304.98751795375,112245.52873165757
0.3048103699279404,0.2689041637265815,4.651816223532808,0.14568761552038134,0.18256753265529088,0.37087706995658876,0.9130467077488988,1.7120573638615844,0.8722625971536255,8.27571838751872,73.05886265741734,1033.9723589985995,8388.04929561509,88366.78041233486,142152.94490579807,144656.09665886522,134632.34136480198
0.31239737233098164,0.3904239817117987,7.723063772552853,0.060035986568439545,0.15302292117508254,0.2970496804804803,0.8644723503939559,1.7007866405740697,1.0082542665230692,14.5380687972287,115.51946662407374,1685.0140452039652,13387.570614157752,124683.77732037118,191020.0459454918,190826.78916789312,172760.97456186806
0.3910130597117677,0.28934821196300775,3.125518724416565,0.1828515490911113,0.20065167109832627,0.3507663466821596,0.8915585127166351,1.4266058307100902,0.9487906802737459,15.564510753039608,129.4819896805854,1926.0687241224796,15475.984308001178,137483.56954402995,202107.15498020925,204717.79896702428,193168.3880200239
0.48873613457827236,0.2876038747582317,5.719475217044586,0.06264803506449648,0.18593347013024308,0.35041115764254516,0.8828931346324259,1.5178378943514985,1.134310073363511,29.9164054896147,231.25995563232948,3411.3256069114536,27069.434010015033,216272.49446749053,309225.26666846377,308451.12484429847,282718.82694914733
0.24387450661537186,0.330928078916336,6.269789091002287,0.18117775348440562,0.23570603701839316,0.31098600184504893,0.9238521054321277,1.7612358324914494,1.186622100906197,15.562758967347442,118.26383502191031,1715.022604766653,13778.08699685069,101808.63609870254,135882.84814243714,132503.59531290908,118582.58702959243
0.20047241796669826,0.3455539823483387,4.593365565683429,0.18185903614130222,0.16677350952484774,0.34677436314220467,0.9443530717388151,1.6360869386486105,0.869597173206468,6.594459331805959,55.16674573347086,789.5628026429556,6397.174340418275,63097.84709297724,96357.412075232,97374.84808444427,90484.0429267315
0.26397573934851815,0.20527136614075076,7.297046983111185,0.19000704900303517,0.1951076323482166,0.20508394760055496,0.8634620350706237,1.5337195838612543,0.9705915897341975,2.4877337651943696,35.95367608269006,479.65876263200016,3795.606483664627,51367.18879143261,111102.98365911517,119191.11552286636,115273.25469416934
0.3246978800154404,0.21979666668337297,4.118883595483695,0.14112255292466763,0.24986166899367923,0.2800133712822714,0.8579747642443433,1.4682009488050765,1.1547757719017095,14.498501736182115,116.33772649414875,1735.0990881785142,13832.488651905056,122608.88949235088,181616.6841353639,183318.37109843583,170984.5758139376
0.16844934901129566,0.30596675016317454,4.02005652579359,0.1606447583896703,0.22456662774708408,0.20079839877486672,0.9793424881005109,1.7377336256254456,0.948136859720974,3.885554876899613,37.396575828837314,521.4580952595568,4176.291142591362,46765.46505713315,80119.12103655643,81736.60798491312,74868.54956495517
0.31566472746733854,0.27620401039181014,2.5349170482919217,0.18522272337222467,0.18007368897494838,0.3234219766783729,0.9577792296558496,1.4897879287081675,1.1536922928574094,17.395824364654437,138.62828764862246,2032.5065864754806,16285.098145775104,125646.93703611413,173303.6053439879,172524.80222013153,158973.3417122197
0.19428610766446172,0.27624621287507645,4.2920261645809346,0.05650379809894339,0.18482278349779446,0.3314341219036341,0.9506622343890463,1.6287996223469483,0.8536980570966425,6.216584891726601,54.048541015165775,780.9791844412717,6191.544173901861,65428.25686740162,108760.17279356519,110329.80380579235,100410.1309496489
0.1764054778459797,0.2417386635637383,8.065289887229653,0.11582234586837144,0.19769429254713314,0.36004116430246663,0.9068499080953992,1.623195901713662,1.0283794063772054,6.539020597488637,53.697550499716,777.7634595894293,6245.485071175947,61721.7758372461,95103.67389967128,95659.17399086471,87684.6325434918
0.3579199875198391,0.29485744894092014,4.388414311971722,0.052448369390131054,0.19383839956486063,0.2942072244161947,0.8581503889330714,1.6581885112303842,0.9724920374608127,15.612512806013884,124.32186123307352,1822.0220063273507,14399.957040336112,137146.73739041528,214582.27913405633,215918.46608396035,196841.6780341445
0.42227472578174174,0.36988987542356366,5.165882102594759,0.09878145802479743,0.175098628664927,0.34732515933347136,0.8536796633559033,1.6814397084466055,1.110569588605772,28.747577961879255,221.83200238744797,3226.0960265196604,25643.824956666052,189199.25653752222,259828.30343400163,255049.97084951526,230316.76379911302
0.3576544845368791,0.31819913797655813,2.247547391870814,0.12543469587127265,0.2162012499093535,0.2886654764857784,0.9522630997100668,1.7536762583726029,1.0679307234158915,21.074097843817217,163.7134790608801,2369.977314181421,18906.78818650851,145758.2834965835,200692.2932444386,196261.16322888067,175123.9233432374
0.48603237363139296,0.35705018517851383,3.2588926602881223,0.19851800715370777,0.22074588606805073,0.34763995613829557,0.95833727399816,1.4438193827784267,1.1857557822822251,35.59638892332497,296.22215561744883,4303.47691405563,34391.23740544478,218841.77875626856,285543.6533591949,281469.41544488445,258321.86021790263
0.31446833145280695,0.3395338476068449,1.5789548994385167,0.19300083899435777,0.19396394647734785,0.22316701030515734,0.9000188588209912,1.5061215876243765,1.0798912604235555,15.523519536613511,123.03094847290599,1821.0217399686678,14509.466791319968,120260.05668478244,173430.6795345525,174042.06629535678,161157.58741683903
0.3834304972618219,0.34716238906997365,1.5886077341381442,0.0940953222257117,0.2237462622970812,0.3623775276093248,0.9461908604383881,1.6440573377205014,0.989885972208116,28.236822571958413,222.1262294828831,3208.1228969902927,25468.202979132024,172047.44172925586,228712.32638936088,223320.8828147088,200573.5669812279
0.16471753569745431,0.27544033946380775,2.786349856736245,0.05624584286064178,0.22955427072844284,0.2575511938210223,0.8929808936990044,1.716014101183084,0.8986302535335219,5.610508223229913,48.07000655555221,695.5847480974107,5494.712951402646,56358.20559605153,93021.46496783578,94051.81743189319,85322.27319511434
0.18577499985507862,0.30774368387402873,2.032734283887391,0.19420594878024006,0.236729138926231,0.3407271707351963,0.8571904750661196,1.6513539029656432,1.0081669944079754,9.487463602098915,74.91594721305874,1095.6353067875548,8840.531967129082,68876.95986929146,95663.42941400233,95501.45056485894,88433.63199676773
0.46252563873247776,0.3417772359738528,3.97615575441303,0.12324889940301205,0.23304079441236952,0.3872110108879661,0.9173771928328537,1.6723864681964709,0.8946907069674432,24.409772083080963,189.88145834695973,2781.925266332491,22299.364628340172,180493.43094455433,251906.77223650416,249269.08464551633,226390.58987186145
0.301553825459684,0.31290804981402737,7.333656642766632,0.15285592115184554,0.2194935585090821,0.3626802459837423,0.8794722175897931,1.6868731443922402,0.8336275254179097,8.593283872079887,74.71420513031977,1064.7011053854442,8661.691824793845,90696.35985933764,144184.8155073574,146510.9024233201,136644.33747054712
0.2838435323280153,0.296943294861611,8.840769492059605,0.050837916343281976,0.19422899519134904,0.37804160889595484,0.9181558423394752,1.7017620253526693,0.8661747661569991,9.46429802822976,82.91132687180014,1186.2090034735775,9473.023525066015,99451.1239155732,162974.52419673084,164153.3069744299,148404.29470305325
0.1383628563860831,0.29364295629765236,3.0327408565758507,0.08967197909803273,0.17637381937149543,0.36077234741334335,0.8666578743832163,1.522836024519578,0.9435874327950823,6.6563307776123235,53.07678683491617,787.2352997283589,6250.667156005076,54347.19599608101,80495.90843691466,80924.3538473494,74700.16299212391
0.4750864083089581,0.23183975580033253,9.442380808510206,0.08895464420270968,0.23037370129959456,0.37039962332258625,0.9316045153707474,1.5542717090602363,0.8221604189004902,9.70073394451298,100.31198507457928,1402.3636833720566,11250.292940309031,133409.22631029563,238262.5406900419,246096.4909786261,229433.4443408114
0.12294818981407603,0.3490262290278783,3.2434633536240116,0.0757137053052691,0.225696068679629,0.241388086053969,0.8888109398908645,1.7610490697796692,1.0978949953832684,7.316211539243723,56.764090735851745,826.9967441712553,6557.058035710884,52650.79080937649,74929.59292221199,73495.30096273911,65699.71204252698
0.20713779689960848,0.2971702323351699,2.755344830138263,0.15453143017188076,0.22641012061249194,0.24239734907213126,0.9714758245552034,1.4131532915779106,1.0972181979842686,10.59704540670583,84.01411963667307,1245.7012788660013,9903.468784836934,82246.29077583403,117638.13570338058,117818.45279706415,108912.6586546531
0.22787972006831148,0.3605296967352594,3.6318558777846155,0.08776729628587737,0.16281999288912885,0.2134426623545027,0.9603733111799954,1.5484424152041487,0.9312300054183772,7.311934799883231,64.31434679225964,932.6551800690219,7377.5581364019035,77666.2874372425,129145.85701775688,131545.7260574187,120524.77909422744
0.11907336956190032,0.2820567792604548,9.336823491828255,0.057103256504258855,0.19918914034909105,0.28866671363321394,0.8613450025181927,1.413689927954405,1.1694692869711194,5.840572194773891,46.60701800806759,698.1861681836843,5529.514968762927,49864.325961195056,75873.64969426315,77069.60971574945,71798.12192865997
0.17232173997279676,0.293173881975741,9.018499346289532,0.1066696229790848,0.21545345300329166,0.2679414821695908,0.874378919280946,1.7301396344831972,0.8719928434954342,3.472218152596465,35.95176434614915,499.65915206138703,3989.485858629928,47480.63446398504,86852.28622723262,89515.41568447182,82374.5786567366
0.3189435062639201,0.3365464750285939,6.619130200160344,0.08691904227382771,0.23696968571651986,0.3793121980231391,0.9007325735883066,1.5744392109255112,1.0671162150934712,22.12808570929656,170.89866970828004,2495.363900804962,19848.062720196882,145047.884249869,197611.26252027604,194505.8876978382,176570.21544316833
0.4193272672854357,0.3496953392694059,6.987379757193633,0.0784002091652375,0.16250227411668142,0.39609342415236964,0.943572021111218,1.5201064598829188,0.9411836759506653,21.697165527939287,168.2141913740236,2501.158162892449,19882.65773187162,172933.4095573954,252060.95871072018,251384.8087934744,229452.79450075745
0.19218669239652175,0.35414506554948005,2.1712199338403093,0.062377307079288534,0.19595363320909212,0.3963425803407494,0.8624137103578549,1.5777136640670888,1.1653317242408416,16.973405924657484,138.7972670454842,2020.29241403526,15978.340002324436,95681.41786578999,126306.12536495802,123949.37485207782,112630.04503271295
0.3050139217558929,0.3809322434977338,1.6297439241666254,0.1326888607300992,0.17085048818305282,0.3413250986515999,0.9625642405557323,1.7623975083074996,1.0748147725325885,22.5304613249164,178.505313571224,2545.202977278405,20250.285560379813,134718.74447506663,176488.5772104902,170730.4017810026,151367.07176918414
0.31353225781206656,0.29708350656648,6.534996692275357,0.1365688325061558,0.19336736362559306,0.3266777913790627,0.8800760179277607,1.522251677760854,0.8156581268240051,7.358757811870582,70.04186689768979,1004.125719396069,8095.154193514694,91005.13876696808,154644.84415748258,159380.85907756328,150360.400887907
0.44848004517581075,0.2275799592884037,7.139027002411342,0.05772420727218803,0.17885657429968801,0.31209416664743567,0.9596388411249738,1.6367195813504931,1.0204350064237824,13.10221446059821,120.57660035859274,1729.1099092985773,13742.9550129294,149912.39815700366,253891.4111059951,257785.56635503244,234072.28904224615
0.3211070383143201,0.25067653554749003,9.25479376020952,0.08744117088758321,0.1815455499768643,0.34195673099357193,0.9732204534636073,1.6353250438834823,1.0863501820670847,12.623347045931018,104.63256038870449,1507.8847430208011,12065.138604700162,118690.01188441982,182826.6876170018,182440.9838418518,164688.1339597213
0.1089648777172239,0.243066985690245,2.7113551275897834,0.09377375237329362,0.2162888053413131,0.3727234264707528,0.8912468237225037,1.6001207581601586,0.9706007602522096,5.158929422952899,41.05138626131714,605.3062356589805,4813.833719411067,41576.9613649939,60786.72651439884,60794.814542138716,55711.30328837083
0.25374302802202675,0.369848654666383,5.080007723447988,0.16796043140709221,0.1946340496050164,0.283667122387251,0.8929871902974331,1.7684554813625017,0.8371653206049845,6.93476904410891,61.37669153981449,868.0303932075174,7011.6550220823465,74267.914771455,120507.82743058575,122397.97901290368,113109.30567040067
0.2503152224943621,0.24605892134944185,3.1636454822448568,0.17541257313898284,0.15675938690019398,0.2825656223390385,0.8429891767635399,1.7539288449305923,0.9001423219084219,3.9653594189196126,44.13568599698345,603.9253628327372,4849.331269893047,57699.91120476089,106182.78815609876,110905.89069004169,105388.04250870743
0.21259173664554637,0.24568222640996384,9.870074043627772,0.162773901220316,0.22833697778975015,0.3244936248999886,0.9106117163358093,1.6253741565507311,1.190595864189207,9.42592359951161,75.59819696612348,1104.3404456861,8894.665952103915,79839.71947977618,115592.76287478278,115154.42880618,105269.29672426425
0.31716819230179294,0.39455927432391646,6.11531224314606,0.11871975558903146,0.15267592418172427,0.3219710213051071,0.9055044293546957,1.6115710101959388,1.0702860859331635,18.745455287290177,142.5907145543455,2104.2307314404848,16752.487444217764,135069.36038080548,190257.71722763943,187969.56183923437,170412.2865948238
0.2733415203690624,0.34288375146777117,4.773716073932134,0.09924880671886144,0.17112031301212957,0.35103124026891286,0.8490032554539159,1.432602739384478,1.112836294658058,17.295985377024827,137.8526834517766,2034.0446803070072,16140.969286872149,121724.68002060908,171716.5913547039,171831.7997906337,159339.81728537456
0.3098871395822143,0.3850791696523532,3.499574337225801,0.1900635691673218,0.1968140494275446,0.3617100415948473,0.9800298534171287,1.710554837637183,1.1460350125720666,23.59967306883837,188.01860924613717,2712.2518785867323,21698.52957666295,137368.5236406135,175131.9083339796,169585.06732047937,151194.98383815694
0.16794181327436142,0.20265248108157566,5.635256294131353,0.13936485956779335,0.1823569421920401,0.2975792807217925,0.880126019752895,1.7463098554870333,0.9903419760586095,3.0674241908996005,32.45289573959135,444.52026094213596,3566.0049769555517,42255.01177998967,76597.22225778073,79330.56853194813,74186.0384270143
0.42662975940888714,0.38670018575310866,2.9370152430029126,0.12860661662534917,0.20230211441107065,0.25459546510793885,0.8518507675818449,1.5410747470895492,1.169147117634838,29.024913798658403,232.50564193331638,3397.0253662902114,26959.4159257424,192139.1473392247,264408.11938244366,261981.47576481514,240060.3904726569
0.43707257384325093,0.2907738134930016,1.4610885174696486,0.08130463558719658,0.18319692773346247,0.3321644213754108,0.8874061182911457,1.5546856662351902,0.9324268722051652,22.14461267201585,173.6459308993413,2565.3033281974645,20298.352174592015,172187.15208777724,253973.20867975464,254683.1308330327,233827.55429936247
0.3399328193248614,0.33328898351792835,6.030384339372825,0.08030007972185649,0.23796280190073382,0.32841178899924584,0.9850534294669621,1.6608784601832487,0.9611773412444476,18.061981357132005,139.81254994773212,2041.4920550142174,16238.02634109811,139084.48734448003,199157.32540384436,195928.21230944325,175354.60871024965
0.49717540867843557,0.273365705349908,9.507168118379033,0.07756019772541228,0.23874011012712537,0.30014896937626134,0.8522404413421463,1.400661678007515,0.8464639963864642,12.940713552273037,122.55748197006173,1769.8433824491492,14095.315251611964,160023.01192667588,279426.35114939674,289792.30893626914,273224.4472447446
0.1584310239469906,0.3884802588412466,8.494767436332484,0.052326235744509134,0.21176768032404744,0.31534155639519645,0.9194298416749985,1.4192842188828123,0.8438232765864919,6.569507176226871,54.710343853967274,807.1677605007405,6393.239620043952,62141.50872900507,97446.0189644795,99165.78654383194,91980.11078543999
0.12256930949852035,0.3688185393973553,9.777276486311287,0.14856060749751843,0.23920744962298415,0.2269999037263818,0.9112408208316802,1.4329141429193284,0.9363718496655455,3.9383594648848765,34.405640297283384,500.69970023678843,4012.858264594933,42123.7907540731,67778.3853193782,69119.12719257125,64486.1863313347
0.2816843611076352,0.20830330198336208,1.2545551374508288,0.09218480978684704,0.1672620067567347,0.2922843875164592,0.9481425803852767,1.715753913543191,1.1743735181010853,13.374236379001447,105.61601601753978,1541.3744221523273,12172.817853768292,106126.01938872202,157430.42444821337,156236.3250939286,140414.7298681217
0.3009270426860461,0.3130221976281675,8.185620060898383,0.1475113415623692,0.17703350712722396,0.3055701797749707,0.8527548964069923,1.4449921693124286,0.8078694810420198,6.22562179196504,62.107667291208706,883.201009098728,7090.42953234217,83733.20862326089,149253.11085898022,155336.3401212826,148010.39031984744
0.282062267156221,0.2189247086875944,7.423072748736083,0.0989021527380414,0.24047613661373474,0.28390660069655543,0.9337219222726871,1.5598921368083078,0.8772554885963229,5.088521765650432,54.94844026041922,758.3922713113931,6051.682734979057,74073.63665860203,138453.51277349656,144126.94872389562,134758.04346027182
0.21676125414126834,0.26606103623571686,5.583074760854928,0.051050537028395175,0.23619976473406468,0.363526979659788,0.9895403011528136,1.4799036129470386,1.0512420366886326,12.986242602042335,101.2051445929951,1485.4413307452248,11786.80988926359,95506.58678876795,135758.07315900255,134947.109059192,122782.55028680849
0.27591149885957156,0.34581834381383414,7.705985600186192,0.1938776269122795,0.24684491989472762,0.2291021840114873,0.9317327656090538,1.5395715687363183,0.8602714950885277,6.030028333181009,59.33448823943201,829.3084346436641,6715.519972978888,76815.47846738195,130656.67280522786,134397.69247754267,126641.00824901514
0.17752934002974366,0.26797631120084625,9.536317046658844,0.10752687804175699,0.19756192584029736,0.35308754740895165,0.9133804673437843,1.7661532914403684,0.8847038257990613,4.071098683210814,39.95412895558167,559.8358208791075,4508.3713296427295,51213.14672678948,88118.891163473,89750.78031528927,82006.92123274604
0.34784746116927956,0.2101767818865132,5.011554754929113,0.12401430761134238,0.19107883115774424,0.31558015552771823,0.8466669951777078,1.7564879536946434,1.0216143534387732,9.241258862918102,83.57719586497215,1196.8210739207227,9599.794730424019,103466.24255588523,172423.548356437,175811.8746508074,162312.69015656522
0.46712228419636415,0.2466645908644269,1.4905998256460413,0.08767750361389677,0.16383257205029308,0.25083273407699175,0.9176025409884394,1.6858808845846753,0.8606100644295452,9.684855660688902,95.69559759966415,1352.9869135328638,10636.193581886702,123543.62442500658,230488.95750152937,239868.63539445138,221584.65508873176
0.3807145328627388,0.37419760396019947,7.026470678406884,0.19085806974996244,0.1807555982908263,0.34316750243594407,0.9855883927820891,1.6960630854582954,0.9687633909978792,16.675154405962356,131.48769293881793,1890.7848235645924,15325.833715014323,136222.41167816008,194240.75820544193,192621.49136734824,174785.12431348048
0.3013274050589675,0.2753305804647328,6.640028974599008,0.16693798296024814,0.20168312081199857,0.3766159847861217,0.9069215852264244,1.5192226253377168,1.1402464895758984,16.267651125778606,127.95055274490207,1892.4159906875202,15191.497998686575,121356.69092087791,168785.96759666668,168018.0749642241,154813.82673622927
0.14121287209353095,0.3568761002813406,1.429295429135347,0.1104241520817901,0.23889951775081777,0.34688642275958415,0.9268010774172032,1.60550751029582,1.0089606486381617,10.507016237393511,84.27159344080755,1220.1193391135841,9699.091327800448,63591.326666377005,84077.65090466208,82340.98941023489,74441.63336010095
0.19006868711007222,0.27954601952446784,9.041229752366332,0.18837929206568,0.20470827165464417,0.34619921103580154,0.9853805080938549,1.642532128530711,0.9772217510802697,5.689275959844853,49.429316622640066,698.6209107812484,5710.949798246601,58538.367742947696,89993.0865479135,90777.49866949553,84086.32159492902
0.17149327743122206,0.24364061299160455,6.335233594927524,0.17890099975581386,0.225710325900604,0.33492077163015876,0.9476443417509135,1.7021809679492177,1.0836879315343697,6.618600116295422,53.2720348895313,761.8162654788969,6191.7696732141885,57634.49275502125,84436.52931805285,84419.44409449684,77470.42960751198
0.29756791668261895,0.2302653447691434,7.390413753006449,0.1745861239311382,0.19710971477758465,0.28940749868894716,0.8501932326063174,1.4672418831695158,1.0055431503926948,7.197728495928918,67.57051241076127,970.6517461662063,7846.21846108532,87472.43200984783,147324.29534787557,152032.13058460518,144546.933626094
0.20214684135757877,0.24649865703456741,8.307455335648399,0.1437011374659128,0.15942540269094757,0.3553644333454392,0.8743910629237779,1.4275021426399974,0.8326431372289995,3.5198104499215606,37.49323863279848,522.1566229047296,4196.693585800162,51560.45138955535,95344.87947441492,99878.1957570327,95784.22076330592
0.4522752513524514,0.35186603998444815,3.6649610987269132,0.18266588609814144,0.19513691382665432,0.3270023815740168,0.9645097917014868,1.7036038823542956,0.9480836347826446,20.215419273740736,159.59221059179058,2298.3267392576104,18565.142857767532,160179.69584367654,227605.20263699,226236.76488771872,206250.9408176171
0.3495680838762737,0.3730771743335606,7.773585126814658,0.17136662946018733,0.1573530715805735,0.29128162742404134,0.9016683089231726,1.686250357855838,0.8102676834013212,6.635791509649043,69.82484162990048,963.3977025781729,7773.539535721874,91495.10908246067,162362.33472758962,167527.22382750054,156674.39465719473
0.33255049648374985,0.2982445699115251,7.097859931613884,0.14345713537305155,0.23630822047907218,0.2344494925518045,0.899644471292509,1.495577280928519,0.8332399060450799,6.28290202560555,65.48544914099085,913.4085949576904,7320.147962626125,88409.56484003176,161691.4984444879,168430.7092879911,159396.5229729971
0.32632441469864026,0.3905004376757316,9.896621300684245,0.1348042781959863,0.22968887776179384,0.35013617022423,0.8682810167778897,1.49931484201317,0.9875148534297435,17.866109420023697,139.91213885156262,2068.2511193514642,16522.709790805766,135834.66799570568,192775.55495168743,192314.41895207504,177386.61089145398
0.1516659866341836,0.20763331680641925,9.611598302464358,0.18412767761437993,0.1653642694137384,0.3599273998518394,0.9331818273244555,1.435957630052195,0.9180533646095026,2.0146541223486003,25.598358628895557,344.0021913910235,2794.264011322167,35143.51761002615,65194.75190031485,68284.9250421209,65776.97332914575
0.10780608372011531,0.2845554608730312,7.207689943825574,0.18832188679589207,0.24938432437685978,0.25721049705666826,0.9239167609108123,1.575552420210577,1.1916851084149989,5.181474099292368,40.624498610418314,600.1366177356866,4816.347085522344,41535.60108175448,59252.038298727195,58999.47167374721,54062.63475401117
0.2824745148772353,0.39690709136257185,7.654443879884554,0.07171812361445931,0.16855858586980046,0.32730606761682546,0.8889394902935558,1.5870816006494577,1.184354273204122,20.21904086032863,155.2746278985363,2281.2655756894924,18092.93582390586,132626.38653659963,182854.69263651845,180404.56320922993,163670.18213644775
0.4994157431854923,0.37006176805317426,4.649619476211403,0.054863460786778534,0.21249186918840554,0.37277739069711635,0.9395020244803034,1.549739131414401,1.0466127866773256,37.69717547050523,297.00533254169756,4333.001204066105,34316.66669231368,238663.10393937977,322931.46411702526,317685.79681336944,287578.16992350033
0.17941826629021762,0.3558850956669064,3.933462714407321,0.07487773685220375,0.15534454954545152,0.28922537970265016,0.8581749064583573,1.7676266804338268,0.879796573825651,6.151494009886043,52.907679501258094,763.5662715177003,6055.84794006479,61722.947554686856,100766.61691422698,101495.41597221761,91922.04069562022
0.20670419832162132,0.2519428610579777,6.597977413652974,0.1887847088984803,0.1774481007194466,0.20404022249905202,0.8581110451329685,1.6926893467422186,1.1395107446336281,4.758688243626819,45.2214526075648,644.6306473964104,5167.814842038439,58819.566597148056,102397.4536263619,105199.19858221387,97673.58822029176
0.38918393102854065,0.30082102034139185,6.492798864143021,0.12356783606009886,0.195242764811892,0.23642095739083568,0.9524257066266137,1.7571151970211765,0.8106007557920956,4.7505554921831,62.385971389992775,831.15509307905,6569.843592913779,84700.39591870703,173918.116013264,183000.2873851633,169940.3990524379
0.461454183741249,0.23295572981642348,5.955721035584701,0.1780104817475438,0.2384443704785889,0.28058423898379586,0.842183127970694,1.5024161211043265,1.1485450322254422,17.99570873396877,148.68721370528857,2198.8105381634864,17649.151558292167,164357.29289040703,247245.589444644,250314.26160003452,234403.6528902382
0.38358867578553324,0.3101558417621178,3.2981076515172,0.17278709497879696,0.15486159342445818,0.2362478355134794,0.881589190135987,1.701884311287298,0.8382177360781193,5.9733208556964,66.17131230344945,910.0793285272545,7239.9575181834225,88290.07186338358,167876.8947407495,175970.86499948613,166512.84302718932
0.43414424903436233,0.30825170020803744,4.087920270899255,0.1038177485231949,0.18242873385042205,0.23696869794144615,0.8460428196629939,1.478201115120591,1.038267727563214,17.651549754743854,144.34915246456646,2148.053327935733,16981.316903625815,162703.62745507344,254924.42190998717,259218.09319751497,241164.5518024956
0.4257836523606531,0.23037433323976225,9.913297959206313,0.1556243781679479,0.19245627252662623,0.3561794186548332,0.8571599010219306,1.4832194202390412,0.8920437748499095,8.101686440580481,84.05499682102248,1173.5407455687061,9500.010769373217,113047.18747265635,200350.00516879966,208266.0024847821,199047.1813797004
0.44259098121990303,0.21713971064689994,5.413500653672152,0.0735012709255637,0.21737670640645637,0.3754565893234625,0.8403263661569114,1.7590229819705039,0.8467537207848082,10.387830149418464,100.16410601054935,1432.9048383737975,11419.95939170246,128646.58290387396,225211.05749255067,230995.88716530066,212474.32642286376
0.31535834417316916,0.23826437998176977,4.42114112872941,0.07047804331312375,0.2485449691160893,0.2979743164217444,0.9006768434108442,1.5500367468911596,0.8328088407599122,8.038467373862394,76.39374451427675,1097.717820164853,8716.925342001412,97308.69029033204,168622.70366581072,173600.86424062605,161093.2495948281
0.28792483093800786,0.2328114593593384,8.69001489549309,0.06672896919123623,0.17442056733321262,0.3936119505098689,0.9501094947252877,1.6592073131111111,1.171048392218771,14.665456062574613,114.10629294149464,1670.9833558804175,13312.15103511222,118038.37951566413,172817.20447600607,170852.95076219412,153509.46613263342
0.25552004272336726,0.25532696037883573,3.214444824929156,0.1195289084129565,0.17281534018902586,0.3519371908227738,0.8518238553982419,1.7196220390955552,0.916810773916514,8.118556551035876,69.34027042953947,1001.7817174691347,8024.493670544143,80917.19446866322,129050.9237034254,130942.26070762216,120891.59089942982
0.35817119721916024,0.27519300216426973,6.651309186070519,0.1372467458736551,0.17691778501373495,0.28829625458829244,0.9248936293338318,1.529947824341874,0.9662578989871149,10.126323539139262,91.79592655876878,1315.859486558152,10567.702657210317,113749.47452103416,186761.48882646472,190647.90750666868,177168.4689201907
0.3190771775130695,0.3256917863635545,2.4929371504888143,0.1601953404985033,0.19008130501373005,0.28262260003865786,0.9663731328375655,1.7459469242542447,0.8192612727088278,7.488899831229906,70.9082829144369,991.6277076717656,7992.0593936956575,86137.09675288422,142685.4214004978,145695.51523992803,135298.37347079665
0.16334168269855726,0.20974017986504587,7.925849503790942,0.19934829150365485,0.22507014991831367,0.2323935338105685,0.9066362468250354,1.7124583248559055,1.044072561253453,2.206399304417912,27.576326190100282,367.7943026550456,2969.6888498323065,36904.27141684524,69244.66817945911,72188.91380010327,68340.95341319843
0.3604213788268753,0.32341509843203553,8.955327352234754,0.16239984470708585,0.175088133972302,0.25333953150993105,0.926867150228183,1.4119797333623039,1.1484038835993653,15.333435553142063,125.91856095064446,1864.7754413051703,14834.969501584328,138761.88215387843,208698.1022490214,210549.8895587346,195407.4264460735
0.255880556456762,0.21603189146762214,6.111041719840883,0.14382787306590888,0.19375232947104404,0.2151894514915328,0.9348107650440108,1.744496614747299,1.1694870573994747,5.936745348751696,57.64499352172827,808.9820305987562,6469.042893512596,73504.13026633587,127937.67756331622,130527.75209693909,119076.58561691424
0.13007024775272533,0.38197203372445965,4.733177158343838,0.16477228061123836,0.16059687754988367,0.3651737838960077,0.9598704020461424,1.7223841153497554,1.0077980707997596,7.208842152287507,55.86706740044027,810.00535043614,6505.895404211776,51536.46200487807,70688.47605113915,69399.66349093146,62330.76627030477
0.31027018049145205,0.363229942714335,1.063016434628643,0.12712788709011835,0.1693110811303953,0.23649305372150364,0.942872058224443,1.5623317777109884,0.8635201774364161,11.347971545214937,93.86095237582073,1368.8856178566516,10822.469957376954,104554.08330536516,164752.9141495531,167129.1793911211,154032.03290431589
0.225535540124972,0.27973216911621335,7.700117333955713,0.17883739335973575,0.23122008117552711,0.2917016144221805,0.9837213142490674,1.53084405595471,0.962821075219809,6.5383489831660455,58.19737872013121,830.5120188276672,6745.744198358082,70366.69352130879,110301.62346494701,111875.4526473547,104282.12182531663
0.1786291305688267,0.24334233866357535,3.853130557349357,0.06365822962106028,0.16667858962430357,0.21044775945904268,0.8989144459418118,1.6567950638873814,1.1809354732960433,6.2526983606050965,53.548750062618005,774.2523989218503,6118.569964490167,63121.599187584616,104592.65312941771,106139.97953410882,96695.26262785494
0.37661158267270023,0.28067990032568757,6.176001332449184,0.11440926183694816,0.23941741032738192,0.253455837314586,0.9103116000439819,1.5130065112270157,1.0812893136041315,16.123623125321753,132.0987823349212,1953.7132729746525,15529.956054147691,144315.55355075723,217347.943924786,218456.7387834199,201008.18988486612
0.20601481810299582,0.30164335104059115,6.052587809658229,0.12490647892225498,0.21968715760845703,0.3581156254918689,0.8573648256067853,1.52723129576935,1.0454920524549656,11.020347917919313,87.25674802795511,1291.1280602191157,10310.524719853802,84256.8281176344,119862.1207348754,119664.66975292655,110353.76085319127
0.3044884164036824,0.3218567079835882,2.708634100433738,0.11031372077954317,0.2190704881715746,0.2951315350484942,0.8545030303488859,1.5584092922102935,0.8191360927724115,10.658251630111218,89.58397139360146,1315.3375665570586,10467.236630704392,102983.32037659978,162559.4898893543,165434.99052818213,153986.81214360285
0.49859074206286724,0.24470281540384353,2.4668751828756292,0.1564328521914269,0.24882937363744073,0.2458492358671959,0.9543791010148034,1.7021304997006461,1.1693432401962254,23.807096328858314,187.88363521938277,2725.1294014855644,21794.546435629472,184947.26258815965,264308.82232785324,261946.39314393423,236968.09507613064
0.15921287282975155,0.32569321622630426,7.176743071210806,0.10155929052257032,0.22027636384097832,0.22782225197810732,0.8685284885533453,1.7602169460236166,0.8405116534997332,3.000876069669723,32.080794173373945,444.17252796925715,3525.3220325026455,42581.388266932016,80297.19894415967,83097.2878249964,76297.45269492829
0.21248950136226316,0.20550060669672096,7.359314698095093,0.16436809237971095,0.24495837144156482,0.21623653847915306,0.9737123327605008,1.6718962432454183,0.9244856219497187,1.783198437763693,27.97809741389666,356.763653219535,2832.253125118021,38495.010831185486,83796.1182023146,89472.16279538322,85406.69921697455
0.1803637147696364,0.21343104483661018,1.6464677215553036,0.12588283963278502,0.20059968890496852,0.25095493450211354,0.9643643854505092,1.660000555129421,1.0708245368965725,5.989650506794249,50.936311674670556,734.0721402191676,5840.435362074315,57913.24274979755,91690.88929994234,92691.65467603767,84803.62491172651
0.13115625670478118,0.3769669677001321,4.478118237491066,0.0921892743124249,0.23618870952831392,0.35949057807175233,0.9754451464980809,1.4016602405681364,1.0498417631716221,9.694004195250415,78.98818233167003,1151.2674721231244,9134.995058368868,61972.32089975501,82938.23300651541,81946.57228106054,75052.5578889331
0.16123779647430375,0.22042027923202004,9.862284798833452,0.140013092155665,0.18827989958512248,0.3864748120685003,0.8954753408485885,1.7202047800049174,1.050212966004845,4.811816872886039,42.351224296243586,600.6305187737208,4876.960913948585,50839.99284149921,80539.19227591773,81341.94804661203,74797.80474133856
0.3756586017723481,0.3564172546935474,3.341553947082406,0.07326072076138407,0.15624079908463936,0.3693033980839582,0.9809832666938909,1.5842165502774366,1.1555374123989868,29.88977627595723,236.37030635374865,3421.5954723749755,27059.587031183422,180503.06084095512,239482.61934695908,233757.79155413853,209683.65876462767
0.3290886704342606,0.20128415692648305,7.9426794324778,0.14854868107477875,0.16503768095299837,0.3180643474977603,0.8725963683601698,1.7649037937813286,1.1178413482041647,7.827253360433063,73.84201283427417,1046.2970166539644,8428.873775799027,94165.28419540526,159782.30105131582,163115.41136343442,150516.75296489676
0.3843199577715509,0.27297322809849783,6.494780115212181,0.1349240089376312,0.23053899852246262,0.38238705016662333,0.9733930384121094,1.64716291283125,1.182005437126094,25.23235900777628,193.66654770903617,2819.090915418363,22557.866928941105,165476.60438677628,220393.5488658028,215232.52249929222,193236.21784601288
0.30836666608232355,0.32103000407872945,9.04995723427289,0.06341118958171688,0.22032232268669244,0.36506165791688105,0.9889993080365398,1.6369648273027573,0.919171657208023,13.921498893397066,110.55552153016816,1601.33217291087,12767.592070606786,120314.86589307779,181128.81652326588,179802.41319579748,161530.307513533
0.20410322903432956,0.24331236468629291,7.540042586057837,0.078242784791238,0.18260678813667222,0.20628673070562115,0.9142845029843415,1.7004845442558396,0.9610565930942518,2.793639135363999,35.08077996211185,475.4315834760777,3721.017414633947,48395.419792290435,103124.36756440891,109025.56843869865,100474.08333431568
0.21270977233057745,0.2704438519492669,8.026965212102901,0.17986238002770283,0.15364510458654423,0.3576254813660281,0.8401319104125473,1.5812627895027973,0.8561782129081444,3.7419165754517776,39.4810381532361,550.9876700297247,4472.182141408951,53387.11699516421,95374.75242296996,99248.7433804063,94867.40771871312
0.43284920380741576,0.2675197638872875,2.0391067760965136,0.10935574933363934,0.22882759562897828,0.28923250127851413,0.8816803149814633,1.40176947134563,0.9066747473615314,17.13269956272616,141.25735966002796,2108.5458104697987,16699.681264934447,155680.95596060538,239777.04486219998,244267.09418637704,229310.65538953524
0.48302216662070585,0.23564566924294447,3.4706557982187096,0.13924972340803018,0.18072346213389692,0.3641599180021421,0.8469938594089121,1.621577389126937,1.1404970619401342,24.212566461442222,189.73374595971688,2805.2545108393424,22451.378625788042,186426.8773034127,267208.4311480172,266875.1777936947,245429.49857125946
0.18484075288415636,0.39453642389578436,8.225782359126043,0.12877924732401766,0.15578829388505055,0.38233288811297805,0.9528409278343416,1.7054968325998208,0.9716395622778108,9.389981718272924,73.28665060153824,1063.2578238941903,8527.181754982783,73258.14885490928,104089.158422436,102405.61433270347,91855.1154834279
0.17024045150703987,0.35866360734317776,4.915843516573023,0.12092252778039582,0.16742865775666252,0.29357216958305493,0.9003077569346181,1.7134586381801817,1.1029542429360029,9.58033929031218,74.03753434004415,1081.2108113100883,8616.445616276442,70518.32581477347,99767.2086256325,98120.85711390593,88195.70200738247
0.16615104291650828,0.21446353740390328,8.258104517559747,0.18857815598332112,0.17673211324782775,0.24160596397369216,0.940860670487874,1.7422152201710226,1.023966193743565,1.8193384125050935,25.23213601605425,329.0243693795585,2634.305089342775,34161.91123553734,68784.77124427578,72391.0056863646,68381.34040760774
0.232755563887795,0.22843843354934465,5.81015255853729,0.10242282456562724,0.18002470084025562,0.2822396076920739,0.911676444660787,1.5627717929728306,1.171301700515361,9.44254564528577,76.89825336348876,1125.7102093846659,8952.849378756693,86391.90783160903,133349.11283445312,134220.68904433577,123007.16471645387
0.17732606607255785,0.37400391341087974,2.5212919806395706,0.09571613481080932,0.2158559663382742,0.3449276428316014,0.9113916874710521,1.466398130528376,0.9373072846250369,11.427404761133465,90.04253821185596,1320.4382117095236,10483.569564967562,77602.32002024636,107550.3806936793,106953.3306261211,98331.38556505693
0.4635857492149289,0.20548678629159794,3.4130920395971813,0.1861929029736803,0.2008162189116237,0.2332634463837313,0.852805766112057,1.728750722043715,1.0128368214574999,7.364680831183094,82.13491503251655,1121.8447715839468,9013.786820240217,107609.13798574745,197750.37646581815,206387.33711686282,196128.37832739105
0.3072930102805572,0.36245855042579794,7.50765343617469,0.12288609146714362,0.19789565814323787,0.3951514699341997,0.8703909312261059,1.5015845967717434,0.97123748857235,17.017212913334706,133.4899683963371,1972.7555722076042,15744.865966628135,127755.92611027283,180880.83781707558,180454.93862451852,166433.81703595203
0.17564530472472784,0.33950762725107053,9.650414277287567,0.13688716143487037,0.16505584065075693,0.3853396818111927,0.9268747956155308,1.6797719130603581,1.0373024780667746,8.568142485574317,67.13419461788082,978.2895418832694,7859.485372397615,68686.5181767944,98368.25057524325,97225.73173373999,87811.77091383765
0.30782564015938974,0.25546410119217045,3.7271801014179644,0.1581659588033256,0.21112373104409804,0.29881543772715036,0.872977859746992,1.5523188603397027,0.9971856265438721,11.065165104553856,91.29797275405299,1336.6332649019002,10723.664547063623,103308.81577066981,158329.41679533033,160580.86707486256,150044.57818257815
0.3759037940945341,0.32562477200744,7.891109697687967,0.1513819105776666,0.24734417745493456,0.22265629328268396,0.9314675834068384,1.7328815968233198,1.1917887000079233,18.269461935419912,142.74809501156352,2073.541756396994,16598.84363084887,147059.82298279676,212759.60840790498,209548.85590593787,187837.26202265403
0.13803445668217873,0.2169638876976341,5.792434629500825,0.07033246247832392,0.1531849776307925,0.3968538944870776,0.9303101072159482,1.5743444089313237,1.0037166013419763,4.9060648304241345,41.29890684903751,601.1168322529774,4788.938727124059,48700.01537204737,77887.26050676432,78793.76748565861,72154.16446988826
0.4999299757160931,0.2793409109408056,1.6437655056213316,0.05477415312548534,0.24637130184653305,0.28841483030478776,0.9503563142823764,1.7217886415768258,0.8061949583781602,17.319967356955893,146.47936123518784,2113.013582357742,16664.209162815394,167855.00535253104,273656.78548097395,275776.26039830426,248802.65475893315
0.27892778680223973,0.30651916198954887,5.348822245228114,0.09473358371375284,0.2027795536902897,0.3587154542181081,0.9477385177310651,1.5047751269741674,0.8077582195692083,9.300390539109616,79.35999464058543,1153.0982186578437,9232.483919089873,94431.65928836659,149923.89771115905,152233.22348580282,140847.63031148785
0.2984994375962926,0.3024078205428469,2.7349653182952185,0.12457208272887214,0.20758979534036592,0.28501823275054955,0.9071774779114339,1.7033418697233067,0.908697704788554,10.770110448001818,89.73752474025395,1295.5880251236217,10347.919439308194,99944.990686966,154473.22935429402,155456.21626323037,142125.83355205038
0.40289141205488443,0.3514555832861765,4.682714873491811,0.1844866701994809,0.22326665883252664,0.27833462424634525,0.88383842981303,1.601125699771071,0.8609797166411104,12.583974826748191,107.4338770410025,1543.616164990843,12483.881601689454,126035.46885296976,196866.68545954296,200119.0462982785,187443.49412598796
0.3430764784287278,0.21906713410400558,8.670672983594448,0.08101771499786323,0.1654230429135126,0.25011723547647935,0.9760585156681251,1.7685415691381718,1.061841229427859,5.711963771302973,67.25029043949161,909.1106112342263,7191.654914516953,89425.35009386207,175560.13177546198,181384.05619513398,163966.27715969196
0.26222337420546415,0.32373352579581427,2.662428519367447,0.13110639091170767,0.15659663584873512,0.3847686147414777,0.8432588673034515,1.5246440263852201,1.002674585457958,14.450749054492615,115.34710279489953,1694.6209839912574,13513.850978985709,106455.63221502036,151189.85581779908,151265.85169515572,139919.95433796162
0.3808085618439513,0.23143306526910903,7.40565234253428,0.07472685073503214,0.24891069965191254,0.30406101058471513,0.897824374278932,1.5138543374749136,1.044918232576113,15.038688626441674,124.85529443725328,1833.2161435632402,14563.312261076073,142767.65429776232,222742.80228351787,225200.85885009088,207528.69077213254
0.347010417126203,0.25944338645656784,9.579710479619362,0.16675720641377062,0.19911942225315477,0.3678669307594843,0.9739506066873668,1.6079333968843081,1.159135176469829,16.39802237265295,129.44003984946943,1884.0440063941542,15191.187102174805,132141.7736552399,186891.5312419977,185298.19785445702,168589.360544923
0.43451538725264083,0.388771957601402,3.7384666568563185,0.12101053156182938,0.1794086041841118,0.3157552056335414,0.8687484877689376,1.4641720325755039,1.1465754694739476,30.22438340267523,246.59196936143934,3606.2564299940373,28600.827024294496,199405.9739868179,272916.6468206839,271043.00804414874,249702.91639607123
0.23910076939034944,0.29700697073877186,1.4372450843038957,0.1006947808411216,0.2422819018169526,0.22609854861228199,0.9851267702567397,1.4032875521448382,1.1707796180050665,15.58002610618301,124.97284026082197,1818.8607474415894,14387.36008569096,106092.97106337672,147346.71272335274,146612.91709985168,134532.59191292938
0.4760021256574233,0.22854583384819355,4.570126794275442,0.12450494775900815,0.20604373630224254,0.23487104050218188,0.9119218972752591,1.6103147258391435,0.9997871462526728,10.830224083956754,105.33300780668787,1496.5148099600756,11930.976444994803,136231.78664793758,239155.14436080557,246369.5902593203,228777.69627227992
0.32755719954213935,0.3424619858952286,6.9439227836836865,0.10253427606668841,0.22438808285351008,0.3791597011882726,0.8842989464231118,1.5542982452442744,1.069936778557245,21.85841710882356,169.10506416940567,2479.6147209158726,19751.189261221625,146370.98740545593,200545.61159198693,198041.08092150855,180641.91319996232
0.4743257466288462,0.25124677164052256,8.778952954476182,0.05390576651606263,0.2315432983891554,0.38561958296638954,0.8402990949095344,1.6019134356316862,0.8462949304855247,14.432015410712994,128.3129629731238,1860.1760984171058,14851.480448594279,160425.81501000034,269800.8446989805,275641.42599168414,254420.19035199343
0.24349899149980625,0.2512562586163909,1.0383329346585994,0.1701828289656482,0.16020560239732196,0.3073838601596986,0.977943476492437,1.7168309144239817,1.1653352036694709,12.39169776728395,97.85507363847246,1409.932617124644,11279.832469381709,90254.76677666653,126403.9061808334,125014.4078448594,112944.55546940949
0.43014642571638384,0.31582344931417633,9.891050632627387,0.115498722041557,0.2457614212055483,0.3995402810699163,0.863264435080052,1.6376871993286874,1.182628010900681,30.3451613661591,234.42216261490847,3429.5823405089204,27366.142900616796,195149.28876440058,262419.99448533833,257259.3094851638,233026.65195928267
0.4460605870463643,0.28425564271753195,4.137523443827378,0.07994453135291237,0.22807051583943996,0.326153388265945,0.870322342170749,1.5992821193439073,1.0095937365855552,23.58086506350443,182.9618902210785,2709.137126570033,21518.840521745864,182283.20970400464,265211.44711977505,264267.6119858665,241325.5721742904
0.11444990864127132,0.2082105861242041,5.351043634748236,0.08820025637009854,0.19297189733395126,0.30367191083134987,0.9055017842566462,1.6834772716643425,1.18958874774164,4.853643228117923,39.02431878014812,568.5388185114131,4524.319682992322,42798.198450378215,65292.10752746231,65155.51727560139,58979.150977148136
0.31300296372117453,0.275549247704885,9.603699921551073,0.11546080951626395,0.18778440699821283,0.39398995372900725,0.9423924171977268,1.6895254674021056,1.069983562569134,14.636483914674853,115.43438081650474,1672.5483806988138,13431.038831575463,120499.43299623269,174681.96872520976,172716.22713073838,155609.16934530291
0.20683685537710522,0.2377495560693111,5.71919635667479,0.10663350419391118,0.20220177064916206,0.39010227557458904,0.890263526274105,1.7154588416720427,1.0312001547461311,9.022248451971974,71.51895506424286,1036.5282534807186,8309.370156334218,75875.22520491584,112288.63010683298,111843.79241669686,101540.60745611158
0.16124022617561182,0.38064286949420073,6.51093417878165,0.12941955511304112,0.15811455565954047,0.26234139540985263,0.8540033722740434,1.5420509692117341,1.1552322335634784,8.690344583892388,68.37224477368791,1013.5720379589728,8057.150592632879,67657.263134775,98121.7544984719,98005.57450460097,90022.2158637304
0.1002862361732345,0.31132215205528513,4.865000424279522,0.14418342863524206,0.21493154940338566,0.31996239177203234,0.8990388788661213,1.5532217235208408,1.1475345955678156,6.22420808493718,48.439010569905186,711.3239223837029,5671.243678016011,42821.96205729685,58815.37751712638,58192.18262057003,53187.30275013763
0.14319522713253274,0.2888593072828353,5.551211143866745,0.15012182490991927,0.16038634563851117,0.3826861498643246,0.9809675569846473,1.600938556405429,0.8266233807065984,3.2966018563338433,31.55869730303217,442.4643746900788,3588.431447175342,39741.55713189621,65787.69351869056,67320.89613136275,63022.07590170761
0.4320804186412506,0.2510942852903018,4.621983542689161,0.19406019674547542,0.16690531916472598,0.304259444453514,0.9356555029108129,1.6969488287379377,1.195137647601578,18.731057737258244,146.86235124430016,2122.1745487103817,17089.181635910063,152994.85301068908,222021.90322511303,221278.187159365,201881.34308829054
0.4613599257223181,0.2617513714720392,6.955871950133194,0.06943805908930323,0.21937833435357812,0.2647636883605933,0.9709414836879051,1.4003686075232036,0.9593304791914883,14.368781146399002,129.608890455991,1884.8983671282688,14981.462661794161,160592.01994526925,267128.08479321306,273890.4183006066,254276.05893387875
0.19203967220975215,0.31640330544666706,8.94938172467225,0.07883376439921169,0.17981923830096455,0.3092246790945441,0.9746097506813292,1.717160008628225,0.9452237332430674,6.084378851712282,54.48363045400149,771.9491032357283,6174.782724452313,65432.5563786613,106933.6046763701,107196.80146125863,96222.7537740595
0.43581992514358514,0.20520391794872966,7.916677329613779,0.1951505779706158,0.2094558605247055,0.3112745953034908,0.9534852038453641,1.7605532988239596,0.9456122789703908,4.439699030170786,65.53934559516433,839.4747214669184,6861.310374310108,86996.3132172522,164383.2205931006,171779.85696809267,163790.21762131745
0.1605024940345104,0.22699647699864056,3.6267420773266137,0.09946344888303157,0.23810011348300653,0.38533965561415146,0.8447411224924198,1.7344289994656485,1.1109146149719837,9.097157774955642,70.67403965785016,1030.0244285763908,8234.728490565845,65140.69884334609,91338.2443478873,90136.27427370225,81595.34683288212
0.37098804481007674,0.2255855567936533,6.725437381553008,0.15954164548488553,0.16515247450501072,0.3300444831510168,0.9373186601929503,1.550881722094378,1.1885496035736676,15.000484848658449,121.03609861237173,1764.4133005282729,14173.909852247578,133362.1851429015,199062.177745552,199938.61561890153,184147.26724997023
0.47725561288681384,0.22317197308930403,2.0316591973565545,0.05404277952888093,0.18428614174710276,0.26516436433270624,0.9844800628875542,1.6675475898783731,0.9805791589235296,14.928095814859123,130.81895155976977,1890.0639877613885,14863.628715285626,156719.71182193563,264867.2978729916,268746.76086772425,243001.14999735588
0.4984323531769954,0.37705345240902655,4.262565963604871,0.18222655140739752,0.22064590282867252,0.22140466836002648,0.907768704054,1.7441421542135132,0.8929048527407993,14.494452704975282,125.73043002263282,1793.7332582058295,14431.419730094693,150501.4049594704,242177.81175922346,245420.96791994426,225896.80591844712
0.48163297730623444,0.3045383985219029,3.8366638966094215,0.07831006337013931,0.23694240572143577,0.2455507520080887,0.9895046157898151,1.4149660656191265,0.8399369755879815,14.827260648676836,132.73208111300937,1925.2311774921159,15271.213904834009,162200.3754748689,268983.5184499868,275497.35451659287,255489.11181758018
0.3990728596631631,0.20958449701841864,8.32196837199837,0.17122428588266705,0.2102301088686498,0.21519805841430922,0.8991287744559074,1.4065976791235997,1.1574254845302616,9.402256341879038,91.47947694155833,1306.8957224614874,10474.973199718792,119896.76696395504,207102.6945348831,214159.09687399317,202457.89035669636
0.23804691455790314,0.2283511530590058,2.092654575539779,0.18620288665967788,0.1677544922079317,0.35347188397304896,0.8455515347878726,1.5546124205652039,1.0194636528693186,7.851822746197972,67.22655856030454,985.3984132718277,7954.355800236079,75607.46596657184,115651.11032430733,117847.23843953879,111456.98709584943
0.18924170100301796,0.23913732705540042,6.866228035546669,0.15102740794506336,0.19876246176959855,0.3043305174343597,0.8979405142204498,1.7031496817148981,1.1505340404954678,7.456447253633293,60.08469740256896,866.0264335868509,6970.818525496035,66452.39295419423,100076.33314302289,100102.1674397718,91276.71477186408
0.16060154865949802,0.26598734051813056,5.525868264203409,0.1032747561454212,0.23981393830042652,0.34478436789277517,0.8516469475094329,1.6505046865471416,0.9622567092631751,6.724375600264775,54.342756726684264,796.6258943974984,6365.194482992756,58989.739909459306,88703.79712116135,88955.87832265638,81566.84179824153
0.14496958930235243,0.2900120456208735,2.785761858061239,0.1534125093180737,0.22913654390541438,0.3987311762222429,0.9832518661182296,1.5498416323384228,1.1718058949761756,10.780030957828115,87.58693831336144,1278.2436346186544,10194.845076943577,64839.60919815855,83694.72909115159,81873.89923932483,74155.96957969027
0.13003071660282994,0.27042309761652705,8.208758917416404,0.14257541630505055,0.1639885578811397,0.385287739109915,0.9305717927863941,1.566197017113189,1.1405334956406787,6.436385673330538,50.487406025073255,745.8271311692862,5969.738958996385,51335.544262326424,73299.88251524807,72892.73881515776,66598.3679361444
0.40811743100836495,0.2724053708077713,3.7170817564440446,0.1347372112115717,0.24726636296934454,0.38692141104636124,0.8664951688564683,1.48471304615089,0.8621241840707552,15.567707425385914,129.9628845771041,1912.7767389322994,15383.935217966713,141381.5598792758,211353.55129465874,214238.26579553267,201496.48188180244
0.12312484270371989,0.2732682009626613,3.949653709108176,0.06926852815796425,0.21234408056982612,0.28262235316086004,0.906307561701335,1.5666061020555244,1.0802300061153554,6.337671105487491,49.81177420747144,734.7057119044993,5818.562245252579,50536.804887025704,74685.77956554136,74624.5135697108,68090.42991427844
0.2963637916098085,0.24739733985473888,3.999180552567287,0.08636979642878638,0.1736735165359933,0.3595766015897893,0.851742319325243,1.6881732638440692,0.89011805673035,8.924178608143846,78.9477261072159,1137.79952299062,9065.901480347096,95051.33325660648,156816.89008565975,159611.75396829937,146819.36287782644
0.381576082431334,0.30702634502963894,3.803487315388395,0.11198194710032652,0.23698697773531108,0.21192149942936656,0.9886473062528804,1.4042494680822015,1.0120393786178972,15.634086607889316,128.42896994432624,1892.8375306274577,14976.085061345226,142685.88702170856,219078.69187849908,221560.23068348865,204756.13903554386
0.37369290720043347,0.3336236712403601,9.124609314015117,0.17426430434158796,0.15633505601586514,0.23075506427841144,0.9240540223303149,1.5250138317975404,1.0380583121344902,10.229756139600186,94.8013302576391,1352.927174692205,10856.186157368425,119278.62118589753,198643.60160081263,202914.99435167262,188179.6008157076
0.27763340972596856,0.30973372398423654,3.8709072789428456,0.11389171600467593,0.20305452845510513,0.22010706050832052,0.9300113766991771,1.7008251304360522,1.1961815142321028,14.627173568983997,113.54125445839111,1656.8824956539759,13148.832297557909,112376.27608511962,162750.09394511534,160519.03882019984,144073.1618609162
0.13700411716887828,0.35222830003501543,5.316291690466728,0.18993546144396245,0.22002028407498778,0.3147900058713157,0.8871850522015216,1.4108060304008114,1.1182590784688031,8.152630018145167,64.88903258786132,962.5267983413744,7682.525761872621,57722.895395064115,79855.89023292996,79765.32594924423,74183.87312401626
0.10632161400659666,0.271101202519832,9.527627296915718,0.11692333609359773,0.18850522839919515,0.2874185138199226,0.9134586354148333,1.4185074653138403,1.158331272908902,4.570962526724123,37.34066047405322,554.422446430365,4407.715228301013,41479.06585068838,62915.10992660133,63549.89161194096,58946.93711888941
0.3225473531429364,0.2620010645400842,7.219036570958786,0.13299913388004048,0.22323346701923596,0.28146573391572355,0.9725992291633769,1.6772515673768986,0.9062663181126345,6.803179524069253,68.52394014243372,947.0894388507475,7639.131064226802,88319.80297187032,153453.02396465786,157178.83589298956,145095.83901394063
0.2737145011345309,0.3582809546076956,2.9670274806905397,0.13307633039289757,0.21973492432500874,0.2926864951893028,0.9611563594808672,1.7549453522490517,1.1754232672599532,20.6729528244232,163.04977765382864,2331.4496796432836,18543.724667268616,123913.21246060437,161764.2467264413,156118.97061428125,138244.34700836262
0.36773918463604405,0.2279980064777914,3.080996519467162,0.19933679676066757,0.1872872855622003,0.2892561940725906,0.9250634814373058,1.499553653436528,1.031549135039756,10.545358729068282,92.10273406405332,1331.8507525363482,10793.215916473408,110401.73695348433,174093.98737454062,177973.2271308625,168414.56081658654
0.11864580536742948,0.213581984356935,6.590001332614703,0.06749832281220478,0.20124039916095712,0.23312504619477764,0.8902079764387496,1.5008227244521957,1.0382282412051698,2.768702694613619,27.697675802653933,394.4602675585576,3118.6986617823336,36481.2093951831,66519.31750544826,69181.3665776084,64457.58707061943
0.4692952857338688,0.2367527329208028,8.491935151824825,0.061725094729232356,0.21648345758916496,0.274589260494508,0.8853063733613868,1.6075714159128747,0.9932902875038376,12.446701190715102,119.13872865630341,1700.1856859987129,13513.789948635831,152136.82894961868,265769.7140543318,272612.6197353551,250674.91926916983
0.4787619896121035,0.29070286855601096,6.3618323109678565,0.06281770742476774,0.24471270811009027,0.31511021467400246,0.964959981391105,1.681193865150944,1.1353508271105766,30.208250562012452,230.40773757256153,3353.3521500478078,26670.619489439483,211829.72793265057,295891.89832340734,289520.92241824913,258237.76518794545
0.2909166561662143,0.24522407278293867,8.156792599165714,0.05784576000673786,0.22018259877871432,0.3215295974973445,0.9835906243488006,1.6713829441717691,1.0988959321875622,12.872594629260742,104.65184436932465,1507.8691019171981,12013.62962820843,113717.19288948915,172734.99736348473,171408.50651428997,153520.20852515925
0.42649904286691476,0.3989224996597928,3.594449025419525,0.09013687625876424,0.18736189743246914,0.27216082507449624,0.868302174828677,1.4322705899088717,1.001953973940647,24.38417575461802,193.08286107738354,2861.370099657681,22636.53469968991,183300.8063700072,265825.25952014653,267180.7057984751,247708.86962651127
0.11381449457536652,0.20564454391046316,4.353940791350928,0.11338285448452459,0.23400339249532331,0.3449478027483627,0.9473500768381004,1.4715820707724456,0.8804636511244897,2.809188324191626,26.442123553345535,378.67858610103116,3047.877394675486,33442.07945002677,55625.87700549345,57188.199430569926,53898.59904202046
0.26282501414720266,0.20365111559259394,1.0672953639671028,0.12614114086770312,0.1972780468452762,0.3594326365181045,0.9255064061180647,1.6684083547024668,0.8785659167488498,6.758369146035838,59.66944068027104,851.3304129000362,6853.434513081297,71838.25586109093,117834.24193019191,120893.0231910771,113652.47448298348
0.3894011999650603,0.38490891099508817,6.011805051674152,0.12738186657828787,0.16373918499721923,0.23263604957825187,0.8559690053856213,1.4591895427674626,0.821902264668198,9.087014482224651,88.96536678654944,1279.5564892643335,10171.986536374425,117124.80141501408,208096.6508993501,216157.4268960303,203607.59584501974
0.3250428200003157,0.3059841045211319,7.413139285743185,0.11684301385590912,0.15118345506222858,0.3340818408345825,0.976000852556458,1.7173193179382547,0.909773630549835,8.533300397045288,79.9067001282292,1124.8932080665666,9033.672710754423,99199.41289991548,165505.49087908305,167462.3735824424,151923.83161979262
0.2086767412159365,0.2896721136331206,8.940784286567368,0.07704185270860447,0.1976241203658356,0.23007334805093105,0.9460677709390659,1.7320159153207626,0.821111470963023,2.38800272194163,33.31966150850321,440.6567375724055,3457.3784349767616,45944.31081623375,101379.23743848872,107588.31609231711,98887.85761047842
0.40069840274100443,0.22123095005217702,7.1811266221415275,0.057585197978992586,0.20254591076722311,0.3296265225076746,0.8499527082841635,1.5710773994219123,0.9073167283065514,9.836158733559573,96.61733249618938,1389.2180605482238,11027.071202675083,125775.01567205222,223374.57942693125,230752.70546958552,214212.24252164213
0.4740932759573755,0.34510525307907125,7.586498131432241,0.18305968761377978,0.15089927882068205,0.24237917043911694,0.9409364912185241,1.4682173983883922,0.9883352551102648,13.254777244451377,121.39929206555306,1742.2053679235792,13992.598143424619,151538.97473708828,248982.96958834954,254555.16730814215,237460.5044992717
0.2042688756809294,0.38904551129882453,6.620319702024409,0.17452801542489224,0.21620224836085894,0.27723774384088345,0.9161164130544514,1.6925939813015891,1.1786387252457204,13.347015491712218,102.11016865534505,1488.1188920759578,11903.658602827216,88309.10713044603,118896.94654545262,116171.10280536395,104370.22355534794
0.4081553893250266,0.2599767321572489,8.0697441825849,0.17347715308078543,0.21218688318867124,0.20619517578706073,0.9202727681483684,1.4502393343857787,1.0637581987409144,9.671192971409786,94.23918151118059,1335.3756128421032,10709.124450420974,122289.17624236648,210447.76002265332,216981.45680758826,203897.23023328526
0.46174342757814435,0.26730058846043153,8.044498387749304,0.13021409985215915,0.23237732075174783,0.2546506653889061,0.8549656969312284,1.6695905214485456,1.0906239341947208,16.473597178534078,138.1917227467217,1991.0051714493939,15952.202647457003,160638.02461701568,252816.50386338556,254750.27623558074,233375.7735356798
0.21866467943927406,0.3072580578503894,6.641841844003943,0.06835977811922136,0.1511404352516805,0.35394800409789995,0.9686287845168005,1.7192086729680496,1.1487770049707198,12.71757274253689,97.60933338735683,1420.7766104173966,11311.260408525743,93811.20477414917,133450.63276901143,130630.61895571508,116167.42197307799
0.2914506170181704,0.3033344742044557,1.9304483937661154,0.1690741786140355,0.20157500741436854,0.22933091333981162,0.8780343777395033,1.6759725024143906,1.078633986350638,12.909300871252416,101.96647375104746,1498.6298822979754,11935.544589727853,105241.85243532559,155600.55119879023,155792.3203673559,142658.5519970635
0.4053508613656496,0.32591402210260534,1.66172840387815,0.19913808642384212,0.18973505555174683,0.3790713457203341,0.8629840380398821,1.6648946315353819,1.000085762513557,21.44694788100336,169.59278633977465,2474.0391404205784,19968.290878920885,151689.8965714195,208879.8293631067,208149.05053594508,192305.7590143948
0.274330737283479,0.3397868207825996,9.299925938298829,0.11081477303504847,0.2398676938315472,0.39482147182120386,0.8498770730188205,1.5461134534049603,1.084664665767943,17.715599587974403,138.64703444042232,2038.5127464733519,16254.524286306021,121675.56390143714,167743.6202590442,166119.75595574148,152254.17842721645
0.4635220551935261,0.24568694719655632,7.493702082617366,0.13722061721506867,0.1761252402431837,0.2752615013559442,0.9760452422215151,1.4840281797281345,0.9492697426164474,8.986172297861437,96.58055087724686,1341.83105652349,10762.626233994919,128096.65882785372,228975.57465291955,236994.09012410455,221995.4821152566
0.13525332871927237,0.310815350668903,5.063064416249541,0.15362496188416502,0.1961429561557355,0.306037088699357,0.8564669710665925,1.5099825307437325,0.855313218844465,3.7328769073225057,34.26356120623666,498.37852029811967,4010.6150886643977,42180.823174548335,68360.89710030433,70056.3940704844,66073.6936174245
0.4197962561881541,0.2533146636694048,1.9107747927035654,0.17039531159596888,0.17590851340924393,0.23823199573666204,0.9050135496853874,1.763903019767517,1.0426903901330007,12.283064940279498,105.27264859859177,1507.1433716062884,12049.479476790963,123814.04816028362,200768.93829661055,204083.36889048037,188116.42061623317
0.469680239846889,0.34371285488040404,5.062239932810086,0.11910071542766255,0.19581289418576467,0.3580932731941136,0.8780784658081836,1.5021535814080342,0.8986154709300728,21.47815955123594,172.49976228392043,2561.3601066400306,20423.24256656488,180492.27234742563,265602.75714899215,267019.02994067635,247263.338690252
0.11625032153018938,0.21133961906124532,8.348364935805186,0.08611692196242397,0.2005700073635549,0.3777849536035112,0.8425986067498157,1.6868835739774297,1.0077161038635272,3.6570657773713955,32.02671441837803,460.05470125177817,3687.9656355730663,38750.435918689036,63143.97239904193,63981.12222951729,58695.462288021925
0.30587313898414203,0.29779997064908276,6.028604302107634,0.051275019424031815,0.1809721844959604,0.30882646458665647,0.9055769806342817,1.7125555087079987,1.1427202572361923,17.020942956593153,132.0495735826017,1929.392516964336,15315.664097412924,130352.46203072729,190225.88003751534,187980.77648184,168742.05956427034
0.28894562879874897,0.293551469755311,4.72072079072385,0.15286467079269525,0.21004845418896972,0.207849605290603,0.9087372274235326,1.4298536185605881,0.8509468960161406,5.4072042507194045,55.822576257426945,783.3444028542204,6232.600364329221,75623.6415213114,140301.39000616648,146939.36211938297,139892.82839577878
0.13736806706473412,0.36908707977593147,2.6337269476827725,0.16567901041214456,0.19335761064158175,0.3559609731746433,0.8685090122714274,1.6578423473865302,1.0176424195048768,8.482518435880337,67.17587456089247,975.9149789722239,7805.93895668358,56581.264516066534,76780.78553428788,75831.47705936308,69143.61540552514
0.11634299679414975,0.3667931592920416,1.8872366247523418,0.11615847639111856,0.17891703243393997,0.39098153662127777,0.920077241903331,1.527384517418701,0.985459304814621,7.97781923400989,64.11493468170252,933.2534388884593,7421.1940466034575,51318.97208590863,69188.81727236103,68318.52490817345,62380.80321548259
0.16062533117517278,0.3902574774327799,4.652087916094078,0.10816820630632891,0.19492113217372972,0.3333982512327551,0.9645667777145097,1.411873834543075,1.1470665554624948,12.095576809332824,98.2351136815183,1432.2373941596884,11358.842290039218,76404.39962303391,102157.02156615586,100889.90537460128,92385.25158676291
0.4540471380964938,0.2701545519572846,1.9069525482800394,0.1896342572588527,0.2310504106548497,0.39103079900954446,0.8937495476177343,1.4037474999393034,0.9668258014568623,20.070480236300664,168.2660160318486,2483.767775516859,20074.92223091134,163956.66997583315,233279.314043255,235622.69033772813,222903.69080597028
0.10511844678708511,0.33177009933134743,4.45041409923901,0.06418296346150032,0.1770091063564447,0.2367942890806699,0.8812179572256909,1.7321954432260722,1.058225728210408,4.533388242599468,36.82847243493657,533.8548185624314,4228.9106039622775,40241.84489178064,62764.48189422531,62727.818529582764,56593.134721129325
0.4774477758869651,0.20305983697601676,2.091654189907829,0.19346141701829805,0.22449712129560073,0.3706792557161447,0.9812808820114362,1.7178554511937958,0.8157001244883602,4.199547879087258,64.51448297924352,817.5619817465944,6871.960168714998,85485.93234790614,154995.28472523612,162228.4917166114,156976.54999478368
0.35077009981413954,0.21346708451993043,5.505358815605804,0.15995495691775363,0.2315374713924669,0.25487758949018713,0.9684265425456748,1.5099361868662726,1.078717862733505,9.759663564515373,87.85271347348434,1261.6726366063017,10181.674565323585,108452.49832467832,174958.18302856942,178361.0943684447,166394.21992324278
0.3748160575679994,0.3318124613807202,4.929833024779649,0.18719501156553447,0.23508209519969875,0.2845481352162863,0.9621197305620348,1.4669253681456444,1.1690613243413601,23.430949920573,183.10791158317136,2686.434941647204,21470.369811605255,159316.88532020804,215835.73426867602,213725.85544363147,196080.56718094068
0.35937814852643857,0.2576577247625452,7.441521641469994,0.16053040809923041,0.19477932299440198,0.25796283018112853,0.8998080336770575,1.7392397443144867,1.173063612534069,12.660239302283273,107.44269328893144,1531.1632093742344,12319.670801205164,122486.52503412038,189570.45589981857,189890.76801801304,172487.8901792408
0.3953569451397051,0.22293377166060993,1.8750512489246178,0.17340838100722614,0.2033835057645914,0.28406656561846894,0.9255550502973614,1.6531742618820682,1.094642739895714,14.779337433874677,120.55894101221901,1748.060288922572,14052.577265847814,129902.33878102426,194449.02804530738,195924.14076270207,181365.4998214324
0.344078944813248,0.2589239610940227,9.8366776285624,0.11091263149314563,0.19355651103697535,0.3008979817570985,0.879310957583571,1.6583388854663719,0.9214020278178293,7.427176850546616,73.74677055761047,1032.9180212899487,8279.372048845302,97508.11591309436,174903.0045636573,180210.85734540722,166808.27738129607
0.1804984028755881,0.3792093356056064,2.300987823318378,0.09443290916006958,0.17352164995114527,0.3969387492344696,0.922968513881778,1.4333634182569344,0.8615757795890495,10.41681432439153,83.27781342851424,1225.4013124481144,9726.404719317512,75865.73162604346,107188.72779198909,107160.91181967963,98969.42388104455
0.46272233741502256,0.3347546670618388,3.6309939129231665,0.14248184142924503,0.16583725812337244,0.3652583522329561,0.923928290005195,1.55702222667166,1.175526223839409,32.9339816472962,259.8171364255801,3795.817891057697,30203.617516857114,207689.08076309977,277015.9012172299,272292.01369076077,247483.00728625405
0.42211256356223126,0.29604917528296587,3.2108956394613295,0.06483417031269313,0.20551040964285888,0.2704381424801192,0.8940720489582388,1.7307635034209632,0.8923034930776655,14.415626661014539,123.31896131827153,1781.210742358997,14094.201755384978,144213.94805979423,236290.07894258888,238345.30024953603,215886.17065778121
0.2375953441872261,0.3722972763957437,1.947934253657811,0.18489570949076162,0.17528943311466152,0.32391452647773433,0.9681325034311486,1.6455741296638746,0.9508384693535832,11.856685613657996,94.09644832781638,1369.4898383257494,10998.19546780937,88371.50312419435,123003.97549028906,122091.90634695062,111424.73845248805
0.2327244235328248,0.35805126868885717,9.118535632783068,0.1897101643981013,0.22222363853500615,0.25776350413457166,0.8859369208068624,1.7603929224701904,0.9684151932545814,7.133181227591044,62.54849542026758,887.1358902126882,7193.5678364606365,74020.18608700184,116323.56435476425,117156.04733521999,107356.1633815262
0.22951273111908105,0.31153221507304074,5.610146249188386,0.0964018799199508,0.20170722745398317,0.3475203411844412,0.8865590871609207,1.5455055581603045,1.1668068623379337,15.573246691243188,120.57936442750265,1766.6056211873945,14041.516941449385,103651.5851664102,142597.46330500126,140952.8378164623,128580.39800881974
0.4582001900365613,0.29900551035006123,4.400831988673156,0.06366844805801843,0.17603185455825182,0.30424891975610363,0.8917473271972981,1.4659313320861622,0.9772948116924939,20.583059692068957,165.54866491593125,2456.4164773968528,19383.710918183537,180375.45914326716,278052.7081931841,281771.1479359164,260777.06448741906
0.26362181082276553,0.3927067900319009,1.966319477544257,0.08594948998374174,0.18008392358548905,0.20653842320787846,0.9747301380805123,1.6360732049558497,1.0001350986344577,13.096328220304434,102.01412668806243,1492.9222647740535,11745.667334797914,103980.03106868814,155685.70721675316,154840.58589539304,139413.60813153588
0.3699408062259809,0.22390306492241357,7.71577691129689,0.1220153943395234,0.2373682722241496,0.3905581870482069,0.8618171477456172,1.580765016855552,0.867957438722121,9.247152607802507,84.28688292605625,1208.2060649648747,9787.787302009128,107972.4931308929,179472.55620558796,184211.68041281114,173568.58960056616
0.1285636371252005,0.25709494433476293,1.2268204666602576,0.16918685653646787,0.2117600711625398,0.2252174061707486,0.8594037393458666,1.5367346509829019,1.0092936377268487,4.3559781539850455,36.497904373654826,534.8448832194989,4262.621753310036,41479.27406138737,65395.319209504414,66785.458960882,62735.36278542652
0.2262463112325134,0.3922944388836679,8.270987580160872,0.12757411121161744,0.16623346427786212,0.36535227647850477,0.9666046502598232,1.5581052877585748,0.9319584441580189,10.630379767550416,84.73844273159098,1245.43986073216,9953.020497433548,88489.45396567251,128157.86845425022,127461.41105200081,116027.70150642905
0.4136288260004425,0.24025883234797346,9.027200353145815,0.11255452273992694,0.21238761086026675,0.25681206732503775,0.920394218345346,1.5285310284790181,1.0805495459268042,12.251106745776704,110.38989669262737,1584.8662803956984,12685.556978178076,137388.3845573305,227456.7764976837,231870.68319764052,214154.5804799682
0.359570643783485,0.20763520756512277,7.483838153311454,0.18574057727707555,0.24967435510205652,0.2001142490933792,0.9536954468760306,1.6446137011970197,1.1364944856376484,6.777259408159882,71.83894972649476,982.7187505151072,7923.5521553905055,94022.51726626254,167280.43147684287,172413.68911590244,160829.38415486243
0.19472354440971085,0.28117995286509995,4.691198978083294,0.09867534783274251,0.1690692633326219,0.36770894833819073,0.8777004230572536,1.6695354006764043,1.00146599545191,8.957007184492118,70.36275302393223,1035.9019118813987,8252.995158334632,74171.64823615285,110085.34965552304,109782.70767521035,99876.76456469054
0.4518209833918557,0.3638655429056687,5.823276573853476,0.16628049723432714,0.23318831746960056,0.24788780096082144,0.9136286650836566,1.5883363777084458,0.9932386837533537,19.5462757567533,155.64026214609785,2285.6774141405904,18292.374056469707,166952.70979275813,246386.34132184382,246623.0864626486,226287.5994078869
0.1492278678660316,0.33142748646222053,8.480642283402112,0.19288005051647333,0.1532543885901788,0.36564020245221884,0.8771790583780833,1.4662296548636393,1.1010977533406474,7.212506678438577,57.693356578225014,856.1586966620055,6862.408791590469,58448.8147522095,83938.08122778276,84219.81767714389,78304.40364589817
0.3524465184031581,0.23965150819670722,4.750562558961102,0.17077600362654188,0.20764441736251707,0.32186434770269723,0.9777769293088409,1.667432054900558,0.9883121030264863,10.249172950885312,88.28840032691636,1250.3358335083108,10163.557560170584,104532.95985507139,163366.6922506364,165412.31961858363,153587.7950086225
0.41381953843696506,0.3506819851099263,7.548282059019075,0.19098563654414163,0.19864209105639957,0.31179965975939195,0.8553242331517608,1.7322701704233965,1.193001650091968,24.680648335677493,188.62403697928994,2753.0343961794656,22122.36635416789,170820.28267114545,234061.7791155657,230093.02315230813,208082.69468482884
0.49587077424311665,0.3670080819827239,1.856413271028456,0.0731206287249126,0.2159786947793768,0.24709846136498706,0.9040877221203141,1.6617783905964352,1.0562642175750194,32.33364887823924,249.70122096539743,3647.226692254407,28851.450637520287,218646.8318759148,306664.43160815124,302026.4111219156,272093.88615806785
0.16070218785355053,0.33232615008739863,8.649131654260458,0.09042939596036204,0.1666622599680012,0.37116345205527357,0.8723928383623404,1.716504081751307,0.9821087972911492,7.132448953221849,57.19661541759605,833.20561917243,6659.132717378672,61854.77527945199,92941.57928329422,92388.11855279264,83515.98669149417
0.2745509614136693,0.37783197994723755,5.257268905020785,0.13841616345100874,0.20282457099599419,0.35623040786810845,0.9588880469085537,1.6611781110657153,1.1909229433957988,22.066789173268013,174.1070897864044,2525.975869546366,20088.109102201022,128951.82279742564,166278.5297794612,160994.47632375988,143744.24748413774
0.37123204435265433,0.2597197257142257,6.723148871768836,0.14778296569260804,0.2407629697847235,0.3628779857362321,0.9062642697648773,1.5683772942370378,1.048680145606191,17.059488471448866,135.92613910014776,2000.1250653371176,16071.354252984955,139656.46947280012,200262.51800196467,200136.02122856263,184458.06810913704
0.3260415922935429,0.20736243061841253,1.4638954083190572,0.08359116374739703,0.22729922876703257,0.3758133442493905,0.9335924126387191,1.5905766708647966,1.1247439059129074,20.513587119270834,159.76309397668922,2333.925327082118,18525.27622966682,138051.48118000125,190662.46736889327,188300.41999156633,170869.32854931272
0.3173298406632548,0.22949885590594474,9.026330654426639,0.187325703783291,0.187019333722161,0.308571047926541,0.9579268743243831,1.5200284856539592,0.8881174116046157,3.674102014570484,50.19848682698044,658.0630003616359,5349.3643668652785,68714.47994704547,131406.48010116868,137935.8720464578,132353.6721449482
0.27258636151698623,0.3592732688228346,1.8856791922987042,0.18455550590870518,0.1580257087817219,0.29168637322666335,0.9111753539471394,1.610020779896692,1.0082364377173894,13.321483571924565,106.0947906513331,1557.1823441429838,12437.115661151114,102509.20753451258,146041.3203630362,145744.29654062123,133790.74217019387
0.425928795887326,0.387364791918547,3.090009255396417,0.17320815152912306,0.2190206248902738,0.3549059847881001,0.845982216857295,1.7221563316445907,0.891529521604701,21.216833702414963,164.7267322949659,2407.193140523453,19443.106404893068,157428.84872912522,221302.83381803555,220408.42003475886,202483.7508094332
0.32571765449305623,0.2845869498356021,1.9171853103125571,0.17799318711262718,0.2428192684513814,0.34353727542808465,0.9392922164352332,1.6937064453286417,1.0611726735448168,18.315254627991134,144.31485151010094,2087.588216648394,16813.6522395802,125021.37518580568,168669.12649227452,166593.8751271074,151757.36412574854
0.16682093117161795,0.39540965281700863,7.023324937451708,0.06368956689053788,0.2421417977349421,0.2037280019365956,0.8492332967364883,1.7417073924835258,1.028565796649706,7.276749036217716,58.85033351204471,855.1827118366483,6797.913495985697,64958.026400116665,101232.40324100967,101200.36158887488,91466.10767032694
0.25099799331215666,0.21201808615214635,5.4750926530765724,0.10537025157306922,0.15527764489414078,0.2989685870025369,0.970468163169394,1.6865329845550985,1.01275390420686,5.417961527618376,54.07823969666491,751.8576174781684,5991.386861190094,69771.34836548162,124863.18616198908,128200.92079788071,117328.333574718
0.37362352170100344,0.2226360746644884,4.1264262187754195,0.19728347826701093,0.20477363591020456,0.37520777985037007,0.8993985265792136,1.7304276836488075,0.9442564538299381,8.165518403952388,79.60961269397524,1095.3196206500897,9050.563350467024,96551.10164572211,154458.66109053328,158061.31463752224,149885.40070705969
0.4847264114373143,0.22668326916040812,3.136939909904307,0.1857893585562173,0.228833233514967,0.20698285910265307,0.968170323257039,1.6083922542426796,1.0611021588539868,11.289758001522374,107.00254260017063,1516.4168016264473,12190.415304595654,134348.51177041687,225389.8163876722,231101.15051501265,216050.11936072493
0.4131173124324423,0.333256130476974,1.2551551401534498,0.09022957718327577,0.1608960909565509,0.2288325168410324,0.9053197521963997,1.662900285269685,1.0720471528987896,21.616856359687045,167.42867048399117,2458.0553321659236,19352.778015592652,164711.06456088563,244074.7571795672,242917.4396338953,219817.67805153047
0.49703977668027677,0.39230768282854317,2.911197184536043,0.19361127844025228,0.19684727937272387,0.34700353963110575,0.988410769834773,1.6562084957981096,0.9071122238812035,24.44681526245812,192.09486591267276,2781.3159568489305,22464.01348405877,181543.25463538643,250393.360251866,248298.33956143618,226854.62372677092
0.39613154328504985,0.28574167480234225,8.717171237944086,0.07499726828218518,0.15244517207926878,0.2321165791640525,0.9540083401472357,1.500717481071397,0.8504515192381863,4.88869238664274,66.73509534347944,899.9816027860924,7044.57017502574,93557.41276909673,203528.19246536065,217591.36052604168,203774.6714469636
0.35975240046850876,0.31647786822359963,7.955597550629155,0.08307370363086533,0.1798495507992929,0.36882270134099415,0.8452928592947755,1.5059215717090986,0.9219855633532554,14.707629076664542,121.39040947029714,1797.204466316462,14295.056671555694,136904.19743863476,211769.90411611125,214387.57149096354,198715.69669066247
0.46579882212166257,0.2778402168723576,9.304709612307473,0.0688872584309304,0.22211425764709414,0.3746585659718361,0.9714978000140049,1.429169957112306,1.0116915074391586,23.077462315384114,183.42819911005034,2714.695539831797,21578.556053801745,192480.8980977185,283519.0621260859,284224.9314625586,261080.51524156204
0.36079312395868046,0.32115160861453657,2.879719017583806,0.07419307972527978,0.23406194247056666,0.39216992001802836,0.902693571125416,1.4956434683597362,1.1374746884277287,29.387014858527078,242.0421405620503,3517.0023176444492,27856.121391921788,175309.3462352473,232513.23503444708,228964.3360670664,209028.24995181264
0.4209362715104795,0.3403334181160287,9.946120188968546,0.15324116431527834,0.17247874591304657,0.35981788780129187,0.8853926684729461,1.6640574859439416,0.9277127501463988,14.526576676509183,122.1063610363529,1752.3131758686886,14158.614144543357,141991.10991200185,219487.5251682332,221055.3187069417,203264.72036936966
0.2855321812028429,0.20902129347731857,6.851264113002834,0.07489544429283904,0.17948012612290637,0.3203509502993744,0.8450585096823027,1.6336529233564334,1.1195054782366531,10.122848689572535,85.96733146625586,1251.1840980311654,9962.869239079733,101654.01813893043,164167.2986231426,166285.31891231413,152574.90701969207
0.4938719203662352,0.3343488917700258,9.920734968138943,0.125720999607301,0.24108680538434732,0.26538082132650614,0.8648254028316265,1.620041226167492,0.9699793230842695,17.81931373922687,148.25048457921463,2143.060600374133,17191.182929919127,173967.27827368086,273750.51495508006,276186.4639025486,253697.8915538545
0.26316522456432734,0.31036429920093533,7.80802027367656,0.09597205138793174,0.24226362601883786,0.398911626945772,0.931390620712133,1.6395317166854155,1.0326931080917,16.285959746162845,123.22531108880577,1811.7569243648265,14475.631829143404,113201.63944941727,155691.69661717807,152815.04578102808,137714.1464734214
0.13166796811415749,0.343941592131409,7.175416611399964,0.16498484611663441,0.18381794814474461,0.21669046964238756,0.9660921279901097,1.468774530732335,0.9746798684130591,3.7107386558824222,33.6743624201814,482.3842076256834,3865.035659896845,42149.99086001216,69695.70204319377,71213.94958248416,66164.04198037478
0.2860305800813131,0.302647720385891,1.4586918997925806,0.17340434651412195,0.19278801557711137,0.38620610388050497,0.967649287514001,1.6117923559035308,1.0047942307925979,15.878254461493825,126.62811662298832,1838.232065417629,14780.652472206937,110004.91915610016,148895.41100013608,147496.81532542675,135013.70904911088
0.4436899622392726,0.34907533448742845,7.738493564903324,0.09788690417259979,0.21781050489838824,0.24107627681823682,0.8775800967849552,1.467719492730549,1.1984043534695286,25.30729603076111,198.93406344872878,2938.1153440590947,23309.97095433178,192999.8310664032,279334.9248005995,279774.02928475867,257958.3436531811
0.2863096946678433,0.2646317259186005,9.164367024308406,0.07954462566671833,0.18919394075424778,0.344176123116848,0.8482163981577986,1.4884240572456169,1.0775304338111469,12.514560488036771,101.72256199567467,1516.1377182631818,12041.011574949418,112859.30021067796,172874.3397742776,174787.96254722038,161956.94043205798
0.3552885558007496,0.29731544509107616,1.6776738734683532,0.17777431307317054,0.22631338965771425,0.30030630177210477,0.9563446162276901,1.491640254310043,1.1177857481561562,21.636233382978777,173.37686205343493,2528.4418025837563,20220.837870912605,146139.9852249842,197894.493243713,196357.65101854576,180540.04971980982
0.33950540389463346,0.23364808117134434,5.230513056134447,0.1653946275217316,0.2144456724190899,0.3396718037516816,0.8868655336571701,1.5132615712409156,1.049146228136394,12.813367378215773,105.08180119804304,1542.1139031551575,12436.249103131828,116939.39192659144,175317.68790070538,177358.36520542693,165998.95698167387
0.331928841769765,0.26887462881927926,2.692522366843722,0.1341899575317292,0.1680287408747253,0.22524121146545936,0.9038651480480163,1.6640179963675812,0.9973599296014594,8.967307713471001,80.34826878149931,1159.553324995742,9215.308886430434,99671.77419383008,169012.70254876371,172940.65145274383,159428.19977250206
0.4414275395070121,0.3909012477086582,4.72705876258701,0.11990060406839749,0.17152199889578362,0.23512412771176086,0.9643160487683768,1.575763015035919,1.1352711002214009,25.178251412435568,194.78972945592363,2864.377722053272,22730.909527309588,187131.12344191302,266101.80765127426,263100.1282293472,237851.5124195733
0.27920060682035686,0.2662709929754983,7.716156278066191,0.06675484340981747,0.20859365728135412,0.2078152676752285,0.8878553783278404,1.4646155888338348,1.1156273213765027,9.083954609920955,80.74069449149053,1175.5890224494258,9329.572212980653,99529.14431272686,167160.32657651184,171903.26601662888,159863.4802837876
0.44349812180845427,0.32565814452614095,9.971316188105845,0.1412478712918089,0.206821714671069,0.3322805390622514,0.9376846222385873,1.6937291762582034,0.8654861482376325,11.68289510187846,107.87272819792376,1523.7520425891223,12335.962967258254,134214.98968853083,219071.6582324936,222040.46697315254,204062.34236407792
0.2727630763551068,0.22850306658268485,8.560864675137786,0.1422060642590337,0.24402719502339718,0.3198999367847427,0.8511189116251437,1.5885891441478905,1.0553425461958585,9.27844882367451,77.91204058402144,1132.9377716031586,9138.403001785775,91913.70948685255,143296.57172468927,145197.8580881949,135037.07529604
0.4841845588901261,0.2798726283081082,3.2348033983277085,0.09879577677142373,0.22790850596966677,0.3203493141871228,0.8970450143778982,1.6106280819940315,1.1428773772030083,31.81065437572831,246.33701411040425,3595.820745444348,28563.70785614236,211944.06902567687,291351.28463955433,287051.04476555344,260317.7315227697
0.2569943324943059,0.23181742306524533,8.186860991767585,0.19777191518092646,0.19797617156832195,0.23667434284203318,0.9682182150641119,1.6018916718163265,0.8952461972064057,2.075948819022505,33.06525146743066,423.53969127656916,3382.12428290247,46152.47107841033,99154.71981396934,105837.9833097344,101856.97085864191
0.13638807535465858,0.2792512627088275,7.1111317082089345,0.08013119824580109,0.21820813567901645,0.3735746301854385,0.9369227032270551,1.5725315693172186,0.9150798785457984,5.655473388179287,45.54981921518426,665.399495587146,5309.5958977398805,50859.34778585999,77459.18135523541,77678.82060040298,70924.39814739597
0.2830530588195539,0.32946591422249666,2.861483064861762,0.06447023715838678,0.16585590864398037,0.3331911245661721,0.9673157843634113,1.587622644390819,0.9191408925862596,14.099750324284322,110.54966402905085,1625.0152785904224,12827.813117778409,112980.04180319105,167801.05239444107,167265.6302539736,151465.46274305834
0.3435647802152584,0.3517256425640991,8.364623989263102,0.11895021433583401,0.15805448578995598,0.236394154888725,0.8649865882422811,1.6320312235743866,0.8908340446003113,7.308151964940078,73.62115112360522,1033.486781354216,8220.9925667043,97896.3496463548,180152.11315262096,186550.06100099933,172816.42456445436
0.1820339273981084,0.2956664887363776,7.59898105777287,0.13673295043780306,0.17480155764746136,0.3883588496365872,0.9004151987871991,1.6461691425661042,0.9525773735727794,6.992728954879958,56.554512330179854,820.0281751737851,6601.021766344336,63473.531713377706,95888.26960019258,96270.27192658055,88382.14690244068
0.3731250393613903,0.2696677927759466,6.938083634115552,0.1254886381884816,0.16907223128696633,0.311983469223743,0.9108881679772962,1.6858907491355049,1.1971173351364344,18.134410481769855,141.54217156269678,2073.3508538076703,16562.962508646,146396.06504527706,213117.81901462554,210988.8090837713,190517.65506409568
0.15401574064465506,0.2795153037096069,2.3800087950757676,0.16635440177657107,0.2040180448267214,0.38879251918845303,0.851879614506837,1.4514668505607438,1.08264184894009,8.777875578999062,71.16299760738139,1050.8983230586546,8414.374766045741,62438.02428010015,86823.71601528247,86985.68509899764,81192.48074482377
0.11007129715971727,0.24462869624204375,7.073790119716761,0.1678525188747235,0.24748512934893335,0.29718291222008913,0.9580865702030907,1.6135979963738354,1.102190624072775,4.3567562285641435,34.77007606900568,502.5533128547477,4064.186710807199,38307.12491395409,56635.54392129553,56702.83160082557,52061.45866349313
0.35676555258277276,0.2088700777615572,2.7798020993757984,0.07103934110372365,0.16520231269911329,0.37192690641855125,0.9481214752955517,1.7530441844988986,0.882648964661407,8.949840868806083,83.44645904868928,1180.1301796774533,9360.076597932055,103470.10293209157,179782.54616051796,183601.85472777122,166931.42322669787
0.4037858386223283,0.2281263158326502,7.47538868836657,0.08205442063727275,0.2085214953805645,0.3464919791719743,0.9608394511493553,1.6435340746779463,1.1682058807776328,20.113824357877903,156.74286549157105,2294.679309671631,18282.650915999206,162322.78465913355,236727.6262770457,234109.45868589944,210660.85285229777
0.4064996076489148,0.3714713114293368,5.296837562300692,0.09480697052184378,0.17568733717601967,0.23047166122558732,0.9689010564177045,1.5236650470048634,1.0608417434604371,18.935556593509595,152.52426654945447,2248.424043179035,17800.791373953463,162552.28557698315,244082.5351434798,244328.24132051057,222584.4577693855
0.2635498795165876,0.3817952415446873,4.9215491382795635,0.17289099583029777,0.24538449472808943,0.22370613441611958,0.9725059820805955,1.5837712867984073,1.0509085696645262,13.281990624558109,103.64210493588843,1521.1841390550223,12144.316572762144,103281.81172093215,146773.0454364626,145527.45964605713,132201.2233163107
0.18601568492185977,0.27965714996681545,9.406022734861486,0.11342723886679729,0.19607403871823642,0.24066870515734223,0.9823632230954713,1.7383225595617802,0.9939089514522146,3.9818833741037674,40.44491603256342,554.3082176252376,4432.1701059329735,52452.03074037477,94712.52698401565,96680.82118764208,87487.37873229464
0.2927691721460438,0.22427086583156414,7.849157139801419,0.1395156998469833,0.1937203228872911,0.3675561321709103,0.9635183550074328,1.4485287519222736,0.8094534874726098,4.086074914637601,50.83287409881955,679.9176103938775,5505.112236921681,68942.47636703434,128421.48498522704,134427.9231402125,128764.64958553386
0.3102038531568371,0.398548176272875,4.931174515160084,0.12322141926539172,0.19068841111004758,0.2963044655711209,0.8904602612983556,1.6789959209771173,1.1123327152936726,20.783925970834645,159.79818233034888,2327.4099231158084,18524.88166087541,137276.967940638,187315.87758109526,183449.7054067322,165151.48408253267
0.21876745299204253,0.24010902196095246,5.445559947171231,0.06558491703873306,0.18132389940702362,0.3687046563463241,0.9636868952040004,1.565660583152043,0.8135577264247411,5.0462227896359355,50.236424152854234,706.5202783193581,5613.785407713061,64760.808163887494,114996.22110867298,118456.6340252266,109192.2009558339
0.2713087477548578,0.326198076883611,3.5766770084043005,0.06225849832424872,0.2005297769512526,0.3576420939699664,0.9486968535875687,1.53491220951987,1.1105947025530383,20.186866648524045,160.0338813197829,2329.330642940729,18434.420160392554,128312.38760856549,173702.6911975264,170970.32939668492,154888.1053409737
0.23780508172265333,0.2561957809914083,4.838095854442145,0.18931737676598803,0.22540702966569945,0.3370634786637838,0.9478967132812098,1.632261151903684,0.895127897987178,5.602747176656143,52.473729271653816,734.6962411994581,6028.812087667228,64533.701264852774,103062.6410335836,105295.84269870182,99504.32029384021
0.34120092211502584,0.28345747111793623,4.594252484423848,0.1545785055755244,0.17261471695817682,0.3485735596045713,0.8515432794628145,1.467019985670622,0.9134680098556197,11.407410235845905,96.45003634307832,1417.428141654034,11377.72034531261,113041.41783693401,177065.5001296391,180808.58532320117,170637.96803632166
0.29946039105905475,0.38328769524198,6.0008510509206365,0.14173200844692616,0.19452761954063197,0.24523305756693548,0.9331667664852606,1.530667716697658,0.9026974836185457,10.294108658460965,87.00268858338941,1261.2970863444568,10096.692919305886,102723.60674071948,162399.750685607,164520.86118183177,151827.98330783471
0.2741517467874367,0.3769804669913878,8.27747730896316,0.11997346861018568,0.1545614095040781,0.23171196320341078,0.9524736064750913,1.714746649492324,1.0794093293305784,10.063867543351316,85.18608663834293,1220.0286368416055,9756.095281169804,98446.14254993349,155319.715488988,154941.66839623483,139141.1872018918
0.1762370395197663,0.25070259962471403,9.74403855795181,0.1707898725883678,0.21763489871111186,0.3208741320119468,0.8592829676378252,1.4248261094403176,1.1401464447782805,7.149673512671236,58.94526182515345,876.7603502148178,7017.886997470305,65250.42760772566,97834.73246662799,99032.79313371479,92859.23986986422
0.2778279334448415,0.3190635024761182,3.539566964611191,0.11543208704583291,0.2047743600370202,0.35341385251776974,0.8535342652667084,1.4013678920785855,0.883206659097847,12.542799509252362,100.90345569421409,1509.287782299728,12000.01796468398,105916.93484437956,158093.9085555952,160224.3267414257,150314.5924977409
0.2683601676916345,0.3934323859489266,2.217777017025062,0.1068562121424195,0.24027806138421448,0.35862421712864323,0.9325501860937517,1.762701096467278,1.1530323632108395,25.35074611238787,208.23741141534376,2990.5209373567372,23667.589044733028,132335.69990747172,166289.29698253464,159322.4783988979,140813.4711318459
0.2896800925725454,0.3447235441699251,1.4739958628422254,0.13447447907368154,0.19470582578268256,0.2747210251196192,0.9702383885861876,1.5088803522982208,0.8904465412679583,12.53188138399076,101.94503507599124,1500.4197983168524,11912.099250315301,105389.6514722155,155913.01026156146,156741.83041666282,144436.84888503322
0.38535463373152923,0.2141242940877027,8.43689468855662,0.12187854740067242,0.19798786496286896,0.3262755215540565,0.9767993205584404,1.5454675248646328,0.904541248290325,6.571503949641598,73.58355080453948,998.8686003455229,8035.202693835587,98389.4045121749,180911.2728809766,187856.88563309875,176326.5939767834
0.24320929826193602,0.3011114405719095,7.334903924473929,0.15210610429381516,0.15692199845834923,0.35165964797974913,0.9040755307243395,1.6532069935109317,0.9057382857922861,6.6577977910842385,59.75646378063312,853.551505662216,6899.006530728437,73912.91739497031,120176.87371737645,122284.53603842678,113403.15384376909
0.23878963003137,0.3440746336750649,5.494321009579336,0.10350596077464416,0.20262452245523765,0.26156966473921306,0.8897567249619273,1.5307484746758857,1.0950228459397782,12.923595652231585,100.58115156869457,1489.9962771751543,11828.30484658101,99906.04907906361,144939.8826773286,144675.31331326725,132568.70108469282
0.47927939807032893,0.29370215991017423,9.87044271310407,0.12605766298618698,0.17428307130946402,0.3889580547448777,0.8591818401315202,1.7031973387396322,0.9050593411015088,14.131059394323636,125.13623067910946,1792.5582222857238,14475.323833692804,152861.99295616426,246607.4409781073,249880.62020137603,230107.955805602
0.2901781422471408,0.3571216176870336,5.58315523040234,0.09944489435363271,0.22441931646410956,0.2598393700106574,0.8968678260513641,1.6982256478841766,1.1426278285132314,18.048807680318447,137.15010280599847,2005.813742423846,15962.477503632399,126181.32409400395,176573.8946486916,173239.11047408363,155579.66740389616
0.4395935560840637,0.3212836477052437,5.957594123568931,0.09294255595638393,0.22266143515585846,0.3206330965033714,0.8421990432224555,1.6132730841560226,0.9784633612059603,21.2267829900743,168.49252185708607,2491.523244700199,19814.66927891026,174791.43161693623,258325.15520828735,258160.92382502306,236381.63292490877
0.3624061331895182,0.20179887408861844,4.303177350024568,0.06855643367286374,0.23969922028786037,0.21262606056671401,0.9314222576103016,1.5136371724415774,1.1075962377545518,10.831543771909672,98.28080932980504,1424.7383319078126,11279.751752104956,121807.41030976994,206735.8861402315,211966.72486668127,195640.10799645667
0.1931721563949742,0.373270793419143,6.061515491476053,0.059815398649748684,0.24758530877442075,0.3466579830739528,0.9720627813948629,1.4346734674067392,0.9885453927234044,12.960039095368597,102.22393378768326,1502.5496563504064,11908.637502296566,89342.27908930487,123707.4655114831,122785.71632289959,112253.06220886487
0.25931248311656485,0.25765811710229014,9.027830033364513,0.15131366025670223,0.18695185573083836,0.2893978256188727,0.9806091238015304,1.5632062382651404,0.9581865293231709,5.457790457776695,55.29940352954128,769.9324781821358,6215.224712181322,72427.67227386491,125658.64304238801,129074.07943512923,120159.95988595753
0.3695598301537918,0.226438625222865,5.518832772779084,0.11325902323799944,0.20143081558049494,0.26230334379876985,0.8952719879793433,1.5105320357604697,1.1532754041822832,14.329105900878238,118.03269293582224,1732.1799372884577,13778.529908172963,134631.76802983126,209580.80324429405,212104.53360569951,196035.90078383594
0.23882238642135045,0.22990734469828963,1.9209123936019235,0.1992012695721414,0.15760629800961953,0.371346761959863,0.9491264782361155,1.5262892294663803,0.9243851850567023,5.7660433138472165,52.8053817980023,748.8461196688083,6132.658636592145,64421.38686277372,102850.10423743451,105638.12550786379,100776.60076560662
0.4969849677706245,0.235553164350035,9.76318084647699,0.1568697083545251,0.20702316048025182,0.3815497886706412,0.9373691349132115,1.739311826543654,1.0274630243297418,15.38908982852061,131.90011195053754,1856.3925969230627,15142.440633718277,154998.0652377676,239971.55648333512,241484.66086193846,221806.69860729537
0.33343889877634936,0.33376327783865833,3.8687927445042,0.1011691933608787,0.17020278839555775,0.27577907022635895,0.9517096715758567,1.5366984076939025,0.8756618300052594,11.147901603994546,95.24348148916145,1382.5193624110927,11003.083628526814,113115.21375925928,182601.2815470624,185478.47265110866,170619.75632111006
0.39364359114965797,0.36670547696874123,3.584863447908625,0.06600319100117395,0.1788352513447857,0.28337811526669654,0.9877354743636522,1.4162893393082776,0.9392125350255374,20.173900761512797,159.6069994573276,2360.328723684772,18629.466766874637,162809.0850735571,241712.51438391986,243132.3542261316,223450.92982664108
0.13551814071118484,0.38594295401777123,6.833175499922446,0.051784864873732864,0.1698285227167975,0.382296470699556,0.8674694305199858,1.5851297623303042,0.8000595571138761,5.582911028887725,45.4538965467395,666.0570979126184,5285.028060362726,51548.002749313695,81152.55006605462,82032.53969257636,75276.23820963131
0.355035427536175,0.30047895172536265,3.3846763957050987,0.15355695748264325,0.20620087282544025,0.24916395972824867,0.8597922778375936,1.4487698308662758,1.0546031894720747,15.582284792597648,125.69391076564708,1877.7449815406985,14922.156752181587,133701.2932122579,200239.67274307998,202583.8347031672,189180.23374196977
0.47815469146260403,0.3765856000997072,8.981827185428084,0.18921699992947494,0.15867431185165784,0.2168992556787594,0.8759065997940316,1.4584564030025366,0.9569235069389309,11.7804357984247,114.02775197236586,1624.4126608603765,13020.729003497097,147184.33570574413,252369.550945087,260277.59227005643,244781.40531571477
0.3371639787757484,0.21832865729729245,2.7259253847481353,0.13759596452699513,0.1783558357059047,0.2569984776054451,0.862091172655591,1.5075327787125115,1.0787633804451082,10.69747240968112,93.67475486327555,1367.3851190032424,10881.205659286152,110663.50612110169,178583.90702312635,182738.914248774,171105.87449250818
0.3553954339485418,0.2729539982825492,1.8397791791907565,0.08071016684988924,0.21279562400123844,0.25857405817810825,0.9726859460563342,1.625090377099317,0.9123462746053219,12.822965789027904,107.40031296432078,1555.0876322056924,12297.144446865641,121699.69015391599,194061.6478237786,195796.28887495553,177945.28509001053
0.30614016363991664,0.30119322107710567,3.2570436466209474,0.08517193656217897,0.246848047936262,0.35608012668353184,0.9854391650775575,1.5548385807880671,1.0281532466375682,20.649040765651833,161.40048630397717,2349.374494458454,18640.945593654826,135977.78023583884,184168.5335563972,180833.50052521823,163224.0452713406
0.33638623873276774,0.27970265176689124,3.956281250231455,0.0601156832925025,0.2464310870926583,0.3139817397105892,0.9022106684883995,1.574212296734512,0.9730947630270047,17.224414034932018,135.10824330643436,1992.3408763508269,15768.384952988758,137317.6631256619,203000.0902802383,202811.01421907483,185032.68657837264
0.3207791287569174,0.2289819079378502,4.923023802332946,0.05459249454329504,0.15055585464883556,0.29925106496831033,0.919807465947086,1.5248593945453133,1.190613490047021,14.366707038778234,116.47397459995457,1716.807095635964,13558.356637627418,127072.70321460548,196462.11317014805,198464.75727476395,182057.070920103
0.34528413731237595,0.28608827088434874,9.260336501010354,0.05315928396919344,0.22018224848508278,0.27453393349004807,0.9612159443888119,1.5940671839461202,1.0824258410448113,14.735936279817759,120.38221762135035,1747.021947218016,13901.767621891671,135032.4034580845,209895.22093987095,210642.77142344989,190905.8054627674
0.1817315333892413,0.29001561350655175,7.418988397065185,0.08816536545608325,0.2200164486030201,0.30897765514423703,0.8922839097712026,1.7540459186062982,1.0047327548116858,7.470442989205767,60.27734075679019,866.5142982097418,6935.221633253138,66893.39668438552,102671.81112233685,102142.06211053897,91967.53080238233
0.39109273680111545,0.2714262906271536,3.905597028354359,0.15429916722549597,0.2386287997594823,0.24302704928121224,0.9087193617986129,1.7638425950823167,1.1216742039835237,16.936655541696826,133.59774298797535,1931.270158028223,15477.137056523803,140261.18490810724,206896.21839226925,205658.63152297682,185928.35801663445
0.18885490077125955,0.3217287406057332,5.769737578758505,0.13757855380631234,0.16381383013934184,0.3328455169709652,0.8478038608562227,1.4355201707909735,1.1518860527310426,10.746526249592788,84.77720983807308,1256.945237816133,10001.710618783078,79887.84550093186,114150.50019208819,114476.83693754608,106398.69519119109
0.2015262959288779,0.32920841671903384,9.30852360645085,0.0903612759925132,0.18879900916960368,0.3823444178294816,0.9861109417022109,1.4977926773291161,1.1360116188142217,13.258252444615495,102.43944436572968,1500.497746313735,11941.24493285074,91348.60870564298,125358.22387638463,123563.52134816379,112015.65581953098
0.3429002055734639,0.32521168051543997,9.661612559625429,0.10130336622197214,0.21708893911957058,0.30962589427955833,0.9149330770978135,1.658251319180666,0.9138928242674941,11.587328323765217,98.94624318965518,1423.3024683267147,11426.613772618597,118183.1317343836,188383.6600794751,189610.9320358278,172640.55876530794
0.17969066003953063,0.3839230066789974,8.957740535124746,0.07804282324281635,0.20115536446754578,0.3341431601683087,0.8805667210757042,1.4364855021422547,0.8765671597086759,7.709105468144213,63.38239433013966,944.9460219331331,7492.871510897052,70728.53479177065,108511.70740252009,109895.96760520534,102047.33216643843
0.29693375621559825,0.35694909927539115,7.770260769394129,0.19100652140723162,0.17886325725699137,0.36047026783075864,0.8693771528809968,1.6826441313895235,0.9825042563585382,12.79238131177792,101.1664155406437,1474.1753668132076,11926.45702554535,106694.98958485572,154716.85613242406,154610.93255008306,142153.63167629053
0.2909069910009022,0.34733397557344003,6.186305132097049,0.16637256764133812,0.23597270451476454,0.3711515944852838,0.9821075516789534,1.5380357803553109,0.9969280736339878,16.370889826952713,128.90443871716994,1887.9134693342205,15179.339702323025,117639.54326466571,159683.69594212307,157891.97124172427,144225.0328277287
0.21054814516469988,0.39206823770554355,8.123511203269345,0.07774358076162158,0.23773103314706537,0.30298077346326685,0.8783558685535653,1.7447878384522126,1.084701106785813,13.719510843225397,104.44591794835642,1521.5239883502657,12129.436544153643,94205.01175630826,130895.31125520192,127918.72542675983,114398.80889968613
0.22951640764852888,0.3122072844727286,7.300041377379587,0.12049938541150268,0.19816999806155636,0.33121973232334084,0.9461587178951226,1.6638472282463712,1.0278431011557472,10.742828367358488,84.52123641662871,1230.1516974100923,9842.253872344116,88219.81815467092,128417.15412084795,127230.96253031405,114890.99591259344
0.24994297313056843,0.2516774980959289,1.557276257770043,0.12912796989246755,0.16690656417914032,0.3726169034732485,0.8820654967920276,1.55397939991022,0.8218083945286949,6.864563784403959,60.97347832029399,880.2681392748991,7071.117611348075,73289.89660884356,119431.07158038895,122742.1692452597,116004.01662727771
0.31946158651467915,0.38440228096063056,3.9109905938667535,0.17163918407999013,0.17844781292908346,0.27495137555013954,0.9450273054974219,1.651522562313138,1.0237319744910434,16.01372655313013,126.53281160065042,1843.800691135243,14738.664041125796,123558.00025463337,175120.53673666122,173442.59352313846,157223.42677170364
0.1589115804085231,0.3681592406314138,8.545668651360995,0.15507519475168646,0.24967974626553813,0.38404664139566935,0.9846247767379178,1.4595901657160646,1.0337372702498238,10.219327759627477,79.55101267176867,1169.168115059237,9350.39251175618,68854.07218496357,92291.5548478844,91097.07731606388,83324.0983045223
0.3877826541593573,0.22813961353153203,6.359686607335507,0.16334451466817146,0.16637453029210736,0.3846668546886345,0.8531114262460712,1.4770042293599237,0.8551271059510144,7.117578700118326,73.4555004723703,1028.8642736146594,8351.025504780886,98764.68800316684,174534.34128229276,181893.7088295002,174963.90194887886
0.1458880829469568,0.25095849167121076,9.121541104586072,0.0990970546842016,0.21993599699030172,0.26513779891845446,0.8523645540376656,1.717549285691968,0.8807234448765682,2.4092852798102524,27.18957001916298,372.54228336152926,2956.9132051227743,36869.84912946016,71883.64511148648,75051.82251958262,69650.32931469455
0.48910868221076187,0.3690654914825321,5.229019309275391,0.1368512987429667,0.21890672827053337,0.3726065199982352,0.890518045144224,1.5472075871973408,1.1761660626221748,37.99470098824212,308.0402274228711,4474.594889694433,35627.2645589008,229272.88820948804,301640.17259089445,296050.05679211597,269596.0431955549
0.15341692031979376,0.33705331535619076,1.227766563511114,0.12322623752858688,0.20176804235117513,0.26177032830116315,0.944760436371716,1.645821259866518,0.8433164653174487,5.59737491529919,45.846149521497296,666.5970930801757,5290.8205297166405,50692.20250274746,78866.13129704632,79637.80481811824,73025.74218447122
0.25206010315562666,0.31274826301672287,8.40671919382948,0.10547879224423115,0.15552677779676924,0.3606582379809593,0.9382561031382645,1.5745004358980963,0.8881784320186287,7.73714618482798,68.43528423714807,982.5157609180899,7882.930307678949,83668.44686232744,135919.48769765822,137889.91486091274,126708.42647623774
0.4856656134509655,0.2948345593697377,4.780134235284272,0.05677861144639726,0.15533491214237755,0.2035485741700681,0.9555084081869007,1.4711833838281634,1.029504274944409,13.556523492399322,128.80876823163985,1856.9821778125518,14674.936680522265,162655.07017644556,284695.035715255,294537.9653679446,272807.7953969439
0.1734600293841358,0.37230244957456615,4.909348584603875,0.06797379716371711,0.24957172673792882,0.3579199995353657,0.9287950911668632,1.447679692149697,0.9010350904483148,10.625580308973722,83.37772211678941,1228.4260640282234,9745.626573232325,76477.78942076654,107876.04450854337,107524.22492785154,98782.79742905038
0.2935931210444964,0.3713658136355818,7.363898292473501,0.1726209116692705,0.2240101647808257,0.3373637590940094,0.8876363800189658,1.552221228740872,1.0479408516145805,16.93049260793114,130.99062841093493,1926.6110058987906,15460.45153226008,121043.52262517429,167300.89594923813,166041.50445785932,152441.10140336168
0.3642006249115465,0.27740473975398383,8.302412546163715,0.11203060633189779,0.1641509538698939,0.39263107670620834,0.9325801616445639,1.56048874767674,1.080991540374105,17.6026065173311,138.85955893337513,2050.4176373433042,16364.37674040166,144492.47473947133,209858.53640538207,208969.30241022105,190654.4522653948
0.40973086288464744,0.329916199873045,8.76126100268598,0.1491990369506755,0.18683989821254074,0.3779562506517338,0.9648878123249089,1.7126196420752395,0.9824607975848207,18.001220894228908,141.30682591639342,2037.1718746817255,16459.18372459294,149476.19918989664,216197.3658809266,214133.36685477942,193331.5127041024
0.23429532424485858,0.3419235426995522,1.360816012358225,0.15504580641816795,0.1781924685563114,0.34550694756198747,0.9615139395045801,1.4163688778289145,0.9696689728536481,13.384822502475865,107.23629591732237,1574.7406647256955,12562.596956762109,94815.25423577693,131347.97593023293,131187.94686622062,121509.19560992124
0.34615986015221095,0.27980775567950944,4.4235969733219624,0.1998276641058458,0.2044087330541511,0.28396804410552356,0.9815083570896064,1.4427027241079724,0.8804106338866597,7.829388331345083,75.07824167736268,1055.2586296592688,8604.668655655478,95158.55665867537,156639.1392205758,161173.2249964614,153395.9859838233
0.3047859411423449,0.3819061097471881,7.819249055632364,0.13159359580765218,0.1835872036240861,0.314055849234185,0.8562910635389704,1.5443098514423357,0.972933143636273,13.937654849952594,111.88421655801002,1658.3757604880786,13224.345097175481,118931.0209901498,176263.35220988496,176843.50880273638,163044.98430129577
0.46600495123002816,0.28777324236086504,4.862935806454917,0.14867495279052095,0.17208714332678612,0.3307446062690348,0.8784962366067501,1.4162468521631806,0.9896453440244263,18.25682975597272,153.12314716292354,2277.502914747089,18144.591032833767,169276.11255794507,256452.55829371026,260252.57206381144,244095.7378102505
0.13612646909349638,0.3082220836976053,2.274585487476321,0.07678241352127174,0.17236363548325473,0.217444948516191,0.9293335037480115,1.458205314260862,1.1442861595756415,7.17185115699447,56.317969179158446,835.5023330833216,6577.259490203511,56452.896501564355,84134.39707910524,84743.9372295258,78040.58388946581
0.29709876396775614,0.3644740603766161,6.608330401805865,0.09875167700567127,0.18446475130413564,0.20361306703055226,0.8544112658907738,1.586951275467466,1.0941684354625527,12.1328499998703,99.28937796597155,1459.9551734459315,11582.365262733327,112899.75577258432,177617.29763524412,179423.8790002248,164752.27680268933
0.37878722457113645,0.3325897201259237,8.585444053710262,0.07781007971571316,0.1877660589681915,0.3676081073083694,0.9266327178194056,1.5821846988357178,0.8950462859025452,15.451825585335666,126.11341476084193,1841.9290043456733,14689.67151278989,142549.05757123468,219348.74441769248,220103.3170664637,200737.9979258665
0.27882663792014273,0.30312142458313035,5.99566517543836,0.17458748702370255,0.2351208723162605,0.36776615305974825,0.9676150144649046,1.490573925621933,0.9040012167182568,10.598350144306975,87.20177350138762,1268.5987379343783,10304.324132865504,95307.17146629606,139321.3187957573,140339.87404970857,131133.58654047165
0.45033570552201174,0.2947266812142424,6.326542047485804,0.05096189525496148,0.17632674089778813,0.3220640670765634,0.9223764248625633,1.6907530807489504,1.119093263415702,24.33231667515061,188.7977594512102,2765.840693959936,21958.82448279481,189965.3064603105,278819.2877422602,275960.9882868478,247898.8750699205
0.35412421969540075,0.3245461503113001,9.396007550507058,0.11426752941491991,0.19523295792794002,0.20161649243360946,0.8747786865884355,1.5847224921936356,1.0807013626552866,10.742934246524019,96.49570524392581,1390.09755090525,11090.109012129882,120222.01585246935,201587.99864502464,205525.4111816922,189210.7240126326
0.4314049539386824,0.2643725501733004,3.1342746663991985,0.11149156949932502,0.2353181018006563,0.22893296488138004,0.9181654831544046,1.561682481593337,1.044941518685468,17.21105450515064,140.7473186191734,2059.2474954947725,16336.465768063821,155928.20437333628,240581.2115572868,242561.56698629283,222724.21010774432
0.23727938067921525,0.25931949110313235,1.7557945116021132,0.09262695519345085,0.23953927424138044,0.2955157036116711,0.9429231265887843,1.44098939071253,0.9998351552989178,12.543706439517585,98.04961705864001,1454.271323908519,11505.77329733971,95339.66534893587,138109.78573046695,138531.1286168042,127857.1798183119
0.2112427050962687,0.21509059441535489,5.909485878009466,0.18319033097071802,0.2290978825255474,0.2541654886236583,0.9661069965864334,1.5630265047135834,1.1148761109931755,5.886998315131905,52.6796290453913,751.08049840513,6085.734277577034,64314.49912610137,102628.23122506376,104361.6346532766,97273.25260790852
0.37086520653687216,0.24786358785628076,7.772634284178311,0.13012808831231432,0.17638351143977743,0.34244530573214954,0.8564206251857609,1.4171822329537658,1.0567082561649406,13.664062480908173,115.75341602279701,1722.1212388392344,13719.201383465115,134053.65662413053,208305.786535228,212035.8592309907,198919.3411977797
0.2736859441641556,0.22397669820466926,3.322238110530176,0.1907944963850715,0.17270728647122655,0.2615763303195123,0.9603976824819546,1.7539140669224798,1.1854321997709705,9.027352972390966,76.09997145161145,1078.0747408225707,8687.224420194472,85603.28086262297,131981.091821306,132711.75471698973,121359.96275216766
0.31231017963294333,0.3763114823713061,8.897263013916204,0.09408708197710855,0.17482299263966009,0.34117392936636587,0.9012371384796064,1.6900561699472307,1.192220838900742,21.65385453425133,165.73257596603364,2409.099936594127,19177.200177686267,143028.3483093131,195252.32981039007,190708.72043431186,170914.32233292022
0.11738154360039701,0.3321930846278377,2.4646290133457076,0.12666046665224814,0.16139492197358374,0.3604890592083949,0.8862124112804993,1.5136765413764026,0.9732071362044817,6.310695501158633,49.84290553586225,737.1240013052011,5874.156563866048,47211.46140111201,67234.20781396053,67221.10179525695,62005.538474322755
0.25531154161654546,0.26327876022193686,2.44742323537864,0.15269835307022492,0.23176832732922947,0.3754343172301967,0.8615892022808169,1.7611247125157616,0.8432492119003343,7.596343019371648,64.98711554430768,919.8105846080786,7484.357111873401,74012.9230399732,114748.27237999535,116608.10463380604,109398.55640175108
0.2532707962632166,0.22806625040203965,5.064818278377193,0.06306633212742287,0.1668319415932318,0.3218770490310048,0.9359644031524991,1.6827502855516667,0.9820843242504862,7.353769067897733,66.94544020080009,961.0478261763415,7621.096190736921,82574.54085559743,139934.53061455296,142029.24093589198,128912.4696702262
0.48532286096134125,0.37794933702642813,1.6892933026895811,0.058561520987923374,0.23227586498496858,0.2202229913337932,0.9523062524639552,1.5783040768470673,0.8581253467471163,21.670773895789747,172.95237739343355,2546.305042919167,19988.664468359068,185338.8254807883,287401.5930689364,289190.5535684603,263188.78294598986
0.32595659386323383,0.2025303732729162,9.434851840205594,0.19660546505748028,0.1726711283481152,0.224312435903239,0.8650216949189093,1.4331738734373578,1.1974300900990946,6.816575961340715,68.41443298538738,971.3767023364622,7789.064379928382,92228.55068600265,164421.38539663944,170945.56535606764,162456.9242693772
0.2933441037209267,0.3660179822975919,5.497982149987389,0.10233233883923915,0.2244107381753151,0.31169991445796075,0.9772169218018629,1.5367559776851183,0.9485817534148422,15.547044867914336,122.2569057479428,1801.8511593995825,14336.78443613474,120599.13791291183,171746.5327890434,170296.15542382537,154682.1832264373
0.3124476963462516,0.27837112220189175,2.1636290103825044,0.1681537008005496,0.15884099158635115,0.21157534867459746,0.881883896172187,1.5177566942778238,1.1720919616484702,12.899882230122728,104.47502445287438,1552.318545450714,12292.19962580611,113510.13001007459,173345.72895649855,175362.89195378954,162541.0259679368
0.17999262453054676,0.23255990777101243,3.640990021610732,0.10267127804579834,0.16554121980893965,0.373976160510517,0.9291590673188886,1.5918022013217579,1.1839356198219906,10.32300539927324,79.68423181833373,1174.1974380877566,9342.739914730984,74784.64105146036,105183.07291563433,104102.93760420896,94529.97366765476
0.10895507969906443,0.22708932956463096,1.8759512080919807,0.16948233818886788,0.18315691060116432,0.2886282221699839,0.8680875965519352,1.407453831493644,0.9379161314032416,2.8212650377312234,25.860781255737333,376.54842603244236,3024.254323764866,31963.16286372759,52696.96722524751,54476.408027069774,52143.368527089835
0.39107880811105245,0.32389830044305445,9.813961058524727,0.14889630992847813,0.17828154625684633,0.31966779730503525,0.9863972071531752,1.694542660691873,0.8468868491511139,7.669486917342688,80.7314412351862,1099.7728333829798,8902.817635029964,104507.51759085438,182741.5667920567,187137.32356605935,172711.45743237055
0.2662798836902872,0.21922201828726798,2.6309363718287058,0.11744089710597576,0.224247954380683,0.3575286898484315,0.9845195146521963,1.6584996279903892,0.9024242033724501,8.16168169541852,69.75071164884027,993.1081708069502,8000.993359022777,80839.33013698313,126939.34044430548,128542.80617873895,118725.42637598701
0.20892034310063756,0.2222781626045631,2.395730881226402,0.056389602146635076,0.18823096040062717,0.32357152612287204,0.9347669477500595,1.648293282554459,0.8189778326127748,4.8659616219535184,47.028253363620124,669.7307062447122,5280.430919490511,60214.41869325253,108927.9917704647,112506.92060688438,103333.74851677686
0.331879124321,0.3427167618107546,4.691527371156068,0.16939381726533617,0.17018435567290732,0.21733069005545524,0.9548174850798709,1.5614751218853196,0.9247838816487467,8.0574532001563,77.17878462700544,1096.3200186016732,8774.521854083703,97818.22653133927,166193.20842996985,170417.32454674458,158294.89365392388
0.43596468725842796,0.3406305499899957,9.544132908150955,0.1245420411636778,0.15275431294543912,0.3097800410124833,0.9268108885349168,1.6174805504361847,0.9557382112439308,13.851766499562109,121.08556901947723,1742.250930158906,13979.895339683058,147046.24458454218,237144.55110025324,239682.0069024103,219201.13320678446
0.3390190762648775,0.37241289134362454,5.630483173956861,0.11082810098672101,0.20560005504286175,0.20392773342475645,0.967494494829078,1.5382317267680898,1.0571574715197676,14.848908973279828,119.99318142649386,1757.3592485600202,13919.848035408613,131072.49098868915,199231.55434983093,199635.79155415477,181841.2759054388
0.48875780115981227,0.24780057098999814,7.8701274769167755,0.09751582237448926,0.18336957809747134,0.26897306066837373,0.9712750395231995,1.5436565736768562,1.0753642733816722,15.200137899903616,135.2878074554192,1940.0903283149705,15491.660313796287,165747.5458437497,272329.7941730068,276363.48964227946,253027.70275311693
0.3071166008490159,0.3171871308843546,7.901615651225621,0.16961097820066284,0.19187376348617055,0.20286243313537464,0.9580363781428748,1.6119303350385086,1.1967820686019446,11.880402357375063,97.38622164409767,1406.173795030053,11266.246197923798,110847.13098608334,170377.16720161025,170566.4680442768,154983.8042919537
0.15568444889927782,0.23681234306399102,4.320699289835587,0.14759998202905145,0.18974836778496687,0.3852249802976992,0.9376084688066357,1.4500924567804119,0.9336925894819776,5.1351503520508945,43.86186926554492,638.5332398303938,5148.061587221765,50728.54341011355,77960.29463323326,79307.24806387578,74661.40418108458
0.2427834720225826,0.26721248644365614,3.5426287681861637,0.10250398145080954,0.22852451098995558,0.20255856404478648,0.9291881531403358,1.5314727968294766,0.8368009445444956,4.358125178453373,45.91284875500629,643.7059841705093,5065.1111402150245,62218.95933050966,120154.87308407774,126139.70117132769,118305.7968380506
0.3169572912181936,0.23851728622081808,3.3806026695624833,0.10278718361288922,0.2095442129369908,0.2385274278729026,0.8463227149820965,1.512808700826849,0.8809635892116634,6.727945711733884,66.93808143640521,960.1617745859884,7602.1519346581235,88834.9559625186,162246.78624424248,169402.56102810646,159844.24109777831
0.321004085612817,0.22136878655737507,7.746339994323972,0.19550067264175508,0.17668178352336109,0.37765506374138513,0.9452405081257936,1.4613764942914698,0.909691630457362,5.330069539013272,60.56111443786971,818.8283315325767,6732.727757781334,79661.17373583684,137360.91957245072,142433.46031916954,136748.92675021852
0.18409179744809467,0.33409760482677636,3.7798579475618186,0.08674512381006363,0.1621102832302518,0.24241903408168772,0.9417601744047555,1.7305860244361986,0.8816537334361196,4.725535803643318,44.81823729854022,636.8072566720879,5032.7865065686665,56006.364646403505,97867.38311873193,99692.84438139739,90323.9739651007
0.2892977819320932,0.22094576825890788,4.985638279034584,0.18114995775556275,0.16758152052744094,0.25955780530772055,0.8859002089439526,1.4637920843112455,1.1990979681126015,9.970729057668533,84.3876808266217,1229.6972850055315,9845.75739372437,98175.93978952496,153785.92844145402,156624.67809358108,146785.52890440144
0.18432225381053652,0.33133669830503076,8.62679654618448,0.08460181603561723,0.23902382039569414,0.35959110821581836,0.8612853600015885,1.6730061560815155,1.1952401089204643,13.499525936598817,103.7362467958859,1515.7519183370796,12056.036186510592,85921.73635936143,116267.06594177693,113737.77424831029,102501.20560805396
0.45170665399621146,0.35441157575932386,4.874470120866426,0.13102819985284708,0.152850146433492,0.3311221703205083,0.9225151355439485,1.5364698043686156,0.8698919070979334,16.095244620347636,135.51222958063465,1974.566231711363,15796.246058445708,155918.46587311765,242273.9737141169,245221.41031744584,226759.04982801527
0.4776779618634389,0.30338790131345206,7.955779773270291,0.1490345265975998,0.2298169673153802,0.2293829596220628,0.9113861580104308,1.5907577672087456,0.9192026698593203,10.653987550273454,104.84638452391847,1482.469140898815,11902.883555663659,137304.45428515328,239131.28008405856,245909.10258636335,228917.364385736
0.3989072181104253,0.3830904438295603,2.8529526437474777,0.1883733892697605,0.15124245790491217,0.29875641899540956,0.884670646590649,1.7527583245454552,1.1067013789429652,23.272114135489506,180.68111382268893,2623.089492342313,20996.51311044257,160550.41286621784,220799.62495483918,217141.53503876034,195784.5010771065
0.4365756048884841,0.3610748813747849,3.375292234468296,0.06525819046919643,0.1919541224510433,0.3975163443396207,0.9318155954736101,1.5075166077710074,1.0654997578287437,33.7571157537378,274.4063628826765,3993.7626337414017,31639.13592701576,210064.06595640487,281444.80968159134,277165.00300257746,252097.74860775596
0.33800131552378276,0.20193443376050924,6.523650565798985,0.14096682291936152,0.15356400714167573,0.37809479978429605,0.8577651079649333,1.5589992437375348,0.9694883604537641,7.417334088761599,71.51887572292627,1020.2398939554068,8226.688101661686,93955.68943816295,162194.2074473104,167698.6732649071,158749.34873518266
0.23531889462126845,0.3884249801941023,7.918026745580842,0.091008004476175,0.18958805617906394,0.23508729143975982,0.9270616260945244,1.5586524642635768,1.136048267477394,12.577350164795966,97.33453943654442,1438.1793340831805,11422.715626619392,99394.37357512051,145669.39116280366,145141.64935160676,132023.64209496608
0.14726242867749662,0.3438044334096688,6.748980085778926,0.12827681567005297,0.20045092175823942,0.2643533067149053,0.9498210430209681,1.478270846374682,1.1932864567829353,8.82254364391886,68.5713204863686,1010.5678530737802,8038.791161933423,64062.45216663135,89775.93074597635,89088.20851244769,81422.32347051083
0.39664124095039255,0.3382389457446484,7.579998650795023,0.15975586155738508,0.2196443094885533,0.22082795403748923,0.897208653066268,1.7154108555298848,1.099328750643629,15.85974364993795,127.75014610056641,1835.3870788242448,14729.768064769194,142402.62683993936,217124.5185512072,216703.42544736143,196395.99380016912
0.1469562480372395,0.3353277058108264,3.876311316457993,0.1201281107850331,0.2324526307871124,0.20966439591762973,0.8932547019606555,1.433692238452985,1.1617367154260623,8.164494318495967,64.63008426596161,956.1031731165358,7570.524059372107,62201.134016395954,89943.86807872885,90214.6681318032,83447.72024667998
0.258889033623675,0.3987507396941295,4.794526576185354,0.11737670923871031,0.15646488260573263,0.38340398725873603,0.8769997917113211,1.6412431126599611,1.1803416259844668,20.494287590892156,162.60660381072935,2366.1142982913343,18787.371355877254,122530.02442673974,161824.82341844414,158015.33734075684,142591.38761938963
0.30624139179047016,0.2582038290906863,8.349918946348385,0.16835485447974136,0.1681998946637632,0.3130911541568384,0.8542414625752376,1.6917413959804901,1.0182288767802516,7.929764579595109,72.31615462362126,1028.6155281185015,8312.45474334451,90794.37515470666,150457.03055054444,153596.7225727212,142894.536384511
0.38988948935985535,0.28149890176297754,3.6367499345562733,0.11483058892733064,0.1764461139313955,0.2495292253695368,0.8854273245564915,1.587635330360157,1.176638167832111,19.369113300478894,151.47101521431415,2239.5209186041516,17748.564154338826,155027.63583735086,228887.0164862811,228712.72946045807,209037.3147169456
0.48333650254367155,0.3147153297218087,8.297806379768005,0.19796017524890824,0.21713658678743997,0.22112207325265953,0.9798472206986613,1.6106032700571649,0.990568021341049,11.322457240717084,109.88423061584818,1543.281288653296,12470.819029405367,139862.43168950902,233610.8809959997,238225.9102292097,220697.6835845552
0.24779321320882153,0.34731803635974234,7.974023145325931,0.07804223757842961,0.1714299455191502,0.24975751778273392,0.9123918722566379,1.5583344651946658,1.0807051745069354,10.641967693882862,87.08176490156394,1275.7906683216227,10119.72174740897,97044.90405012488,150298.82272846138,151336.7426225512,138370.48911936363
0.10910020282332789,0.3574628476548151,1.6738875993129012,0.1266179463879593,0.2396655061828979,0.31724026366699193,0.9551990561185727,1.5146198940801425,1.024756572044222,7.681907840092723,61.719649606251664,896.927613038844,7130.617119323699,48377.10593816333,64529.426128061394,63558.705197644675,57890.27974863338
0.21828099920130872,0.28993576721750536,3.072315936469291,0.17249940666536576,0.22406283733929586,0.3128567247810028,0.9856163261028539,1.5734414844000437,1.1415736119274928,13.224226915112487,102.99223835962421,1501.2730137454146,12011.976727389587,89267.78302106941,120257.54412690407,118563.50106763089,107759.06278489294
0.1610309211179185,0.320983414481885,2.73055252192254,0.17694301536767132,0.1859949280519362,0.3621129338645227,0.8881556294154082,1.7632047174491072,0.9647036246474153,7.175945253244877,57.891739600951375,837.1430271617787,6768.918122888618,56883.212165304234,80762.40934553792,80427.11276159024,73633.46544972216
0.29785935759568805,0.32572750987024857,1.0786088605617616,0.17528255887606553,0.2397942671770248,0.3495933008073111,0.8795565593619659,1.581478895904985,0.8928688191879465,14.262519756361893,113.07090404785873,1658.0747311512637,13381.117422514895,107188.91792453213,151174.04764348845,151702.4693220344,141508.47033725952
0.2987046130460489,0.3459767057865857,5.971249294459686,0.08447659477721328,0.15009731365274354,0.3419161172443844,0.9705079339051185,1.6859168271622917,1.0723415381096095,16.79629879138337,129.42399427837708,1889.6171261990085,15034.363026707051,125681.30169437914,179032.24479744738,175719.7412164926,156899.32085990565
0.1163126790695479,0.212778232940763,8.621407040077253,0.1712636129210155,0.19260536472177867,0.20409122019957515,0.8697663368071213,1.6599557327074042,1.0765962322099276,1.5815767742964568,19.375620416463523,262.56262343452266,2082.1901910265706,26707.351006273057,53466.47646807167,56291.266542021054,53105.65773506832
0.4989179460130574,0.31412182143379475,3.2818391788690047,0.18715050992193322,0.22880510929882938,0.22911741516141726,0.917965968110721,1.5091032093820582,0.9823252884287363,18.15810700372648,149.51891315768862,2191.958909574381,17559.7850635778,168572.051391346,257348.0216826365,260756.39464326567,243368.45109787976
0.48526567731198245,0.32524307268063535,5.384062529925089,0.17928096243741143,0.20069438388568067,0.23568102605857133,0.845051494575922,1.50686739048324,0.9374970158834122,13.610691278440042,123.38908285382603,1796.6112487540856,14415.965105790689,152917.46669384866,250208.47367483383,256609.98465954603,241662.00485306367
0.4306702678153752,0.3263411678375252,4.511628797196026,0.09251269363411518,0.19728496935981576,0.2260298478248037,0.9293833440590165,1.6062212409074448,1.1862397548899781,23.946210058421375,184.07078659919708,2713.22736000927,21505.899915712325,181395.44024944975,262773.01131186,260581.28563547172,235820.28596959036
0.4913653158928314,0.23951246525391845,5.736511523218226,0.17462137235761288,0.1961455397276629,0.32330608975860764,0.9701993853427694,1.7255846287045873,0.9646951218559312,10.937215396470446,106.26298587820781,1469.0929462884083,11983.814296395198,131936.88622536007,216985.86389353886,221271.4441602809,206246.1137468172
0.4625458067176528,0.25075176913364305,3.09860403307405,0.12828706663530337,0.18264381691889178,0.2579005278899381,0.9818327524528419,1.4387672260340971,1.0041393493008275,15.298287807779676,132.2253640916642,1905.2906937591326,15194.18887513922,154473.43364211297,246286.72026716528,250928.55705977223,233275.39156280775
0.23652203933230587,0.24327700486011927,9.867220100510682,0.08625065811707977,0.22003969743134155,0.2723195094046823,0.9004773850166402,1.4583288009724034,0.8549974233287976,4.182042363063828,45.97062303154681,633.9721478707522,5023.598781225036,63158.88082966345,122893.73039604946,129202.99938861579,121709.36326164495
0.2985111478618843,0.37046336995129825,5.761733257383576,0.1828665106451059,0.1681821083978918,0.28044543093801333,0.9436273608938868,1.6982422742336012,0.8899747100378245,8.386011984580026,74.79090241199725,1060.2410838971025,8564.636719088634,90132.7362445986,144457.06735318768,146351.47549821547,134872.65942592945
0.1414992698554848,0.2613727967629659,6.190580060114662,0.11319317590490785,0.22238330265387352,0.29120810473967906,0.9569644443709784,1.7079439196551447,0.821197914300505,2.362205790879846,26.612915240799556,361.9254872499669,2895.949999338487,35155.71818323631,65202.82979286992,67544.71553393574,62659.985109159
0.3035936320993211,0.34709546486237386,3.4005139122202577,0.18507561611039147,0.1804806050999504,0.30251710422255584,0.9036875468187672,1.4875645788061784,0.9874837109907499,13.937628445130276,112.60459344965956,1659.6404780484309,13283.513607125242,113693.41787788822,164186.80262617063,165025.3355860068,153454.33824969205
0.1527451764863304,0.29807531593083675,8.236586739066937,0.10537630247909821,0.19832353864782148,0.2669942084225515,0.9210477275390135,1.5628521247036617,0.9840189173233759,4.928525252115001,42.6636177596158,616.1547675411866,4929.807079962213,52127.10598658546,84956.22518644897,86218.85988942474,79227.27041804088
0.2527057510646618,0.32959562223973693,8.283835148128842,0.17451853932228453,0.17379258808001288,0.2072849976609783,0.8984214650038733,1.4074386626308266,0.9028593633306552,4.729026761951123,49.76251662216194,698.9773728365886,5565.213954434826,68229.63830178321,127016.11327663885,132916.03345613895,126326.50323259212
0.35782842484917265,0.2625449476705704,3.775476040333106,0.15138072119497906,0.18854453991558598,0.2568930503518351,0.8440705230818512,1.5418073719831966,1.1156918481051927,14.355983369558347,118.13978708035879,1751.5905525555763,13950.65968249904,129838.17924667869,197732.104824318,199963.97849387594,185703.6535056738
0.48239777969345654,0.2687934350485295,9.497265931615638,0.07421799852116952,0.20885572683577366,0.3574133426814363,0.8635471201497159,1.5275855290023095,1.1857170795621947,27.601715559055272,215.76964625655208,3185.5194047716595,25339.349061408946,209613.07818900372,302011.30393863993,301377.568549404,276537.2585053028
0.19047453248103285,0.24494248090867474,5.7427758649519385,0.1926135894570562,0.2161454352222145,0.23422151319694307,0.8941891557657935,1.4328597504438059,1.123609804956711,6.18865216231171,53.44123386570831,781.2147611466219,6268.882396007093,63484.68975686149,99870.40001275754,101872.18109926442,95870.47922899955
0.43510471249017546,0.35678829888378905,4.888318616557541,0.06527775534855261,0.17581598411344487,0.39174924068492856,0.909230120609903,1.6824394545911125,0.9777756657238639,27.063104118459172,207.26901170089766,3037.3355230437805,24127.675045916283,190133.69295890394,266815.98312400235,262170.2088284809,235545.0349403023
0.36668034347701095,0.35309756681557114,9.905470811157631,0.14101687404240026,0.21357481783754745,0.2392251225891474,0.9249282964696361,1.7209580227814065,1.1157497521191675,15.747809710896885,126.55841639133537,1819.8511174056628,14609.376357470575,138099.734360961,207065.41575828486,205207.73369571162,184518.00788450547
0.391475252383629,0.25716995326044834,5.069742197962056,0.15766726406689346,0.228100990597079,0.3381611883159269,0.9781039976391414,1.4889195151210508,1.182175027497171,22.57501416616808,178.21085112965682,2612.464966210136,20916.110771095122,161548.10141282508,220838.27534983726,218802.94018158267,200387.93016284602
0.32076397535734424,0.26478592926180927,6.047286830198367,0.11991009067442797,0.16738412106060405,0.3149649520952909,0.9732296495778003,1.6701531274500185,0.9536295452576491,8.56491671046792,79.09952491432136,1124.3504444054256,9011.933388664342,98074.44292214401,162516.45880198263,164864.69985726892,150562.0230865055
0.11451028200529773,0.28736911739344567,9.426503681977508,0.06076200180878494,0.21134926597845438,0.35936270876471355,0.8764330471845159,1.655488525399002,1.0650734973373437,5.837721962199998,45.627758188709315,672.2116284114275,5346.741795444298,47399.0237533,70079.4163461669,69664.14670552834,63130.08626226504
0.4925498075253957,0.3299839613958103,8.665466824716471,0.13401030131812897,0.1761704590672402,0.24488152415165068,0.9357050778664516,1.5889849153290543,1.1823423989353257,22.700801354332302,178.9760356047017,2628.540598493802,20947.09261173116,193194.6946901842,287703.3472707424,286759.6835790003,260564.3734716867
0.29608964900793155,0.2448918357374605,9.47808000414458,0.19449808802310958,0.18090712402434625,0.22894010360199338,0.9376940391455649,1.5319997443195592,0.9318421385051907,2.989691208445337,43.39702883014431,571.6289590547485,4562.680697098525,60864.95744755205,126340.37750147184,134142.43512922854,128535.35563664648
0.2819000554648433,0.20561131845100042,8.649512503688264,0.10059866090018674,0.22474416967691319,0.23545436329436423,0.9061427784002364,1.4052007501721704,0.8948305921375297,3.858474120835239,46.66856075987277,636.1168990752732,5013.068735872188,66245.37048579604,138928.64931977756,148214.79470881986,141412.5072455445
0.12259184196897524,0.3444845203536112,4.800495814196447,0.15326224699102486,0.2299768060257321,0.35832579579244683,0.9465106592941841,1.707071776142369,0.936698733938654,6.095676656728572,47.54407731719162,687.5186066017264,5545.07420983443,46028.28388804737,64251.19372155964,63539.17687655323,57604.991639122134
0.3583494935334274,0.2920650707046761,7.3825885387934065,0.07603730015763038,0.1587440803914546,0.2627028458455746,0.9723510444697318,1.6537550452493246,0.8905480827331343,6.898976700959962,74.71479196424238,1022.4315633884207,8088.318472225454,98691.09998510165,188336.25850359845,194978.3970766073,178052.36079820595
0.15362077354462605,0.2476330912980076,8.117013471869491,0.05029191142439009,0.24694163863573115,0.30046814025446894,0.9228584385037923,1.7406750054713256,0.9656125764776935,4.770639867226866,43.13568446421749,614.3508686821604,4898.275165639928,52445.89150059361,87608.43037307254,88277.40231063914,79518.9142597172
0.4112594673768668,0.24938129660632974,7.14090959446151,0.18711640071752877,0.23536940205456985,0.20337593716358504,0.9198731261889623,1.7483105104134822,0.9054939939125618,3.6727348521655228,57.28728131216976,743.7195795865028,5913.712158469514,78367.9119337604,164008.70630464802,174039.6465121652,165695.70969475803
0.40783470564299895,0.23432792767340432,9.220725278697623,0.16859747331298774,0.2275540390285884,0.285375673465087,0.9525824665787915,1.6415239117246718,0.9493670500549993,6.973161875431052,77.1806394453878,1047.6214849072794,8505.756702530383,102102.40884972198,181789.46988616692,187739.57191248293,176522.60960780823
0.41221536312147566,0.21322129434288073,1.5799140285319802,0.18387059185117482,0.15718782661085196,0.36426239201088034,0.924257948956304,1.7194433535665767,0.8307418551379093,4.199239278169682,59.88078212967077,786.5526646189284,6439.616677904714,79081.2210152811,146877.1992072728,154359.50364691336,148965.14607109543
0.14629757802244772,0.22371121471215172,1.4407557303936422,0.17325891965797852,0.24434082707239047,0.2108925040993867,0.9830422370175322,1.6424043014964076,1.1818985834702875,5.9547703122500195,47.75633875557513,692.2699515265477,5520.610437962499,50023.93104731428,74291.73411167417,74422.2400921228,68050.39294015248
0.3554864648009024,0.28270476646465525,4.061791071729186,0.19562334707757684,0.15815810421406848,0.3212886107540024,0.8424577746031945,1.567013841449719,0.8112570157995562,5.711191035566695,62.98263186708747,871.1161633997748,7074.554435261011,84234.89898719109,151176.3115186862,157984.59363669963,152121.65721250078
0.43896516931062546,0.23340994237638313,8.556987856432992,0.10450079094779714,0.23369978351550094,0.3572606876839768,0.9571672207578981,1.4631048142109753,1.0091741794588125,16.980791067192516,140.25897029978043,2044.648778697347,16384.8480377671,159739.56232386924,243717.3750713945,245854.88632003468,227157.97159320232
0.45696435108983047,0.3268989319120772,5.528477004204757,0.11284700848729913,0.18704678862307594,0.3245197030991183,0.8769561151290322,1.4616593023822317,1.0608163013533052,24.977570898412893,196.8265398053916,2913.3732059317113,23156.73058836283,191068.1433473906,274936.46924283373,275341.33967160824,254583.46073429933
0.10671113413686704,0.32800175946165566,5.6033088917068685,0.10734609164273955,0.21641560546069083,0.21141875811190314,0.9199835318455944,1.6277705693280706,1.057907032470659,4.195023836743152,34.503592173212795,503.70455732894396,4007.8520254884647,39246.6221260905,61190.700828133995,61403.34447932891,55832.046338374246
0.28856819878430395,0.24022160674359094,8.346188995683818,0.1573345772361848,0.17947337182052997,0.3752805069879521,0.9838629707214378,1.5403199843048732,0.9298706831125034,6.708089053335792,64.84054418929018,906.0193715029575,7380.141156640647,82202.83985644918,135397.09250086016,138482.11416653576,129898.93292308848
0.129469743218462,0.20614805988424725,4.58129807411659,0.14944714486662478,0.2464334631688544,0.27074791893326783,0.9244629178212957,1.6365075151482575,0.9759557660723532,2.7424004806415754,27.09863525786506,381.7398228371033,3083.7596184353333,34853.9462713221,59483.12542858605,61188.62544953115,57457.333948115855
0.3936542539914184,0.356441563687467,5.3365684388520656,0.13530364517439625,0.23142666495987155,0.38373913674644344,0.9679917347068547,1.5354924101038985,1.1209143893173306,29.643364658847634,239.14316292420762,3482.2827164406353,27732.692580157334,181967.3838885026,237105.34942987387,231844.41183623014,209853.13374601654
0.1474760501203246,0.30759241200617277,4.334559637627425,0.07175936731020276,0.2179117936868672,0.31515692303181386,0.9651466271305593,1.751268151393085,0.8565329932582999,5.241640965712616,44.49438410667414,635.0658360440473,5057.091523378151,50827.26589181927,80645.37296970813,80540.32836692053,72192.10181279431
0.3209732689471399,0.32013982190056633,6.294698736184035,0.08594671776814997,0.18469272003377327,0.2779464678263328,0.8692415401665288,1.5980962078226526,0.9666443255867796,11.984303052343357,100.68543069216354,1466.0317260353388,11665.710726728295,116704.61235318035,185608.50679473244,187678.6511049208,172224.12889577285
0.2638180203676097,0.20698517454213178,4.948415459758365,0.12011655384586951,0.15118657390614704,0.3655434633786747,0.8784497597062167,1.605360641249923,0.8569450821120501,4.273977683211653,46.658576314507265,640.5165280870738,5115.087019849017,62934.6173671256,119120.3516691727,124946.0200368574,118723.61761885574
0.4920837226921164,0.32952127753301047,7.0286804973916945,0.11781140090554436,0.18556667699504212,0.23830639934163406,0.9513979108789338,1.4662351633955204,0.932885486087938,14.089003250631096,128.32476158215877,1843.0094565692318,14718.481366084448,161079.30916753897,269826.98115447914,276237.3672181303,256179.63944775495
0.11221864273179,0.21218483832952978,3.720708787858265,0.12810535773088721,0.2081708021881606,0.2620161102053566,0.8738481958660015,1.72082892279992,1.0979219370736737,3.484911047572924,30.43757568140283,437.56784841259577,3500.477319318659,35874.23331956292,57732.13929779165,58471.37857175737,53648.05016997425
0.4893182829061814,0.24715856293599045,7.507740229076228,0.19998531765174737,0.18586624342822206,0.2592597656821164,0.9697320693681637,1.6028694009273436,0.8282554542005997,3.469517809190051,58.6085002071408,744.4750777529766,5959.66540135557,82318.35047415354,179411.2911951673,192207.35597287666,185978.34180286585
0.1433555900623789,0.24469840519835165,6.202647927732772,0.11930130018884758,0.2382941326383973,0.2535803534002017,0.9127333038450782,1.7364153981884347,1.1516751363312092,5.789988927029422,46.75094392524756,670.3456180083764,5367.506301666145,51600.38775100724,78675.66907132385,78355.85581627887,70699.97219098288
0.1739221171271964,0.2951777088089471,4.038535443770928,0.06526104454633246,0.18390009340669236,0.3777047627631498,0.8413060822078291,1.4467491018805778,1.0459573310229298,10.42753995470761,81.81248039314758,1212.8493384594908,9610.320535981782,76009.49977303865,109702.80921278338,110236.39330070527,102276.93341659484
0.3468318767491432,0.37591826214324553,7.199455788635726,0.054640606559875134,0.24227263420251324,0.22557884771845987,0.9674749379305871,1.6144576967328177,0.8256176081966375,9.15201921108048,88.60960096714486,1260.939680862692,10003.016915784267,112771.10289564109,197494.4265350005,201925.8560275276,183850.41574508284
0.11196415733143877,0.31055615231133543,3.9009279182025764,0.09727063535701698,0.2287713900768745,0.2989951148008636,0.900946174165114,1.6543859541027643,1.0648901884815312,6.602295711670841,50.416617329456024,740.6780922017584,5889.443733358911,47088.60305416071,66294.94758205405,65391.563599642766,59102.083050925874
0.38648472819897994,0.24867809903175597,1.2243485190610315,0.1955190975054436,0.1803026753781976,0.29211585871849677,0.922487558824006,1.6315566273501183,1.1574604251448144,18.26338607405746,145.96833542190654,2133.173899937703,17120.077292845883,140118.64050455662,198647.74572533192,198429.43495561284,182708.89151755127
0.13357587689194592,0.27750827302131037,6.310243638394562,0.18780600897756478,0.2133206762420622,0.23708527036573326,0.8773000148580771,1.488627481251537,0.8729922088928435,2.2778872387552727,24.517260017129118,340.14850914718204,2740.5561091469785,33341.18974161674,61019.12620244063,63768.01458332938,61058.00014650203
0.40312708237433514,0.3083645662303401,5.822330504216759,0.18544807705980454,0.1723068524384885,0.20164730836439312,0.8422042485470657,1.5335257347393862,0.9729664978921506,8.538951858408927,84.97342559098884,1216.4026378298718,9715.717115896057,113197.91786297633,201962.94562609366,209735.70746520738,198054.81932489734
0.37860319465481496,0.2626062648585131,8.355527872833864,0.09856794190226853,0.20954068641650014,0.39862919306279376,0.8491129162508125,1.7212793447815171,1.0763377689141367,18.978331941217977,148.02079487188095,2165.21189578603,17343.459931925394,150396.67134934932,217686.34362473813,215499.41793466304,195124.25017976252
0.156486504888302,0.38572666956457263,4.16671789457707,0.1030837358576939,0.172218821740257,0.268948162474765,0.9701546293185422,1.7016030591156968,0.9469078353699025,6.832982714326024,55.225669132024514,798.8269442315515,6349.554454231997,58800.04241866695,88396.8015629869,87646.88697703417,78585.98672301653
0.13727693138777514,0.22987827202217226,7.485816893625277,0.09123876382938483,0.16353158167092588,0.39123138206127106,0.9089298944700185,1.5202016601879609,0.8291943349170618,2.7167942110922163,28.215232396377218,395.5307381609176,3161.492147889703,37825.47608226729,68911.57757232044,71638.46273333956,67230.84915903563
0.15568834971262846,0.2786944932355999,8.559524255710116,0.19974232904589212,0.20121436519576705,0.29445209894888846,0.8912638797493748,1.5997274067345955,1.142215552249353,6.330017401586973,50.81480856704421,738.4251756692336,5952.487059098285,55490.61635488733,82120.07730917276,82419.73306671875,76114.86106538378
0.48721657298159593,0.28696364043140205,8.375531725925539,0.0833527952831799,0.2461120018260617,0.31017320992762193,0.8719764222058851,1.5390347253253158,1.1208028436751847,26.521827412827122,206.20556828555036,3057.553458705478,24320.18776772637,206209.30714168196,299081.1159765492,298441.6841194279,273544.07265825936
0.44962883291560873,0.20680907956710814,9.270157876867595,0.05255117986193599,0.20116623422392224,0.31663414724001465,0.932840117050939,1.6872963306480153,1.0576221911278259,12.328662230928918,117.49558129410653,1668.0417686484464,13279.98700703629,147755.28393668027,254586.0679549518,258667.66226711965,234462.86629601964
0.11629343329508002,0.24003481940962335,9.2964291664433,0.18596181149327612,0.2227501363222075,0.23789699408463075,0.8654348077599734,1.4951317558464614,1.1215568137314975,3.131316984903325,29.032527311695326,418.86583534723474,3375.8206528078595,36631.79524967781,60201.32779113961,61671.46024010515,57972.73296095241
0.23859629855825848,0.36461842328028243,4.7007154647228075,0.17833446114170104,0.2167078439638626,0.3185467347665327,0.8612908981176288,1.4824282380728135,0.8546154615052354,8.822903004038743,73.5063460227257,1084.414014004893,8722.820874938318,81909.95769334798,123488.83035165771,125307.65467408979,117961.24949740777
0.12997903869707428,0.23084271704191217,3.0540104040588933,0.05496144285877874,0.1714387397052252,0.33579448983967475,0.876393898080956,1.7220453079579328,1.0185882428270057,5.261389445922658,43.648533507582314,633.4432907643204,5010.242678756753,47971.81488208657,75346.0017125571,75547.7310835081,68397.1528449396
0.3071811969668429,0.32896706548271204,8.047980174453844,0.09210294593192915,0.16370577634378228,0.3128720713463401,0.9627849421369602,1.5925117064054433,0.9501674459224293,10.945502936943656,92.95406335492578,1343.5260223393773,10738.5860615236,109517.95911868989,173755.10320645757,174850.50818677925,159037.57869252766
0.21048590083890148,0.31822256061117804,6.759635644073377,0.14344439195926734,0.24735618182660496,0.22392986397069825,0.9127979696757283,1.461076934958943,0.9694204420630174,6.980524245775542,60.0570678682556,875.0120202749276,7008.229086929615,72127.21608298959,114935.91861883677,117004.03353080271,108972.66173182247
0.35349629465137855,0.2756644187459383,4.506215070481157,0.08872684902931535,0.23476661990853065,0.3517478506279439,0.8449719821304659,1.6402880785244995,0.8462005636435956,12.754443247909244,105.06551944142156,1527.1700778479194,12186.283565168114,121062.335700521,190909.09349291475,193282.30830620733,178232.1604560867
0.2215819718680644,0.26975995943914854,1.1886968351721126,0.07246840958395138,0.21938731126746508,0.29611692585115484,0.9639940115368008,1.5919626476365734,0.8935327429108414,9.69526378359419,77.3930646438088,1140.66021396522,8986.127330811383,81680.17107487009,124295.42957950034,124704.61943046947,113472.82041087041
0.47272586040431774,0.3405969901562186,5.56362886422387,0.172092973244451,0.24579025792379658,0.2761563094823786,0.8507257332813594,1.5815572510974385,0.913408748608023,17.2684897417313,141.52100131092078,2072.685484946722,16674.784638645193,160679.24510388513,245084.90752327736,248055.21504502036,231346.02071305685
0.46919895348093343,0.20499320017482733,5.7458818840765975,0.11244380288762676,0.21327237457191572,0.37125251219732225,0.8412151946988247,1.7230829163934467,1.0181357472084778,15.539390756355965,131.11624151738292,1890.0994732307495,15216.34829973806,153303.67000206446,241549.97505975675,244213.40136809414,224880.71478038444
0.11261822920924902,0.3356083535452826,7.319699646360795,0.09941889647617838,0.19527132229218286,0.26102998319833326,0.9411564302486362,1.7524847255525098,0.817597866738898,2.208567730239601,23.06108593382906,317.53341401195394,2528.9363993926636,30327.541624646186,56252.23525099483,57884.33142612677,52754.056015663155
0.24257061388778,0.24758079882205328,8.114624360627849,0.07264117669584833,0.18054548285819286,0.21345763461313816,0.95123609255556,1.504247197244561,1.0604317303836535,5.301365403711887,55.82218026742208,784.1557635654736,6210.946900709739,73824.93137551093,136045.22831109946,141305.03188090713,130780.28666229686
0.33165366806975705,0.38629268415098567,4.035144723736572,0.19401681911964147,0.23709846727172892,0.28038896112324224,0.9412909627304642,1.7244138497767487,0.9587793824794559,15.746754755166938,122.28292728587103,1774.040106845107,14334.651871512899,120807.43552839634,169956.07847202785,168454.71917224265,153153.50232217583
0.34813467036443746,0.3659907405679753,8.505045068945057,0.07655102354162757,0.188544304228807,0.35238631125055897,0.9149650742670778,1.4933083750526142,0.9849500930296479,18.6383864035663,146.7636226949722,2173.910773593496,17272.33172598455,147759.26873613975,214875.1920342157,214743.8640575951,196882.4624578918
0.4235702318728617,0.36602243361478387,9.67047290336816,0.19788235845247953,0.20284195759770957,0.29993227120821997,0.844163472404879,1.6748221554629226,1.0698116125637738,19.236521146949297,152.59959660840806,2230.6571078217858,17972.670302542665,159051.07340069633,230513.1527543241,229877.35911862925,210694.15659007643
0.3096043185541032,0.35698923824084516,8.567165247840009,0.07867158224635104,0.24498387209169598,0.28809496566438164,0.9571184657504462,1.4761071484602928,0.8068588133172582,9.72580686161908,86.28180087236355,1251.8224951687941,10003.492541528107,106782.48180572534,175165.93588669054,178428.8607247049,164640.8900052032
0.13447458346877772,0.23556506825924786,1.0821151654691357,0.16991822907425957,0.24769171875684226,0.3717975991810482,0.9747984803563863,1.4475161013473576,1.1776764197651444,8.611618299005668,71.22840279128515,1038.9703243377799,8326.469331769285,56059.43243509092,74341.45754559277,73709.21268621509,68017.91062348367
0.16932998870401794,0.39728674428436317,3.8627050748945426,0.0926317213873558,0.16167162917231667,0.3969875511373626,0.8929554209618336,1.4145273652728376,1.1507515721067467,13.18420507265002,109.79745192779258,1600.5093030614944,12686.913575033674,81886.63416933622,110185.257531065,109276.35287139087,100748.86982212453
0.3255103980078327,0.2627075699460296,1.4006076146060633,0.17496038729168178,0.21908333647243,0.2666485079086503,0.9348788723813066,1.645518574340812,0.8115882878945662,5.317247072567068,59.36618709591364,811.8735104371772,6574.454633153366,75584.31654882182,132710.97851095727,137952.45481274027,131622.4474667087
0.4238293033710271,0.2029482554819284,1.8649222506363952,0.13324080148771555,0.2491247010867183,0.37274076198789463,0.8647174533986461,1.5931426308337868,0.8939510787253917,12.800491207647415,109.42232677205881,1577.8840268874028,12762.203854302697,126839.80109592904,198736.66052075234,203060.29746179603,192065.41729623536
0.37204232477284804,0.36066892954410884,9.86320350853177,0.11544877486621552,0.1664734026336141,0.3325060733564751,0.8570685248288545,1.6004073709081832,1.1309845848151079,20.886720262798274,160.23169813115516,2370.4340495851707,18895.469509686656,157575.6953658426,225792.97594559638,224180.67474468678,204503.94839946288
0.20413475623937744,0.3648400930668862,1.4628991619140632,0.19495645156360336,0.1963693269962639,0.36695414478193117,0.9221067836249371,1.6082814152964322,0.9859289010414578,12.000762508194892,97.18785454155694,1413.0668831214211,11354.965750168021,80879.56032480036,108534.6487801545,107502.73893953572,98657.50822621511
0.3543007474336687,0.3973967462093015,7.675132062173798,0.16034293531248725,0.15084744409865677,0.3019606619631918,0.9101508361233318,1.4071837919402164,1.1003548927817968,19.12750336042492,150.96894796943857,2239.8894729009653,17823.064870655493,148075.3844166093,212123.93276792965,212521.078885084,196936.4089026945
0.34508995888685323,0.38461768342429836,7.000843778288291,0.06928899739613933,0.23059740458323202,0.26249921316056624,0.948539407843538,1.4812057380478227,1.1466436415573693,22.99743327664384,178.59016871801802,2629.590015448382,20846.747386883628,159473.4477730202,222808.40998987146,221199.90601190605,201808.3154081694
0.19476289809110772,0.3666557534810437,4.439610452945091,0.13178990169991373,0.16462009501210584,0.2175056681230806,0.8933503874435008,1.6551736252879903,1.1235891028924825,9.24724761675539,71.94148878403934,1060.0859373283656,8404.087424795882,75836.98361584893,113250.34233763072,112833.21979957588,102379.41613626567
0.3116265383700248,0.24619666319138211,4.230708048196833,0.10611327559979207,0.1621249071198295,0.26950034330191763,0.9178227261943701,1.4012634334329772,0.8920616593905756,6.922456342024812,68.34352352217223,971.2975409676592,7699.058050277988,89943.67103857241,162222.6039988056,169212.90041298224,159874.0732800219
0.20849533034103837,0.2035964216896969,2.4372086141058826,0.16281725752810355,0.18727718388571876,0.3068195820391111,0.8891833441001878,1.500793014349218,0.8413841661711241,2.7976160569401283,33.767880767548235,460.4557906158448,3713.250529622941,45740.62019822712,85742.45034557856,90355.52273538857,87436.16827538205
0.1032468914385202,0.29915042040586015,1.7755788405644286,0.14118117131505153,0.1891866751020635,0.2596863270531489,0.8795125255451639,1.5609615460900834,0.9926776877010116,4.373907256894456,35.23219362439136,521.2363037834732,4138.0730349996775,37288.680642097446,56118.369916533404,56613.997549332926,52368.66648563637
0.410209638428619,0.3590382161651497,8.803739033621358,0.05900517992190762,0.18705411406363656,0.25990832878761716,0.8447732001252461,1.7086611505431257,1.1707710391740536,21.961747560207485,170.68677567329743,2508.2782498478714,19932.44894973014,173887.7786177728,257991.09168417985,256507.46794476677,232024.8320784845
0.22902513179962833,0.2978512900740713,5.559969604701922,0.10097560027730598,0.24963879152971905,0.35677329002695995,0.9610759680694952,1.6466401191311886,1.0881337267885793,14.944044060181158,114.63952369137597,1671.5540232267008,13320.498035444904,99971.59499823522,135366.6250220813,132311.4827434946,118683.00789906528
0.4797119927485226,0.21404098419688444,8.314689452638097,0.1467013546402139,0.189291216996776,0.26950198675646897,0.9602088233891746,1.6275816429089611,0.8158700566442245,3.013902527240901,53.496769858525994,682.498227293702,5334.758168342757,75808.58262831441,181028.5914032115,196868.90961075787,190158.92924711027
0.10136497759589967,0.3879530711614444,1.0826463003049696,0.06859160129087075,0.19361505793688383,0.3390193637826672,0.9443179994941653,1.5455607089308774,1.069875124266222,8.520131488962493,70.11253958322419,1013.1086836266912,8015.665102490008,49479.19659470429,65267.40054891519,63955.59143064288,57833.37429990794
0.2591764569494177,0.2600096665366247,3.8940147431452727,0.10959936426268274,0.15013808018496785,0.3072195691747961,0.8963195717453888,1.499242228613531,0.9014398712655673,6.76922772142542,63.237613610635755,912.077834121544,7266.649649195525,79772.82477532238,135814.72605613197,139963.04139694182,130950.97778341049
0.48650469273505426,0.36895864904645514,9.408739059471232,0.18027508253204427,0.24462895181103153,0.3284229071563095,0.9562769347834164,1.64354005772751,1.0641503789110704,27.26905345062251,210.27081968210197,3075.0715543313277,24752.986575674477,197114.1672897989,268936.57486778876,264538.89963932993,239251.38285098004
0.11707518158618996,0.34762122317768823,3.8332029425858516,0.1693306924348218,0.2486570061065154,0.26977401717629423,0.8581619367085866,1.4907588681344932,0.8350455348409668,3.819617214560581,32.49038907131037,476.31729993789236,3830.188149685335,38030.55207207818,59408.891828590866,60618.927647965626,57224.71701696178
0.4500618655023988,0.27394502666809917,7.7375433694047855,0.06484149887778067,0.1998541548504518,0.22751126595679327,0.9214407817141052,1.4580081708592698,1.0878115687040133,15.572100040815105,134.7562275905556,1968.4265499064072,15622.855796201055,163636.49477247763,269984.9704605598,276508.8522893323,256195.62340846405
0.11377399449823643,0.3146796414429135,2.6401507139352907,0.15367939028987507,0.22699923964763025,0.3623398037569644,0.9161712755058353,1.496055506755798,0.9185970088907183,5.452991865029936,44.45617993334798,653.9760889816098,5250.291699260564,42940.309464441176,60731.073253125694,60870.01221813617,56574.40766486359
0.2862407317044542,0.3362906037235237,8.943390070627068,0.1562105272570105,0.20653754113162373,0.378565481615226,0.936010888347605,1.495807987954363,0.8409153107476462,9.364391299377072,79.88635046752539,1157.2923255621106,9383.454065753307,94511.92398591449,145357.96109896165,147325.70359717164,137739.54706954706
0.42497237259202736,0.2567712218427442,6.011932854382004,0.05731843483629069,0.1877794461622676,0.22637169355463968,0.9167737417704723,1.5050752516094548,0.827986687030918,6.255400670412401,75.38902088457385,1032.3318240531198,8048.049746073239,104756.84925214508,222862.28489404955,238097.58022564807,223465.3970611261
0.2299366689157863,0.28757693798920225,9.331369580677658,0.1775002884029528,0.20102928011449603,0.2176656986221394,0.9014090239442407,1.5414541164387208,0.8548458844488308,2.5487414376082267,34.94974594809337,466.87370989710206,3716.746056254989,49178.49229700425,101617.61943963531,107842.89460401528,103146.84366461777
0.1562690283612466,0.3474040122609652,5.63346661652323,0.07501450684973814,0.22007088163180835,0.2938884020196133,0.9825473804259397,1.7199509700808295,1.0919334527090532,9.803940668335978,74.81290346910458,1087.8376826988163,8661.73950347626,68556.83921807847,95305.89550933354,92817.93868616695,82292.20918424884
0.26556508149340985,0.26211015062004966,4.650560422766275,0.05671134638708539,0.22961742888511405,0.3116518233035546,0.950076529898473,1.4368156783329888,1.1641831202967414,16.708581247961263,130.42704220947795,1929.4001801408278,15272.870781227566,119563.91401571604,169414.37136998025,169091.9267378513,155164.72838389355
0.25880165440755376,0.28368226375095507,8.60534220317818,0.10382460676392827,0.2130097746927577,0.2942847996144531,0.8476077790866948,1.6278795683930545,0.8026420571633794,4.773417942405788,49.96409729496278,701.7388941559614,5596.141495213918,68319.03908491522,128397.4166779014,133812.43541688216,125294.49757469281
0.4263918673213908,0.20725997113015185,8.133241321510656,0.1564320678406795,0.19462219455407304,0.29211550949595605,0.9299804096535431,1.5244484958176723,1.127720313088127,12.074213836169717,108.68705957122661,1560.9222178632465,12594.227838090077,134839.8067403702,218298.45665999685,222480.59311295944,207284.9749471143
0.4752265054132282,0.2521020156750185,8.782975683204162,0.07037488349819647,0.1708386322004871,0.22763565863579316,0.8584708211934289,1.6164005986678112,1.0851974879358246,11.303088181534982,113.28680079304495,1610.796698776108,12772.148419830935,148400.03616821664,269553.16786474717,278676.743399323,257228.85632930126
0.2558623793944917,0.3359716633360339,1.644858550838631,0.09070794919334454,0.1525989634424588,0.2885317580321916,0.9842264927086388,1.5381391100714434,1.0445461095788722,15.08767743639162,117.26822652805755,1720.029674500783,13582.905516000455,107878.16820002919,153272.45411710007,152000.84077967954,137803.0377735165
0.43098379359650363,0.33209776229189414,9.057553897607827,0.09255654676095147,0.23457389360742614,0.3671848924416253,0.9543200116560029,1.4765212295345602,1.1916277037174043,31.313266875180567,248.9975279500152,3641.0811419728184,28926.302379730576,203819.8141321103,273917.5308935148,269736.3877682463,245528.8148342262
0.17670558891003096,0.37901263296136684,4.909229561922544,0.18480766517174269,0.21536277460474434,0.20882012928942426,0.9616922140866246,1.5190755688598394,0.8104177918336521,3.5526210996203154,36.414366271108236,506.50226534586784,4075.831786075335,47460.36928501832,83161.34069147467,85977.25285047684,81009.76074814369
0.25737909446569107,0.24453525566632825,5.812008700981876,0.0879453383351345,0.1619617144896569,0.20281732954162174,0.9041878041821769,1.421581638478592,0.9812414622128232,4.862682964137544,51.422006072067326,723.6619376534669,5672.175298718579,70590.35580722264,138635.01045535057,146515.08637642,138172.4318567027
0.23002562807329682,0.21230148735041532,9.875075435339799,0.15538765749288186,0.1574921741437433,0.21461735851850644,0.8699467919573128,1.4197018364971032,1.1951341032941647,4.789771514227897,49.28096812268099,699.1517993257354,5561.430544406944,66737.6207353545,122118.21836243662,127400.26277315266,120427.53224574852
0.33916257543573447,0.31524773455788824,5.73839230081437,0.15858047988346802,0.24679825328443236,0.29775843003551805,0.9651263686523381,1.5277686262087777,0.8315327729010078,9.2997168504626,83.48436485235247,1197.2586369463809,9712.542087999584,102618.47900047881,163516.1603573917,166573.30148248727,156061.2729345789
0.11321998749957492,0.25041960873456504,9.979283454361948,0.10039386735123468,0.18341336392886742,0.33423993557016607,0.8402083325937623,1.5241472740676179,1.1147802667149334,4.537275525647173,37.482062209069646,553.0090349512187,4408.006361119161,42724.79516258127,66224.57977726826,66984.53532079689,62016.78260406916
0.19146623894542658,0.3547178798881719,7.399506587189521,0.10781266985494023,0.2232991749858225,0.22875291370997994,0.942426314655844,1.5203896501495917,1.138573256451803,10.02729180244766,78.13898170647732,1158.4314550966549,9205.947480771592,79907.40245003958,116368.23362392373,115951.51243701123,105744.15040808207
0.4599746908526984,0.27021249666193436,2.8884649737661685,0.19739093688749587,0.199636217939025,0.34879917572439745,0.9045602434213318,1.5194600901792137,1.088409070683369,22.169648561360564,180.61864516937143,2656.084906271832,21388.467760470314,172389.04043152859,241714.79065288653,242092.91320628228,225287.61776432116
0.26246347303802,0.31534833753141245,2.834145351530919,0.06822514732527629,0.18279149995270116,0.34213787622823333,0.9391657186620999,1.6668316309718592,0.9695879162158437,14.546429952753051,112.89678631347208,1652.6393414338304,13095.026041070465,108529.94804165559,156150.22475568083,154194.6898736276,138668.52547272068
0.43322898307284397,0.26640954498374636,8.076352905432366,0.058130699821119326,0.19137943354261466,0.28679616256488366,0.8942633840039633,1.506209857221315,0.8209600949390194,8.437772736045364,89.64647485231605,1255.2645085317256,9893.735696084454,121978.95067384538,235767.07927821975,247488.9731446171,231288.0800958294
0.24770628258109115,0.22246437169274846,5.080467082999557,0.11198590403888409,0.21913439152328335,0.3210389298373956,0.86134762298666,1.5869569747201508,1.1359140762784576,11.338556920123382,89.96366779858681,1331.0687687965626,10602.606762381452,94804.9203489758,140363.80898187755,140676.6419905502,129315.10781831517
0.2658916519557779,0.39243476112804426,4.821324277750856,0.07380503742314798,0.2211400964046068,0.24143547987365999,0.8761295868650281,1.710581145953455,1.0406034831640505,14.772225820424767,114.31173130829505,1676.5999012940738,13297.73574218914,112149.93896248552,163080.19442582055,161165.65191137212,145133.16908410095
0.28021549924698486,0.282398766566539,2.136508977974535,0.15575853699294,0.22310561848690616,0.38996408979712127,0.9278843462148181,1.4542920559350536,0.8784633546130942,11.53140113751366,95.21894156298085,1406.8057885015573,11314.329113047183,98149.5270695163,142136.0504209934,143527.75346929193,134902.02649081819
0.4881414018430711,0.29837225886071006,1.8180111026086627,0.09810654161124285,0.23460205987257168,0.32189080923080804,0.9245150468748686,1.6501182308173634,0.8151583521760536,18.883109037924783,152.83927118051184,2215.6984496994223,17640.15357758621,166410.15857274324,255015.42368617922,256822.79133255276,235364.13137141816
0.32293121472461495,0.2905060635721794,8.214458089861623,0.1385501284774341,0.1611229869008929,0.3412723229715214,0.9574554938236933,1.5920655687963576,1.085168629021625,13.941377573238887,111.93679872733594,1626.31531460129,13031.9852820764,120885.68493755441,178795.7906762461,178335.92810539994,162369.55819360988
0.14607505245650618,0.2806566324243025,1.7793263743191021,0.1890734666171318,0.15396044244382967,0.3040686079596443,0.9858682217935729,1.6261812251499432,0.8099406468282799,2.1567139129067305,25.428247015699718,343.50093932009935,2778.044180666991,32689.352110095937,58236.31672142708,60633.0093058344,57829.7990926092
0.15873896187533335,0.22182243798974946,7.00453477477158,0.16835209738314072,0.20749635434230387,0.317742310622233,0.8911916490393472,1.4543748704933885,0.8049734310448285,1.7880425452521025,23.75033404729287,314.9590639570965,2541.0221670676106,33129.72136683941,65134.21544970334,68948.9222977307,66941.46342404709
0.3144203472769169,0.27243978814442543,4.4331883135280155,0.05746054609336118,0.2035045454146039,0.2380586619379971,0.8763328413163249,1.75707485580882,1.1936732171299114,15.4647102812883,121.77048332802737,1778.963757421519,14081.930953864965,126719.6421424274,191422.45195439178,189991.03498432285,170713.07425704194
0.49855824218781797,0.323946348831866,2.922199363416385,0.12822759850064036,0.24322365738966728,0.25517272702294785,0.8824614570989566,1.4525900144594963,0.9527865026209232,22.664489265213547,181.89762855497148,2708.663763961577,21499.203387227248,190061.8787576593,282645.98180157586,285305.5801904549,265488.3145924798
0.32682397839864186,0.292629344054006,5.999376392228895,0.07555776304526604,0.17972706950558595,0.34618833709415525,0.8485065181278705,1.5229173469371324,1.1726571537607955,19.756140183102307,156.391776371507,2305.440358649952,18301.827197106857,144512.4547463969,206170.60558578084,205718.45837749226,189072.2309279792
0.4282046168811927,0.3932403581232629,4.920379350709676,0.13038188110713472,0.22421900213903392,0.32460783122679626,0.8472244274667896,1.6578913849999721,1.1045314039152756,30.573285808335843,238.97509887647047,3476.418958076825,27684.79248150103,192802.21194104114,259380.79747295933,254434.05520228724,230567.1378168444
0.2849236935973528,0.3692883023896938,6.292682992187708,0.192941227651091,0.21787126284144673,0.3126331908321417,0.9597282151886832,1.6531652545676991,1.135670648840697,17.977714425943443,138.80943656333,2024.9350802126307,16234.374797226224,119772.63528945879,159683.53212139627,156367.32149036776,140910.52759455325
0.11313107930844502,0.3392908478917149,8.01283562455471,0.08157197670663555,0.1626192904094281,0.29265481599186954,0.9385557126138476,1.6774672489910127,1.174728295164027,6.264951037934401,48.1599072494698,706.1676132248052,5618.295382624237,47994.617127150486,69321.84062006196,68320.02722580633,61265.75328044103
0.4446977129810774,0.305194752283244,9.207469112750733,0.1687451220526477,0.24910589553945345,0.29048850150398803,0.9768653756300977,1.6343522722294888,1.1989398301675354,24.90577568903526,190.30567064955147,2787.65078757899,22370.69501132841,181743.59182060842,250224.19734167345,245850.32005179697,221508.85575631846
0.1100937862901513,0.324305761305342,9.407126838856236,0.1819212856897388,0.21715129722228632,0.36769203636054726,0.8857707477697891,1.5926563306646742,0.976536253175003,4.629381694001252,36.713911812298086,536.0201480742624,4339.10908643886,39462.28234589,57495.42856556643,57666.84414494036,53419.532189637626
0.4590582214209906,0.3753151857120152,4.74831430926621,0.16444226420336805,0.23612343163198335,0.3817455710956304,0.9720639140098434,1.478012121745173,0.8519805112095702,21.548648911334578,174.30508454952377,2558.7681517028896,20640.39190062433,172074.3461651394,241264.58569910077,241200.88739849476,223657.81506433443
0.31602914465541165,0.23968559867925002,9.719861715979118,0.14391763069434557,0.16200924376749745,0.28534444524416663,0.8697651671623428,1.6276139862785257,1.1502211699857876,9.417070162217387,83.80341504298575,1200.421163660247,9636.61270154137,103180.596958552,169107.4487257216,171844.59675297682,158436.5892748132
0.2597080898957085,0.3950499689051761,5.529805938028925,0.13565317386665274,0.1597500505272649,0.20140518043308056,0.9454503970948465,1.5430877273980927,0.9651469448775033,8.065144699573397,70.89635145593203,1022.6183905057354,8140.458232880685,86762.32088883371,143334.26441348714,145898.87553445107,134147.5517880043
0.4005465518037542,0.26520333511724364,6.485569399913562,0.09602736246741539,0.1634315072335216,0.26425072469101324,0.8512334419560622,1.4355084620967131,1.1993337807827267,17.74151656661267,143.02861937237796,2133.9071911741203,16891.64939004788,157892.50509235184,243548.22352246422,247309.0655307043,230388.38620220142
0.20830737073191555,0.27675360505100105,2.0682993371900276,0.11324041434578387,0.23924369269659385,0.33182760911614295,0.8510406651035793,1.6206294330986921,0.9729148428214436,10.722317085306182,83.7312939259699,1235.4969813247528,9855.987518119027,80819.41361572292,116077.99122627925,115925.4669668513,106483.40575929922
0.4820497531017427,0.22230310627540592,2.30059913364234,0.16396620999136186,0.23446137159890224,0.266784307154952,0.8890091365826944,1.6232584752831865,1.0574984193520767,16.67887807284252,139.27187682614803,2020.740181144348,16216.931558747216,155713.2485405447,238934.42518656113,242066.89587748688,225523.17945211404
0.14103045856673885,0.2079835547303207,9.206509090682248,0.1877439826025224,0.22169170831008914,0.21291786549989747,0.8970432268513472,1.5034500038620098,0.9391752307640825,1.2088345838788166,18.87300905301901,247.21616586853645,1963.2802727336564,26882.069805274,58516.51771713404,62751.685504195666,60724.81800075924
0.2313283983719412,0.3544897693648422,5.667184431437203,0.058003612454429,0.18543962507846368,0.30926529375343237,0.9357706548068934,1.701195320640395,1.1712861050196315,16.257033466409137,123.95209424580149,1802.3506528123175,14302.265338913667,106953.28950718587,147340.01694919012,143973.54450945766,128463.57675144137
0.3044843757725336,0.377353909716683,3.2213449226939463,0.15127242711718775,0.15029633001200007,0.2637221390483498,0.8804332732606818,1.6988692401688452,0.8823054760658159,9.45565673503243,82.46371155479872,1185.7420874218342,9478.790299848053,96868.02450199312,155980.34953016893,158225.1251719144,145521.23172049693
0.4505437699210343,0.3632031785984633,2.8396199269135844,0.0672146421353004,0.21238975009383632,0.2647450646231697,0.9390252949326601,1.541027553410696,1.1305582581328006,32.35024413038339,253.74722739769467,3700.8881474184404,29269.065347087602,210010.26346268863,288641.3531941733,284971.60215673037,258499.07388239636
0.40415969682538966,0.3747161396856269,4.304350561046941,0.051601877940067015,0.20867806248189708,0.31744189496789627,0.8513203973992333,1.4821077835060459,1.155480999075016,29.926610990981217,242.71388380685494,3552.016664529552,28100.87007245143,194176.96540630216,268776.0805892407,267830.45409394574,246740.50024702144
0.1542828783847665,0.3364200587309866,5.215775068337099,0.054177860346343476,0.17060616856510036,0.28679666053981534,0.9558918869017216,1.672741113617018,1.0787690738165292,8.27382306024821,64.36965103860051,941.0279392557115,7452.955957152003,64697.41905840984,95174.82521723102,94209.12813022328,84488.6807665758
0.3934365749729054,0.3311279039624667,9.073130853067722,0.057737525223673467,0.16309235366692235,0.21157879482748188,0.9214867841501677,1.6430995539692506,1.145135714127932,13.842399671154723,119.30241655356181,1720.942214218687,13713.986695633921,143315.67828819575,236740.41724529295,240165.8638241208,218423.46188043745
0.2696826099042112,0.2992354745024321,6.502105687625771,0.15705914584794195,0.22042414196166696,0.3625077914709684,0.8929783941491838,1.6133593674984779,0.8266285092284419,7.418805889956875,65.14752382648916,928.790928578875,7564.785721351101,79827.68264616093,127414.88082866558,129942.33365810574,122146.77829448757
0.3903757501023505,0.3384736575595051,4.221086946941717,0.0776900149892309,0.1706979699079596,0.26865155931436574,0.9345574164211579,1.4459913768265278,0.9115813092973155,14.873429287867081,125.0314073351088,1844.8833508551172,14557.618557864282,144107.5351693498,229086.00622683894,233152.37376412196,215813.31881685206
0.15815331847783867,0.3346544557124729,6.311180349427096,0.16512761043934948,0.19353779844887098,0.32238397828811377,0.9667711010017377,1.5953773459107075,0.9834864282042959,6.870277155379312,54.52927622394551,790.976144481821,6370.4148105691775,57636.82749545367,83738.47956924707,83546.18988022777,76416.02745770122
0.1219370290550641,0.3951668105504217,5.679513519946139,0.1254048319287566,0.20651517838909442,0.36357165100983924,0.9489244241684601,1.62836605375177,1.1851826657632063,10.046825919670168,80.61538096327935,1170.4825802786104,9304.384089439725,58603.896215145694,75573.84978959894,73292.08757546051,65645.48995616785
0.36498153882995066,0.2595832342605094,3.487878890293462,0.08901207496821839,0.2026869714166721,0.2364092352582614,0.9683565199307478,1.5012635425750642,0.8877897579815403,8.468023061357876,84.59833483929096,1197.086911919539,9472.37645806852,108337.1353489966,192308.45976118534,198782.00951469314,184409.2028522562
0.3804507582535531,0.23509509674374415,9.206854533046098,0.06619880128872965,0.15095751445097572,0.291280827871067,0.9694262745466857,1.632237364873936,0.9849789911122085,7.392765685910548,80.63748807056703,1101.368426943921,8725.956220206188,106799.13703741743,203962.6320613007,211334.1072649703,193233.32170702209
0.4662712949608271,0.21639637603747341,9.418919419299474,0.0902049436257583,0.18483364421553988,0.38922853794164,0.8894854838301678,1.6969102197208916,0.9554771216192094,11.717832828907548,111.46588478498303,1580.3380792915048,12676.937445953632,141976.75698019104,242065.7350974833,246780.17496447804,226338.56206735913
0.28255197495577145,0.21955866834822865,5.832304671351265,0.15033228493912648,0.1758680498459057,0.31417828246423113,0.9807893753814408,1.656774419783493,0.9188872533601227,4.184396962712506,50.45368337767595,676.452148990263,5455.515320058196,66524.35443261437,122240.246670662,126970.78351695326,119451.23197509693
0.1636020106318842,0.32084988278549353,5.919825419711318,0.12108378669650684,0.239307094707642,0.30743847169539396,0.9303685052799333,1.6540747288519735,1.0594293412049576,9.140681556918786,69.90969460641018,1024.5859705322791,8187.620501830284,67058.19108203507,94027.34251381947,92653.45035338076,83634.4242931673
0.2841375224188337,0.2699574176584679,8.943266307807242,0.11321554976575617,0.15748423696660596,0.30702362165119695,0.8572894442811232,1.5906163618099731,1.0552745598077864,9.28283347342808,79.97518069414961,1163.6567307027105,9302.699757152806,97459.89483600177,158401.31405471067,160941.03608754516,148483.18028987243
0.21976886066555834,0.2241394111584709,6.869858292760437,0.18970803004657194,0.18564377678271268,0.25318373875784633,0.9260582859499913,1.7290209573857274,1.129603805897283,5.0298718909387,48.57278247622177,678.5987555449573,5486.120721422456,61322.97514508057,103157.05086162758,105289.70668089167,97510.86186414641
0.4197693755628984,0.3581655863594741,9.085647096940438,0.09307579373122993,0.21210876965633102,0.3931386206255957,0.9287589381490275,1.5856153091141105,0.9600036915018629,23.43428582794969,180.18403854046525,2653.1416803008537,21191.63974449518,176418.74785155468,249696.44098602925,246942.9689147962,224020.05537228502
0.2743035779486218,0.3475960245188091,2.7939325153064587,0.1988203632674002,0.22457930431997664,0.35768235411790156,0.8447815250480892,1.4278495398253868,1.0757631929808995,16.655200305349553,136.73759422898954,2017.8396816357754,16170.586908733885,114229.53742136198,156905.28149304452,156997.49443132046,146718.83542602434
0.47356924408916345,0.3802920714893632,1.3845366402569703,0.09198773542450482,0.2469515440125339,0.21920552423013503,0.8960264632154724,1.7604317368788789,0.9011368920115003,22.527341657209174,176.839632009092,2578.445522549585,20362.1240886056,179074.08927497783,267854.23648499366,265826.58446596283,239047.6108629285
0.29161181578774786,0.3940605984808218,6.691939102066944,0.18142823158470184,0.21798192726040588,0.35384562624693683,0.8928235508109503,1.7569057099264098,1.0090526259029284,16.318948117700703,127.24068367955407,1850.453554764232,14914.995116928314,115972.40420129984,157934.42654581854,155232.6133368882,140152.8060045675
0.4395857963550769,0.2421665059446682,7.7724579955559685,0.06407471815360974,0.20060410330522663,0.23929745720565954,0.9156207668907361,1.4763908258897718,0.8824680260326075,7.535769487191495,85.1818132086201,1171.417612353189,9209.361309141404,116874.97132289803,235427.65744110415,249037.71085931282,233505.58249752945
0.19848426534556537,0.24137183798737616,2.8083061231611373,0.07434712416693032,0.1693938062139095,0.24961736531589238,0.9214186741964587,1.5980604460854482,0.9316596618748427,4.809948595825224,46.36256007642647,665.7948660965704,5243.066652254857,59368.26025048822,106316.09309059224,109801.07008719971,101228.50357304134
0.4682961121658811,0.34147586947092545,8.381949768881803,0.1275352306407037,0.17786995550196333,0.396209404406304,0.8529657078629023,1.6897653520596907,1.0432008107876118,25.891180425219883,196.8948615291275,2893.1712879701063,23177.187874510673,191000.64603993835,269797.86874916626,266637.3373983961,241965.05994774017
0.19126055592935015,0.27504806740095117,3.661793486960659,0.1458878880789257,0.19229331138609998,0.27519988056298117,0.8564308547655974,1.7355972597636935,1.0314994529666008,7.029588560021776,58.047750221522925,835.8172214729677,6693.601692888622,64547.63911317695,99572.63707014328,100200.59648189945,91781.68999531299
0.40784851828139,0.29252442271934986,5.44058085856864,0.08498738664371205,0.17727407422066002,0.3696386795589074,0.9308820143001156,1.561513697404671,1.0095980684216141,20.88358836817035,162.63940950005411,2402.271566091785,19091.772825604934,165396.7203712868,240680.31766475042,239666.46612182484,218338.68511026527
0.2827228335246801,0.3162745149655068,9.485582830090221,0.15087190975140513,0.18502155275324988,0.28125926345091495,0.9660959214488303,1.6268212767957442,1.0589549315314117,10.55613175480661,86.79627083489426,1248.199141714086,10037.168464942602,99654.9461410597,152772.44955686963,152923.05206159267,139013.01394549684
0.4874429809252445,0.3348662333770514,6.073667295721062,0.07197407532366082,0.1588620457474042,0.37829578284771725,0.9193900626660299,1.614580649455852,0.8020910183968779,15.837366909967713,137.13322259473424,1982.9083365397146,15808.754650412136,165656.36414921848,270813.00233563245,274537.9335330039,251076.5588167321
0.23874576685178708,0.30932916832497953,7.066947276896553,0.09793702744640653,0.21254418176894907,0.2586940846309822,0.9451714265139733,1.420051433813983,0.8638209092201103,6.407040289857048,59.849041904918856,859.3576715198228,6850.326050647258,76567.55998033479,130799.9203714872,134670.27626992812,125686.13794990352
0.39192347309745756,0.35657377830939607,7.217368490265494,0.06600109500370925,0.2177442891647361,0.3610533423493494,0.9309122056539654,1.6308706777100253,0.9544634448085829,22.319449988455833,170.55296023487486,2508.326273170717,19963.068339753412,167081.01061578805,239070.61134931765,236092.85550940785,212913.55266749606
0.22126579133059412,0.3078498654153441,4.6816244329089844,0.09352085298988783,0.18390173661505593,0.39489639876163196,0.9464129951984638,1.7348100768877455,1.0591967137229927,13.941258311840132,106.26734077871302,1542.4254699926544,12304.292442711418,94635.91264297115,129676.6894888539,126411.37670516533,112618.88472667844
0.4466498374991389,0.3892274779398483,3.0016173778288864,0.05940267377962804,0.22475153607496406,0.21498985823688033,0.8954024328613122,1.7413986415885736,1.1835117595209284,31.268883163704714,242.33384451871154,3505.8230831716496,27734.33680516538,205229.42607873632,285015.8700371685,278910.7007760787,249177.4404822058
0.15790656365329234,0.2142294912494012,8.169284292988259,0.12172747646565485,0.22244534893045775,0.24744863578459073,0.9065726776310447,1.578452900316813,0.9608347610671637,2.643197442637248,29.27358883521306,403.11949844317735,3209.7841759510857,39980.997431010794,76477.9984387775,79928.24980512657,75005.34771561637
0.1603882533300995,0.2801571267583597,2.9847929116486682,0.19524658843971893,0.15176924414613835,0.2638169557221076,0.911303197610963,1.6652801981353247,1.036415517234684,4.916022394267592,42.1352783250988,605.9591410374818,4872.937020838477,49318.90422042705,78022.09784944858,79226.3002076485,73525.07459374248
0.47978535783662235,0.25757397252768216,6.488575062366787,0.1036521927474906,0.24442135111481295,0.30787893571648944,0.9038779970608599,1.5958637447208892,0.9586575770607468,17.11727822226928,143.13920203980655,2067.7887404177045,16561.73103649445,166284.6258416021,260632.86722365773,263164.28659547184,241884.71071340636
0.42161453045055763,0.34117969951211385,9.917838202964656,0.17078576224753678,0.2047679741738113,0.26003064341893256,0.9232817973911225,1.7081454999390746,0.8313951713504469,6.6789911249330585,77.66928772762098,1042.2631872749646,8403.419598378949,103057.3439153952,190310.7190181287,197214.41183881165,184460.52825363918
0.11072818657784277,0.25463000955742965,8.997384265940486,0.06686864415654607,0.17086335662258653,0.25457813592121165,0.9454984647227921,1.4699213146364865,0.9574123712240481,2.251007699605221,24.353617518245443,340.1058962290943,2690.257316855338,32653.69410745601,61484.34233017986,64214.95877404667,59771.27577966108
0.4835799226166444,0.2538006982578073,1.519094012410556,0.10223578474253328,0.17113485647637472,0.3385605554963911,0.952840446980026,1.5243969805613051,1.0319530471322365,24.804763058095833,195.55181095057006,2888.65897279097,22900.85100856577,190105.8525212909,274425.48870865634,274138.5954736362,250997.01022482247
0.16575599942622157,0.3223493352550668,4.820011092578493,0.06394816235909034,0.2498981559794941,0.3627394768987523,0.936188734244405,1.7247183956311556,0.836782424207266,7.498085348124742,59.81359552011018,868.1488520776692,6909.872454287131,63302.52604292927,94589.86413624742,93692.56350194823,84067.69980258038
0.18440651149287626,0.2162801464284196,3.764593470412821,0.051225894926961335,0.2190096449125637,0.28177093382377405,0.9809996861279214,1.4217316170222714,0.8058006260891197,3.6743439990583178,38.79577627834548,541.7836777710585,4251.480824495991,51615.61214435724,98527.99776552344,103486.89739198227,96820.50362740249
0.2757435741669314,0.31765870278054437,3.030243753278543,0.06249988326279932,0.20031314984647533,0.3157144926713248,0.8880230788485793,1.7148063196559615,0.9666095804499669,14.700849526477215,113.60984806615093,1665.3538125196158,13183.122931845539,112420.70030777896,164819.42830331926,163161.01655863159,146933.9639375853
0.14819565133169288,0.22754859720803655,3.729170150729024,0.0787371444959375,0.2268576175972205,0.3597335188555367,0.8653541036419561,1.4201896090629953,0.9493417563916224,6.231543654947435,50.88983142759635,761.1394965009863,6024.9915921562315,55907.27485307074,85687.0837715846,87050.04939398436,81350.36832251305
0.2693253191267864,0.3439597877576239,3.383941048693324,0.1146612247958385,0.21311748198032127,0.3739796946384373,0.9681982127659425,1.6836279061301542,1.1336101933087062,21.574264289853357,170.7569780879822,2466.4399948669493,19611.63473345041,125478.31422145625,161992.6900567089,156661.4899247137,139458.47374054894
0.44903258869520246,0.3383167071205441,9.52266004266372,0.08231281863358043,0.21422600819707266,0.32378015717616276,0.8754562415566021,1.6669645881670694,0.9439655303126163,18.680056541554848,151.51601417038933,2201.949448121663,17579.20272400885,169770.80219710816,261208.3086941844,261268.802253772,237401.4733552911
0.27773615515317807,0.38815378818582846,7.373437457489086,0.0696240019120366,0.15389543662260122,0.36499179306429025,0.890115162939116,1.405293417982743,1.0788177441675824,17.37463876139056,137.77565055122756,2045.6455963787569,16209.466071311768,126170.21447422716,179717.86649087723,180220.6466580191,166892.8653826541
0.21592958829320397,0.31759617443584415,1.1095121811326065,0.10600740898400086,0.24595288712816757,0.22269783626194764,0.9276002167559447,1.503700839487015,1.0388394094060671,12.22903259851851,95.64227555259723,1413.819583351068,11183.673185948795,89044.05353208579,127560.77739974234,127328.93936097882,116746.61092619188
0.15974021292167784,0.3775547946909872,8.081170746405649,0.05515262109810308,0.20144566850640583,0.3124216446262821,0.8920718997563312,1.5898110460642951,0.9238672124544267,7.455352620090435,59.098006730793806,868.9500223046946,6897.720918540825,64206.779945102484,98001.21235418502,98382.71851869326,89780.09465949525
0.4500859651177964,0.22379863509594852,5.267035690494797,0.17652574173044583,0.20973741454370579,0.22287990533001542,0.8606111747656908,1.5109264381056762,1.0043327279292202,8.665095508184677,88.28702206590961,1247.9353400412172,10005.014169774317,118629.33856711863,213651.52324911143,222619.3315460634,212010.40667559157
0.366173114364845,0.38484028008409765,6.610290626995641,0.14652789475243563,0.24240287650594367,0.3502626510802648,0.8690492744767808,1.502453827003972,0.9163652880959812,18.848225228606374,148.81388637337344,2201.1177619192385,17638.964508163557,145877.8521538265,207406.14977027412,207474.16442085928,192138.75868252703
0.2057745205703607,0.2657321174530716,7.514579335773345,0.09998672416793133,0.16234967719085167,0.28574651296966114,0.8726467211946705,1.5512811217308458,0.9942436354148905,5.7161397576719875,52.95047717365294,761.3731936676861,6070.457312376537,66820.51945786452,113530.89278684984,116396.22096269637,107895.05602002228
0.4166429895438818,0.34905544047269754,9.121810813604752,0.15573371019929488,0.1600067521646766,0.3353469096442797,0.8920706057588533,1.6620945401030618,1.0268799506834168,17.74397358416529,141.78351073627547,2063.180995937533,16563.915201849777,153968.64704067985,228611.22413784967,228145.3934130068,208004.7119616771
0.10980937629856458,0.3392066257910299,8.138251685806157,0.10157894404423934,0.23600799769929745,0.22651193248741797,0.9353882861078511,1.4836960535939223,0.9363062163717246,3.4445872651406497,30.745035689860533,446.76641780388616,3568.6071903220445,37945.785211576804,62247.44199684085,63431.22196453663,58609.86421515556
0.19763945548335557,0.35823392499339535,6.9696135072680425,0.11777622927153887,0.21047049906900994,0.37696728970113785,0.9475424476797829,1.41363696637458,1.009563933152007,12.07125335087886,94.20189701666744,1393.4891671295222,11103.0341732188,85850.72722325056,118954.9732119406,118323.5340203101,108992.1890980818
0.35481756770972706,0.3756751185130761,9.784330252793477,0.1361266949012869,0.24293880102369592,0.39137769858287086,0.9610363279646443,1.690748619798279,1.0412358020930168,23.247623381836803,177.287012831076,2572.2062199328197,20642.727181901988,153510.4900942727,204536.38019447203,199132.3746011858,178052.81502212124
0.23508575669498644,0.22129274733542925,7.948296195906703,0.15031316357658298,0.17838154086084718,0.2969748116089764,0.9723531507086687,1.4847292756600776,1.158117740606647,7.806900204548685,67.96223124013869,980.8315120501296,7895.571821061162,80349.47144429151,125469.03973174012,126985.05535254236,117462.85257467264
0.4351801168701078,0.2637529492983091,2.527285444755461,0.18422652941629658,0.22948506371892216,0.3137754394141696,0.9448648242408866,1.670961041843714,0.9748365072941583,15.975076230598033,129.32390562227405,1855.803904509546,15052.056636604446,138963.63377315816,205046.52860319748,206367.85098413855,191759.62024290892
0.4507460002077308,0.31344589641479503,4.066961398893671,0.11823808528960769,0.23113819699572402,0.3948196457652306,0.8819791600129021,1.6870053371762594,1.0097492130346535,27.651645929630206,216.7630122764574,3159.0842365867356,25269.113768565418,188717.7905788295,257152.4384621179,252891.3744399025,228890.3526123235
0.18868384898493398,0.3078511003688286,1.0625208076556323,0.10198260196789724,0.2437637203346788,0.23684237231435382,0.9755139189762236,1.6944095943840802,0.9100338438878584,7.874777042540915,63.29457891719714,918.055055622934,7256.869537269537,66473.80422681702,101005.22654349511,100886.8847327999,91051.09345411578
0.2509208437038527,0.33987530472032235,5.957259099537963,0.16112867619466037,0.19871183109774815,0.28223083282761774,0.9634596604970034,1.6502469097091725,1.0306764944766251,11.215449098366097,88.76645104660636,1286.466061939692,10322.69484593973,92991.18460446098,135212.28323883115,134353.79466070834,121828.22120867997
0.2893436362058484,0.37316836037430545,6.036590738516763,0.10972949981003553,0.15297065430425308,0.33434601309836387,0.9425455702138853,1.6134164159044013,1.1521967661559336,19.308364758312983,147.9745291094383,2164.172934948235,17210.764779730496,129602.01624973048,177329.35937247158,173911.51911469188,156589.79940768512
0.40644864229276,0.20283938122819775,1.634627925517758,0.11307552405907098,0.2182885052391367,0.3590438796147353,0.9694277823535424,1.6845221076644332,0.972776050276891,14.81092891268064,122.88328581863236,1766.7322345840475,14143.0143869115,132636.02714678922,200665.54205236936,201747.23234462147,184886.30306187161
0.1635818015300341,0.39462604116313293,3.444756460647665,0.08231997105607206,0.18434801047970448,0.32484363608362427,0.865019127821642,1.5306556652271444,1.082805505638198,11.57676643045395,93.28950399379126,1360.1562699856493,10776.281115377227,75930.64559023517,104367.66929808386,103388.96638083077,94604.47637197001
0.3291450610890533,0.31398083722394954,2.597402960830152,0.13528579958695813,0.18134119197517204,0.24080976720055539,0.9584898801900071,1.4612409233356813,0.8912095341193406,9.940838037861383,88.09384555394546,1273.106731773065,10146.035841757328,105565.18598055045,171931.12174823773,175910.58840121888,164064.18181419192
0.23607485880524834,0.286622597023701,6.154766390716616,0.19481577715757897,0.24610467473875433,0.21588864529830912,0.946833583412974,1.434709984964922,1.1392390925284368,9.333536670092489,77.48636459143752,1139.666145004006,9119.140777251783,85770.15913384239,128408.49855428637,129566.91652665252,120505.64155790476
0.32428824713134397,0.20547079655902045,1.3259542108206133,0.10174771150324252,0.15716699120960823,0.3625817967026427,0.9765249319419904,1.6096112305315944,1.03377816918706,13.301419671373884,107.28453590521691,1561.4324078782474,12390.14144710464,113531.72083428697,171509.61126883823,172245.7589850929,157248.75757703252
0.2799181839354839,0.33844563843455533,2.8963064749644527,0.17551643641977221,0.16632467102678267,0.3122193416819973,0.945187877187246,1.5076455262672503,1.0535773736829683,14.848041730674275,117.85476101284773,1738.590118147641,13900.580901998828,110984.20027493173,155352.63620160328,154789.91803124177,142372.94793178214
0.40522046773385456,0.2929723693254817,4.423685120441863,0.15425334429892784,0.2291695858919325,0.3021097756053016,0.843353775459521,1.7434750875414102,0.8358149614570354,9.601650356497556,89.92454737287956,1277.383196291315,10324.265470543283,112184.8098880123,186488.87237154733,191100.75598312184,179264.6670200828
0.35837687275067454,0.22097552550289787,5.132123927920216,0.058185791708055316,0.17599148147093083,0.29647903689156563,0.8565923994309977,1.544088650845929,1.1335788270137204,14.667476627040688,120.3472890352472,1777.6274030557095,14049.400098253625,136490.00502198658,216100.14682916884,219371.8304204908,202431.4417300804
0.2481696256756215,0.3383915908439308,8.451333676547634,0.19305114834608839,0.21247156444688536,0.37416379740001193,0.9067174772782136,1.4808562162847576,1.186383408979061,15.95935763928263,126.683665838688,1864.1042025858246,14905.2604433002,107473.52180629289,144737.19635474507,143353.8552718889,131951.4677954382
0.28831691486619393,0.37582849537176255,3.1204661374081946,0.1769653164897534,0.168527073821247,0.321596564295255,0.947725850490073,1.5212058851103911,1.0884014522468375,18.334140851344458,143.9818767775308,2106.394821677611,16816.172322988965,122423.1137770017,165666.58510413396,163759.65331376498,149637.15056129036
0.4339417256120527,0.3478541226154718,1.0798985520496673,0.11177929999141208,0.1893654308565556,0.20167021646697597,0.8645426564598551,1.7059859350480044,1.0337550343469946,20.837028245163733,161.8277614180473,2382.2760180255796,18779.420390599247,164640.83812657712,247981.1226162465,247602.3755486388,224699.346216038
0.41253342055081454,0.25960058070594333,9.286582831811192,0.16963460665141394,0.23624274316959376,0.39557351419639486,0.986451029901702,1.7227486973181205,1.0059362412479622,15.143736088787513,124.64886929805174,1754.4147850733957,14360.48280462563,135978.14263932107,198547.56146886398,198054.39033723902,181225.49706326585
0.14568287049284034,0.2989906610367831,9.080271546604354,0.16650638890067132,0.1607400401156371,0.31980607424259666,0.8400316465474617,1.4566719941923705,1.1904746410992284,6.930027315239387,55.14601924909833,824.8236190307044,6586.232582787332,57769.43339137515,85002.53171387344,85602.04445425782,79716.01267853602
0.32314033210946325,0.2630080302869237,5.630527871878602,0.08363336150231471,0.16482716289013033,0.2583431276430986,0.9293456649208016,1.6874888369556738,1.0356122005559396,9.295436482175333,85.21058466343567,1220.326943600653,9694.951731916255,105319.06452128493,178350.4231710034,180893.2833551257,164191.00816028533
0.33139601251469997,0.3558417177493461,2.846112276276872,0.14325569945203853,0.19554097663090997,0.2644522517460501,0.9632876524326404,1.4746709148083144,0.8963387231280683,13.414497446232787,109.21958896356274,1599.4483052632415,12734.076063571983,118551.72170526299,178750.90003760695,180393.74468826718,166973.22410293718
0.3675894233952117,0.38366328038401604,5.624582398927345,0.1068726602309943,0.21344817590543447,0.209185552211637,0.909504354251608,1.527612346543748,0.9893432538831635,15.094012041867694,123.52345592295659,1815.3560034660263,14374.827732589763,138805.82143968117,215406.4478952376,217344.55203378946,199689.35833551918
0.3004008687805717,0.383521974126206,5.665411529601462,0.15637026216138472,0.1885790227504464,0.22250862749636038,0.8926905317155686,1.7282739081158092,0.9365363806736308,9.005301089301383,79.7400538072121,1139.7637513414293,9134.637704048027,95976.53078528457,156101.66375905345,157843.11104066094,144097.13905336647
0.2813593798812424,0.32563499891166153,2.0305306076168765,0.11086879331826209,0.19831243386343844,0.3031396118652415,0.9157014307644189,1.4866925560765973,0.9024289479727559,13.030518179813614,105.01436017588159,1557.3363195542938,12350.380687300201,107417.61955355099,158566.5575183128,159540.84128167594,147471.47533527686
0.21434461019627218,0.3856026038155628,4.530777543524515,0.12565148368064938,0.17358504263878516,0.2885053286250516,0.8820189469268741,1.658128705162599,0.9951456766520672,10.85031279139227,84.36887721037377,1240.1676662842399,9872.668827858632,84901.58139688733,123262.47750798977,122426.28199268077,111209.19400028161
0.47889718587377184,0.28482691639269425,4.521274709702577,0.12255928428397421,0.19641673198320692,0.2415135025121939,0.8562826980761071,1.541786550549817,0.9370947784613523,13.08820741123974,121.08203703600113,1753.1320712060271,13972.660757384501,151363.8077411155,254940.33512761942,261864.49114828094,244396.6987467422
0.41985322937072733,0.3309990518333963,8.678144099593498,0.06745200051825785,0.22908527310531773,0.31055924375960475,0.8647796197146401,1.5124038780830904,0.993517139046003,20.235892816724807,161.58567671902415,2393.186370585771,19006.552907302063,171968.12169662412,258779.988830693,260448.41369933452,239955.33285938043
0.2811744143035204,0.25041228584104114,9.654470722370036,0.1252660352295334,0.22411823386147814,0.351970170860712,0.8507045712839482,1.6326464449758717,0.8411625631106269,5.665558539186549,56.68082173279727,797.9100094108272,6443.519221090798,75787.87374260728,134115.6064664426,138667.48528030934,130560.85333730228
0.47670438045944763,0.2925296522108916,5.328562480454359,0.11517586793916783,0.20769155898729053,0.2380318452601706,0.8509596639928304,1.5636378755359037,0.9585997328224185,14.162102170237034,126.60320338891654,1843.961324114171,14700.283445609619,156585.33636396946,260092.01229584092,266034.38330208446,247048.24555317388
0.29332203171996074,0.3112458247118013,6.905908466319958,0.19627142811820242,0.19935434736463958,0.33022815351625223,0.9306851162049057,1.7641391379593996,0.9764572496771171,9.990956118005952,83.31062091022356,1172.6144307038292,9568.966564341876,93053.68547933058,139755.99520852554,140205.351294165,128925.14061085491
0.3059016392771807,0.27266962794422306,2.477344114582062,0.13387917895876444,0.245839794916704,0.207994314742086,0.955200532769188,1.5983551205218194,0.9308118911901107,8.291618922771885,74.92658291471679,1075.1099793970245,8565.40708137414,91788.53721554042,152927.17372228406,156314.75307115103,144630.02247761504
0.2214190911225319,0.3741589116101661,2.652859217097917,0.17651726955257485,0.20814779184497825,0.20644491786329122,0.922488729272945,1.4376615078846875,1.0019906007736892,9.757692832515199,78.96576877800233,1170.1679620451323,9287.48531466647,82918.55847439035,123312.92266331679,124450.8564547421,115704.87340952648
0.16431857551796974,0.28975366558718896,1.222132235864372,0.17263727548531732,0.23403370179176025,0.32299065888095163,0.9385625202614253,1.7500489543802185,0.9303948363385751,6.798892485289831,54.17729185403947,776.5780535909357,6285.177902873654,54150.133154448005,77838.0055062335,77863.21745136064,71732.90976538075
0.45622089161317203,0.37076342320979055,5.563037545021364,0.10595745949577752,0.1689095303529164,0.32170872690881747,0.9181750399615252,1.53857864103061,0.8710198389513368,18.18062151681288,148.4546020477592,2173.4851128658283,17300.499267077797,166920.46277512642,256892.75529540662,258964.6909907912,238122.55342068872
0.3519598610590481,0.3551142271299082,9.684752841674634,0.07862372633740167,0.1870530485981066,0.3641582359877807,0.9221170784907837,1.5693425537194823,1.1067483978900374,22.475979574100744,171.02593592998093,2515.8250024749927,20029.067220172343,157916.67474162203,220861.89542954235,218138.52694737396,197760.22122800065
0.4287226982612782,0.3715611870762298,7.438193561830962,0.1053801582768853,0.205684823649399,0.21494884660804264,0.9880475651309285,1.6051299946387694,0.8431942220782741,8.86947663188274,93.69707418062679,1303.947742406119,10368.20654656908,123089.53851675945,223892.352535781,230329.9956799412,210866.15046719922
0.3877125354111479,0.32342093768641084,8.625791884428846,0.15259729756002727,0.24932667724160557,0.33689056320761257,0.9123695414939911,1.400355386367158,0.8767514253551654,13.797602247808484,117.67110214619015,1723.0299533395037,13873.932740949891,135351.88556331533,206269.75159544472,209413.27340895231,196850.11288154422
0.3653161400816497,0.2133273435667447,8.062549455468147,0.1144143477132182,0.17871926787071418,0.2502625770084355,0.9031459762999849,1.735979830805869,1.0723727626885244,6.9019458421333475,73.85573876202074,1016.4549742472914,8089.73629380614,97686.53473201318,182496.9566849806,188514.74850998307,173001.5678057817
0.23644113259607127,0.3414725971529104,1.8253697019766806,0.10915263930114591,0.1554567786492035,0.38250188478908453,0.9095609922644721,1.5379371759662206,0.8518739188998936,11.035117489555146,88.3764361254854,1308.245010456444,10392.926705112504,89332.13035353035,130988.95612830845,131522.68444065662,121207.00355797101
0.4868705755407631,0.3675838948532415,3.5411892612383093,0.06106002235694265,0.1979164061710839,0.24827911217208096,0.9820285776375373,1.5860443188240827,1.0164233267244547,26.7433333187016,207.12973844876726,3045.0256464821623,24065.220087596033,205017.38655177483,299786.0369710582,297742.13839374506,268624.85356218106
0.191679927270665,0.230878158162355,6.595528224187435,0.1485434919737506,0.24717824326910748,0.22703065989141383,0.9715276814840109,1.5285481651717079,1.0937859021793603,5.488048057396954,49.469850122397936,708.5087246011874,5691.957429184721,61023.128896444636,99200.93305271922,100900.44734557829,93338.46764768226
0.31830519368411403,0.31475331819257807,1.6377993387691605,0.06546381946205172,0.22522071191808665,0.2809837108072682,0.9390390501433763,1.5481495474118618,1.1682704735976708,24.240755899666595,194.51171071641724,2819.2699050639935,22284.26834954654,150643.37046557982,203759.0234242872,200556.57244850515,181662.76734884287
0.12176698475456216,0.3640146684263862,5.738707180097265,0.14960541718749787,0.24736689422396307,0.3280007433648328,0.889904188260443,1.4241935066301312,1.1726888632803971,8.546472347446828,69.98926970978195,1025.1723089610673,8159.897479623663,55689.17447272499,75098.21317377673,74492.25516955144,68786.22257896555
0.4752381640461294,0.31729470766605755,9.443220364197314,0.144274779792418,0.2399187838167578,0.2223241784002734,0.9782293252556159,1.6190970094574475,1.128577406355625,19.002450265582528,155.9224622802176,2243.8033557706763,18013.12853391043,174963.8345118323,265393.1896245149,264560.00362616975,239344.02937610252
0.4030245776450093,0.2343579125019721,6.4308489613816455,0.07769114451857269,0.18210638600284274,0.3440903791461647,0.980086577293242,1.704652331993025,1.1572005033049155,19.370534003140094,152.30557127959173,2205.3651388168887,17557.89694587707,158781.35240771715,234186.73566922566,230901.48586773322,206111.41647482757
0.17561812906744168,0.27298514863906165,2.0018571632928515,0.19836124069703875,0.22980480525444996,0.32684542031117503,0.9428743426169519,1.5087655173018601,1.0991076287238917,9.268239736809072,75.43842751763303,1103.2042503048758,8877.94123639581,67622.43267863206,92675.19399128847,92414.6429660343,85642.27871732925
0.28153880599905023,0.3392422324252803,9.925755004186367,0.14892245192112574,0.20691553194076426,0.3131900602649786,0.9233629119378588,1.6813817070668717,0.9616473487982419,10.221329228795526,84.99243723375463,1219.0925042734875,9839.817167741496,97343.02474554302,148684.42032965788,148884.66488707095,135676.4964819158
0.2607626717132152,0.23136660472457818,2.8948418652142065,0.12165166228074786,0.23177166330565563,0.35045448927309975,0.89114016101141,1.5072553534027564,0.8328206782138184,7.044700017545199,63.27357640343338,914.9567446375523,7373.296656237341,77653.55276100828,126376.511917073,129785.17544632658,122787.49470564268
0.4091229001601515,0.38210653717869925,6.995071107080109,0.19585060219230838,0.2488500372731391,0.28534701220301484,0.9604469451574261,1.6778973521131952,0.9688032304193228,18.26827165610613,143.6308433826314,2073.347852571957,16781.105822794976,148043.06244927345,210780.43833254548,209292.57481649777,190617.24200372075
0.46983842344841253,0.38774946586708264,8.1724868749908,0.06343448552421717,0.21163252326263102,0.27359752585307645,0.8788262642350411,1.7452543079147105,1.1956909359608532,31.542834345164742,240.7882140519929,3507.7908948313357,27902.60993260481,214931.22861493187,299907.03396690084,293571.7737634555,262547.05577414884
0.1704441957353397,0.21011134083524913,9.511815089778707,0.1295719579182099,0.22004168416784287,0.29633439913755455,0.8428114283351479,1.7534783005539905,0.9854112775501223,3.1284276491287173,33.49482805754194,458.8692007307601,3684.767640893334,44172.709998635335,80725.3963324677,83516.84107570397,77836.8708955328
0.1069206723428164,0.27965077274404865,1.3681144185641472,0.17809779175158863,0.1528866202816703,0.39187481289771314,0.9703897934619028,1.6137843046100548,1.0842833407068602,5.906637591552986,47.032381537288686,684.4070399239183,5493.671977455017,41254.279289198355,56141.99052728958,55609.06403063562,50798.44119023011
0.2765826370459019,0.29246929256581095,1.0039880368946779,0.1917392063394267,0.21956101399940528,0.32538354896939525,0.9396046295962877,1.4089683487669786,1.0906476884116016,16.16056306466256,133.09502130750894,1946.8513650194989,15599.722018520642,111812.93749520411,152495.44213975253,152323.8819994455,141815.8296116927
0.1358069805766141,0.35723506233402175,1.4796436893824993,0.15435213500904965,0.24414960670916125,0.3453651742350339,0.9082033419707906,1.7142498126977754,0.9121094993416563,7.569449231142237,59.94613738930358,869.414018212049,6985.541186104174,52374.08577907784,71462.34133042849,70642.62239195131,64279.26311656281
0.24434656043034889,0.298241277376023,7.614037586367064,0.13206916706572547,0.1956059916315816,0.34533294418820365,0.8986331314139253,1.6194102088576432,0.9187742546140312,8.19119798025373,69.59776918429775,1003.5807517386639,8079.74505351839,81766.30367781484,127750.5158348309,129075.11040299789,119048.03139108953
0.47322649891294244,0.31881761469291237,6.2442293315842505,0.1425346862378737,0.24858166728774939,0.33250240102776185,0.867508347962912,1.6226040390974243,0.9603958910224242,21.427959300195763,171.57233219651295,2514.8863907715386,20187.006501635165,177370.8569093819,257280.8776889793,257177.17825858996,236460.69516500982
0.27455971870378193,0.2227607085417601,1.2566510398108153,0.16283082521107828,0.18769908821693385,0.21931920246483116,0.959708961300492,1.4512880334342775,1.1796638325136124,11.05222850379796,90.4262040015309,1331.7380887452605,10554.052692353633,96906.23523309993,147029.22505972147,148886.60319328337,138399.147262427
0.25348096830213696,0.3468362561309291,4.927013942481147,0.19694697626854069,0.19729755479833372,0.3194091790748531,0.862793365523287,1.7505720167018928,1.1935891993326124,16.062037860224528,125.9823436982908,1821.8923836624792,14621.687128027905,105897.74363683924,142148.79617998772,139318.99954521525,125733.79162517049
0.3363289479168067,0.33431012588111764,1.5891549619239913,0.18295673050652,0.23397767452704454,0.3463662375628602,0.8543464238865263,1.7009390002374307,1.004686956689453,19.062865794634703,153.6952988018727,2233.4494289998934,17967.33210434352,130867.69058600163,177950.13155419717,176416.42363042696,161750.9972255522
0.19154317086804845,0.3609872649185145,8.943967302847884,0.19184101570803036,0.23339285152223788,0.2402270143044955,0.8889062993490255,1.5447628588903006,1.0798675819773007,8.243390451037595,66.60900167371254,981.0752093208808,7867.7273719117375,72059.10336815083,106362.24067260897,106662.7848892201,98373.82800149746
0.48715601399192987,0.39377888421298457,4.78614551371165,0.15168980085049638,0.20454179493965344,0.24251351982670022,0.8610647464982056,1.4787768402120336,0.9149931701045795,18.932438355264406,157.5371256212879,2331.0728689454713,18539.644914237808,176655.4560358304,271605.15415950824,275434.862882095,256781.6233377256
0.11194423831703025,0.2809485513817631,4.215165343914984,0.10994594134205501,0.22505650253023537,0.3963049186021925,0.9045717117930002,1.7334116072283279,1.0573630966714922,6.837234289030081,52.89939534422246,768.9401851446081,6148.582625859962,46660.96914890987,63658.00202827696,62351.24630011515,56004.06236408015
0.2106259892987169,0.2043108782728078,4.575609058753663,0.07451387394557654,0.19425907628145428,0.3184520929235152,0.9419411393068714,1.7613631576061102,1.1852662980706836,9.480548890034704,75.64589508170265,1089.6959908152053,8673.18988361166,80068.49079526916,120490.10121218285,119110.39305681727,106387.09945431353
0.2469392133118763,0.27173047598024397,6.486464181184339,0.08336590373277131,0.21279966457547575,0.2016654343231729,0.8603331913142476,1.6555122927303203,0.8597560238110634,3.623751465411392,42.6760455452577,586.5268923847974,4587.968564047415,59216.2767867257,124357.67534642681,131838.36169723488,122875.3393608983
0.34226758319756684,0.27965050610240444,1.8067404674651848,0.10128619770339028,0.18067562426865721,0.36461756200266987,0.986720823116627,1.5977135909081213,1.1824438787630716,25.835231102981442,204.16283699216964,2949.8703736971993,23394.661914131244,156256.05493964787,206425.01713581767,201400.9401964976,180746.37948176306
0.10055362433184523,0.2436824906220244,6.446445361510385,0.17075736663119623,0.17985412279369506,0.2864246999974347,0.9821393028627599,1.4843389018528665,1.0086064624986972,2.4954188491397886,23.622997604424583,335.73536671763003,2716.743999761415,29879.107421959146,49198.15280075941,50355.1291569755,47188.83973842746
0.3065551538791893,0.3048961279943401,9.791366207395379,0.10791066769069212,0.16178239876036232,0.2160151545812784,0.8906354004360088,1.497546699196314,0.9611956427595023,6.025641973546267,63.72322744627011,893.6109589809848,7070.471783151044,86828.07009276233,165189.08142468298,172780.56488094394,161580.25841229354
0.4790431519893207,0.3928420700634489,5.546967166463494,0.12137148621525982,0.21292309215146427,0.2574322691883962,0.9731370592319807,1.5851847118592166,1.1343520578706348,31.5158625412348,239.37866943836937,3506.3224395211037,27886.894811265032,212440.1312165614,290972.04972789745,285504.4345384706,257057.09052089587
0.22731250070396483,0.3857760029867897,1.1678235907690024,0.07235233023899679,0.22632239866777026,0.2693776931365762,0.8471378508031796,1.5498743432275761,0.8838410225318972,12.792088263365859,101.84705679541047,1497.163976125322,11840.087589450106,94904.46202180204,138229.85722805158,138441.73256555566,127298.52815769393
0.2774652122499638,0.2834502423209922,6.935981350383402,0.09841389478379714,0.15437332052300096,0.37487192050537205,0.9427484112123834,1.635421564311081,1.1562558806706043,15.639352585222353,119.92245600977427,1759.987492960393,14034.3017675947,116410.15127957998,164853.94243570283,162471.02060266797,146393.1311076535
0.4588542412625036,0.27147617567140786,6.456476753948814,0.07463808407067475,0.1920696760674978,0.22125825349117917,0.9157019181133409,1.525240159307541,0.8188991098150443,6.321697591953151,79.05210767266499,1077.2625717362514,8422.272091481298,110071.0304084724,233723.74418480857,249123.0700492251,233753.37585528026
0.15109441700093354,0.2668870553080098,3.4341245320247165,0.12882639066307286,0.20683895589800103,0.2969825789343395,0.8719572721501887,1.6450211371456895,1.0761152020536127,7.038277110849147,55.89259944578952,826.1567644151935,6581.4468181812845,57297.16290807249,83769.336851844,83639.04057731405,76491.33792117119
0.38344551605802046,0.22405776072971578,1.126066035850127,0.08552080939964202,0.20904443418985763,0.33218112228455865,0.911091824722603,1.6080352762160508,1.0884504551237146,21.76781211033916,169.75451894742753,2498.1016501930967,19787.904842668402,156239.3059981549,222179.5153624871,220590.58553272852,200658.61735172992
0.3172941500462441,0.3869510662859563,9.23731176223883,0.1721092758542342,0.19113128323208095,0.3447653974452648,0.9530504487669366,1.575193562968828,0.8105347370061212,9.155743747842239,80.28006726335077,1144.781228764032,9318.226161382874,98214.61720305876,155189.5290265384,157483.87582294559,146646.2518507427
0.30690806286945493,0.2231528417036268,5.123100437690055,0.14174682780692355,0.20853050454993802,0.29680115936689877,0.9015974219511421,1.6523181324478708,0.8785376875898795,5.109787019675521,55.75314785888546,761.8954133542061,6129.155097573699,73938.3151684664,135510.73915415554,141114.79821365612,133568.74462646214
0.3004762278040425,0.36592860186112186,6.672220031861338,0.1390543512226513,0.16016312819189396,0.24742761754713735,0.975459206076258,1.467648020401388,0.9448455263814153,9.587388148174202,84.07505640487504,1216.2228889234489,9730.09325193247,102023.69879923543,164573.5315931065,167342.08881537168,154620.39335192097
0.18344977509168203,0.34675808624312243,4.459646607835966,0.16177410543424264,0.15475089258777242,0.2046008269257651,0.9228577850014933,1.4078106729114763,1.0689384256208523,6.808372114476845,57.0931809116045,841.1509117925547,6666.310120271994,65911.43880953,103764.39887144073,105644.84325857027,98486.34628598386
0.3612704062579918,0.22454480428802148,5.894239515359027,0.1372831169319135,0.19918563110065352,0.3524305477104086,0.9386391495641457,1.5102616022904796,1.1391243087310166,16.131548540180287,130.72228731605395,1932.5757277251969,15460.605821801575,136987.81319428317,198983.44566109218,199240.01023963324,183585.30703177836
0.34575681628308996,0.2715892488778816,7.039423287636226,0.0677095388704035,0.22298186043203158,0.22044879577679266,0.935898522177179,1.485352122826209,1.1523411226485043,14.22855108052281,117.76957764576677,1731.6938002079255,13721.52124011033,134022.5241487254,210501.85512568546,213285.2979748477,196161.44622101926
0.35646667658677944,0.3192586349981447,1.2309515206543866,0.14996261893250828,0.24850260356104392,0.2636879848424225,0.8670856260671728,1.6328080011248047,1.0006031959803685,18.732529417085427,148.26053171438744,2174.8450656199957,17352.8010398914,137666.68644016728,195087.76001582795,194481.18439632579,178458.47293022857
0.41961629667047884,0.2626087081766851,1.7918835110166564,0.06522605006537795,0.15605774380405332,0.34117371168572475,0.8593897025606732,1.4960513352130662,1.0053943260619536,21.09069835441205,167.27560132343058,2482.2245484689097,19585.5569001533,168799.856223073,253490.7794789584,255930.35185620163,236783.40615789744
0.1671050704203031,0.20938256698216848,8.020729043631896,0.09914712766760972,0.23303955778512733,0.2693028355778948,0.926873565248136,1.608154510156195,1.1634648173344335,5.811816871260396,49.51667974313858,716.8632389347033,5737.148147922151,58731.85907861635,93344.49066353845,94075.18227706748,85865.35727089524
0.20501259937991004,0.34083730667692,7.581484531704591,0.11929448330864806,0.19809239690820976,0.38839703217895244,0.9133296322916238,1.6014424266144789,1.0778265861509768,13.110401970895712,99.71265723548612,1466.810173067982,11700.173532649489,89130.46518065793,121897.38942947949,119946.68121987731,108723.9195248922
0.24559911406078994,0.3396755348277867,2.415259689226378,0.13166999681312225,0.20506273034941025,0.34123659065990763,0.8580445123983272,1.4796784758822603,0.8582920033492001,10.845322862129361,88.4819633507871,1314.2128584933362,10484.969375363793,91172.5733275178,134580.94501818184,135960.85804901377,127007.30557446441
0.38829417539309796,0.24354688251488893,9.362002618193685,0.0693542617035987,0.16959179307143207,0.2504469935269912,0.9896236084638868,1.6727592204736852,1.1153047927967559,9.77562038380331,96.55385480687013,1350.6910210512406,10750.359515762648,123017.85321368791,217013.54491595016,220867.26523965856,199433.6860750473
0.47533063144271304,0.28359520606649946,9.172021808357217,0.17103357400152183,0.15645270246770077,0.21315985244220936,0.9802235886962086,1.7512373426941776,1.1913458843332454,12.308133733241142,115.08211696851987,1607.6513118534697,12903.29705956898,144207.49162599206,244122.59616572456,246550.13556799546,222354.96839272272
0.47762324543816626,0.21844732062836478,7.67179355895856,0.19223102237047673,0.22033556612501293,0.3043559255382404,0.9452836227914684,1.4357347085894936,0.8516188842155373,5.337100655267247,72.85463906527458,952.4688426430147,7762.780751877443,100359.0336288979,191882.95795699322,202066.14600724317,195845.85164715545
0.16041091904502913,0.2992588890881474,2.698345768772529,0.11410721000745885,0.24413143857011443,0.26786925641031134,0.9542579419995899,1.7174146804941812,1.0169055460541407,7.947372907419877,62.47758103577636,909.3263142386448,7241.093332516996,61632.949504435346,88632.49325470533,87504.5421984392,78576.11505680828
0.32342615615513043,0.35488246122682227,4.185202187194102,0.1503462254776226,0.17235932358677308,0.3868846888593053,0.9217594872393697,1.6904052724959189,0.8879974095661857,14.34011634744241,112.29704471676307,1631.9720060628308,13135.662688559654,115744.13001236244,167245.03227396813,166752.2576888345,152362.76373429294
0.18939997487310128,0.3231166090140756,7.179626747400131,0.06314657587973045,0.16103403794575685,0.3672110035533159,0.9066451732496066,1.5454564960807615,0.8411624072276942,6.2812336193617995,55.27315592247602,802.7994541033034,6393.139873532999,66759.8237847414,109206.1481799106,111132.21749729774,102279.14594692955
0.17653145571156914,0.27472379104126676,1.7210386985085457,0.10948291908422025,0.2318125245181609,0.2844505150985429,0.9108810311089576,1.4338813376407624,1.0073389745151906,9.21345265109589,72.63020972076278,1075.3358864612674,8521.516811498283,70365.9898680052,102046.17349485477,102575.1508468917,95129.46109473894
0.2422148877913587,0.2321848352427,1.091839125674551,0.10760740441609969,0.17723894331314258,0.24100974418063217,0.9273760925727099,1.5530801873324958,0.9851936664561418,7.597987950000695,65.28399946738794,946.9549559773399,7487.779080436951,76913.79069984696,127128.70827485624,130157.47931974345,120592.51468382541
0.2309531033868927,0.21377606478999764,7.489150835588388,0.15057819193517966,0.23625064021916234,0.28563524080805996,0.9365675549125163,1.5277167331361183,1.021739998697266,5.7729738280334635,53.92600148520308,769.152891835173,6218.70544822809,68708.47312008777,113717.02308311961,116410.81497126418,109048.76013732782
0.12084262146931729,0.32520726784812637,9.478208755006182,0.11802858914040351,0.17277001339797193,0.3541516533896126,0.8846582803506291,1.615744864397496,0.9830481464460354,4.9891729193803505,40.12488090271219,586.0976656901639,4690.993915250775,44817.062458038345,67983.70664667843,68145.92526574084,62342.30240535589
0.1693294526628019,0.2648830629969598,4.2057362823102205,0.0919275455909469,0.20229771836144417,0.2713443891325536,0.8409745363530539,1.4578320600169696,1.0606317622098758,7.3709731618777425,59.416122837857806,889.1293368575556,7033.0862323489855,65251.31954622201,100469.77612108403,101972.60356466983,94999.45018317418
0.4039976943344128,0.3439793771886299,3.2094682224747695,0.12957263570109884,0.22093466596619205,0.3137395648449629,0.9468173802208179,1.7210578818388993,1.0987294601308766,27.557706191375942,214.51498661602642,3090.614879432675,24638.61990291472,175549.3690851934,234113.51961737682,227801.35449396272,203309.42498630748
0.3145642228942136,0.3914395733853082,3.562418569794858,0.1392706016840261,0.22622638572781464,0.3479341142599442,0.8615061927102905,1.472294463882353,1.0761058201058749,22.120702447121527,183.4874859015224,2672.6946996257298,21262.87939313031,142653.6008793253,192463.62087020098,190818.45891494254,175975.26994061112
0.3098947480523617,0.36291537346188363,5.816289561770137,0.17547783735322625,0.2391504333536406,0.32339991130847445,0.8439594522120268,1.7244209470286747,1.1252125562529036,19.692373327096625,155.1886962973667,2248.1291792503375,18032.12268265069,130953.82369276333,176496.55349649405,173290.451545871,156905.381723565
0.16345720147889253,0.3369836508309746,8.529639300620175,0.07505061041964116,0.21664218795027346,0.34242692503358146,0.8452602279287393,1.5022993189686291,1.0411752694426182,9.161932516948008,71.52762527843076,1059.666620869329,8421.297736772916,70311.76567991261,102236.61122789727,102420.25332602521,94448.5357990451
0.15825949978671128,0.3314813960082357,1.1643145389770655,0.07242018321253182,0.15929369150528366,0.3889738245705124,0.9628812145726726,1.7397650650844863,0.9809270490434391,10.631931751686183,83.65632872619344,1204.2491514680435,9535.635414263317,68980.22178049863,94163.90877912192,91667.91898169751,81413.06925033467
0.2056254942157137,0.21173974539004523,2.1652151666447654,0.12153161754217263,0.18180375444280208,0.34913245313270325,0.8911902818370678,1.6494780606934547,1.17599883418118,10.648865923448604,83.77907601298949,1229.8148251436444,9811.739563965579,80109.2129010677,114099.24868315714,113429.67124791333,103406.91988405911
0.10491909660591228,0.3560555469281513,9.630353059879468,0.14514928264289906,0.18199934357426978,0.2013356283719874,0.9340858732714292,1.6712096443999407,0.9372547083632637,2.0246203099010693,21.371515317769656,293.35335764668883,2343.0271667779525,28456.443379721506,53006.395996746876,54735.129819404225,50305.71258959591
0.49306582124213527,0.2063983268051127,4.663039595937809,0.127627485265033,0.22456592628269068,0.3748727355216295,0.883056905024628,1.7049331370072542,1.1151452977243113,21.9943876015819,173.74238576219423,2538.7586131463777,20423.44842435664,179814.93881952876,260900.10311517553,260069.02946937294,237498.73852160753
0.2894241955200062,0.3298244765960655,4.371451838873664,0.1975003715084735,0.2443598575926251,0.28211565785997306,0.8998476301974517,1.4024948892538662,1.1108097033612592,16.040665537310055,128.20842876015186,1898.5394031738342,15190.08164685875,117970.05510528471,164735.85565831306,164949.9823077447,153754.8316600513
0.18014633963879484,0.3959124553255985,8.045769134516402,0.06762528163644818,0.16806942891110796,0.3651220397602167,0.9409151059600273,1.617417809890329,1.009628449470897,10.930064501977308,83.34982619481215,1222.4210008986574,9728.541590381617,79192.88498431348,112174.72649992282,110646.11008999133,99698.70462029453
0.21777722987260095,0.37789039547423314,6.5898443690855455,0.08609459883929585,0.15053763516365248,0.3567076207139028,0.9214431246224992,1.5309300658529739,0.8321316739139338,7.974862780507528,67.73746805355107,988.8536654344757,7878.343485384621,78772.59646803299,124262.45495379933,125711.34874276815,115594.55118756369
0.3058869003751591,0.34827271849057867,5.290894088081433,0.14526898120246506,0.1727191243765402,0.33154582781250974,0.8742921711036548,1.4537285045737798,0.8168763063637462,9.389394174631748,82.12974465909613,1201.0188232849137,9637.760123172116,99491.65420934944,159306.69370854972,163027.72160170387,153627.15349891692
0.22106106971005943,0.21587114357983747,9.078908429650776,0.16289501463237083,0.24341556978421594,0.3572295928714747,0.973961990856605,1.491663084402138,1.1285247728236807,8.849071673012748,72.05247484427309,1051.2836034314282,8510.822852650594,79042.4478272381,115524.04538262908,115949.35637003423,107431.72806540194
0.49559840457564397,0.32929736997538006,7.94365781208989,0.12189884225173361,0.24923621588993788,0.33472906489076004,0.844623744759354,1.4764377769212877,0.8696652233612294,18.815720524661344,156.93111586526055,2320.5165681572885,18559.9512740306,178930.67426257776,274807.2012729922,278753.0758268968,260521.35434424086
0.1880762185195239,0.34091833137862415,9.38055793332073,0.05167970026033806,0.157496607824768,0.2725653683070596,0.8909738209153198,1.7615385533476506,0.8208250722384614,3.2916911689068553,37.71096446839956,515.4113151806821,4060.824351340125,50545.13329222714,101042.71430741422,105265.5573861347,96058.42709922169
0.33217323948687016,0.24686846329045295,5.819744230964221,0.1991653624585749,0.24273006952655285,0.3859604044384629,0.9127606419052885,1.5947810945379235,1.1550974234652283,17.142851905644978,133.95275410793542,1973.8577820714506,15972.859716498579,126242.5999416803,173051.57446122076,172158.2828086592,158965.56137325166
0.36873190939932,0.34951097968471956,2.96943596598865,0.16652754027285188,0.17564528226207368,0.3965849350073685,0.8891509676940837,1.463816393827229,0.9683572817668148,20.386469472571438,163.27377782943373,2399.083698922364,19219.261357971784,147697.1417132932,205678.13075615198,205750.27767733738,191264.08601355358
0.28950997710023185,0.3373501459404833,7.981395089421724,0.12784461160264773,0.21563365939372858,0.30089242014492656,0.8637449985239071,1.7161259673036273,1.1595461942436391,17.11078368726485,129.467698894149,1901.0119653279464,15193.934178038062,122191.52327059864,171040.1213034928,168076.60372696936,151521.23841679678
0.44291985933193323,0.3682358981206006,6.755574748416473,0.17996604982519926,0.22919490390731967,0.2691236537908487,0.8484602766704983,1.6978092161662626,0.8261475645429253,11.09123592310562,101.31188082449702,1437.865439859386,11639.914196262265,126992.10709339778,210051.01374793184,214848.76835535048,201227.8958175675
0.4301228611439293,0.2897120964691251,9.884258312488853,0.12429801711672746,0.22888117835218633,0.32932511964317807,0.8546629273069439,1.5629679137147212,0.8838603965325074,12.064050165793168,109.77320526858517,1585.5829389102623,12775.52028589072,137594.93171133206,225414.4031427727,230184.06531880097,214719.88325428063
0.207409299180806,0.3391842397286463,8.030876613680471,0.09594497597073501,0.16764020673488558,0.2799149036814558,0.9450912487805571,1.6590066333916125,0.8162941082013366,4.123372226426459,43.327985810417985,598.1123609434263,4762.234302059039,57306.40381476333,106273.2640319842,109710.92783421013,100655.05302550337
0.1256855035103521,0.2748663941630886,2.3053583348214626,0.16389623880483029,0.15610569046513395,0.29645724524055933,0.9811741187189674,1.6063744408701166,0.8247284392636556,2.086928184970507,23.463841214803534,321.29669494232417,2583.1545845849264,30192.080762109115,53796.73322593369,55891.557895928425,52915.18655886992
0.1665460631561062,0.37650876658164223,8.482053788348985,0.08606186744126301,0.1724928853489055,0.37848984918274464,0.9524891668782812,1.6647184139648374,1.144217296559148,12.003295650408921,91.78111493587892,1332.769414932079,10601.473652342267,77287.12796397798,104167.92559856022,101431.42830736046,90558.37822241966
0.22861796710759524,0.2592030506230322,1.9434406577679517,0.1962467348605494,0.1689312213185442,0.2771506597144437,0.8943401395276787,1.5474164250708764,1.004180578943798,7.140690163513367,61.342221965009216,888.2464544346219,7151.390939146333,70739.12398949752,110694.96865517192,112949.05677639993,106404.15255898624
0.12291992086436042,0.2669431343652021,4.227185057233044,0.07284304690077906,0.15730537367397882,0.26713791442884655,0.9762107706445774,1.4038670822813288,0.9047308569432301,3.1994170628873095,30.54340047794316,437.9891634366421,3464.9410979253794,39040.837063755556,68502.92835046016,70945.85979753673,66126.61097312746
0.252627834431163,0.25994734103730976,2.606587518627203,0.15621533188937997,0.1980618371946423,0.22250496326921207,0.9772815474361033,1.7441215272699897,0.9495410294515457,5.181052468235545,51.78785049212247,716.5270855523478,5726.672844906819,65159.41000145585,114522.1991626857,117754.54102553817,108887.06202374941
0.14030082546945102,0.2749374359603305,1.5657798234805376,0.053814622338043905,0.19855309327191975,0.37560505918882325,0.8889342766240041,1.6894186233153254,0.8174529820140788,5.912163141614036,47.62470926855013,698.4096874159072,5511.2882586923915,51219.946674455976,79403.6502181664,79710.96307309615,72412.9422989608
0.47273771662807806,0.3889401968279741,1.9950909731938278,0.09530620934500678,0.17497354943742432,0.21093751460890053,0.8822731196433675,1.5157989954472881,0.844012650292246,15.529301624671708,135.8177445370878,1990.8691972186712,15680.60624104761,160756.0633250903,265875.26377564063,272377.5860288628,252783.6594230767
0.2346244820789093,0.37415832100749735,3.2945427012343274,0.16151429855573698,0.23108225347483446,0.31975737127123927,0.9621433307255755,1.5564765098119688,0.9942174193467623,14.27754729807217,112.17772043780299,1637.2429901630014,13093.311088847411,97150.87566486358,131362.95350712934,129698.27151382565,118204.35106813785
0.25119848608309014,0.2651695248922743,4.565108626347374,0.18687627015751607,0.21476108563405225,0.22566364119725787,0.8732857580579201,1.5455813866470989,0.8424998510932289,3.3367934152281538,40.32334475091591,551.3712930142711,4409.606317076187,55604.291652509775,107222.27628774679,113062.85969717313,108797.10750432576
0.39512841888450057,0.3251420516368738,6.029007640594505,0.1663057159841823,0.23649026903330828,0.2529753519504388,0.9188024866482749,1.7441491866817493,1.0462202065700041,16.455339007980683,130.89796611736358,1885.625808306752,15175.404438719843,140703.00753600255,208143.19300692805,207031.9788586381,187461.7044654042
0.1542708689196479,0.20194357122204626,9.77561239875417,0.12285894618925465,0.16747983531392213,0.20802458264945356,0.8854140654194301,1.4877740473723835,0.9459905885100988,1.2184765755155953,19.83486016393285,263.64786902718697,2039.6536326271373,28762.956498204214,70153.93422172,76776.00132836684,73808.33932023736
0.35806065019172884,0.2435253712051691,2.2816243285946025,0.11988201654644226,0.17218726732425751,0.25875238195297917,0.8584970813983495,1.4970911933266997,0.9640393978609326,10.41243235242749,93.24590268693939,1359.0473819500187,10795.523092727217,113533.46660012697,189231.96228225392,194802.17973945464,182838.66454358966
0.4949414463970916,0.3386839812693029,9.853019961030585,0.13729509913643825,0.23377162606834087,0.3539850983418431,0.9364165019129337,1.650436880850029,1.146165157463782,32.250839993365176,244.3467567265911,3574.4680992646404,28601.76406246299,215878.83809236504,291217.6887697585,284744.28772794973,256106.87449318002
0.16348228803554235,0.2681670797334237,2.783260307340732,0.13329713482281375,0.23091093152304126,0.2532054021164318,0.955653039408162,1.6090734939446376,1.157782586863088,8.8111847154361,68.42057340229566,1003.8954708881755,7989.338151732632,65367.80970135326,92419.85619159613,91490.36791086945,82914.8842207063
0.2671828909370526,0.2708098129908201,8.623201377778738,0.11816899462508973,0.24485939393045497,0.30518387466665325,0.8944696544932264,1.6591897518980405,0.870770910358707,6.330866538806548,60.215173783875926,855.4703313337707,6883.978041524629,77894.49029209682,133078.9273109084,136211.62712263942,126216.87948699642
0.3934902072594165,0.3660476587408373,9.990043549750075,0.09571725169774095,0.20303393300752054,0.23878619718816094,0.858069256255009,1.4473984739523496,0.9268728323989998,12.131409332163773,109.00609870079614,1600.710324806378,12737.873847598754,137072.723410003,229238.3599098783,235514.07745978466,220042.15124611667
0.42695789117167804,0.32856062758268556,9.566887296392405,0.05812434363145744,0.22890521523542523,0.26068147856513757,0.9407980305081067,1.4708831058230774,0.8770539055329479,12.415969631903693,115.70993920843578,1661.632281509185,13235.576911185037,146177.3491329461,249656.925959207,256571.5672195944,237386.53740332677
0.12970771081999952,0.3385938805916081,3.834753286116262,0.09306895126587389,0.21361214026432246,0.2402496065586529,0.9131145193740265,1.6177754475389214,0.827311999599102,3.5856434167803553,32.92272591771054,474.6204430477867,3766.21199540364,40917.39522509795,69419.11012266384,70935.22609874317,65203.90688545281
0.4092244319934152,0.26119970145930976,6.791152028995314,0.17155004299517346,0.20138226075382487,0.3010200939138765,0.8466123349394441,1.6799703661931118,0.8872249980374419,7.694779310671864,79.2433716600217,1097.9660397306413,8894.852684453426,104084.83723987758,183391.86070202527,189884.74854070134,179893.47244530512
0.15926671315630547,0.22135608664379333,7.252771526451071,0.1280631436501436,0.2327857657378499,0.36441935887772303,0.9265057602188936,1.4529217622629185,1.062915143590551,6.482654792051899,53.6552254949654,790.5050745928689,6330.187325652725,58677.045835376826,87160.96616119,87845.12567828457,81661.85946829383
0.3351808645898321,0.24224561716630624,6.050394670830911,0.1364782919578802,0.21671936586447493,0.39364697982519214,0.8669431632733281,1.5423340910128467,0.8956227067947963,10.153214954939045,88.91207940539957,1285.7730582936144,10399.358969046634,106197.4089240856,167109.55379875159,170348.23382597798,160282.33651965144
0.3495211795937868,0.20015357334545833,2.7165447409709373,0.1551389805616929,0.24587932438893317,0.38070815446719325,0.855361896910914,1.408043131230941,1.179944400878445,18.49302230862363,148.02260519633688,2198.9913227609677,17623.66203597268,137458.76030276317,194466.27003257087,195729.89714894496,183775.6718622576
0.3155271919853733,0.37029349848942583,2.402082076814267,0.17599714333649552,0.15778950235031028,0.303433822451556,0.8625517469114999,1.638605391285477,1.1448351381399,20.361804794117596,160.18991490671235,2331.1859321799416,18582.17172726482,133922.63448976452,182589.44359938116,180198.71567195834,164101.15140326033
0.3469297857910434,0.3670740111490247,1.2076816451613928,0.19306277063000238,0.18310199284494683,0.24218103393248738,0.9425754800935969,1.4382057639035415,0.8617265709765505,11.801341684091504,100.23355905300939,1472.2874358260067,11760.753164605454,112613.32217014491,173852.477007597,177227.9098340848,166968.85404520147
0.39379363725729577,0.2890487452688756,3.4352244213962324,0.1936345968071288,0.15584716401748985,0.2479507137446436,0.914084143103329,1.6708012057652752,0.8347729847956211,4.824495801939426,61.587428094354934,822.4086488456229,6574.762793587347,82465.79595623657,160164.3715350542,168773.16296531417,161286.02262864064
0.304329930244724,0.25867574724312276,1.8260139457038573,0.15879164508094207,0.16236380714486867,0.26338864333780115,0.9497455660555182,1.4613991054020938,1.1799082509104903,14.92744293005666,119.51514463030726,1773.388414478433,14075.759244273253,118018.3031434507,170598.9439058251,171099.93511259844,158012.10490696336
0.49667876450286597,0.34693272782911533,7.680352880378974,0.19267657486068607,0.16696978409787708,0.32286991776283946,0.9791468927614084,1.6620580086074896,0.8703822577192494,12.036215171703752,113.09584403930525,1578.482751906882,12850.732599517773,140605.63912145252,228596.83591993985,232569.344158786,216305.31925087192
0.3540129645007051,0.38434040203849873,5.55791035300549,0.06173104033550274,0.20309299844167056,0.3106383450759159,0.9825311882561208,1.5549140518834643,0.9362164290900741,19.366157678559922,150.06786335658495,2207.011176952867,17505.115997723547,149725.5160786397,217409.33161066385,215903.4579536682,195286.92009455778
0.34947151674025745,0.27250344580175856,3.761239505234942,0.06295209707502658,0.18055859652649203,0.32948137710310255,0.9131487804249995,1.6899289721370607,1.1669040882526418,21.8779478889145,167.32317277908876,2449.3421272021506,19428.65281106265,153012.86195585845,215791.3589685552,212146.16350480996,190388.08167733988
0.4601168987802299,0.2576245566796388,9.303363790217682,0.08968360420546455,0.18591847253582938,0.37791450888083916,0.9059482997873382,1.646957465665992,0.8105176448879348,9.064697072780483,94.17786639852343,1311.1599075728652,10494.338146193018,125666.1875048649,229316.95142362165,237064.19079245755,219714.9594020238
0.1763616430302685,0.3795020791486114,6.662299366725431,0.19551016665458187,0.2053524752152664,0.2461226675284787,0.8958521000651922,1.7470529268762542,0.8317559845071488,3.498219018838317,36.02690718043443,497.3960915337396,4029.2597462297076,46208.52903642202,79740.10593777402,81908.1311319604,76548.69339012408
0.4453557684732198,0.2313528099312208,8.564094031929178,0.11728744242565683,0.17512528761788348,0.22011893960062737,0.9730073690109166,1.4546984447674607,1.0976883827299941,9.353486549089734,99.71056494318094,1386.2146870904164,11035.595185665778,131390.344218971,238104.6719791832,246714.19659813764,229516.5324683645
0.145698974468562,0.2661147827207122,5.458763547450623,0.0939373977206568,0.17992535016855885,0.256996835854166,0.9125194792466648,1.4750655189347428,0.948404609984155,3.975398461027707,36.80512818606079,528.8914574244575,4201.623479700565,46644.062838027974,80139.2402653187,82550.11020043404,76867.12117677147
0.10404936745324883,0.31026299993028794,3.1501594334366994,0.17659912065600264,0.21078120585181867,0.2517157006092724,0.9158415818107468,1.55593854103257,1.016135187427004,4.249143789870037,34.48810552964845,506.9415316866157,4055.055975837358,36938.227210330435,54859.07519310535,55205.13760376321,51091.16794968762
0.28776126750683806,0.21485873619517015,6.403955841778118,0.09338886909345726,0.16106422801096792,0.25659059894941755,0.886932242328104,1.6508428295794009,0.9563339048665292,4.481076969074208,51.461359428705244,705.5048904163175,5547.5862014803515,70400.45690264988,142444.2809864337,150025.16554795636,139663.7275289405
0.38582383788484576,0.33066599995832313,4.912718935005034,0.1749997586649498,0.18217542304977555,0.2004276318696306,0.9165636525005152,1.5485569663345298,1.0577569355128713,12.881978897020323,109.92968281879304,1591.35725597613,12717.006457597192,129971.27166451431,207087.73197109095,210168.8450688393,194244.520212176
0.4827437991670678,0.33095192656886474,9.860070989798988,0.0917503878361599,0.15820173140297983,0.31347312734963645,0.9552770594311092,1.6531656682264173,1.0432758915495393,19.692514697604288,161.5912729696704,2327.5729143130966,18604.681988005275,181782.57805055042,280048.55135058425,279254.9798369561,251803.76599602366
0.1840926095076188,0.31933560104172104,2.6624908001924714,0.1885917520521635,0.20167942738093306,0.28700273113633556,0.9644634529139442,1.4677206090479207,0.9413431536483494,7.237041301259129,59.17685712433692,868.0979747188434,6983.0178469998655,63495.48716769926,93641.49010710891,94528.18463430394,88322.36388823553
0.18414919538937227,0.2806504775660482,6.2962065525061295,0.10748951411984459,0.2209301168576937,0.3287578090164085,0.926574572044628,1.5749563725852809,1.1461293580904346,10.9002187150609,82.87967664393157,1225.8903293486346,9772.017154044894,78304.50197633263,109539.67784448886,108261.38547808777,98326.60053950017
0.4852841855445267,0.2213828353699243,2.4907545550646475,0.17199762349682446,0.24352849883630884,0.24236645876851842,0.9747249693036565,1.5468665561025825,1.0938759924401884,16.87790089079707,142.38414970842743,2055.292769766417,16498.311455278887,158627.22374636418,241467.18445301792,244113.9442038078,226731.03474042143
0.18553861299163266,0.3219577070571254,2.080394138787482,0.07002216065165093,0.21876554277542404,0.21551797570499137,0.8994818492081066,1.5526539635843053,1.1207637328625273,10.77430270879339,84.07120127564673,1241.5760232759026,9799.65295772653,79544.9533436424,115542.2067688372,115353.8229985231,105345.66979803696
0.28905519653795086,0.3754515876547723,4.599282472305238,0.10585247683089617,0.15352014282687307,0.2540382431607011,0.9489186925348123,1.5471196563258867,1.193380776795804,17.991933346479097,138.40946561422638,2033.2830456576878,16129.502322527595,127306.86017573699,179099.99353258937,177228.37845037592,160740.4124752913
0.216348135179974,0.25745872915257945,6.761316189563021,0.11148923275373138,0.16913565434556502,0.22681507416918623,0.8607114780976246,1.4343023281660892,0.8812040156237743,3.5729057978850016,38.65146190592442,538.2660256378925,4231.873901999269,54205.33057836507,109628.27444210663,116447.31079211738,110895.0443091535
0.21202834783380342,0.31802949300025773,5.727554536095781,0.16158575594177327,0.1958571171073957,0.37830670257120164,0.8795989002687715,1.671372976225089,1.0994814926191605,12.483844642383605,96.1122825706683,1409.0378430051328,11316.07232129332,86709.80665171827,118617.85701399199,117015.63357817108,106373.47001968022
0.20528011245840344,0.22462033792553882,6.359483194675671,0.1507349404214609,0.24077826377820308,0.38137299909179406,0.9365584403510563,1.695179747024274,1.151024388529531,10.151940472460963,79.21645746160783,1150.5501827831824,9293.82513392261,77554.3766085757,108221.6568658904,107060.45727912703,97229.7861097846
0.34061265478522906,0.2478661683666341,9.344652762222488,0.13862707064572288,0.18969833569303923,0.21005647295071395,0.9141340399912032,1.4309365669941,0.9341324415829056,4.67738153480101,57.22913877874176,778.3866009695157,6148.93773655535,80641.43576885565,165978.24417730467,176258.4867972533,167768.33617580318
0.4517068511052108,0.22657634689168374,4.644053115215716,0.11569181601717334,0.24322673613713167,0.2988801926404792,0.8497479083771744,1.49890309394265,0.8713820788510258,10.824766218844427,102.73392359008157,1475.9183588536403,11846.956595907066,132317.03665348954,226563.5732262811,234262.45508180966,221724.80137096872
0.36989603004998906,0.3937448530469575,2.2697590743078724,0.08397905642897249,0.2272434757351174,0.36002810056034673,0.9490336104597562,1.470145533841382,1.045338048390175,30.145056728848044,249.27770754246203,3616.493823915462,28646.867329065306,179292.0242173418,236195.3505113723,232217.97919115442,211547.89890524285
0.4996178824703339,0.38083207676180486,8.279489084269812,0.07512095312291162,0.17418182696676415,0.24876056771885463,0.9623187252111782,1.6001711807201313,1.1660605510619522,27.712584872996192,212.39588713745383,3131.7911448706377,24881.125503508876,214247.38376661422,311917.2726067504,309307.28970439534,278946.1126481773
0.1424816770188202,0.24358237948690087,2.16722995330744,0.18362639852632667,0.16563671488308923,0.2423228736853621,0.9810778432184942,1.7446636682559684,0.8611364632425238,1.3427615723930635,19.65547177874418,256.74880084700504,2043.695901387694,26227.279407377566,53154.34859936187,56384.34877354792,53854.72024731663
0.16407362225644295,0.2893226829929285,6.064573170238472,0.10235029522135645,0.16172604673532445,0.325916933454994,0.9011141244783496,1.4912509113362873,0.8990838506987252,5.028981765024966,44.56870662327397,645.1012875243518,5152.762456755323,54642.78056635738,89748.28358791473,91772.29780525356,85360.60376255064
0.2777516388988974,0.2917623925963525,9.836404212784544,0.13166494883219693,0.20949191983511659,0.25474237847691117,0.9491304208021527,1.5472931408203792,1.0654961447002216,9.460606895674514,80.82025706397044,1168.6529398216749,9382.865386836147,96856.17272065446,153455.21947802516,154960.15399022945,142130.7109845225
0.20607657245518324,0.3970617834751945,2.0160684284026025,0.13349410949592594,0.16551855603318594,0.38960452492153824,0.97764046467179,1.7300622242949195,0.9845606332236703,14.278957779415396,113.1773868552368,1618.8398461226213,12909.8424779285,88611.42028689552,116703.48484817288,113369.74587195434,100921.87946715596
0.4128020248379912,0.26094240279339476,5.346570060001513,0.10162575579332862,0.2364577841394108,0.2928343631572861,0.8988712219461771,1.7602390842476865,0.9738105187814828,14.245862549476302,120.76564104035891,1729.2883969681582,13845.681635570209,139234.8738681572,219568.18199323973,220224.7328574998,199426.49601724025
0.4933184126662501,0.23751689952059757,5.828560633672375,0.1926319189538675,0.16354446262075897,0.3213300544044401,0.862611881048218,1.7031426634401707,0.8435039367525502,4.870466912465532,70.1125850535379,919.4777376155951,7422.12666639219,95646.53916580163,188365.35211657637,199112.61295956667,192116.56359407137
0.14521279854210342,0.3606557016205738,4.919633685513043,0.0795927722900392,0.18246037266971837,0.3081922389717818,0.8580197322344997,1.5521620414512807,1.1378703172017042,9.631632874031721,75.02637975556644,1102.821964076632,8745.757249609613,65860.27145933534,92320.79768085123,91663.95681217387,83828.91020246872
0.28166505351093063,0.3551382624157592,8.873892499464676,0.10750479105697897,0.24669861074152147,0.37986065979324524,0.9396605682320308,1.5326686895471038,1.0390642981103224,18.416754962211762,141.86083798277463,2081.8896426191673,16602.584516641084,125157.01819469062,170505.73029111038,167985.25138035204,152710.46812778816
0.22283830754291292,0.32033951845271086,9.159258148700184,0.06327628100087467,0.2405470801898857,0.2632613975925676,0.8574443740241755,1.490151879496445,1.101102876448712,11.060265935673204,88.11211858880345,1306.6014162362153,10370.399348356374,93059.6775490916,140360.26485569903,141661.55614425725,130900.80741024711
0.14073643734005412,0.33587931484097666,8.448865752876895,0.15435011119359365,0.17588584897291112,0.2879732820632789,0.875228599313907,1.42309361386192,0.8092301380240833,2.924207152286453,29.57049219655545,419.91741022477186,3372.968739756348,39712.72259943873,70391.98825350347,73172.70083451574,69614.7744134317
0.48411181013770155,0.3181751538157462,7.465127343638436,0.17200251339769956,0.1783048385711825,0.37691074178374695,0.8780921615292142,1.4458476415107382,1.088139822241839,25.26655219921649,200.74199683642337,2980.736223804559,23849.58309557307,195080.42076590625,276568.8535401377,277064.79924401024,257638.101126787
0.44904420788843935,0.265177150839453,4.790953098390878,0.13949615115943226,0.23823879650440252,0.2757758774802459,0.8515472184182128,1.4514381614158909,1.0121450441716926,17.16916936507785,143.3585338769528,2132.8259582517303,16983.935791364474,161270.2093622486,247393.8057901717,251352.40766722013,235577.44740037262
0.25577962758578987,0.23107410927793295,4.500724699461088,0.17347804480797685,0.1666348682063569,0.22791734095431426,0.9703387790624695,1.5600588588709723,0.9476957242907141,3.328775755314573,41.42604034803549,558.671878575571,4451.675124415963,56564.084279737835,111136.91785972068,117068.78477715413,111243.59938340995
0.3824745806696789,0.34269337006286804,8.071590665065347,0.05429842353154953,0.21201930618994344,0.28416565344468403,0.9393481710541473,1.7605109733079254,1.0646494980885923,19.601498430842746,152.43512045911945,2207.3827532400173,17578.11573292552,157489.0286950822,233689.52772548236,230213.41996391254,204991.13178338073
0.47564014322586223,0.33395495767697214,5.736243357347333,0.16654180232697627,0.15651671968530065,0.362273277566835,0.920454563916238,1.6727761413111226,1.1546153553081797,28.858634905445687,220.81551634381336,3235.219465024916,25905.192688487925,198155.74609925927,269872.33543375344,265064.6405435442,239266.2589564371
0.18138622730719117,0.3324414181261161,9.397424874750062,0.06596977916856747,0.18268394212267114,0.32862432673620207,0.9498973238243796,1.6951007704287533,0.890206164137388,5.779406575160225,51.827438963443875,735.8161371290261,5877.420426669385,62471.07087257381,102791.02758409578,103429.44851041946,93274.76253755734
0.109573363233724,0.3358490535671065,4.558653450582948,0.09964889952078004,0.17267256780752568,0.2721869231926955,0.8722194300176385,1.6588396699651036,0.8344635952104797,2.876613068970471,26.666449013721138,382.9189964219976,3042.030613654517,33607.42131190904,57859.231480961775,59273.14827045198,54607.6113308308
0.20929609304764407,0.2571954862053307,5.782674982394577,0.18780816939405126,0.1564220600245566,0.20542322785303768,0.9653404479940758,1.7696265607576203,1.1458937560236735,4.4896202591160215,44.41718453004115,614.0354067776359,4915.880585934981,56709.51120170375,99848.2904517281,102088.2446530979,93278.52017343602
0.3325452415733704,0.27622063316245077,8.908444284208983,0.1256617053216545,0.20956784601605175,0.23464881754002948,0.9791281348306502,1.6061378353889808,1.0645574694756188,9.342124745504103,86.67581553017226,1233.4290898017796,9878.685053970325,107805.97057595545,178421.61409854714,180703.256447134,164731.95401281142
0.15196309791961374,0.3005059464284148,7.095517189730721,0.10108646137549826,0.1972347437895586,0.391594518180817,0.8623629909741798,1.5948418117847551,0.8391336053884308,5.285187900503712,43.71361863513394,634.7067394681045,5085.960185245241,51642.62119380458,81681.62425866415,82816.55527902239,76624.9133261999
0.23682490141210605,0.2677764402098731,5.803842060815416,0.15592721463960119,0.2179289256245861,0.3832501641978883,0.9007999157900511,1.5560643294998808,1.1171895813695527,13.157355252888152,101.87916595653135,1503.0949887404834,12068.132419444899,95260.97375267999,131925.9740960752,131097.5389711904,120481.65760871714
0.1968514213829956,0.2178511591988512,8.753580244744597,0.11493561236853901,0.18900715497234022,0.29591828451303037,0.9172835067228794,1.7116775742159125,1.1997315871740402,6.8905477838061024,58.96718776526375,842.4754749977391,6760.528447547052,68507.87556286417,107713.92636001899,107869.7764164317,97624.29158897536
0.42309236588232635,0.34552896595446736,8.123067893622435,0.08783847994771118,0.19698379510925684,0.244573175934598,0.8550328366342008,1.7328653923870325,0.852420335756915,9.341591735872967,94.2513442619378,1317.3163305586716,10464.234611009064,122968.04281516379,225166.2715720187,231705.38578712975,212242.7680016657
0.4519843728083267,0.371873075031193,3.6360916124654254,0.1965237954152773,0.16587899231605552,0.33141367349776407,0.9168025420159057,1.4902654183251758,0.997569442603634,22.494459209101393,182.0043124285544,2686.7390192771527,21553.68778207044,175052.18581850763,246525.23671374164,246630.34608039775,228593.31913275283
0.3919272121912436,0.2825201800842859,2.069418448490163,0.06680386065742414,0.19015954781225247,0.27245510129555656,0.9575674787973558,1.609908578404955,1.1559304629680573,24.60615321588422,189.46210324625076,2778.4726489061204,21955.495374283197,171118.24240638938,241742.82688429765,238629.98141281313,214972.22919314547
0.39057981223058,0.37539797360102245,4.71846622810196,0.12746979699558364,0.24192934957130335,0.312013453063576,0.904940102662529,1.6174493018974292,1.0653985188878377,26.309407980341696,204.322963908623,2991.0343873400584,23813.204303656556,172339.55787622777,232758.92925992206,228528.51317445943,206901.84678413774
0.48149712770298014,0.3933782879147396,5.17580137990593,0.16820790220360654,0.23947378659869847,0.3294748202097557,0.8861495266991412,1.7251774658960894,0.8237333627601606,18.388396171852346,148.10113673545945,2128.2353750343755,17254.798005027766,160763.61106245243,238149.32886888136,238924.6666261533,220296.74592837263
0.2888472912878841,0.21154063528100753,7.105790096167273,0.05893216885393193,0.24326502602727243,0.32706624645004906,0.92732273193564,1.6356650200308567,0.8179025001081064,5.340551486782729,57.11279089991434,789.5201697984527,6251.906227999316,76943.63259572112,147812.75082532794,153912.17912337818,142047.85882041097
0.13987683193216066,0.39287792412349715,7.944644484678299,0.17402145741922392,0.17599098082336637,0.3772742483787458,0.9362879399354511,1.5513798472497067,1.0680382536944149,8.668821432153333,66.50699715688962,978.3276578470857,7833.620347423211,59353.813381227854,80533.2004517614,79463.03099349879,72440.8650606552
0.19862252696090713,0.2237626005496156,3.4029311536222044,0.07117709913951377,0.22794844559175892,0.3741686268215904,0.9631123840841775,1.578025185061094,1.0470084064190648,10.812096042052673,83.67118346805313,1229.093763672453,9761.727206442214,81307.55944187075,116365.81205553583,115367.90818060425,104535.0347305763
0.23976023344913724,0.3222868403024526,6.08722821429754,0.11480375435040614,0.1840285574294425,0.25394650610276015,0.90573048059965,1.7549580927560722,0.8232376421669897,4.303856030567647,46.524683690436255,639.316294060671,5084.381840991241,61509.58062666478,115759.85804621119,119945.44411305884,110445.55345642693
0.28336699438818025,0.2747877676815095,9.538070210233888,0.12512624432636035,0.20568071609759733,0.34979855325845555,0.8800421201624731,1.7402226573454826,0.949054404740754,8.494666189197705,75.28207161684193,1070.9256184480307,8651.156252257982,90769.39950081983,145449.43859502394,146808.38172023714,134306.91628519606
0.44485127832483273,0.21384631872131682,7.348299686295573,0.19559181951831806,0.24085746868851957,0.20992511433181082,0.9808168714738008,1.4098233506409878,0.8973427958461891,3.753127196321327,59.41120498006525,767.89381705585,6133.088961409854,83862.82866409869,178752.3051041044,191096.91939263872,185399.99172370345
0.2765022804724364,0.26885887238200795,3.1129118274111556,0.14238608786638915,0.20863886339227217,0.36440992789459553,0.9870193939281472,1.6624451348611426,1.1875816095394396,18.77406151875541,146.37067394265617,2116.9646658749407,16901.035567617557,118416.56786425495,156182.4104545801,152347.06698145907,136533.67372336134
0.29034464681902206,0.24553697149338055,5.807417008355184,0.13189664909197452,0.23862444772024666,0.33398191547198475,0.9470155085428895,1.610280906601864,0.8990886818150644,8.091443658857703,71.52002293634449,1022.8835635989775,8275.5663486215,87740.99606696624,140932.51796780506,143320.99226266047,133246.0634422881
0.2763453165644081,0.39023845204576185,1.689201017728858,0.09554009875745839,0.2298069923416749,0.22347337464902856,0.860551812155663,1.6512561046020866,0.8421569085353989,11.285325557283434,91.31192536074495,1343.1025587966046,10601.261208118867,99608.46265947676,155116.41533970443,156354.2419329452,143131.6600284592
0.26102819428519874,0.3929733783433572,6.851428671497432,0.12635963857168808,0.18539030475615131,0.2714635926068767,0.8723863710144851,1.5061628603054935,1.1496896210331475,15.626576404228716,123.04464658921924,1813.022571073232,14414.462466127095,114060.5951346906,161238.97469627167,160520.23418020402,147439.40746898323
0.23170714967991396,0.26422321077850724,8.88082298822068,0.07047056199321156,0.189384934773822,0.21643207228091293,0.9207043822402398,1.6872291759371287,0.8285604741560765,2.1108436376551944,32.81685970659997,436.1335699220287,3381.665091724306,46463.682187175735,111134.49296304671,120281.93265014843,111891.7347220053
0.225102547065233,0.32192220769356494,7.421362860470961,0.15428059603626149,0.23779486298736396,0.3858091428597537,0.8525574577334831,1.43977638864685,0.8268431879430023,7.74812046134597,65.36908410087324,962.8479187128158,7774.294359801442,75892.52676147269,116378.32501461991,118533.13085473567,112181.59142830636
0.46420101356906973,0.3589503941076074,2.4652731642079475,0.05117265242548734,0.20552400170068857,0.2843994141745641,0.9863261632318641,1.4280109473170115,0.9114969953717732,25.935583719573597,201.79758995301967,2982.4879687802027,23502.68014411853,197071.83495419522,289164.0097846279,290413.72994761664,266485.76872587955
0.28199362115026205,0.28415341390255444,3.3926020577851443,0.10396274340478848,0.24525623583211886,0.22462407362072917,0.9073071636846248,1.6857979218006014,1.1892330008181946,15.476983962169104,120.39903958796145,1763.2498825845526,13990.68730445133,116126.20245063136,166545.07829628047,164362.55780400612,148052.2591100914
0.30153334720166836,0.2014512128982081,1.2631839333608395,0.15136998396856824,0.1861763755394784,0.3464141778430594,0.9532662635048265,1.6382479496874836,1.020840852275552,10.21651769099642,85.23688070938603,1225.9956547310815,9869.277875806141,93687.76763439408,142549.93467030607,144285.4571556819,134329.1020728009
0.27371192399857325,0.3756455928138128,3.490695059230535,0.06349576786046482,0.1580935238948224,0.28245736291602336,0.8615871024103369,1.662658489214534,0.9707819083771597,13.65900599888528,106.92594174487084,1572.0263010281808,12411.933837875544,110296.68225673783,166373.80508483402,166297.9926882287,151145.42597313615
0.351376243825707,0.34130493296083525,9.634497106660284,0.1450888887256049,0.17973120793515224,0.2604226910085661,0.9435739495594204,1.5998260136620048,0.9739938549231977,10.281123658826072,93.11355092847845,1325.0823073959068,10644.100937204166,114537.1261872595,186999.16378423214,189523.49501436533,173806.13260936755
0.42371470810174316,0.2251760067477876,7.604752924771955,0.14010010067057754,0.20890270813344988,0.3285106021729237,0.9243177570049889,1.5946945701074853,1.0243777597567139,12.663925875685763,110.47659059719865,1585.0063142547488,12817.85152127687,134446.24580585476,214387.5060749657,217589.63487585366,201710.65006475223
0.1334175130736647,0.25646324650298613,9.793268236641566,0.17297795917980177,0.18184610130616888,0.2672538226749576,0.981542848152311,1.6931468922084076,0.8540952685354526,1.1136439866766636,17.776392453994703,225.30335063786484,1798.008153155782,24413.040033262307,52560.595365845875,55930.78742352581,53250.282271594646
0.11880754675449663,0.381894255345501,7.001236906774848,0.16500220267686824,0.1888815177380063,0.3773873252319477,0.9219671260975691,1.4304053301484498,0.910928408850929,5.528959080093841,44.658207574605605,663.304475637719,5310.525208780085,45720.290223277596,65648.75943248504,65919.98766523668,61358.14323079205
0.2765561081832249,0.2160874531714002,7.674846256842906,0.14448023247009342,0.15129744824295976,0.23649681565140881,0.8961235502443105,1.447208353002048,0.9070315143657063,2.7428124982267907,38.56071688683547,518.118522006669,4049.7316263411526,55438.805963876395,124060.11487454714,133896.5106826676,129120.00820979403
0.1353046061568883,0.30237674698925726,6.413323545193135,0.1320121123062659,0.18747664239564735,0.3992593094964774,0.9015971094057215,1.610330323707647,0.9863612264429704,6.436340891505328,50.865309102019,749.2993761259817,6003.575902807811,51885.73023017007,74494.34913473598,74217.53182822386,67927.435531409
0.15857723080657024,0.2619215856421221,9.705643560067182,0.0794781012226481,0.17636218286213978,0.27591357455794546,0.9403509680598325,1.503675687574944,1.0307568187560803,4.504692295116085,42.114958929695085,603.5860690403883,4813.75830834972,53256.8634291517,90521.40738381121,92689.39551799436,85498.94589862284
0.4153781461936078,0.2147795131208049,5.430618705916178,0.07534793026882422,0.21967629505955893,0.21098185769402508,0.8525666047931878,1.7233775335722568,1.1299897089166948,10.979423311728251,104.03423005561183,1493.462541407545,11838.316195448439,131732.40710839146,230775.32421965984,235762.3125015104,215288.18589054258
0.297779590191404,0.3493667273231546,5.267211980621241,0.05827925478766465,0.2392579591077424,0.32794390622738323,0.9738076556270787,1.6726166327014074,0.8805982431677597,14.7798710825268,115.56629757838316,1684.9053034080553,13368.92792836186,119507.65889604889,176489.5809849737,174488.69914291613,156294.00967255517
0.17993352519999184,0.3914343029542017,4.889332562179123,0.18761872826301135,0.2440095876305991,0.34969521417866267,0.9477850782417726,1.6973019251111068,0.9395567765527146,9.600957213911819,75.1926943447829,1087.7505006970962,8796.810430007836,68828.63243082089,93483.29301970084,92251.62505859706,83849.03526117154
0.3814901222475753,0.22387246491600932,1.516407774296721,0.1882585297364479,0.24323603114961623,0.37834795063673504,0.909718556493489,1.4703843119821576,0.9664220142317304,13.798724072500665,116.03939424740632,1691.833139320919,13777.529506245384,123146.25074489578,180215.41094806124,182919.05350600355,173746.97655899316
0.11024276642265006,0.25801738483333503,6.288210749224175,0.14883859305342306,0.19918600567499634,0.3518332349568636,0.9682154049735605,1.5881560899903793,0.8284958446609889,2.04819374280043,21.822663283798786,300.8123771581994,2444.6528098851045,28416.387673891226,49005.464434489935,50526.74796863526,47682.514327772464
0.30735253820142805,0.3841315872293682,2.1813433900965458,0.0923366956170554,0.23308778347843867,0.30296752822339945,0.9403058441334371,1.6098180453769695,0.8728366595751562,17.37912633158447,134.31581921981712,1971.0963710646113,15644.220563140536,125838.03312203688,178240.55413700623,176418.28377635256,159811.8527116107
0.11579998391585185,0.32826400645580345,2.8829274957356352,0.052606808800023774,0.21438748563894833,0.3704933091741246,0.8503163522513039,1.626301815894072,1.0354655757527433,8.299157493280681,64.99014628113224,949.5026073339385,7517.929788132041,53519.69206883181,73889.31675135356,72924.17202501225,66217.19516486012
0.3712630883617194,0.2350963145069484,5.155682848838264,0.185691071943062,0.23849279923053646,0.3489102374905176,0.8450177243740156,1.614507432030104,0.8524953659385368,6.681080994680483,70.29296936797247,975.4378252233505,8004.901372519219,91503.65211584751,155306.8426636555,160832.9463597992,154454.33006431433
0.13353282427473823,0.26522234334972394,3.8113476826164865,0.11420421717359866,0.20909013486640157,0.2939101963938534,0.8931784305322208,1.456069479041549,1.0281744216060158,5.950560487727751,47.718341554658686,708.5361736026848,5622.356814663943,50843.91989277503,76196.95700789406,76923.69842093452,71434.53109005732
0.24572448886680662,0.34127936060083086,2.1038403903824925,0.16323240836220632,0.1650735490188973,0.2975136928302744,0.8610533427767495,1.4256326232339225,0.854417032757186,8.53512708752365,71.73256034152628,1064.983163736139,8495.660395215837,82050.24982400885,128200.22232375217,131123.22766882955,124055.43669341732
0.1718274411632652,0.3655392181350125,9.648864976559839,0.08033614405958438,0.2152152586229809,0.2984528110927259,0.9537698931916085,1.5939855520379103,0.8734539574479252,6.014613384990702,51.44807757007432,744.1464744937729,5953.16408490738,61413.0504711129,98170.81268944469,98881.40841671014,89961.23554898685
0.47734114426559615,0.30075021813088854,9.540683800437666,0.16473223139167475,0.2495607116080941,0.2192385974484137,0.8806708309028475,1.628343104842489,1.0355390518617869,13.559796471272694,122.23096155621165,1755.1903375516574,14130.871691063621,152276.64290126885,249400.47382029082,253515.7542311853,234185.71811366096
0.33102029715476555,0.27976106467718675,6.959655735605127,0.1688901547870118,0.22021903947622978,0.30767301795287466,0.9177405450180693,1.5239330999592142,0.8787855740599706,7.97718200646435,75.226163278837,1068.422460802487,8673.499379594721,95549.55708677729,157414.05934548678,161475.6482488675,152498.40689443817
0.28034596380031834,0.3444077052892076,5.02511657001049,0.10357048243304257,0.2227520061858368,0.23006382786981538,0.9193900672862125,1.6774700888211147,0.9308098235941494,9.712526108723084,82.06581322176254,1182.4119867904537,9426.560152179982,96297.60792325616,154421.91847709264,155480.4705940121,141209.8257880836
0.37672243601589284,0.2539449664511998,9.075267523581429,0.14468846835698257,0.24281665346259307,0.3332369009660838,0.9119940210573143,1.6760732757241399,1.1150872442302069,16.838422998192126,131.74882572782252,1917.3148114708524,15431.552469436549,139787.3468563631,203273.42552812814,202152.33482102063,183929.27274612372
0.32928238569785107,0.2155130542177035,6.7847790246344815,0.11209505438935984,0.16569002820825487,0.3524636179447575,0.859635228881139,1.6261290806836424,0.8771936817011059,5.881284153142557,61.72392941627251,856.687355513283,6848.356414746229,83438.42847285139,156115.77675728433,162979.25014109758,153621.1813193126
0.1730132258092109,0.22426833470755098,1.6512459639115615,0.12480380662824975,0.21482725991871765,0.2489229583776493,0.9078183210761602,1.5451273251295836,0.9749436165582255,5.178759327997647,45.545130761670464,660.311224961859,5260.982808182797,54053.086968911695,88119.63355457048,90195.322220219,84180.17385010757
0.3349587558390874,0.34982860658119563,2.518423716157765,0.1194109672971245,0.21785287765390238,0.24484145995417173,0.9690364079229148,1.5099191832899623,0.8438038797224071,11.920243119267585,99.6610490299421,1448.3621504045266,11524.50006680736,113872.89500360104,178815.20626815464,181275.07545479957,167353.47913358698
0.46894735835238033,0.2571072025146313,1.6543385828214077,0.06467637389937575,0.1988517283490213,0.34116261993584357,0.8795568323128893,1.4836314947010727,1.115657815370077,30.557041301810788,244.58259918019624,3574.6266676604523,28258.107974118077,209071.00300466368,294322.0546519559,293667.89826640114,270206.99323913595
0.12930836303832796,0.3842950008408166,9.951353528924459,0.0762671272570978,0.2224732211020863,0.27727601593968293,0.9868261635888556,1.7287490751328185,0.9976934272886443,5.930592727999598,47.68266188451341,684.8906132310691,5474.325884140083,51089.799012605785,76489.76748302007,75338.46070432354,66971.24159264869
0.10454439405451339,0.3493876845621822,2.372564505492936,0.17677594447238665,0.20323857402727763,0.39918835647347944,0.9413504586003845,1.7592265505000317,1.1128000127575537,7.7786793057483505,62.4593230382556,898.4093101903915,7196.282361056928,45257.92319655447,57919.4925013392,56216.17285555689,50232.61380956889
0.39773292194661314,0.2449152505829742,2.1590932247406602,0.12283094214766674,0.19340634338239635,0.20308292471787825,0.8636965868749955,1.7677399722362328,1.0711444154634937,11.298371272432904,101.31051396892443,1462.7374789054484,11580.027352494499,122276.7569628633,205787.1599886553,209479.8354083983,191386.84140964292
0.4301102844705633,0.22638586610387304,3.138961258070726,0.07962941186070482,0.15583211148499498,0.2463901528614898,0.8587923699624236,1.694274337811664,1.1203808022765105,14.071096666380082,121.58276804050499,1764.5425446462748,13948.89623703186,145010.5842344677,241727.63985856553,245536.73784132747,224280.96623977594
0.1207039013571841,0.22844593851213174,2.565657051512521,0.0873632709928018,0.24029797677151044,0.386625109405483,0.8682253583175981,1.7591920327666657,1.1644701045662988,8.130599908605422,63.750186758412525,919.0611298422206,7311.651868377356,52434.05463977897,71082.70409704167,69412.97354912193,62242.6727830864
0.2591685010036129,0.36651554338930326,1.4490830194724984,0.1132275993809958,0.1843729494365427,0.34177880223434953,0.9760144988783567,1.7022153995878502,1.009223287527115,17.887891145399674,142.14941845193422,2038.7078433646413,16200.660590990808,112678.3966915456,150242.4912415293,146206.6550156874,130308.28582831171
0.46510017498058376,0.33101708748610226,2.7181784300956235,0.11783143513145565,0.1727637742983232,0.24469575285576536,0.90503018070883,1.7298312895053314,1.1598510790375633,26.17367048109184,202.89812659225984,2959.3362802959537,23486.465234075382,191198.5167593573,272332.84605451126,267917.32279777643,240367.6143790395
0.14697894161675099,0.32783846145185125,7.981451778646362,0.05051588448405293,0.23931149060171783,0.3101395698703451,0.8487642244185885,1.7169140905968496,1.0684209100584383,8.363632861902172,63.927704808798005,939.0090705726475,7468.513076079601,63171.03348809477,92107.12547391075,91181.532514727,82281.20902579454
0.2849732161175299,0.27290428651111126,5.9474215637101375,0.07947648224103529,0.15135927459560156,0.23151467701802603,0.9878189796412392,1.6655779235508092,1.0029755752729896,6.151339701773122,63.8537196069713,885.0128095255828,6995.518358143276,82736.90016283559,152791.09345730604,157045.55694023197,142598.01664391527
0.3219687325667264,0.27175578547629803,8.480257322717893,0.17364083857825124,0.2334309836094539,0.353748119385056,0.9351549834067141,1.5429915862063357,0.8136925537677728,5.851797812836882,63.05492754375346,863.0896063012302,7081.715673143797,82423.12125138004,140318.65592794833,144807.85178340357,137965.1350920428
0.48359707741042557,0.26058049775074105,1.359271113998238,0.11235388328354959,0.23133053495262387,0.3296545402712555,0.9764999731604234,1.701582551750175,0.8302860328213161,15.517090763404132,131.34186475541514,1877.611386821588,15042.029061570684,147975.6217959384,231569.5101787976,234142.56936074267,215253.53881666387
0.3778438272093345,0.28606787878944584,3.076597236949383,0.16997209357156853,0.23532044419300308,0.28926399401548275,0.8934404704659626,1.4155039650445809,1.056455379123342,18.3807066905323,148.43607598608833,2202.4970050245583,17601.798809963762,145875.42650254216,209473.8925105309,210853.83593478263,197135.28358425203
0.34190582921680096,0.3610947386855779,1.4128687355955358,0.14428293439841597,0.24641249412123833,0.23429468045376745,0.8747863576362682,1.545808673178246,1.0616063566316034,21.143472434372335,166.60074288273935,2437.421957209471,19358.981773224023,143918.737597903,200314.07105372174,199095.54419824417,182733.36578610472
0.25172675156957025,0.3329681139449143,7.252435549266078,0.09784369901941253,0.2190497096895655,0.36926583080395337,0.9226596521243243,1.5262685098562987,0.9262507867139032,12.369839985791103,97.11736471036176,1443.5433813555399,11503.634880375132,100698.65367106994,146306.6038950649,146021.31810602272,133770.5787804784
0.3048328739481607,0.36175542181435777,6.964567137714675,0.1417854435208932,0.17852502805234946,0.2394049612563216,0.9397776784600881,1.4657818464758547,1.185247118879425,16.347460511490283,127.46915233980458,1895.6351050524854,15062.618514703514,127619.39849779426,183785.70236574058,183431.21555048178,168328.81593521975
0.4314474298642935,0.21044213839531484,1.1542562748104066,0.1304579445912234,0.1585152514913764,0.3595490310728524,0.8930102466296369,1.4123477786969578,1.0875618401064966,19.865332479059404,159.8326701897031,2381.303485640387,18921.225776319236,161207.88945869936,237768.68721376933,240656.61476339324,225404.35712819183
0.19312105473648425,0.392758749986634,6.789439830928177,0.12574637968663058,0.23597843847494215,0.3994806745576879,0.9156754600719086,1.624754539701737,0.9015858453394203,11.162618409244887,85.22763155008869,1255.6905714896532,10068.040474578109,79431.61527367227,109425.0509415613,107984.60516879192,98086.55195933722
0.17734076719646433,0.2783212086792632,7.810248723908054,0.07321100329924886,0.21580022280108754,0.36126453227536093,0.9662742685040115,1.6634310974938207,0.8803715879695253,5.913137634443791,51.34800002346075,729.0667907856814,5834.054392622166,60706.268529286426,97457.31823361664,97942.58548430332,88587.09448188871
0.2088750063127539,0.21551909464652758,2.0325323888346736,0.1753203357076552,0.17462194019261712,0.32623594321189775,0.8592970880055304,1.4365593992946841,0.8626386936711726,3.871302595750981,39.41604701000696,556.380234560279,4516.3478454522,52043.776770259035,91230.49831294142,95338.44716857697,92241.84565183574
0.4003738813665765,0.39495814851257705,2.459322695297676,0.17341269244316887,0.20184814482127342,0.3950544806534386,0.9532255091810006,1.4710451317699649,0.9668070143647849,26.0348281181686,211.96195121465487,3088.8913117757575,24710.016512602662,169755.1646808065,225862.6089456736,223628.03371903425,205782.04843256788
0.23061881630538192,0.35610265683735687,1.0201946827755877,0.08648814870374408,0.17007155079253872,0.3006635096930814,0.9179050460483814,1.4699774417251181,0.8298610847771574,10.47359659135463,84.31659232190333,1251.2429129395007,9854.722946127531,87376.7350698495,132392.6775450453,133875.17788469803,123859.31472223911
0.11006693597851945,0.20387742235131656,3.811053645183148,0.08340844571738812,0.17282893938059463,0.3584252206383679,0.9144769757237778,1.5826756528855974,1.1165374707691944,4.939437196929358,39.130221474074375,579.4503170089799,4591.261208355004,41923.49790612391,63041.5430006897,63177.96531663169,57734.48325094168
0.16782157308074389,0.395725046057428,6.0761760044818915,0.0829414184838691,0.16738368738434542,0.3258111286449754,0.9374660121642209,1.5703442507873984,1.174224719381356,12.38141247435558,96.13669722332664,1407.3312907667007,11159.629151429937,79316.07390672852,107461.11815477566,105529.16593240852,95328.48621464477
0.2090798523066038,0.29180769577027893,6.928954243199571,0.08873865138714263,0.2410363524587174,0.25720273479787825,0.9175760458314832,1.7497991931952293,0.8859814581889071,5.094864113402891,49.27850151674398,695.8383379632998,5547.134168640913,62778.42769939481,109418.40887064744,111362.01977605252,101091.28039500158
0.37976675559803685,0.20451714375926866,8.518632306132655,0.06955170805932821,0.22492127806544143,0.3207031176061996,0.9150198222124305,1.597349255485104,0.8326900038515942,5.70929314418828,67.81276842007513,927.0528652873602,7330.084775825872,93729.09060948475,188648.25355020986,198475.27637931384,185085.24560424994
0.1760170492303745,0.27682218622417054,5.841634814536624,0.1361860166260452,0.16576156239680398,0.21443459806162585,0.9371042829289877,1.44743413047431,0.8663960124477571,2.5513958780456525,29.826844691951656,409.22652090994154,3225.9833683892343,41653.75734451859,84469.1107288081,89555.63832355918,85088.3258194455
0.18774431137984107,0.24639265585594697,4.451156861719129,0.10191097265964479,0.19596214384095578,0.23655741509285885,0.9818112346813015,1.5999751242834162,0.959597828687803,4.195818762417289,42.1856717739425,593.8852869985338,4713.42945653196,54316.52524591235,96451.72081462265,99149.87661368448,91077.50045504323
0.12480071265886594,0.2369941656959456,5.181032368806688,0.18353093411994975,0.22162112093261496,0.22020842425446452,0.9666773418978731,1.4361224038266862,1.109258548599742,3.690821747976132,32.66293237359151,473.54531173729583,3807.7463088752183,39913.15685237191,63866.836424896195,65165.37280786587,61041.23514514138
0.2436802695559131,0.33103227770707794,3.899669286520524,0.08136608063782952,0.20923979986707641,0.3329451941295466,0.8877946829207791,1.5377985785477895,0.8323010544082974,10.060713571695857,81.71049109533853,1211.069331751119,9593.120037334833,90502.70178345876,139015.07988163814,140332.50845273526,129355.12171240091
0.4886864371912205,0.22985486739048064,2.519281678277429,0.060472445964072113,0.23367496694302106,0.2907459960735881,0.9772200165863778,1.5739882749213834,0.8714791149539882,15.000542948904318,131.80301626157154,1904.6084115255749,15055.040535495,159280.7213512123,266361.483134652,271484.87033148995,248396.64429572644
0.37451184842919794,0.20792563357650998,4.860649475573492,0.15835870949416636,0.15590619728007793,0.3231020669916185,0.9706718423709881,1.4184889058293717,0.9037440393820109,5.781554124327961,67.17695300854321,914.5948033072065,7373.733625531697,90424.46449456224,166362.95941428322,174161.08264212133,166897.6355228799
0.42035493970773696,0.22002723894362763,1.2916714466638322,0.14647783853180693,0.15955765870494346,0.20048771550989605,0.973908855142116,1.5908272046435,0.8362238459126363,3.4709996460149615,50.121989453596484,675.1282952784209,5203.198246533025,70658.04567447293,163222.73969091394,178012.3673565275,171819.8587543662
0.4239157062503368,0.2192656533940586,8.206024731335084,0.1327158599376394,0.17086017688984223,0.3436816199502245,0.9546632339722261,1.7584352058631612,1.0039099775266402,9.131483445197256,91.29581052812838,1255.1033756185186,10128.546317793574,116125.05594864965,200376.25040551374,204560.82878997072,187807.01075420965
0.12742477657630472,0.2717444292934452,2.5056034164482046,0.06617782415915714,0.1534581220946911,0.29296807453383944,0.9830769071023884,1.6780961435211021,0.9053316977746149,3.785580285949918,34.15028016267811,490.95316533267396,3872.025327011405,41139.13614165003,69368.31126516458,70332.7078574076,63594.449287606665
0.4003141747986637,0.3038560742027717,2.7650986632906838,0.12214204688426542,0.152732904877909,0.3368836646491947,0.9491681317442501,1.4868639182485701,1.05659798068453,22.060732383220316,171.6174075381952,2537.3075898544553,20155.694725147165,163359.50772055704,232006.29108817727,231321.79758226077,212216.25120580543
0.37747318481673364,0.3849201085534474,1.7631376766784124,0.051397905875212674,0.24805351011665958,0.2868530932254895,0.8613494419879585,1.5192284138592584,0.863972617361369,22.10635846926643,174.93667732729074,2571.2659353957715,20314.371314454307,162358.091599325,236260.32555161428,236897.36134977153,217985.12605310892
0.10555740410700509,0.2048785956981818,4.795382058563058,0.07977552439523734,0.20884791077608805,0.3361849273450458,0.9152242163067957,1.6404158382686198,1.120483532130702,4.708642051678846,37.33754190274916,546.7282921473984,4341.907996993863,40122.36734474208,60418.83627069947,60314.19451725723,54759.98646334028
0.20460183479657323,0.37901381526878525,4.155041072528819,0.16033040776177993,0.2170920046097148,0.37838698739641824,0.9682760125970837,1.729295585377655,1.1107839364346832,15.746869902335485,124.88231926627692,1797.1080844109097,14369.096831592016,91821.02676753224,117388.66392612983,113447.24534419611,100906.40142658276
0.39772738628305204,0.28875323672227204,6.750860830219438,0.1945996608216734,0.1627037548719351,0.39339109421592133,0.9305886826302153,1.6866127884921434,1.0880212132268872,18.02716613181339,141.64711922977332,2050.7775586268267,16625.74137619795,143842.43539368277,203714.081063868,202568.0173635475,185263.5978041851
0.44406108453171034,0.35226071490648375,3.691628889593451,0.1130842433563715,0.1593007595366573,0.38515732868664154,0.8788144922316817,1.455567791933806,0.9867050819888016,25.86651968867814,204.18209609414188,3020.4841211193725,24014.971092904278,187832.1838610325,265654.358405836,265606.37182693736,245699.55407287827
0.3684796039263577,0.36728276573587454,2.0981567987953325,0.07478267952407155,0.17817794443352827,0.25801882009993315,0.856310043528694,1.7211081577792293,1.0893384799629349,23.332488402363474,179.25171813013466,2611.9323462923585,20664.845812678086,160189.22393063095,227454.0429960093,224138.51458378346,201903.44687087627
0.1533544461511257,0.2801724131841641,3.985291535257506,0.19752523064799388,0.21637673962002574,0.37528771500179586,0.9312060426687245,1.6583113468012392,1.0162322339587548,6.771923779986945,53.652355476400636,780.1751701163008,6346.0151956657555,53601.17377197811,75265.53519331972,75154.75505400423,69515.44240825645
0.37379473870109836,0.3270708741461212,3.9744855845649956,0.1093536552666169,0.17858334084552654,0.2612206750271119,0.8912112894456626,1.5524895910545593,0.9100544782213197,12.681644389174876,108.6830343881799,1580.6763899364398,12574.236229090371,128013.46698958888,206039.01188416203,209539.2296088837,193617.55927556983
0.28593308660170624,0.3919506080290863,2.1112976729452635,0.05929578947282138,0.16089952962299714,0.390397540821579,0.8809743109570268,1.6867069664549075,0.9904661378687105,21.210839468502428,167.10753926092386,2418.510473190484,19146.908019530412,132636.81984744384,180461.06512631348,176729.7153260199,158908.59384292335
0.48200232596526393,0.33903037284261284,7.998615013855536,0.07530563905919431,0.22026582113347687,0.21316288881153142,0.9312669595285047,1.690994839120632,0.8333498368078203,8.78204703224987,96.9702385359019,1327.7330318560632,10490.263333311046,129739.32224254111,253236.29623645436,263070.8910731113,240602.7375528046
0.16369150766047658,0.34995403829436056,1.2711085796069344,0.07963342656719632,0.1912703048793626,0.3092663527958978,0.8711947521248818,1.61163065783912,0.8782484910118478,8.499240113837923,66.79653444695612,985.1478765657529,7785.039490823421,65108.821899268965,95662.99508824904,95606.6003895853,87360.51568871461
0.27422757388902486,0.24635678633185526,8.62629601319216,0.18883118601798599,0.17461479416717574,0.26938913503396755,0.8616792602860653,1.7081277270464725,1.0129595301045418,4.984099866811722,52.81915216878002,725.2419095085145,5859.147819971345,69774.7030295102,125343.82306998901,129726.6189773136,121994.6556365246
0.1595019055151207,0.24254142160553485,5.462311627949568,0.08543172520630204,0.1911353285293804,0.2507617259869576,0.9685869325677521,1.5944296406618912,0.8586555948329976,2.483796104735581,28.896498198321442,395.1597918098919,3113.062626809109,39360.48781850166,78694.81346189436,82628.08712054625,76646.9271524968
0.2983587676699083,0.28822377447835407,1.248386396505134,0.08024691373733214,0.16872883432931582,0.21870491606175413,0.9017266027610923,1.6874200711610827,0.9149256655542176,8.582571403795749,76.62723267382692,1109.2002811751129,8705.51238761736,92853.98309946053,160508.75997525282,164308.49597141566,150214.6417384215
0.2963767743217967,0.25969669098587916,7.386444742096254,0.09725187135701402,0.1881775814589976,0.3596297302975832,0.9155028844436705,1.7090738947147281,1.0518614674978484,12.661982426950068,101.64166986003406,1470.06680009027,11773.941205644813,110547.97795521398,166043.23906585245,165056.22955543065,148956.51889956364
0.30351359255123184,0.38954430756048,3.2069358447987417,0.10373948230519568,0.17106154154396155,0.3439241773562992,0.964711338136935,1.7456968819225056,1.1238346842523155,23.754462993086854,186.37174147615104,2668.9991584984837,21193.026331295026,141161.1142672718,184859.11066581032,178255.53340187203,157605.01868813127
0.3002032323730408,0.20492233257703726,7.537540717228065,0.06900572045061815,0.172679104567017,0.32711881618815625,0.9366232316007016,1.739199303842193,0.9066468091231786,4.71524213701129,55.572496614775915,754.1692995139771,5957.29080438163,74827.72676607718,149093.77388879357,155481.33727423765,142306.26366528813
0.44120195539802975,0.30887994644984834,7.6329394758041405,0.13501922561229707,0.1630805675999072,0.38679681791213427,0.9556060729000905,1.4940199546995934,1.0281485794842975,21.027252816353805,167.80222939604383,2478.0478846361366,19816.740403278254,173159.09034823117,249406.97800965828,249007.14341137817,228638.36832281481
0.1135464992803617,0.2291758363695232,2.2782321624740884,0.16694560312940165,0.20604219660653955,0.32114417221756036,0.9327372929212137,1.5155855912132317,0.8229432799732982,1.8802721193681569,21.049875677804486,288.5784578216174,2347.491715294947,27230.044781217253,47405.40538674477,49326.5084559571,47379.096863838815
0.43571304129511,0.23023101699384355,6.615198237853278,0.10029163354346295,0.21679801110410443,0.3106286688383713,0.9550661814699976,1.5869080389469834,0.8140862239751522,6.745905376199476,78.48714255091217,1070.467639783816,8531.575859302851,106492.87626362333,204087.02343533828,213310.63141949466,199993.60805306048
0.25638489278486,0.22858435053044285,4.42022648618619,0.1776833014447758,0.16253234672671588,0.33178230164712796,0.8532623036932293,1.7442024520188464,1.02372214926991,6.719328433175136,59.94469372746996,850.6163545627361,6890.947445006028,72974.62212933374,118699.44501450186,121209.7585034576,113441.29437875739
0.387486235601296,0.29221131329359706,6.448396698248523,0.10693874351821778,0.15296377161840177,0.3961572711939477,0.9877965208115331,1.6179582484463788,1.00309653555377,17.667316083128842,139.89523414249166,2033.045531357292,16237.845887643007,147490.59765098945,216322.46111085947,214785.05682981457,194062.54707883
0.1875942496137197,0.36034997024661003,1.8261357881031433,0.10460862961315945,0.17685890469851626,0.20572928576344285,0.9609457525629441,1.5189370587001403,0.888372898551395,6.356046479416263,54.039022981950986,785.6578564835011,6206.346852267946,63255.03781896631,103379.81635980503,105368.34127995998,97016.84136879595
0.19771531934299316,0.24874137332736723,3.884169041997025,0.11090392122115442,0.20480343699981213,0.22198906517885775,0.8570068534028126,1.5418837584779088,0.9649274969583297,4.7735688108043925,46.387021826924475,669.9056111236848,5311.384981618699,59661.67784784885,104495.55074158359,108046.97059036381,101001.79524912572
0.4285326464154876,0.2844362946834731,1.1321906029564324,0.0941438256687973,0.19760213033043325,0.28814241498257454,0.8940339315165386,1.6551236328557912,0.8218925986498621,13.634861760841408,116.44441179392767,1693.9344548380727,13416.703972667943,135599.1040650191,221375.92324688873,225639.78875468633,207992.77757291286
0.15451472195983104,0.20965799994768378,4.850304654005184,0.19077849763818971,0.16836994513683415,0.3709232969503579,0.9755222873950506,1.6513228697305549,0.979923571709465,2.995533650513096,31.25201426588547,427.71644019583164,3506.9516802814824,39176.545987993064,64710.88393720136,66406.1479602216,62796.592318304385
0.11734635562651677,0.3385201904028122,8.917627688907796,0.14866940435116405,0.18225100482633125,0.2520952592855394,0.896523334083714,1.6014544027309798,0.9123845329915974,2.7805078150076397,27.041491723606498,381.9301321803865,3063.608799149677,34906.34765843391,60202.449326755355,61759.712751011364,57301.76354044793
0.1257319750732957,0.20172342946005759,7.208766705429457,0.1271770211826805,0.18468689171808944,0.2910315328952771,0.8948089444247719,1.525478199484279,0.8884420806434403,1.5855233736523673,20.22811848592077,274.5438106469866,2177.8771630216656,28245.56851301506,56974.19690882417,60333.83630111451,57626.806228824185
0.27887344862850094,0.27009815410326626,1.471770209079181,0.09980587497804502,0.17006979386861962,0.36226411724345664,0.8490300121972892,1.490865801002209,1.006060324051755,14.892743847579181,118.72895872435606,1752.750801752107,13906.994383798994,112296.45726890591,162878.61049470172,163702.54216188594,151801.17486738876
0.3951338666898825,0.3667351517577149,5.367548505086495,0.08552558009724068,0.2305705193754142,0.3701190866073242,0.9079186549727873,1.6411760819018022,1.1359269711088558,31.82946202935456,252.11771093780678,3666.3639153835143,29085.620544097605,190081.89438739565,250150.721113556,243615.82224384003,218879.7375837081
0.11343827180274878,0.2141477993819499,9.560094096722425,0.16769476303025518,0.1553829438601628,0.3780631829293403,0.9374044220296299,1.5771133824082686,0.8348221039158348,0.9876019131213296,15.358736968489959,198.2890830824171,1599.5791109768327,21454.893043565757,44077.9104303621,46795.65344552121,45172.47370325968
0.26660104738447343,0.28263356445251075,7.171437477870392,0.09669331377955481,0.19746803314927674,0.33058586991788097,0.8407111179831063,1.411143157298526,0.8698692149730981,8.075812277108623,72.16785134150994,1066.3063247367495,8489.856181514398,90090.49554601395,148912.6902283623,153186.7809745646,144327.7943690715
0.43185042016160236,0.3266357829447887,1.7493100554763423,0.17530352392648935,0.2474440529758685,0.2224599107287456,0.8482466088693099,1.682290225809503,0.8819153767402708,13.217165016418383,112.77226280137621,1633.6764800425522,13085.051506276264,131004.02410102519,208620.7209995229,212683.1387613654,198848.27477050672
0.26067054874438045,0.28569653759373226,1.2461172166569545,0.17336186212368457,0.23364915981547552,0.3290983188658342,0.9294102335272434,1.5653916137669137,1.1654868050502565,17.780998495244344,142.9732655321555,2084.342454529041,16663.45104179291,110808.32830418325,146556.04314474465,144499.7993470482,131994.09556063375
0.1793815294224071,0.325600869592097,4.584684742856526,0.05313688040801332,0.20361656413087187,0.3794822389056102,0.8410906354990474,1.5640259452315683,1.1344162801616098,13.218174057559898,104.70693664231523,1533.8877939242952,12152.91158920612,84969.23230773563,117053.87846861596,115958.95963410623,105997.54402321056
0.3800042957266053,0.3756806388112621,3.5159710698523448,0.13298406716509215,0.2468390551292373,0.31648890805472557,0.974529312568625,1.6419934881737681,0.9410396470890492,22.084057314035462,170.34567452501946,2491.4397848715357,19923.793122243897,154657.12610247644,211735.37599641917,208227.28512210088,187763.0891487184
0.3270185588519111,0.316374172531362,6.802945294344223,0.08060148015705207,0.24563621500742955,0.29245885100150504,0.972090847564334,1.6298030689010616,1.103209153602372,19.401014780141253,148.36933390864453,2173.2805429473055,17293.539192015545,141242.61621005737,198852.7115329495,195385.3598233622,175244.90515614668
0.46668774551981873,0.3758104381954725,8.828183938884912,0.18213194060836957,0.185223008651379,0.25790517993821477,0.9043529260018142,1.6761540596552171,0.9134874425417914,12.419430503114862,112.80110065729619,1606.7140807883015,12981.19506362928,141415.40570630168,232651.68369074241,236540.2848718121,218418.89067383038
0.4865127941477946,0.28887625695068997,4.89310460240274,0.0820568939524817,0.2498918584418042,0.2979047078915916,0.8413280123063952,1.4557922892998865,1.0717427538511395,27.029343745144526,212.23929769511304,3151.167352776017,24987.514805689018,206286.94714160837,300602.15235103905,302169.0246315027,280313.1147456368
0.11293113453403883,0.2061557470040015,9.90189668269475,0.15301099998582396,0.1731851563514332,0.3674841358626399,0.8673424628657254,1.5627219520036715,1.1578641437680668,3.861795335148682,32.32353103356732,470.34842711873875,3793.4993326073914,38261.05149730418,59578.80031190788,60370.97008492856,56155.739389047674
0.40334956479557404,0.29269712695272554,1.8340315350224974,0.18315093144941869,0.18701226436725582,0.23695194467114897,0.9331923886085028,1.715467680678057,1.1552933776937262,19.440456783217275,152.50078994283567,2214.691590633333,17691.10528847123,148967.87609364127,213643.2710480662,212028.37366224543,192096.2941544172
0.1677077968535784,0.32929901447236065,6.810167751693886,0.058835606942962235,0.21837794087650544,0.2134406716287658,0.9263059012739195,1.7303855712952947,1.0272394874174013,5.8628840126064885,50.61347238097386,724.4612993189833,5763.719237574264,59861.520897424016,98323.8839310123,98886.80358405839,89020.34498603203
0.30385489199064347,0.329115969808938,9.134252192485013,0.08048566412633018,0.1701635922396647,0.3787902467324203,0.942579103206427,1.5373153551516228,0.9125552086812972,12.3405752061246,101.38362061606232,1479.791781153423,11793.117290792567,114750.99985931,176616.30785883396,177549.22807242756,162379.3066894035
0.16214303869218627,0.3910458186703447,8.061239671785332,0.1855660312611952,0.2481058682510326,0.3243818852561461,0.9685857997735237,1.6868192857871183,0.832894534901122,5.391841372884873,45.20123968739652,638.7622063680142,5223.937540659072,51474.57799857663,77317.29532398065,77649.1955406357,71639.111519644
0.3740983256495737,0.3890008381414984,5.2864124443082465,0.06968378510479885,0.19527007594189147,0.3795661211607135,0.9258552260051549,1.425640020401774,1.1172967237678737,28.84227510874107,235.87541634331322,3441.9343671676916,27257.05800462712,182089.55938641174,245671.68333219702,243356.3268877139,223369.31855707656
0.47289184043850874,0.255923565545328,8.978367656602149,0.09672155717482436,0.17965929352608903,0.2485506911666337,0.9530518707210711,1.5537121791028037,1.0110757502961858,10.462352079923521,108.18878479401643,1513.2635694992016,12045.77495160574,141694.0322828769,254671.5183889314,262419.68592197075,241824.40791087958
0.22761381356965169,0.2630125496329651,7.052501860078519,0.07849769167603587,0.17933179330509635,0.3511124772059632,0.9430706159990041,1.5251918054093117,1.092828915120451,11.031713179517595,87.77362162184694,1303.1006902320353,10349.73879948936,92399.58668179132,136470.50452822185,136350.73893837936,124466.07003910026
0.21188688258622823,0.21066398937133932,9.658874921787483,0.05339628883652728,0.24328807453102996,0.2037055432322258,0.9463321411611194,1.5753718554677554,0.8953832144190101,2.082422163188625,31.502578203853496,417.5303981078198,3242.4454134087,44624.98523712912,106260.69708994906,115247.09040871407,107745.60672395756
0.2848236733188034,0.20269587141101708,3.346642575562627,0.05492332952778291,0.17800310561487076,0.3767050536127096,0.8842037663514737,1.5878301340064247,0.9897079686112613,11.120285230284045,91.6209247479035,1342.9853435180628,10617.316007512003,103735.91310106794,164451.26444534372,166503.0337619534,152834.3498330626
0.10185180493180619,0.3567114938742205,1.2879386939290485,0.12483965954392556,0.17897868561160715,0.3120595310591947,0.9091537178799525,1.5580293401497665,0.8662301884755017,4.694180275804744,37.79112222040275,555.6318818767053,4414.398903981682,37874.06340373747,55610.45451506302,55838.7964469407,51447.292527381134
0.4817340525886121,0.38539775324033165,1.9669503694509856,0.06838897546823554,0.22324898101662222,0.20365697368458557,0.886273340853906,1.4754657702564404,0.9805656779913146,25.423495356001897,200.59916106151502,2974.5921938892225,23422.69221382675,199993.81812489647,299191.77871274936,301865.9802025811,278750.57503211335
0.42914020764980954,0.21313852603692868,9.589480625395934,0.07515857435007861,0.1829433126176913,0.3748971574473495,0.900371740140658,1.589370208003714,0.8263403475442669,6.817467246395475,78.59345715406762,1078.1034856510312,8556.191011575049,108265.01970696796,213380.5043547756,223914.5697198515,209264.5644258656
0.278357195968601,0.3656195752336858,6.514443518307995,0.11004651794588298,0.20382894081268818,0.2646371141011423,0.9264940687683237,1.6149679642782684,0.9235136140765188,10.543031174501774,87.27980902398565,1265.7508528658072,10105.020694522236,100019.46325525454,155758.68275558244,156491.62329009987,142655.74365154476
0.31567449171491263,0.31418277798868055,7.880977614554936,0.07913994309914843,0.16264213178913708,0.31661874093044173,0.9260275626758319,1.4211103911958574,1.0644850571343194,14.945571981551838,119.80540497439233,1778.225571006932,14090.86942765329,128573.56831302901,193794.37280308633,195616.0184481439,180866.26887559777
0.1607728459368831,0.3966191131997914,7.118030771109204,0.17823219778508792,0.20326651597793205,0.3128253017806853,0.8959720979947678,1.7520356187043538,1.0803927809817915,9.328929595095989,71.58672810714803,1040.5832944952158,8363.028242007455,65599.46726869167,89850.87472264952,88079.34490280306,79187.41036394509
0.26227833144272295,0.33779873377658554,4.631800791991566,0.11634549612878706,0.22995289217586393,0.24648462377518118,0.9422890774112234,1.497524891156769,1.0581420654407094,13.712256500961956,106.90851999848705,1588.3501099015562,12611.356511859402,107307.97627413482,155041.78888578565,154674.68882740923,141637.42845161224
0.4009045458356798,0.2792954500599848,6.723733598434764,0.06296174898827835,0.22398270543465115,0.35914305613861647,0.9040400428870862,1.6850776219880994,0.963433602874951,18.45903242000329,145.67522953680958,2125.2535308749793,16913.06146793851,156387.3694735828,235506.36268639096,234240.80350752128,211522.37634349172
0.3005039640957099,0.22272370062760674,3.200925762221913,0.1296329833676924,0.19665943331437227,0.3223525377021912,0.8776631169987107,1.6772993081098153,0.8890410425694394,6.7428081143675715,63.58468051848619,906.6379790578636,7281.868651878801,81157.94885354569,139110.44266779802,143388.84881567786,134717.69197991476
0.31011647804073506,0.3957958600953787,2.6621894451668626,0.0845864518106475,0.2101909305539089,0.3940973412769595,0.9600059555399029,1.5536187333645424,0.875047498990515,20.68065280593183,162.188645895242,2364.4694148197896,18766.926986723432,136614.0265470375,185912.56948921658,183037.6804093158,165824.26569094212
0.3937899472936871,0.3762298729390122,3.3224887316972245,0.17614683452803198,0.22339966316026344,0.38330161454814327,0.9752540703027128,1.7516307760588679,1.0081382606542173,25.69505921281093,203.66957182093944,2921.0369514470044,23501.347950512245,161957.95515211002,210796.8581559592,205387.9244878011,183835.318810036
0.44207874164742467,0.21685593432229175,9.125663242167402,0.19989005826250117,0.21089329720221825,0.3718389810598597,0.8404093298433353,1.4867307218410206,1.0101633079223986,11.228885506401305,102.54789608231158,1480.3083408933564,12107.00022421815,129786.85115546262,208918.63250894292,214580.90714015756,205025.1652522507
0.3057676966920466,0.222976736700216,7.358156099366998,0.07261137676368988,0.24159492309596753,0.3264586155382959,0.9118203386239107,1.4005581526224278,0.9174574764602123,9.179907616260003,82.86616157637393,1208.5917832958871,9628.995832201643,103682.54204194111,172519.2525193594,177228.86072870583,165823.5733555104
0.11060853283339163,0.34672062307876084,5.6943565116740515,0.1541236981379865,0.24369375614554561,0.32321050269079826,0.8444760561947644,1.7687447466523127,1.0130855954339482,5.79268721561485,44.81762885157369,654.8913348690193,5265.721446230687,43043.22501521766,60449.798397594765,59729.09280412091,54135.287849575514
0.44880434624404997,0.3456771945311611,5.114758616867801,0.1454161374342892,0.22262333777169113,0.254113102576614,0.9428307321632443,1.5353168755718927,1.190374096716512,28.2978844781484,219.17265401509675,3218.8289720710072,25621.58939517909,195390.26598425294,268552.140175977,265087.3713694841,241123.19208931667
0.3834952673774291,0.264854903976165,4.914913963390105,0.09092458453204068,0.19737995930431756,0.23586350381696428,0.8938190364197569,1.500451540449962,0.937097275211232,9.775273912369743,93.36419185670044,1341.467034590641,10644.464421074377,119824.46432835345,209678.14536125268,216595.21867358978,201781.85807872892
0.28059756590067814,0.2186311666245592,7.672556169160177,0.11232119430428361,0.22239212032920466,0.28798862405815473,0.9515703215171051,1.7588800372416742,1.0331320822958645,7.026494155280744,65.71912723371004,924.525449607011,7425.921385756559,82968.36447878458,140743.0956486923,142728.33209322777,129601.70770565442
0.4301508386418993,0.39623746211984673,9.441134825844093,0.14888085971852266,0.17962436431067771,0.21419589281206428,0.8763126165830121,1.5217327808856749,0.8739912416519926,9.4395268072365,94.93577267482436,1343.5593155633287,10719.731261897272,126254.36598127706,226303.6017514039,234315.9068521107,219120.02533241792
0.4566389177540767,0.2540579197796805,2.504834592814367,0.16731754417828992,0.23095684411353484,0.3406732365436871,0.9705975574436807,1.4267368396031932,0.8817807766655724,14.672581669339216,124.61448202688793,1805.1988712762022,14629.281159468665,142568.92676095437,217240.297415149,221277.5935115222,209591.6609243285
0.4788645789022623,0.2021084903347649,5.051376576214752,0.1549901974815555,0.1541716581696406,0.2449739916428697,0.8643878437930548,1.5852596520952766,1.0596685782676514,8.853816587378656,90.66566063628774,1270.9094975183828,10116.882291075695,122419.76637769087,228482.25703912225,238815.86442797395,225647.23058408988
0.13404915951124421,0.24396401667927736,5.7011631715250335,0.1887767052816921,0.20315974130716793,0.3458909700063749,0.8712516356155913,1.4601410321193342,0.970744439279884,3.916207320864742,34.668360660742714,506.08106494990494,4102.579085853545,41764.03504043486,65398.24395530295,66879.43658043038,63577.98958942913
0.27954466486421514,0.2266926115697183,8.933755973466656,0.11750985150756067,0.15795304725904818,0.24606685730000488,0.8752358530698539,1.7287888556727795,1.0942484066123206,5.444544210703491,56.99208375397686,789.8352615343126,6272.541461843702,75897.0215674031,142479.63231343593,147368.8079245822,135453.07165854078
0.34408066962057005,0.22589635780083717,9.087259687004023,0.1754869749613609,0.1761142556532555,0.21397940821979328,0.9397836547550448,1.419046744286474,1.053012600945935,5.605153246673099,63.07727551696862,861.9119809257459,6869.261995136294,86761.90460496311,166636.38837121392,174940.47695033744,166253.67838989495
0.3539699017480442,0.3071343917608421,3.7274500622377564,0.14610331154913242,0.22821003280063767,0.23384730597998218,0.9639049838517247,1.6053030123944556,0.9543652423219557,12.088476850283374,100.53609722134492,1449.90239751592,11612.45137620658,116573.69360424117,182694.13550766866,184484.34203076098,169397.19221209994
0.22579789361673736,0.23829345665318424,9.629719786359683,0.05887480384733075,0.1946147469502528,0.20121519313665556,0.8819197530011308,1.6207532928159707,1.0303880097367049,3.880960756649659,43.997732651103966,605.2474830148411,4750.214901684735,60286.04388230813,123088.01430588987,129826.33495288703,120366.03205446884
0.45550209821011345,0.262700351684542,5.015863835451431,0.06646505578482106,0.18170247339643544,0.21078041313491666,0.9870169396281375,1.6285136117417764,0.9505613704691616,8.871574469066656,95.52273616117162,1320.4132553671905,10378.86314792741,126220.12134448758,243085.00388001773,252435.6638118298,230695.48218848128
0.16601786614287453,0.2291971777417525,5.881181333584828,0.16621231352869037,0.15207841709891942,0.3954737930756964,0.9025378755549629,1.5277596999603262,0.8608430507381781,2.83857513548953,30.933763681240233,424.4824628464986,3456.1328598483938,40992.28820032536,72323.8025659708,75221.80152109462,72032.91939270329
0.16128004953491437,0.3807758208708263,3.5662379135587456,0.13991909255895124,0.20330241837942764,0.35898718694009185,0.8750706362060667,1.6337580329396872,1.1297890148105696,12.318584161081054,98.39668135716622,1431.821896250495,11396.861662306863,73944.72606008172,97362.88290320148,95258.24339025644,86250.463284097
0.19178911765573475,0.21199181958946134,6.2766027114082235,0.07133133035561495,0.22414033937929084,0.2231320495518913,0.9754082621485429,1.4500527237555159,0.8857022515486681,2.7369803044591063,33.70444928384233,456.55069261016763,3587.045074113849,46738.62082846826,97807.15310544713,104031.60576344685,97684.65171968183
0.49351274783655763,0.3817301575827956,3.0206929109816723,0.18355307802173154,0.189488482251022,0.2157178935489026,0.856031465496469,1.6994585826539244,1.1381565868833294,26.488059668172653,204.10866045307623,2999.462696521427,23919.670210264365,195764.25724138945,279027.6345901025,276511.3575104544,251164.3440982717
0.40456012974682276,0.3381850060217745,5.699776831900412,0.133725016502892,0.15795442276090843,0.2298569009119846,0.8561213651082851,1.5611138246244691,0.8210361083200335,7.135036865083732,75.54424528145906,1067.659320419794,8447.084814615211,104134.39246577985,200145.7179361077,210095.71747522295,198082.167236051
0.2574350248530839,0.3404527922887832,5.510367816574882,0.12737836151299928,0.2035705444761866,0.342253177947288,0.8795068059373029,1.6556063929339306,1.1753035599280797,18.12638367809267,140.5978899696544,2045.0581172266461,16283.777280161683,115546.37281742123,155338.4638852831,152127.6909864946,137415.02869799544
0.40683607634926755,0.39167699360904196,2.8517641489322307,0.1940789840951917,0.24734624869536848,0.3892519123812778,0.9484366627546394,1.6651945977575382,0.9098354794036468,23.2234725665744,183.0856783786227,2657.827845030714,21492.465760356255,156522.5353518672,208214.75371694524,205670.98014323798,188161.632047201
0.16165797658590475,0.2541000733203871,8.276756110980893,0.07580838715216284,0.21210810781914674,0.22220642257862808,0.976491516080948,1.7072817147403396,0.8322828516356169,1.523480937143225,23.51238912991044,309.4625063605645,2418.5042237014823,32889.61017414748,76110.64103149157,81549.03269682513,75250.28781826001
0.35023366068129247,0.31393405277129827,8.190083159153811,0.08891347226669583,0.17232900469939863,0.30540121844820717,0.9380287643194399,1.6920233342225193,1.1238345204084264,17.28905117042488,135.29468406819763,1967.9183908139892,15688.855180686585,141027.702001672,207881.8852373487,205403.8926850495,184293.8983366837
0.16308634514647094,0.31024280720405645,7.393867678322675,0.05131774320633816,0.17423440967161427,0.2090520806896474,0.9386390479059502,1.5357347558771788,1.1006915910311386,5.540310062610507,48.63323694325869,705.2587827785156,5598.743134657908,59063.02067093972,98554.27760951193,100844.80426612351,92664.9646068147
0.3427514601984979,0.37009203512638,9.018091725908047,0.06978700463078985,0.19859683431298497,0.3201524221261066,0.9745667646433288,1.7649760149857878,1.0613657994922174,19.45765193148419,149.2009673797602,2162.6603313981095,17255.384126786816,145957.83055830112,208180.24821886665,202983.48623577144,179480.10394912626
0.1559260614279519,0.3014800352059745,3.3426509340202606,0.19736112100892605,0.21726551256644283,0.27721291012830096,0.8761997960888888,1.7579548933937925,1.1282716463677653,7.7041835135665755,60.43690554648003,879.5714472950091,7084.741968285043,58072.378967352124,81638.13282651069,80938.40263305961,73656.95557599176
0.12046563688065422,0.3536671153601553,6.7359908821143675,0.19946634978860633,0.22678743179175634,0.34454071406431597,0.9415715998280821,1.515045262627499,0.8335453426010107,3.827516131605224,32.35007984678766,465.3783879563618,3800.5505236045933,37783.909351533934,57331.72080986316,58163.924451483275,54801.87861147035
0.10884364792082968,0.2676058826955486,6.333858224259101,0.10596799492090876,0.17249763074450722,0.26390627560097246,0.9359063399818556,1.4346755662261372,0.8400391209619691,1.9440469623977858,21.067021479451384,292.6523359424647,2317.084174873367,28728.378675678185,54978.06328251844,57720.791166814684,54485.06176502655
0.37494013651754154,0.3832932461279954,2.87154675626399,0.1362010679636959,0.22133696787339546,0.37360513092471237,0.8405091156201511,1.5276679262382284,0.851362720387836,19.34997305542004,154.66517593514865,2286.510598673117,18309.920416722973,146830.65788808904,208911.73170188954,209439.68309715902,194498.6771197023
0.12838216482742873,0.23195305977111252,9.515945191151516,0.18713754969773289,0.23018182210595295,0.31672870158395167,0.8533994211936146,1.5999108701784626,0.8184477477550016,1.2214090867839822,18.044590848148268,238.40522646755275,1934.1473798313712,25376.50794838592,50121.167148905806,52982.871025604494,51348.856122032215
0.21235104209615782,0.3082098178709271,4.341234936895702,0.06687822631890813,0.22924968259513873,0.37237344259833205,0.9173018833359008,1.5217725684848478,0.8492733142351581,9.9774984582946,79.30538889200348,1174.3144030742376,9305.708817590226,83527.76713164167,124546.88332686928,124969.0353843707,114669.99845856769
0.4527469947665007,0.20045706094572877,3.3133586521985308,0.189388357095917,0.1938154543099496,0.28249291231151713,0.9764466407765484,1.653811616742895,1.0261843824218408,8.513148130789487,90.41410305969742,1239.9329140278999,10067.295450169797,113632.89171649903,192361.99800341696,198001.1967234662,186852.34542294272
0.4391844142489857,0.347230428888982,1.5999308716766683,0.08939479735336775,0.20061104105893682,0.21559348424120162,0.9289138520615009,1.5982398626232877,1.1105169004315316,26.469365032709295,204.38370468294522,3008.007811833278,23747.55353482983,187664.48694763824,267720.6380335848,265254.74962204177,240242.69756020623
0.4200874789397073,0.21430425581678314,8.726476866095707,0.1258270658458557,0.15775223484344447,0.3118633971873464,0.8765393557137815,1.6872894551317772,1.1739232291467687,12.725184890171878,113.2258673338849,1622.6401686916654,13024.764020675168,137877.41598926386,224598.87233925774,227300.77785576784,208047.59196906356
0.32391162791093087,0.2687374108166916,8.229627378814808,0.1314919748742665,0.2227248771115636,0.3474888335767109,0.9447124588903562,1.5016156069151845,1.0147239401049333,13.46040466773021,108.94787579334547,1599.0263013704036,12833.536469786512,119724.04900757346,177587.6104282786,178305.30001754407,164459.39866321755
0.4853916967221832,0.26551242803414393,7.3140943117842925,0.08948856504753527,0.16559456332886716,0.3990659853787708,0.979144454813621,1.411649138793742,0.8144986678346007,12.546870552903844,118.93387711606769,1688.4471825820065,13521.43129689155,151415.65561520497,256621.49194272433,263931.1767433824,246597.3483331251
0.4389645194298192,0.28487454313506144,2.642644658354122,0.052531788759138685,0.230470249908417,0.3828667033068902,0.9064575784654335,1.5671628285962516,1.1196676606475786,33.86303553272935,271.9286460115159,3950.372290587752,31243.250057184174,209605.59069401497,282633.5611831792,278082.28253081697,252177.2770401876
0.32091880222722624,0.32654766406025426,2.5163456858196307,0.16496614969775666,0.1667709278171935,0.3848026530582777,0.9554218415815274,1.4812532234802085,1.0666140218239584,20.234481391037104,160.09003213008432,2337.795488087459,18687.890129754483,134605.32929489907,181840.02577112868,180253.08076119292,165576.67296676998
0.33528970807921454,0.22653766446086618,9.383846800146442,0.11745843900862434,0.236178063925632,0.2695484962093717,0.8695254907662804,1.5120220127524266,0.9364175941053835,6.650634534075819,68.92886153982201,970.6616149168125,7762.554422761644,93289.45873734074,170008.1543388617,176775.71665792464,166489.8332501754
0.40280326100156405,0.3799935020641599,7.800598342796355,0.1710879255757488,0.21189323939090074,0.20733174998239387,0.8463506270959822,1.6115653653336395,0.93095495860248,10.647039461289763,99.00481346262146,1426.2513761209232,11430.726640924324,125418.99762508545,210482.57038650702,215333.8062461755,200158.64778492958
0.18347096876922794,0.3113737818341227,9.564099824306869,0.1852045052716219,0.21613142803793306,0.27441591693389344,0.9388613942605424,1.4671716538274504,0.816259200836874,2.972317148556606,33.87288850183345,461.7054194527984,3743.5881639967483,45865.18370126733,83059.3031572097,86456.84279645109,82506.5756710608
0.4504761234427932,0.34913893651254074,9.344164882877944,0.07886857099332087,0.20235666192567742,0.2402530831893363,0.866300546968649,1.556634673862944,1.1884396407750246,23.38975792582082,183.01424243946056,2714.3237920710317,21565.336591739964,190085.3281244525,282756.2363660269,283403.5282061539,259648.18654452442
0.21276064816751053,0.22525362113665084,7.887321264237378,0.11317567193530208,0.15076631777013252,0.3842324426327895,0.987313856539575,1.5015938657525187,0.8113927054876785,2.759368730715624,35.81450556717753,481.0276700811527,3847.4861655202767,49265.85525009494,96468.50472066435,101409.94214207739,96093.45017702684
0.37595820911000233,0.3548813954201965,3.2003257423852824,0.1995093886748866,0.1612418287896317,0.2779408199288784,0.8585964718751148,1.4586895893185199,0.8097811398681186,9.043258659723024,84.13942338813195,1216.0145982105919,9815.883635587494,106988.81920828909,178885.57687904514,184997.436249417,176848.24543091792
0.45148872435870435,0.3181112801681436,5.1206023351536984,0.1632977445903322,0.15739845399034627,0.23822630999165648,0.9894268901294473,1.4310159380900616,0.9924448445242345,13.61559963913237,121.54759261183791,1752.7247952124774,14017.320612413736,147731.99136129944,238910.43472685033,243722.37404336236,226758.1676066719
0.2171511068594358,0.23498398312641489,6.744697824987952,0.19588726211828522,0.20227420624199105,0.2830546833415701,0.8594465548585404,1.4674610899234994,0.8860660494668214,3.2548359581687576,37.186988072969996,510.35632923729344,4132.296854412563,51096.21769963334,94383.00223863972,98990.91443369414,95634.94468039402
0.1849148580785113,0.2484739695191187,5.049422360691115,0.10473794124591099,0.2375724655265173,0.3144270352343293,0.9034086940592887,1.5855008634685097,0.8545690191377479,4.8296469445633345,44.529012894376045,636.2354488654139,5101.650668874156,55830.96763002559,93504.4045653058,95778.89443023436,89148.0713196721
0.17474893908921446,0.3663092032360224,9.032299072020393,0.11710181061649806,0.2139645769638519,0.24957019312310003,0.8595091502034061,1.4010031343335911,0.8641943741432302,5.058186678959903,45.97068265436116,674.3778376286479,5374.507636917308,58509.46474465926,98127.19824679491,101057.56655398912,95086.86731384507
0.2035870532406456,0.296899399296564,1.023797783208023,0.10432238361989538,0.2357684266625534,0.3636164512078326,0.893663747682061,1.5740048678314937,1.0452345316413916,14.453639771620265,116.59756685551065,1691.8798484122528,13455.297088229312,90074.69933178781,120981.2863622998,119249.34380187835,108672.17569879163
0.31771555077592695,0.2780413643888817,1.908671146410782,0.17792668303497605,0.1594563659641158,0.28185246983885637,0.8808259901700449,1.5634772640664878,1.104244816043374,14.21524082238672,114.57740747111302,1687.7212198053319,13472.74044017347,116386.40736537694,170516.66138958346,171469.65284527806,158788.47461647514
0.10696482878997085,0.2632616592876613,7.3024024366369575,0.1319345207823452,0.1985658930781664,0.32600766056318914,0.9423556959710025,1.6180554798303914,1.0247081680433054,3.9793864973649464,32.62712909841923,470.1004316603635,3779.284319404567,37152.80999834041,56819.30768564041,57058.27248493091,52210.1700744488
0.3507017765909578,0.29059832693859344,3.53914474182634,0.16556593882797715,0.16875867561882832,0.25130209631919853,0.8783018419988646,1.562290507473731,0.8331684415553497,6.185162403899725,64.76321448358108,903.9622722462813,7229.180045693852,86676.58387087527,159591.63780454875,166929.9946227511,158991.20490156865
0.14211369820316247,0.39838696930110173,3.344963790634504,0.09101092125327953,0.15602420775523654,0.2492085706833854,0.9498387532507476,1.4828716272877842,0.9960293607870356,7.2321859974766864,56.68401159221586,840.6427695761878,6644.057489262132,58024.40861836019,86049.12935858236,86313.07225954493,79104.25374839519
0.35736709861643723,0.29115511655284987,8.45936041950429,0.0844912897200173,0.20848237488396493,0.20299801489795324,0.9217641860644563,1.6794282534769325,0.946339387674457,6.6876142156556,72.55339738999027,999.2771083052394,7901.664776181607,97401.0435776508,188695.76614075067,195925.20540742765,179489.21472030808
0.40280707331351884,0.3587001574433284,2.160151625627801,0.05876623521964376,0.24740253439107687,0.33577275700691267,0.8834747291373655,1.4078660571677237,1.1461766276992353,32.75486943324022,277.27756194065773,4030.8012172746344,31939.77571491007,199093.11665797533,268627.34799480316,267002.420860022,246618.73300156344
0.41317756056754285,0.20095217033362256,9.399116503091406,0.1836135473963299,0.21852589262592828,0.30923008402682767,0.8676831359103636,1.4881255854536037,1.0266078839726056,8.677670816756494,85.5714761096821,1203.8784895716856,9786.706814388628,113088.2961014903,193794.91790663908,200434.74527586394,191282.89908347302
0.12528489221954345,0.25414044846700246,6.407957342822773,0.11078949887832734,0.19092731037281552,0.28956471101314873,0.8420332689783011,1.6926935840340458,0.9892388475068808,3.587071005070644,32.14870220531966,461.8213359819791,3692.4173207791214,39746.827012470945,66319.11248778088,67534.9552650811,62150.18820489872
0.49821761177448554,0.3170706665367136,5.483942165370906,0.1999657738138696,0.2265629826111483,0.2792394145671411,0.9301280956237212,1.4966065235090609,0.9365055088354686,16.32159235447842,139.56079380363602,2027.7678041055697,16410.913945514232,161968.8197388279,247414.9045659312,251017.10235691027,235689.2713933627
0.13590474719773585,0.35270558692542475,1.17485857097279,0.10550405608819748,0.23723566804641372,0.37519820192717757,0.9610205771358418,1.5947086102299064,1.001455216846942,10.57558283460362,86.22088496700772,1245.10715759352,9892.085477563043,62233.852974788555,81095.00852842163,79151.09564417112,71311.97231330536
0.34218164927140654,0.32115506964390944,2.0260891859467165,0.08537814345560993,0.24207874581139202,0.24132263289724865,0.9025146052780486,1.5583891029297576,0.9898621633934994,17.935775078522084,140.62998987080928,2076.9873236477592,16417.161601967833,138637.6446637992,203308.58287098413,203185.55082481194,185796.21800328404
0.4503840593661609,0.3048564632433969,2.994679838993158,0.11352266921909583,0.22828978273254916,0.24788868471076375,0.857729493560205,1.4007062300217856,1.0934411076217854,24.15302368846572,192.07212059538892,2857.6564077133175,22619.66038961597,186487.19368440937,272506.13605974667,274795.94376408966,256273.14148542014
0.2532790392421408,0.22189904916008235,9.816542414197512,0.15840062312306058,0.21622586067197352,0.20000986632266976,0.9288862439566172,1.4506557277563135,0.9506938797555405,2.6256196930940447,37.56568435357497,500.7090853687397,3950.318709333606,53418.130359127186,115082.12734444688,123024.69511397049,117898.91715710003
0.30742898177751565,0.37759004895870274,3.193830448028507,0.13792337446123126,0.2331662779936086,0.3041867368341988,0.8660548112563184,1.7309866322886769,1.1696859704736078,23.70219447903417,189.64514860815115,2729.7119284273945,21747.218715315837,141005.08616433505,185070.30775677497,179903.80880863895,161391.04287449527
0.25526885333378246,0.22494167126105968,5.073850328029367,0.08274710476119215,0.17341202273697648,0.3247071899586668,0.9364424029937275,1.5113544726102648,0.9441908330636615,7.148303910660044,65.25118441525578,939.7613963317255,7479.050433910968,81789.5874056347,138225.46969152623,141715.72072082793,131250.9932865398
0.35114836366141033,0.27300108744306834,7.205584074345678,0.12016222957088436,0.16772925913926565,0.3231681384939169,0.8550963700634717,1.4266261155956048,1.164584149718091,17.129346088370895,135.71106578937452,2030.103282913116,16126.089585412168,141726.41308122117,210190.833559633,212040.45625307958,197462.84694736166
0.4785938995422949,0.33477022938234524,8.809722819202554,0.14016600111689462,0.19900263815531732,0.39042257638330913,0.973638191510589,1.7200328200653197,0.8178730870228315,13.552428004928084,120.57580161595287,1688.0612226233402,13733.227274255318,144875.17616259557,229336.4418577774,231350.19090649692,212249.38598973202
0.3060223002835785,0.3472918509660319,5.0401243031476035,0.061408789836493526,0.1766297344201872,0.2850258053128959,0.8956943621759699,1.5847883314213962,0.9968260696735962,14.941787709483284,117.30951343235866,1733.1375082139618,13708.84302475719,123956.9335052657,187392.19709305165,187928.76932429912,171493.98390429307
0.10261268232363903,0.28729144220668223,7.826301330268865,0.08484945452731565,0.18735435430349545,0.31051118867729394,0.88131781565423,1.6404498100709821,0.9610766209558791,3.458291270448291,29.558950286295044,428.79127821446485,3423.625469271281,35609.26079589275,57782.96790779108,58446.3059337672,53449.56777388945
0.4688170061244247,0.3080102064978358,3.756379970502111,0.0723609877067048,0.15796524125396494,0.27762230752751027,0.937376199776909,1.4223423190313618,1.1805506215851345,27.603095199101684,218.53151664105886,3231.140059133261,25524.047741418733,205986.14130145675,297031.75289612793,297874.53093537,274433.0862332567
0.3884920062515801,0.3704911396843904,2.5509040443125204,0.12291811354071394,0.2386564401461042,0.3290028620892788,0.8960395997781553,1.624163265463938,1.1281420593416687,30.753975135370332,250.72160794884397,3631.967752891661,28857.689212737707,181610.78337945903,237504.2851600103,231874.91297213614,209421.19862032504
0.14850966995503667,0.23082764934280098,9.282066341902866,0.05426312629123274,0.17210189921024627,0.2500334009678132,0.9746901192187846,1.681456771796099,1.0811198846786625,3.2256755743888497,33.916245863770364,468.92925431730123,3717.671074910613,44314.39102252461,82512.37465111048,84877.26803508334,76956.29509584271
0.40158062361163205,0.25855382331297094,9.510821797503256,0.12513852264198205,0.1715202453474135,0.26247067990642303,0.9148452152715263,1.651327879068679,0.9468350974224173,6.740078319818642,75.78082709849569,1040.4049772231283,8287.593093409087,102895.20703433745,196716.32231742216,204745.7199507028,190042.92391681028
0.24200462250883403,0.23549840015664747,1.456527826636508,0.1791147347278516,0.22625153375605733,0.3523555912909195,0.977125032223576,1.4323237168889171,0.9631823901989226,9.122703051942011,76.34833625613375,1112.1769660002685,9001.251637382646,80136.59300025654,116864.20451438715,118281.99203262746,111642.74940008268
0.39793010907336523,0.2506190632733857,5.841221990253905,0.05658281590538443,0.19313330608667037,0.3732283618615122,0.9593631791143081,1.448996640722175,1.108765878268307,22.786523275294062,178.00631975558872,2627.2004163124698,20834.525402115498,172754.04399841028,249049.34199489714,248965.67831030092,228200.29822019322
0.46892821966215126,0.20510960160924954,6.288771584291448,0.12151358914387296,0.17074741428852486,0.31946115531235664,0.9337191620376978,1.6744411542187363,0.8731302350412463,5.681862559180388,73.40124669044886,978.0168979181799,7785.814176974078,100340.0303242287,202638.85119983178,213820.14644217206,202095.05486504736
0.41960319420918946,0.24932726709502706,4.846329245713931,0.18286314818881827,0.21768972083228325,0.22944624888493745,0.9398488343587608,1.751515244846604,0.8963560417383152,4.93356288184413,65.62391848559847,862.0742072278861,6913.5033504486455,87060.09856406976,168829.1392412885,177078.753104261,167878.0161070826
0.3763135270990007,0.24824007413666105,8.785670773406927,0.05704393971465705,0.23020398788638047,0.2679154366232662,0.9153935669744152,1.6147697941070507,1.1698350401945634,16.48239199655278,133.02438704594903,1943.5205767656525,15442.852937393145,148077.65770775973,229022.53281355998,229775.65653638606,208756.35104120837
0.30451453689796015,0.2443871097014013,2.0766651799183893,0.0992323043994506,0.2172788986236754,0.22186171245833541,0.9710928318425994,1.442432364359319,0.8232289645191033,5.889872465402898,60.456602753926724,847.3353647733335,6670.71103338586,79871.48092113667,149972.68834197248,157300.2363128284,148346.93321995024
0.26814686727214043,0.3600485539701733,3.5832455787667863,0.17787212281681508,0.2497034749639238,0.26938268122077363,0.9329499279956653,1.4625797293180198,0.8112259545548484,8.411442768617645,73.11577433779802,1058.5542003247333,8545.737048013601,85204.94296231442,132072.29871529393,134549.19785605627,126903.53331843506
0.45642718714410246,0.3090709088473421,2.6285494222984127,0.19577005124851965,0.17896317028855055,0.24761147628913852,0.8509046826141601,1.7040218450524947,1.156730887101979,21.75287244064452,171.8108230057686,2521.469256417873,20165.58868919173,170315.5076133163,245803.2595784824,245072.1213658941,224114.5806427616
0.23408075040959386,0.3363566661360357,1.6159702573520582,0.14757862183018094,0.1583396885421747,0.37650314099700705,0.9508689902947047,1.567201262052312,1.1578496925637598,17.626993671862,142.98034020721911,2073.3147282608643,16503.645744396024,105795.15708480909,138510.39513017738,135667.29130997727,122862.20482658474
0.11319750989897877,0.3277061513774898,8.122992131145189,0.07292693075290693,0.24733899431201564,0.22140494908334954,0.8684159089779528,1.5293464481675259,1.1409034153633817,5.450761584337192,43.768650336113,648.6050690476912,5142.415100266659,46662.80154031928,70557.0556731665,71029.06216279397,65311.24374038576
0.48238706308068857,0.3318520678150846,5.427153586649235,0.16921467786271377,0.20600430291421812,0.3500478216420567,0.9665390603747783,1.5724643423989089,1.0611148730418862,27.40627106767741,213.42687713762365,3128.514598861456,25105.941075637544,195483.23812187975,266762.2082736766,263552.66549740103,240030.96275452393
0.22356209041657804,0.27022670715356695,6.450803823891532,0.14077993148870138,0.24092898918918887,0.3738971867327213,0.9276930591154535,1.751066928436435,0.9715542713432462,9.019416548424243,72.56667396524197,1039.7711815857529,8432.442149556491,77426.73490384512,113107.40631131167,112638.08563642985,102517.93909112709
0.15089103888531144,0.37122910004495174,5.200322060475369,0.07888636439069335,0.2210648043406268,0.22606524319706184,0.9452695143718679,1.5448980875429608,0.9877597090153578,6.90014510528898,54.95061582867525,810.1068299030885,6409.320652088031,59587.520110916295,90647.91725430111,90936.14559228603,82923.53322604256
0.4732376264323769,0.3589872630072155,9.770305821473102,0.08253374171809727,0.18066360966812536,0.23132984841407722,0.9423749519962877,1.4187487041591786,1.1101667977558516,20.217935509184844,167.49879974888748,2478.4173233796014,19656.9302734594,188664.812019628,292232.4396677331,296309.6666958795,273914.8839097756
0.1607628561922689,0.26376474432785196,8.302715160610022,0.057515483013828826,0.19991579440977864,0.26398014118450663,0.8995270044934864,1.6153889804954498,1.165974519751993,6.925921065332852,56.0999606291961,820.1011991465069,6508.973402698704,62855.5328943262,98039.03154368936,98618.22612178004,89808.28137865
0.41032322933202314,0.24538812837920393,3.387887207822379,0.15074374751684955,0.21536064214670228,0.3419405336305045,0.9200337198501114,1.482404271384221,0.9798159301758018,15.872815235534791,131.3650393158993,1927.9946329538277,15476.823481891897,142453.7843566562,212059.83560798905,214401.03902735285,200548.9510205099
0.1280684011051213,0.3886076809419367,1.2521602919271297,0.06048826674479957,0.15422688552933927,0.3496492682868908,0.9469078895031926,1.47538393355293,0.9457197780868654,8.678397249860515,69.45016713067183,1010.4413094652164,7975.383852509397,57974.06725692533,80828.38502854921,80380.407311968,73481.67346847242
0.25365143839379256,0.21131813708839378,5.193431268009681,0.12840476173819546,0.1508687971141365,0.35918614147509675,0.9282896228834971,1.588463522234559,0.9562462462341592,5.702898556209701,55.241849687196954,782.6858319888679,6287.462732767771,71179.51603652452,122197.50992400388,125778.91883427254,117678.42383096524
0.33202714409688383,0.3378577655348808,6.221954847553687,0.14509992526618948,0.18415261113065629,0.2988371994205888,0.9548748264707942,1.4509002545764647,0.9845620137088202,14.03605572466573,115.19399873396046,1701.1341931779587,13567.20378259319,124975.22233930432,185616.12366351738,186673.86413462416,172569.2671611968
0.3075576025735378,0.3367391918017416,6.253800286391228,0.09350623255485743,0.2466469840407576,0.3343004272888277,0.9647107537912035,1.4166931805739296,1.158861327449614,22.16626897845583,178.406720308543,2612.95592257557,20750.774656317277,145015.4996467412,195511.37835462447,193258.75542346892,176914.5549875406
0.16732545246814923,0.27736749948692796,4.824025972147762,0.0833340994970236,0.1895910222592728,0.3898110279733485,0.856839226551119,1.6539278305664569,1.1861165058841654,11.616436234990793,89.43980090172937,1302.6628041669055,10345.18361361055,75462.53988597267,103459.80319418265,101700.3749086077,92048.05502339973
0.2758984906062937,0.2278396015401455,7.9779051725761345,0.1778884095928419,0.22259940331435607,0.25676543415572156,0.9335871866734174,1.6227135934452903,1.1573294519107917,8.468880744194173,73.14933835774733,1050.9955291972549,8505.368743540868,88341.96563102941,139441.4710262581,141044.90006575428,130199.63157449184
0.3824939848117319,0.21956641963902168,6.857726495980311,0.11152335800404047,0.17572839666457518,0.2661639633234842,0.8414762987594382,1.5435278392004017,0.8059186586577349,3.7419820027314517,52.0616119921307,707.1487732409524,5522.839299985513,75356.39403716222,170385.64051170292,184372.0878394444,177527.16166875072
0.17075620940048486,0.3200434971976048,8.705691787349638,0.19829510148767154,0.18931963777598795,0.2884789200927541,0.8790245183504917,1.5523348107269137,0.8149774364431499,2.7356801081188857,30.72084468753113,420.2372468606154,3411.990806444512,41609.24232928831,75483.43727701962,78658.48906681698,75209.19492489255
0.3406217812436365,0.2241543233188231,9.529191534341956,0.055244535711221086,0.22568299874148107,0.29426403338919166,0.9272537757297701,1.4038180621519922,0.8666274873354349,6.802256710643234,73.05165128126744,1021.1639489838439,8064.419264795618,99037.78522696809,188359.31868427419,197792.68829059423,185847.14592222776
0.36146387210568787,0.20762072514634647,9.591517419264266,0.12655961815888356,0.1651312106100299,0.2680392025124614,0.8711137492263246,1.5286645907454324,0.9701886466705392,5.012379753463642,60.700081027381714,832.9147676410927,6591.441588741694,85547.35585774822,173830.36801291592,184003.01705451094,174574.66585307103
0.32214528374902873,0.22367186184096255,6.516238649658914,0.16938770580203993,0.16201384948440478,0.3872619011969365,0.8417876472107579,1.4735697817436497,0.886346354889636,6.230883608845926,63.219614899033026,889.9899228022573,7229.270666912979,84257.01517457016,146864.54334247808,152788.50894896712,146910.90632097822
0.3605608951383632,0.23722566349128055,2.803750202327568,0.1821207953396552,0.18112313821606146,0.3457632552077686,0.9415482095202605,1.6598373627254428,0.8967883419044981,7.491697021225747,74.14029319925781,1030.7798424193627,8413.159574065408,92041.92167188665,151682.70678856285,155901.51923855033,147761.26454992764
0.47194750078564107,0.3075122813236738,7.612146861580651,0.16083759357318755,0.2114224105937953,0.23220899228737155,0.87406090213924,1.75696614642622,0.8838524825767876,8.090542518584822,88.3182259227715,1202.8857652958768,9638.229415301017,117011.7797329768,217345.83795884074,225484.7754765223,210366.0083232458
0.2646273063105362,0.2244403888307335,1.7177428410919506,0.1802184276679396,0.22690478983674606,0.24503065365562282,0.9191224601960624,1.41321486285056,1.0527968954932037,9.072951841973614,76.19379452631244,1120.913322591892,8971.213650311063,86436.64650546975,133609.07261393694,136377.04733681525,128962.75934794173
0.3072355390086361,0.3119288993779647,8.650408454274409,0.12491939023830002,0.18002476096907838,0.315252722178181,0.8890270385190474,1.4859013939531405,0.8678470661996746,8.176110175240826,76.38389607223301,1092.40001548791,8764.404052065742,96821.84138787368,162429.84485244923,166758.12315690474,156084.4112448775
0.33653701265610547,0.23367134851259325,2.5081055194590878,0.11539080355394732,0.21465374971143203,0.23536317008712987,0.9298402183354045,1.4673176518039615,1.0650380458866697,12.62582320653776,105.17491962958007,1545.3947194164866,12241.00744660644,118816.35136861789,185941.35921426382,188879.92894962948,175247.40777960105
0.23252137807731665,0.2532231972678359,6.380571042609839,0.08551922544877666,0.19453489182700698,0.22609596098430018,0.9581383959932542,1.4637343245568972,0.9830367641301808,5.436522660338701,55.06435715663594,773.5931745621303,6134.338430756148,71339.09382740212,127809.21470050288,132316.81198604565,122894.73386775357
0.46614022510902975,0.23193583739096943,7.382808682116321,0.06982054321042877,0.22359339253008637,0.3129908169262968,0.853399185241327,1.6956679646868054,0.9106502968512713,11.317081350659304,110.59779870782947,1569.5599460652834,12496.045098980576,142133.31656488043,250659.94295380273,256979.43465012207,235937.71708340413
0.19769286702589897,0.23648626192522565,4.20797126439954,0.14752338697113052,0.19503865381940402,0.21866458816403758,0.9278801312190434,1.6566016964019972,1.144733622430874,6.059437279898966,53.11544801574687,764.0568922686074,6105.739187898663,63581.54230102642,102943.42507632772,104272.04763586374,95514.75902250018
0.21789403896058956,0.3310300962161894,2.91461390382791,0.08548909651493386,0.16768284350196194,0.31163278331974353,0.8528282145245594,1.7555981866450496,1.199788988525611,15.332465587178076,120.54759933592557,1735.091427755135,13769.639495041127,98730.67420834978,135089.0446401478,131913.08280316598,118190.76078323733
0.20170919256508266,0.3701396155723524,8.871491480389295,0.1641446160372418,0.18686102998380294,0.2671915600873048,0.9381427370144906,1.563164449419463,1.0626270846618047,8.9343597277672,71.31194117056737,1045.917522537853,8369.983374872741,76949.00619272517,113485.45023494953,113302.47237523618,103532.989891882
0.49096838455885294,0.28308135466494666,3.779503991711623,0.16992170987375044,0.19112617674668939,0.29917099277082476,0.9236940094198932,1.7298735935319998,1.1282046227988687,23.839732549812453,186.81801505532326,2708.784102716306,21770.192588009002,183649.09326816126,260512.86371273774,257909.0890049682,233466.75323404916
0.12415751756664815,0.34767599936712595,2.563352029820219,0.15865279909375918,0.16967424029532793,0.28028158847886214,0.926454152083426,1.51367167690827,1.0392761168754525,6.468831390329164,50.920456568663425,753.0421782059927,5995.358621116416,49154.46559910356,70051.20356867126,69950.08698635282,64325.46316545151
0.17046716892402214,0.24502723274607607,9.47402322097763,0.06710162050813404,0.1974171717685262,0.39128381886132935,0.9565092031351816,1.4274512342865093,0.9790884715989598,6.724348521006642,56.212187636355864,824.9452185566238,6553.072708678067,64599.95179150095,100561.41578192187,101837.34370128666,94067.92126013982
0.25517194730054105,0.29996047255278513,7.208369666284702,0.1189560093126092,0.23809999938635845,0.30830191480230357,0.8672137856694389,1.6766308427186247,0.964115696856709,10.214529648148027,81.65898085307576,1183.9807891378575,9493.225827512157,91278.88058974466,139151.5525878083,139528.21909421697,127549.39282847906
0.4582330502633917,0.23764100712913022,9.386747476521993,0.1759439683286,0.15691105920326118,0.2959393376414331,0.9822505341190934,1.5269616923385319,0.9130776881817672,5.511144456421798,73.04322801944114,960.8927127433632,7743.857136315605,100365.28188939221,197367.3056183656,207566.74776151046,197742.2896450927
0.352364686173147,0.2958508195699013,6.023317209434536,0.13872389705184265,0.16580877916694114,0.27516019174073714,0.967714572484469,1.6947087147192146,0.9702061443024755,9.377080871932677,86.9712391157331,1232.1768898865737,9883.395800159342,107410.8718477562,177919.040478126,180313.50100755523,164410.84156114855
0.3715644056615107,0.31710192418779615,7.629609586602027,0.15770010280194396,0.2377994145345768,0.3721482192040319,0.930231613301048,1.4878056668773179,0.8511245843391131,12.622650987398785,107.78443326624271,1568.4769385451511,12718.796569424334,124242.13576116569,187787.2954615356,190111.2805818351,178129.1332532579
0.4946550023374421,0.33872318409363733,5.298671060196877,0.1327364214843541,0.22993056416599142,0.20053303421771063,0.8457832721672911,1.714786293523953,1.0356726465737227,18.158346541705427,150.19483215303046,2172.0090676933587,17320.243395394806,172744.16878768036,273368.6239500733,275076.06348668505,250859.82171736125
0.48419863757029935,0.31571868332516,5.450646515377243,0.16081797266393344,0.21018533443392964,0.3279234619480344,0.9721231277864111,1.4196178884155033,1.0010366348791206,22.7722234599139,183.9378545688656,2722.432352165222,21785.803749812512,186715.95718487081,266827.3790220381,267344.6648538002,247815.31031483822
0.1568720748529583,0.23965926040766095,9.70990146168064,0.11853853844881876,0.17223763990974422,0.2125627960019577,0.9296575720989774,1.7550120271285965,1.1365279829415371,2.998995616118436,32.14416427980465,439.9230893221621,3501.235863172712,42576.02269266056,80396.96183857003,82787.61189794843,75288.29248474109
0.4635438594527669,0.35219448583727025,3.9051120988611343,0.07225702043997015,0.21729525209676878,0.3382040628524794,0.8967789055474102,1.4219455204013205,1.1522001441564362,34.843857970620356,284.8875432284452,4168.219912326635,32995.44851161292,222489.5784207236,303076.037089109,301156.6709736611,277512.8978952974
0.14029917764205294,0.20824127508684454,4.510424529504814,0.19430774027110753,0.2239473061450645,0.3336108817870266,0.9720126106211333,1.489247908854475,1.0540804445559206,4.338053846339755,37.42437164389478,537.6983113661269,4392.54710619472,43425.341933891825,65862.54344708961,66881.4446312686,63092.3466293534
0.3147646431511719,0.36617133142795777,8.52073104864843,0.054702229700816264,0.20715641119181474,0.2923492603419224,0.9893041605866326,1.5820402073744098,0.8552020053518574,10.834325972336075,93.75152735123146,1348.711139294196,10744.176469916976,112706.80922849805,184124.4683208263,186123.25314404862,168904.52867494512
0.22921421642047451,0.3882797060217115,4.211823020046669,0.08610475061593989,0.1613816344829783,0.37544003938431025,0.9362544830618686,1.6243191725798087,1.1610107687453977,18.51546597401309,148.1340141620903,2146.775702356948,17006.599506310824,110823.39581415664,145920.44905941706,142118.12325336374,127519.74811533291
0.20742005305228492,0.26713289716333166,8.69858383941962,0.12235644772940635,0.1931935813246918,0.2414890419281781,0.866636605840472,1.4830907940344866,1.0046117856084193,5.1009596782837185,49.83674838965517,711.1091507709576,5680.2350846686695,64625.64988699575,112430.85730988921,116081.94366618541,108685.64521587983
0.1014261008518131,0.2794083303114742,7.4049129489801375,0.11721852103537764,0.22048134650460868,0.2644300106455416,0.9889964660340341,1.4203950562899197,0.8701918059292791,2.2712809942940395,23.18163147082073,323.67802418083716,2590.3572848371386,30011.214112376736,52290.08193877803,53954.97642424875,50479.761746358025
0.3227886842185643,0.2764906424208406,3.170451838148172,0.19335856737791168,0.16327822158932023,0.2514723100963358,0.9260063664435979,1.7613676512126477,1.1377753320096888,11.878257752067718,98.38673981956579,1411.0356211843468,11331.379868026484,107245.76173626068,162211.90697082775,162420.42833709728,147885.58375309943
0.2311645726320157,0.3561482821695965,8.397432225081824,0.1791407711871817,0.24432412686774682,0.2769824845094589,0.9206076256899652,1.6128691070154701,0.8219183117858312,5.446295122353448,51.641251655381836,728.6416701025933,5918.141383963209,65797.35530246215,108842.69343149486,111311.32784118241,104360.82824940777
0.2829854481582609,0.2278711687075755,7.004351363079403,0.09662514377808423,0.2410608522439501,0.36909876866897295,0.9078419272890073,1.71130362162084,1.1438617721303674,14.820250714477652,114.90456595080873,1677.6600005450473,13421.876878210918,113802.25424385357,161999.8557733081,159609.9982746323,143662.03696594245
0.43687148941064413,0.32193128775859875,1.6582426939006352,0.17980301299728269,0.1902735578878965,0.22104065020436764,0.8632403238475188,1.7144025871181983,0.812838077740786,7.881345154993571,81.24451323953573,1133.4236967673842,9063.546928242607,104834.55560860389,189505.70911563945,197495.1384891392,187263.8193150955
0.27043522308478496,0.39245317775684335,3.5008459875008398,0.17334760289512188,0.18159896522954247,0.21702316146279296,0.8419020351944944,1.5196379348655034,0.8656819032294549,7.7307793771490765,69.54060570025779,1016.0088808740805,8112.306082454314,85358.39925370422,140558.80970498538,144307.55807394648,135635.22559532488
0.18665292551330898,0.20940506972964612,1.1269619001613107,0.1786090534654961,0.18267866125905177,0.38642025364346766,0.8476960933402438,1.4982841651644776,0.8879236643954261,4.431095032807414,40.9352767964647,586.41228933229,4792.317229772984,50307.469985269534,81691.00629230896,84423.25802079914,81306.12087517763
0.3646892043346772,0.32490345715176117,2.7893400105711046,0.1626632402240945,0.17653954928441573,0.3680522702799877,0.8987803140582549,1.4562292275078543,0.9119471715785306,16.202375501260608,131.35380381122994,1936.3148006875213,15522.301247140016,133651.44795163142,194218.57887315287,195902.7094272758,183322.023099551
0.3760056417260752,0.3406158539686748,6.245595941260955,0.14067561740657808,0.18962614701808922,0.3639521200949948,0.973650825820967,1.5467246853527743,0.9483904037872499,17.46446564322562,140.57629301807984,2057.9721340860706,16495.466219044098,143783.14013553274,205879.82792434547,205033.90657977908,187468.36639626077
0.320984111290852,0.3501365087663136,6.9618772916103,0.18190492413989046,0.18860457898567873,0.3950158448137948,0.9558160943957893,1.6815679301062687,1.1724814839931177,22.327280299928493,173.69183603647602,2516.8750823776168,20171.300495379528,139638.31133711597,182241.9888015003,177463.80677034592,159193.37889621744
0.21185766887177998,0.3323198115961548,8.856302944906703,0.09989425024377993,0.19538287098133506,0.23125227163749484,0.9735933523323468,1.7150264795124095,1.1151007045969983,8.242973010500036,68.89109853988842,987.1982232667368,7892.984172596314,78297.33853626356,121898.66311862835,121116.45536950161,108315.06123939915
0.2570183196017286,0.2448316406401466,6.85226478922298,0.05409718922069692,0.20586204000063335,0.3301963876494992,0.9410427231115521,1.6635794575866536,1.117804395606021,12.583730872488989,98.59370439783308,1443.8764269576436,11462.348593280925,104041.52560145887,155568.4432866645,154472.40148108325,139024.9664062547
0.38742624257686653,0.3152785174214801,3.6473828010987033,0.16751261522475439,0.22595398185882845,0.20916507832122933,0.9281590998815705,1.6757973359311045,0.8040579851721162,5.685352259155466,66.22479130007086,898.9463400837132,7175.018869444275,88141.58084953834,167094.10244522695,174818.3576384227,165289.84634326492
0.27334363544713214,0.22577163532132308,4.76855132759324,0.1457438426423197,0.2087265620131264,0.31883608917641176,0.8791390018998656,1.4907339129803248,1.0272874772714242,9.469931936756996,79.5744151214283,1163.8325548752507,9335.635544472521,92010.01816529676,142730.71601679176,145168.6837534533,136112.61973588573
0.23156297705809661,0.2751595159943263,7.72694520055814,0.1497042613706242,0.1736903764448402,0.3685613175423247,0.926599560001039,1.7520255181668207,0.8026725667127628,3.42928559614647,40.41361116185946,539.9877800986637,4373.367920765593,53328.654037281216,97748.35663255899,101467.80135723758,95578.90743024046
0.14152513606082087,0.2330869758437862,9.274475354356252,0.08147612208711083,0.2371067302953442,0.2710163305074556,0.9078080293594095,1.425213120234673,0.9146937697593204,3.137481119842316,31.921012365035384,450.09516599389724,3577.5541295465146,42478.19175095986,77048.12734583198,80159.5368867331,75227.65155986616
0.27917436906192805,0.2521895930874523,8.482304173192219,0.16943037664154909,0.21409007428617144,0.31243539530933434,0.9401663170960363,1.4205810918434962,1.091651220603231,10.636624421826486,88.68865050896314,1301.326476672694,10456.916835599539,99945.39389310664,150140.6518697442,151755.92790046465,141690.3862242449
0.13131081490701232,0.21829498873011424,5.449233143554473,0.1582248795875198,0.20555640067294817,0.34246299052580714,0.9436875451302495,1.671492669156315,0.961834557968296,3.058358876891075,29.157533184695648,408.80063654444035,3322.9982580130427,36278.512280515424,59400.93698327104,60664.93490376094,56790.430273323545
0.35755245853953943,0.36586309038451337,7.656221693169016,0.1996908113907247,0.1732128670240881,0.38329339800332585,0.8932978617155908,1.6239045217418056,1.1257264604593007,21.758053946916547,168.20772826366235,2466.602748437944,19818.121260941465,148602.29358462823,201017.8145952876,198297.88134853556,180763.08813678304
0.49125832239285805,0.3029032175763022,7.56826790628389,0.1597228255113675,0.21339653294093852,0.3313283131574487,0.8563354801202372,1.5816670130913308,0.851384387627883,12.874885013050093,116.05033340530085,1668.7526475647494,13526.76425097968,146258.49533392524,239164.43719935406,244927.68987953648,230753.54378196737
0.3841053915837648,0.3096550876562406,2.586998044915009,0.058208896155550804,0.2007849285568033,0.3883243398322865,0.8712979112375125,1.4234586040743484,0.9925186274317083,24.787337517836736,199.2467554719574,2932.7488302831875,23217.737114707958,172809.18113589566,244395.37387217022,244859.35215031184,226820.5655014568
0.34102479495322136,0.31455421329064237,9.401954875350603,0.08932325360112867,0.1889815145665196,0.3722687518904804,0.9572090178056503,1.6651271825388312,0.9628216704263267,14.630677582063964,117.73410317868,1702.5915394165252,13629.210762382896,129141.42517181938,194091.8237362565,192773.82312533085,173647.13526148742
0.10962201576483827,0.3915943127198208,8.710186074164739,0.1956341987820755,0.20632025348282038,0.3727880638695856,0.9037968813378429,1.4756352711624805,0.9847148383321048,5.647552318606121,44.96396183977347,663.9957135010661,5342.195855219186,43460.27643759128,60757.35665716747,60688.45947056288,56286.108807208155
0.47969796062244385,0.3328736269655408,5.9624926199755075,0.054382582008271924,0.1553302014718255,0.33890864575402024,0.9884682405904143,1.5698869946751117,0.9099208629752413,19.41757542253895,161.02379618690838,2327.8271626838437,18460.19423432767,181299.64135947084,284496.8646302752,286105.3158307695,259519.55515396464
0.3032254750617227,0.2188329432164719,8.572558993887553,0.09425929369752206,0.2020303264652647,0.3572588216031074,0.9421890330246399,1.421246043895131,1.0541659243340065,11.376077803839978,95.55361045282812,1404.932001025668,11201.231842474499,111074.34992361953,172699.4887139234,175045.28766651975,162426.80881056446
0.20515062152364566,0.2397870352408173,5.3296666770716445,0.15380226734060287,0.1699063510235284,0.2558156108760858,0.857945147091492,1.4207066083146027,0.9712605275304695,4.547999172936612,44.172672129048316,635.9649531743225,5086.854216645074,58736.359780205676,103684.52100709603,107900.9121188788,102733.39996548451
0.1730048678348438,0.2208733670626874,7.28464500188791,0.0628720837601424,0.20689719561502296,0.35834394049689056,0.9440281173071365,1.6856300848116814,0.8853228384505937,4.029454646692669,40.27901870335562,565.2105939869485,4502.841810802094,51745.73639274762,91506.87312548091,93541.99616627785,85187.97396234254
0.14984110496811096,0.28286853537545575,1.7511939796116964,0.18575142571660713,0.1938692281831807,0.30904995416160813,0.879808213804751,1.4721814772800283,0.8979269929501074,4.8213728028837695,41.34814695248578,605.2941043955126,4876.371419557113,47146.348713467894,72830.3395839754,74415.80465802159,70652.43739967469
0.2543670226151238,0.21407801978797278,5.53624055762463,0.1498780775723837,0.21760686745903068,0.21722626865120773,0.8827261009556312,1.5972412792764727,0.8800705282773658,2.522746842760993,35.29562551048412,471.0687509512122,3713.8486371548984,49702.085272533106,107047.48847599553,114695.3610494147,110222.82769094568
0.25039152745765475,0.3750428106132887,1.11426575165921,0.18938774556127908,0.1823233543863261,0.29769117802815165,0.9536154716704071,1.5933688775191919,0.806038370919493,8.326422201381142,69.61158642045369,1004.7103755628774,8100.237920015959,76990.57189534136,117099.80163141497,118796.00957222859,111296.62245916574
0.22424487851035174,0.23942925572157028,6.723109110661684,0.0816748350210708,0.16987850737104876,0.3756726494200614,0.9216886038735337,1.7629799751944575,0.9723549948619145,7.034290502566736,62.12113772867592,884.1368536251872,7070.156327103429,74038.43344354372,120341.50475793063,120944.934173389,109120.13082477168
0.30851271738290886,0.24284385879034778,6.708241367374178,0.18544466389383207,0.19315298155185942,0.39606563011593043,0.9437682181490366,1.71507200149654,1.1573802752849456,14.537273499441357,113.27997311659921,1631.8574078906238,13253.161518679752,112262.94546257831,156907.71539066077,155517.61976357704,141692.25731493693
0.2992583486220758,0.3562956807912702,8.806325857641937,0.06883550723255313,0.15938159094085158,0.23031041017245846,0.8719849614921344,1.4572607580214898,0.8995871065603557,7.305766134131531,71.83555707990728,1030.8247999219373,8153.611037771222,95071.18366714935,172961.1124066578,180435.78409348964,168995.18263263136
0.2523786382835465,0.24113055044268594,9.824305640899855,0.11173247845338552,0.23127936220015133,0.388875947143475,0.9340313758322066,1.4964595995508339,1.1506037548231796,13.375902100388824,104.58347162996647,1551.944421005825,12400.254060902123,104180.73352430371,147753.58972267812,146998.6723826279,134744.64717186813
0.4144483620598035,0.39879068705535275,1.1354446781736836,0.10986845132880006,0.17445420201966544,0.31460804084160837,0.9144573525843526,1.7693027176236886,1.1657890756046605,35.48700837789482,288.6946247597921,4128.191781201467,32692.77844935549,197434.31459210312,255119.7114465188,245850.1068383074,217956.4626964763
0.3697488064335611,0.27855133832313844,2.538942898260141,0.17529854009175821,0.2091051339457973,0.31511584330280684,0.954318717228612,1.5731540803532986,0.8120711290568996,7.848533432067036,77.32381774510019,1084.441654234125,8827.293671018213,96594.7051813243,159370.2125486233,164019.41494565798,155847.7476022673
0.345043810578662,0.33194497024953207,8.984443067423275,0.13572195683159244,0.1877401836083112,0.25100040841207505,0.884153965920355,1.7522490420876156,1.0886663637999092,12.790127676079184,107.61669170550886,1540.9936031425234,12364.089452253951,122803.43536366172,191060.56857337456,190732.57767212187,172277.7550953219
0.4176469114605129,0.2870545625440931,8.655514300327383,0.17426046978088694,0.17137150344703847,0.21495351870456364,0.931934745456207,1.6423099233152638,0.8160099595550715,2.980073595566229,49.94903227788679,643.9770356607552,5024.479052529582,70539.89764295473,166471.44675782722,180605.18611754864,173500.07215987818
0.1482595446788594,0.3007790516609204,1.2167436725091267,0.0717449656428795,0.18325693775288399,0.3986736845770481,0.9474645758965013,1.5095135835966258,0.8720226868540983,8.283475737547658,64.90386009620676,956.7048540188376,7570.657700103558,60632.94657968635,86826.64084743372,86640.69178726265,79283.82760191784
0.47310809024156586,0.3664607106839421,7.282723381238938,0.14535211059471576,0.2135317557630963,0.3409976057119408,0.9475508692611397,1.4339473555478943,1.1179992593065886,31.082936588340342,244.56581049254945,3604.7926151990196,28712.50173774032,210665.70676620794,286009.1739243043,283221.263812682,260060.42083518245
0.20419084351928596,0.39606606108280185,7.596235777584614,0.1558446782114003,0.22324134472744767,0.25106067043233,0.8690947698647603,1.6807736897420527,0.8884422193773038,6.597651183120353,56.62067591736202,813.6003517317915,6550.688735462725,67363.77795330762,106925.15461839472,108052.22587196452,99326.96046994974
0.40915536572095557,0.28708349591394366,2.8295569216354033,0.0782968359217379,0.2097291392897805,0.3350375062767388,0.9108243029453467,1.5615021539034637,1.1453195137593597,28.717431297095718,225.09398354929436,3280.1769799478056,26001.55918674743,186284.57853474503,254876.34680314778,251361.93179822745,228325.4106698472
0.44170588445593284,0.31854323069955603,6.1853548130220775,0.1362239308997122,0.16074492055213294,0.20706136964986083,0.8814314697356187,1.7044310520240167,0.8512719577363862,5.649352006308712,71.04307926529974,965.8013256258926,7588.368193175795,98283.60050422489,205247.02400924443,217419.6926883817,203491.44327313654
0.40268991817807565,0.36830564879216493,7.005919764974518,0.11386778551924519,0.15905408479641983,0.3452200100313564,0.9491220073196917,1.6569369542763777,1.0251499790881253,21.179658799338796,164.37728365084104,2414.2823179311135,19261.815395124948,164007.29019157682,234019.4172741191,230707.5836647317,207588.17894713057
0.4294897107072073,0.3929573169081541,1.9942467264829782,0.1438764434069683,0.22316033945864783,0.3234069441193399,0.8948616690362619,1.4936264039867495,0.9319173896633716,25.981441755461756,206.6950900486438,3029.8254448318407,24178.429922778945,178790.57829974644,246704.15891593162,245636.70328630053,226620.4080686268
0.13419581434422387,0.3937131582740066,2.0656726405968584,0.1468481806062408,0.181145302063481,0.2969433021506109,0.8559947104969348,1.762997403796341,0.8041754941867384,4.703385706970732,38.72313712653239,558.739337396975,4470.81201603923,43061.72438382355,66864.60792959153,67536.51157021473,62172.06831437273
0.1729196348941286,0.22667421302766,1.3716319017869436,0.06066980214342507,0.1762941785783244,0.21592758630498088,0.9637033697145051,1.583898959434871,0.973872273343822,4.454272611962403,42.21470907504438,606.1147576699433,4744.615137705562,52679.96825645234,94386.2772092446,97472.99500865275,89501.56200579624
0.2513450280837609,0.2864672128545822,2.75995782169089,0.10466056201758958,0.2041227553459502,0.29683383909869326,0.9179626943383562,1.6104188244905098,1.008290781721213,12.148050625999106,95.97749561432349,1414.8023566106722,11226.24255788476,97291.5041172722,142347.92455842617,141916.83231434535,129274.44513613173
0.3451209336939559,0.22619540661059973,5.822668290062441,0.12940622624766845,0.21776448042487956,0.2924470227483136,0.8982325281096442,1.7677615534955025,0.8770348105420299,5.2813660914656975,61.03772365532644,826.3711706048205,6629.152132555224,80935.30912461621,151751.53630586126,157953.26949405816,148061.58056228494
0.26398817334718117,0.3723725333877699,4.971978942627963,0.1710598828116286,0.1943882869009682,0.3937327708251364,0.8783215560505934,1.4005831287077468,1.042739527003738,16.24211259442307,131.16897931834586,1940.8436032141121,15502.190182818485,112753.8592399553,155061.93253457182,154872.25167042206,144199.2171089491
0.4970116206361054,0.247635291830801,5.592169420245417,0.14137989811882834,0.16777675557398783,0.37470433326780683,0.8460652310937516,1.5833706637146532,0.9840492149054157,16.83968974570345,141.76565301151143,2066.084954336426,16616.424455167697,165205.9435319099,257768.7665261298,261815.48894948373,244311.98086442708
0.119955572413999,0.37302978617517746,2.204971071478749,0.13902654560010952,0.24394518231742468,0.2356770919628501,0.9390087249611038,1.7280800527807465,0.8547276830788175,4.371163465282169,36.218211569480836,522.493997463408,4174.154266588904,39861.77011321809,61140.96530344212,61350.269745183046,55835.12650546288
0.18336741104055676,0.38390737740440867,1.5871867105348665,0.06381127263776819,0.19779307175101032,0.32814837897872395,0.9686757905491055,1.634294499076167,0.8559738779358904,10.738738228549717,83.40831470082755,1218.9661082540435,9636.063192054959,76887.39077605211,109444.81755415093,108010.78044027131,97104.15582295618
0.155538161904597,0.24358252615599532,6.634858385659578,0.14414504587639204,0.21897806135084064,0.31838460676081204,0.8603684596331019,1.488936135816125,1.0144862738820493,5.339726197990053,45.537743419198826,666.4466897488787,5356.478280179826,53186.82790746,82760.37446244234,84167.94024830102,78876.36232653807
0.47572222522214314,0.2600246104922748,1.5380320649610386,0.15143140071565092,0.18547973038769108,0.36401293261886475,0.8697998770536982,1.7593121568331724,0.9677921586297796,18.97910784949773,155.2486752323369,2246.4517464243513,18088.52015202906,159512.29231539526,234578.39990501103,235375.7359229672,216841.94327103155
0.2839341814475307,0.26471512840281664,8.397831249411135,0.19239143070232945,0.18647231156438696,0.27179024582485034,0.9075876903378836,1.61917581263955,0.9927283403901638,6.0779433568766885,59.86200815640814,839.2021539355462,6797.599882774043,77914.08605923424,133275.54917714,136996.8305219809,128644.01617698421
0.31557230118607316,0.20764084148654938,1.9884576597776609,0.16433586987441773,0.20585928086870212,0.34539283669451526,0.8676686309995458,1.4443702961496745,1.084413123433131,12.958077167147714,106.75189692454586,1588.787717189036,12730.935528148935,111624.06313022856,164773.7479871468,167044.1022396619,157527.50626427997
0.4375227595400719,0.2959598205088551,8.583906403785058,0.0775713161551232,0.16657074725987583,0.3846818080377639,0.8938564720840191,1.563732659168095,0.9558415790761698,17.847817802414607,146.61128221191404,2138.7536827078306,17028.977985437818,165222.02059577047,255508.77062247632,257286.71957478023,235918.67986879958
0.41253163021055506,0.24816470593307327,9.600637549908598,0.17329754063273972,0.2255456824514005,0.3506623065483462,0.932853766046028,1.521902230122471,1.0110454869615382,13.384931143434535,113.87373646371482,1643.236339173434,13354.662315745023,134620.2686577716,206426.92527689526,209064.2565643522,195460.81595717501
0.4561207162148445,0.22563312966319166,8.255386358893515,0.08972992278334493,0.21408837171719636,0.3085728321937129,0.8645931069695373,1.6095010156168614,0.8786053450142683,8.760807902091312,92.17270556803076,1286.6720184989667,10247.627536633849,124084.74664931468,231262.382667411,240560.75210484042,224485.8363476113
0.3658874503266062,0.2621052082488691,2.626309695654553,0.13106313708666384,0.21901050688600493,0.23584008668123513,0.8976585245653128,1.527194537207951,1.1818320156195847,18.83352109025974,147.67976345753806,2188.7441393291483,17374.14487318808,145984.15544628538,211774.89895348935,211824.17480073596,194699.87374351075
0.44860323446976347,0.31488754667222374,9.308607104831905,0.19508545434395003,0.2109931505021918,0.3784960489790909,0.8556336644640637,1.4668822697673451,0.8599342383011773,12.662913408080607,112.63752069667883,1642.555015843079,13386.69252230527,138758.05102124065,218265.786646991,223283.29999744598,212524.0311505016
0.16758177990145465,0.2207801817429398,2.548715242473989,0.18490143257455227,0.24962853466166823,0.2892072710992814,0.9845288799701002,1.6451527346900545,1.124510541493164,6.8737476719044714,55.32088388898172,799.8139372589853,6464.451344447439,56891.505149965196,81710.45712687289,81690.94139907355,75240.22250894656
0.4149088526393836,0.34594626327836175,8.28997425015071,0.1902227183753653,0.1921120539209281,0.2997427223889032,0.9807745589891573,1.517151328128797,0.8848293931669111,11.339413302660564,102.83674822757682,1464.776626754846,11894.057708998253,126855.63653304982,202052.46242689696,205543.66110382453,192091.97019312828
0.23167357002371103,0.30124836273033734,1.7152108453505728,0.09693047723816345,0.22253860938729797,0.3910005051886829,0.9420840954760527,1.5260919797438393,1.1968918332749383,19.74340465954097,165.7032035090911,2393.5889087639916,18988.705478795273,112420.99428872905,145519.32026860712,142279.62406231667,128936.62779998088
0.28899175522213094,0.218731371912829,1.8319708233046612,0.10047844384544652,0.19674611269242845,0.3913027796905406,0.8844689898190023,1.5695655193144127,1.1173629557754066,16.92452760241664,133.32118295237012,1954.192849185704,15552.992417287465,119208.05931096828,166908.66666508606,165918.3418740913,151983.87899303497
0.24476576870395053,0.22249510200886682,9.243036396748305,0.0669763093247843,0.22449238512964337,0.25981889754019005,0.9184223470166928,1.5266030750025295,0.9439334165449281,4.822095326143015,51.88970004715172,722.8309909616567,5722.531008057762,69946.42593754362,132690.09138170895,138408.5472249239,128603.71159736488
0.49524124782480206,0.3894876242352341,9.78852361864944,0.1707116208235066,0.2425438896803006,0.30204844745980747,0.9550427334158694,1.5311706601349098,1.1018959108953685,29.914549032001023,230.29313303833183,3394.278975417798,27177.434469902124,211308.99573629102,288582.6097173473,284690.58464971505,259204.52233804646
0.35936579959873416,0.35475261658839363,1.6676203682041204,0.09434868330002916,0.19746365046840259,0.3733906190057358,0.9310469567463594,1.4870209005688169,1.149164295786426,30.254513139185978,254.8249264990819,3673.0365884942985,29121.581610386507,175137.97397111563,229184.7426820762,225067.3066457869,205019.90181336418
0.12772742113872804,0.26994961137195284,6.66393125606513,0.14649430780244613,0.16218732785677628,0.3022093815349872,0.9442270613943853,1.6974305649356767,1.1881159251340723,5.731980902635652,45.25972120721111,654.6724668136284,5245.553539276185,47813.937753272774,70249.14601740573,69651.62713217229,62810.42767714398
0.47931491300128726,0.29461192891583204,3.1835509547272265,0.13508551122978088,0.19599995900110842,0.36200575198032153,0.8989038038486832,1.705725401491483,1.1919362667014024,33.706257092482765,265.5201260686709,3829.2631143062968,30542.020366516153,210439.3912773822,279477.89358368464,272800.9572313697,245206.69639147187
0.13940304131797673,0.329711569425729,2.2964711818418517,0.16781909568569664,0.23824534823214702,0.3362762337363774,0.8486253064523691,1.4771662248283948,0.8682156520884126,5.849307469405887,48.09569606929675,712.0139896502262,5722.449440673681,49552.59277741458,72634.25408104964,73523.02976326463,69267.52407647978
0.39377149167932646,0.36471037167125786,2.4019681004913296,0.18453369968421657,0.21266448433191817,0.3439545765038452,0.9540385864406355,1.412412829367611,1.1597930998925001,28.874662327034375,242.74861467960298,3530.9965741744363,28199.500623528253,178548.2946278705,234318.66231457086,231468.62358175038,213038.86672368937
0.20057524275400485,0.38638805463477244,4.58002732744533,0.12462432158999835,0.2007863366089591,0.21936178335602263,0.9779637785337939,1.7404853062801326,0.8715579623875498,5.490700469500907,50.57745235758294,715.6362964388027,5703.091565039175,61756.17646985099,103186.3558751015,104248.67139872524,94158.82519874573
0.2149480577777526,0.37406408007857883,6.826251308959954,0.10644725973444685,0.19200731295069842,0.20016529383137427,0.9876072416368087,1.5549572462622132,1.0964261052924413,9.154198570223091,74.62263449867842,1083.1953846639217,8595.62847284971,82669.02070346709,126972.32253766459,127153.50621705815,115344.71546145077
0.17039875674428595,0.2604160947000361,2.1849022102644104,0.181847372753923,0.24748066127533208,0.2146362642145678,0.9083911724375493,1.7276972682851013,1.1074348440670942,6.515182832217233,53.069681755384515,764.4940005493964,6127.59827605417,56900.32632438459,85615.13055449468,85919.34065241869,78724.17767019392
0.309442181856042,0.38886356693971413,3.526180135489086,0.16480194652089242,0.19404400272164618,0.27786645356255935,0.9586507978293463,1.5846802406541818,1.0875520643976544,19.483087307806784,150.7543804800787,2204.560626782787,17576.105496361834,131314.7864220567,178438.75049251397,175611.74480343764,159066.75705388928
0.4918081795059841,0.28962903252467265,6.949919692469817,0.07147781972845416,0.24072106907481863,0.28389189637154166,0.8493466532898245,1.6313228699037168,1.0772902374583848,24.145358638779452,189.32256526823596,2799.625642241221,22214.347927605697,199366.06335065185,298388.5627651538,298107.71295831795,271873.8028679958
0.29811066296838096,0.2408050093344511,3.9114492372451437,0.11786921426144754,0.2195175872894441,0.34219868100055995,0.8890678920301507,1.657326212037349,1.116224586046695,15.63913082376711,121.32701235307434,1783.4763117006337,14252.693113082521,117794.93673057774,167315.16753790173,165939.5929360528,150941.80025818868
0.4944186568353486,0.3309288493691413,8.415035179098094,0.07327463174497822,0.20479944201063008,0.27522729837710447,0.9268787921700501,1.4360271463449734,1.0992754970478713,25.604791890094468,200.4007628694395,2984.4892176227095,23661.44587407556,208612.77876269651,309519.1335668782,311438.3391898499,287122.44016015023
0.40971491340752886,0.30734701794189995,1.1719506982236043,0.1331678279519014,0.159457992003934,0.3256354238023844,0.8999749418008169,1.5309744023544645,0.9792978705151177,20.46432987185263,162.88724019294023,2406.314684024231,19134.35068321778,157485.22709259865,227534.77533706697,228154.5337979749,210546.93612036284
0.3400990663549063,0.33957795140983715,8.48943306482873,0.06391238711532979,0.22505500112942006,0.208417956433272,0.9650489785913711,1.7682645455509534,0.9808270016037451,9.233820022844474,88.32415945818344,1244.841039178911,9907.40048411422,110620.24812293073,191989.60117749474,193873.9567501897,173609.01850273192
0.3674798202546554,0.35869260408667475,6.3040037803110245,0.09175509660390307,0.24362181595758112,0.2199358084436925,0.9723912538161646,1.7259851071079177,0.8127194779184134,7.932300581541775,80.82371133084457,1117.1020979065663,8883.912791016384,104276.12694896715,189078.58790040447,193462.21467604383,175362.50229733012
0.13836490161356638,0.20609584021365782,4.074789225015991,0.18945133579054146,0.24233034726674418,0.24256364561648816,0.9206886138403055,1.4819375536252009,1.0758543065396373,3.607635585053403,32.99651548876727,474.2271128008323,3841.8214303034706,40930.134585833905,66332.37225933002,68020.73950377945,64392.532323728985
0.4033653439782361,0.31172208500168586,3.909031257254857,0.06045314082136552,0.19418653932929358,0.24368650587318408,0.8781660888221152,1.7372973053444936,0.8890044052613012,11.512676167075465,105.73198347781097,1521.7730503360062,12015.740291854072,130605.64528584803,225542.14163705453,229593.80717341325,208639.5418376582
0.3618616337750321,0.23301322336744643,8.335998147383565,0.12600467277272226,0.15681530210910988,0.2892108843992901,0.8799988046838035,1.4299949054166534,0.8411941160984143,4.563199441064085,57.35665631970942,781.3626487766529,6172.807147109746,81592.96153041898,169737.55695727558,181020.72526063523,173916.7331229579
0.3701709037372396,0.2308527485238969,9.592506855540584,0.06787153746616771,0.20819073483422856,0.3891575034816803,0.8759736966027143,1.4037534203850772,0.9390449207158174,12.45902719253614,108.7922254452256,1606.3839060243265,12769.639046464195,132683.04134429139,215565.14159919368,220810.77412408532,206668.5821939463
0.35954551578333815,0.24262080424311824,5.834825532889104,0.06665368558266031,0.17996008652980516,0.2389693647246034,0.9804593656599462,1.4649425759060932,1.0557134858267023,10.407206749830825,96.81122557982162,1394.1945947792747,11062.796234253114,121318.42260320425,207198.67656760395,212775.8905972362,196303.05718472294
0.42437603811223634,0.24059468384404703,6.2976902965173895,0.15805632947688736,0.2450312516219164,0.297888339992807,0.8990132758014788,1.5303134431621668,1.0458879231861737,15.235665602946769,126.22748952041397,1845.572352812957,14864.981858827072,144773.71290222503,220708.86064935385,223293.55322972976,208085.5403598523
0.23376409326130498,0.2829286479920974,9.958150663197172,0.08815546309577815,0.24692675330008712,0.20499099008104393,0.9551588553281894,1.5950527249089814,0.8364673690034835,2.790487175651562,38.41640615502262,513.5545458528065,4046.038555842093,53664.88694917778,115460.0890767888,122512.60481000987,113897.45822063711
0.3715767992624537,0.3422322696069443,5.177963166000024,0.19913918852804402,0.18158941409114587,0.26332337761591484,0.8931482335256905,1.4799252300871952,0.8535585152657533,8.904518438277337,83.39231593600181,1192.6218412435085,9646.745067876893,106670.44467185938,178173.49427943214,183626.94486851955,174394.59341058577
0.27284871804534205,0.3003505108137021,1.4261625982423554,0.1833912334956942,0.2196545982623207,0.3259526287263165,0.9399079339292952,1.4933497454693223,0.8956492632152048,10.542549775297543,88.07498319827552,1288.2114218463746,10400.696768158377,91740.46000493519,133869.12562315463,135291.9657729678,127161.3946561339
0.11628033565695861,0.34643273102402933,8.72165167395771,0.12197330184537587,0.18871203645235263,0.3704400268939414,0.984196467564689,1.5241452187102946,1.0535336107159075,6.731573283483426,51.76527672260123,762.9272936163777,6091.285862199163,49271.698465718306,68464.16532836585,67613.53972420511,61366.994559755185
0.366072633244361,0.22711702450443494,6.847596243204405,0.17469844915033897,0.1951077140946639,0.3197017923650929,0.9206786883488252,1.5988879024811777,1.055153577907649,10.62899334101878,92.62173795465826,1330.4476888960542,10813.152561038596,112699.29853541983,178204.3059653602,181092.6322300349,169027.47625089373
0.25856246122169024,0.2989254807626749,8.264813617808418,0.17528412858378095,0.2205508767552598,0.29264927580914574,0.9519309888604678,1.4109232657099615,1.070630224108417,11.011646894136025,89.91491231049531,1326.7003908691577,10629.267745822686,97041.86136264935,142517.49150667616,143429.0098769773,133398.443864344
0.1662153668897433,0.24414613628750523,1.9148373352433168,0.15424897610226398,0.1541079851230943,0.36070570074519553,0.8866239020861422,1.4442548169786193,0.8691611690085079,4.3860046694957635,39.95143028880835,580.2728932892584,4668.752786845945,48831.75454923822,79596.66822102125,82052.32361090906,78251.27620703664
0.4256075981354812,0.29048072295226196,6.890666531208586,0.05826565316881295,0.21869622096262953,0.20256004116237997,0.8837605018775486,1.6950684342434208,1.1395202142505652,15.66187725610782,133.5652532341,1928.4545864846812,15339.032486278566,156350.76346149566,254510.52867238427,256884.96476366173,233078.43383812005
0.41130908161068247,0.35501690254545726,1.6366271045400222,0.16643348555276843,0.24176368896524109,0.2553451296561181,0.9312286731139022,1.6250316386058108,1.046750579549346,24.49400559305523,192.38961589782562,2809.482745522042,22414.41468111735,167163.61423860327,228692.8331610663,225844.21907277312,205247.95363424925
0.21054825723292736,0.32500329271000616,3.3048213646526583,0.1969962961006707,0.20176048971390548,0.38608589937094795,0.893335886488035,1.4726387672202483,0.9898971214799498,10.62034324776879,86.59737176672682,1273.5246654484172,10259.563384575235,80583.81972286876,112254.08013328147,112518.34148555336,105121.55587460111
0.18784576537787132,0.21097060635281004,9.99667459813577,0.10962285843744692,0.18104104478487082,0.21636079875604222,0.9193765161849552,1.7049982551542575,0.8434076870561009,0.9104283141416214,18.37716411878458,236.6439225424407,1797.303510600727,26414.130229813898,74447.51881431327,83755.7294682054,80417.66091418876
0.13189690292196332,0.26365835248103475,8.7720274419137,0.12990409842289563,0.1947552998091783,0.3701583957910656,0.948504217552802,1.4753209008041337,1.1613624002961638,7.049640176032417,54.846318951399134,813.7569533173273,6499.276957554105,54303.36051869767,76823.88295258091,76470.03363321617,70176.3208685029
0.2697053812748551,0.28776269151698525,9.277878572383704,0.08377573671201749,0.23625370531759626,0.34988929530541824,0.9562539943855103,1.6615791315161106,0.8159733863493206,6.7658444779659535,65.6008534357343,922.2366473042823,7397.004570975777,82912.03510349453,140586.45361198258,142894.56275376998,130367.49882324882
0.3966711057760397,0.3538899084642961,5.879516233789274,0.13277274369732145,0.1803489018406213,0.39579587359445917,0.9610682974275597,1.5129734560912969,0.9262716344314311,19.973032783014958,157.11407071558824,2323.1200510532985,18589.909163429667,156523.08612079028,221696.39158498833,220754.22339772753,202371.37868824802
0.3075726116510119,0.2419912302899007,8.920507454217404,0.19864247873827912,0.21872693897305087,0.2586554180836053,0.921917346948328,1.667153432568867,1.1705075221589074,9.592969330356711,82.84460708028918,1183.3583303589526,9602.382862850674,98509.19444658255,153692.6193925406,155061.57062306645,142927.55484401717
0.15376067822040063,0.29569371870554595,7.70856639876984,0.1482010864858858,0.16171026296646177,0.2956557153083696,0.8748750803633104,1.4448723504865844,0.8772154531533075,3.4432330847658186,33.6457004435233,481.23840039626793,3858.339329081133,44614.63350491419,78024.38622879726,80886.50645290848,76631.08437614012
0.28438767185259217,0.2708433519034543,8.578995948706954,0.0652184594668843,0.20128599996635643,0.2730325851754331,0.9508970070107368,1.4045208194578793,1.0042772439534031,9.546253323870946,83.83601348196288,1228.3398979446615,9749.92799873145,102686.6859662903,168855.35398022167,172963.81637329722,160634.46009676604
0.37584185454133223,0.340031724415233,1.0476110881242608,0.07832665656850946,0.2080543918649489,0.34649375805822924,0.8679501057028473,1.4130343862701087,1.0107794660159146,26.025055212352008,216.1445771524893,3147.4462269097835,24931.24389960007,171325.80577294962,237477.8023527604,237251.28485988817,219918.2607578692
0.350429953987888,0.3573951236957148,6.955789392556698,0.08475512195450813,0.18024599437439298,0.36695578579742194,0.8406863592817229,1.749280173969243,1.0422343943559589,20.66413250096054,158.23630230187592,2313.8953301322917,18441.810415541408,149479.349329298,211978.7886587367,208384.88084703425,187506.19677856183
0.3161649496316517,0.3789494329359999,3.064120744422808,0.19829303976332674,0.17775386517432856,0.361727383197332,0.924180944054395,1.5443485059892372,0.9123565377640332,14.841096792893033,118.47338262013079,1741.0479410698956,14041.820018864311,115978.8297771678,163404.1079275907,163586.62787897096,151898.5547331149
0.4049008286216651,0.2090718589481737,1.5381658895416979,0.14700519708254955,0.1889608052784899,0.28983717489810845,0.8738905815623441,1.5361897244277596,1.104311977020024,15.935615778260864,129.91978656164787,1922.5584527191209,15313.236403532255,140263.61838509637,212705.52857690732,215543.4673216007,201071.05724021583
0.24385506054293754,0.39039549199659573,4.156687352899702,0.14954500048717584,0.1843509200956559,0.28833536360595896,0.8452787754014229,1.4499173566847186,0.8299583201928259,8.601514181834668,72.55475702997946,1077.9032364915408,8593.886630454592,84132.7015339924,131735.17724361684,134435.73533804718,126460.70904919173
0.4625863670942282,0.30512721235939083,2.823490239499259,0.1704489774024477,0.22711441445142372,0.3402909201143406,0.9793100216967275,1.6579881084357522,0.8166896567140018,13.285973888404467,115.06898947410308,1622.985507139609,13245.576224050035,133088.05004158322,205193.45917605577,208161.21359337808,194909.90779308867
0.23655910786800305,0.20543808079609593,3.326853862872529,0.08834321863288373,0.17041001268960543,0.3276882739440362,0.858586713653324,1.677095062327697,0.9934701058473516,6.985317623837723,62.09289176569428,895.0442464793043,7111.626604215263,75073.18307645092,125086.677185179,127585.52063333562,117436.9581882594
0.15890097083065247,0.21773330939917357,6.045142444073165,0.18994165125384527,0.2484906771777683,0.349774342743034,0.9540224402427308,1.6985253931805977,1.1616374593233048,6.738743876423183,53.62471317534639,769.0368606908553,6264.921045086871,55011.51101038478,77952.45567557991,77639.00781755657,71277.41966983605
0.13423378965177704,0.21409832995312977,1.6260064367951563,0.0583031514783781,0.249061925312839,0.26732171064828447,0.8705564508119713,1.6799020930537818,0.8157468132301938,3.11438992237443,29.481284874468976,422.47271573687334,3319.560147454025,37795.11564043983,69264.12223308283,71878.55317749312,66411.30492039764
0.17967190429346244,0.33032883421414416,9.844013756940878,0.09469122604968655,0.2323789808430474,0.21698950773997208,0.914821788189627,1.4542709878118891,1.0642043722883054,6.877803963066536,57.60261607520203,843.7928568944312,6703.286742695362,67531.6896334895,107261.9491145456,108983.12560361013,100831.08146293602
0.4920386745649402,0.3137787717144654,2.8069777194897485,0.1803405443376343,0.23547818389376562,0.26327280531730235,0.9644478016773909,1.4890084393838725,1.173257273560784,30.692667263927422,242.47207138502668,3537.804644862726,28256.928103339967,207296.97191828632,281114.71357775654,278297.39169559506,254874.4041189345
0.32411575643930834,0.21307656130933958,6.980739394886842,0.12514692281231332,0.21122952880785073,0.32994087586028625,0.8863782060264296,1.6677981398932693,0.9072488212027519,6.181724774335078,64.04266866211142,885.0629901023887,7128.66319311987,84253.43236307873,150655.00356337213,155874.53196765587,146315.91276453607
0.4902861115487459,0.3871589425591079,3.2424073027714297,0.17496662204755825,0.15458065881834526,0.21485114258514504,0.8693505717669054,1.5015043290686787,0.9452679138733407,16.237775922660685,140.72739132972595,2059.1612100948078,16382.969802489462,165011.0732316906,263971.6485321861,269457.00246436876,251642.82013041963
0.4562419039387844,0.27204373992563613,5.442792838199093,0.07617326707391704,0.24872007267668653,0.3003787405971127,0.8800142585553193,1.4113154549477782,0.9059635677389487,17.321525002692546,144.65316092674098,2155.403758963889,17048.925967366486,168227.63360771048,265981.0457219306,271298.5082023671,253428.42729202428
0.19049817494638488,0.22660922243079884,7.056372792631164,0.10579073913640726,0.17795955110342832,0.34993443933667323,0.8863558155234744,1.6928541146541218,0.9602775014615258,4.804494780894624,45.223803186712736,643.8963387939539,5166.661359004624,57270.70624611281,97028.85803740275,99036.19647427596,91179.39419058665
0.366070278051407,0.38934742051750293,5.350363409616623,0.055192063948489765,0.19125664561621675,0.39869993217926486,0.916979904518508,1.545247913034325,0.9869945989478376,25.841265777692612,201.14460151434736,2948.4342127890395,23357.925064860505,170618.52617253765,234998.20391642602,232189.90066173222,211006.76535367288
0.3112462208959632,0.29654985648808485,7.076766586739677,0.12157725684060396,0.20847735071113477,0.290541119890833,0.9468109664961761,1.7602146282489288,1.1699813946871331,16.356168393403582,126.0863638661436,1829.7817384323334,14647.291004769115,125042.86546449168,177826.3020562481,174135.17159341494,155143.4950962729
0.4219322263035379,0.20355059223426725,5.586874591474133,0.08942298948484026,0.17779204922384345,0.24622797703584015,0.8775869140645015,1.6439808495655879,0.9519413845433863,6.589349332760455,74.41420367169135,1027.1621645237256,8059.569500264818,102371.58212132203,208248.52767346578,219821.5458119232,205141.61159324547
0.2521283829887522,0.26039537158147164,8.458647716534749,0.10169967485389167,0.1859002467283547,0.2555531175169105,0.9483380708004537,1.7368490582531322,1.1666095140363977,8.8028221296605,76.18174987018527,1080.4389269425205,8645.887498634289,88598.28888961101,141162.92690170364,140931.54166706154,126468.23335567568
0.43783130700243666,0.32408402780743306,8.024843950781797,0.08222082360815164,0.21658095072834885,0.25800772429345004,0.899326576861781,1.6981864575728611,0.9867484628022614,15.816969744566375,133.56988860069842,1925.5637912263967,15378.967397304425,156806.45148936872,251017.11749995349,252005.13777772433,228141.63343488058
0.22061234519107803,0.21946673668112351,1.1769428385349903,0.07986426270227293,0.22409662878999026,0.3385674576388643,0.9241162588417577,1.6536181512302837,1.0425000625689043,11.890316359907626,92.32073276947429,1352.8922738532362,10724.184225782365,87371.49006321617,125485.9932081935,124473.49465381267,112702.8338838516
0.16348088907134983,0.2698965991685444,3.5024328558136304,0.12414532377940103,0.22288572933927953,0.39112210396494135,0.8514515317175994,1.6743362846594216,0.8456355028878042,5.766471209067067,47.129530594207175,680.7003793776968,5483.231827427815,52955.60334538933,81301.31617413455,82312.89168268388,76581.43748008105
0.46633233857057277,0.32420321690728204,2.5094979929270442,0.14299844747687115,0.1798204637105816,0.38375913946201234,0.8983712020639442,1.40229513132945,0.843776053124349,19.19046331806348,158.90205885938497,2356.095007852627,18822.39148726948,167537.51622322257,248577.3569670998,252038.4208552073,237201.32565093905
0.38671072352774727,0.21053064628951276,2.078865665453451,0.06951398239061725,0.16480926291834178,0.3321641290461227,0.8431325000915715,1.4555852039147898,1.0008946633710714,15.237065071366219,123.92697229456286,1853.4553379122822,14595.650578156998,140668.7582817353,224266.37781285073,229423.44752226703,214462.68007390902
0.2754886948773031,0.21992852030387464,9.745129030160342,0.1040730765569206,0.1753760761550887,0.36078513536670814,0.9384796651216,1.7523514113208967,1.1586671450752053,10.248938879937889,86.19493591185397,1224.7172886167514,9845.780982622116,97681.80814272787,150742.2708201439,149964.45177354405,134690.41736282533
0.1326933823628294,0.2362235849467063,5.012410558294524,0.16497772650809356,0.23682541595136444,0.24614086025640747,0.8844030787199655,1.485880284664565,0.8348102653124634,1.7745413333724338,21.65774103850853,295.16934500874095,2362.4623596941133,29855.639656917352,57425.75939900135,60559.92690975497,58379.48604313869
0.3645810344868293,0.2918506194258738,7.030748218285741,0.08012094167492775,0.1612110191377277,0.23476489879242943,0.9653004569421216,1.4004573526715318,1.0369207485805745,11.223770548550606,101.63565983614629,1476.6457191229413,11721.39588562665,126685.70863889728,213132.84188317138,219113.19732730658,203609.6525457233
0.35096707208291666,0.3949317057081479,9.446920319535538,0.07732661585746474,0.18661412170673675,0.21699406207314664,0.982028538283682,1.4794217666204197,1.06501113549442,14.820968598855403,122.03279989790826,1776.7522058445063,14121.831537075816,137769.39250157328,214681.73015442054,216811.58681830723,198411.0629235306
0.26977712803988046,0.27535344053379235,3.562050242122455,0.05978759088230945,0.22835589980482537,0.2218155741040661,0.8693833619550325,1.568369064807925,0.882602040348777,7.142951967108458,67.32534896455954,972.5310703691906,7663.37049805443,85627.33526883932,151671.5292112576,156758.98173619722,145257.03727781173
0.47539835419967946,0.21701989237683172,3.7284261690710196,0.0714905183808009,0.2206959342873409,0.3460994428075768,0.9550816976560882,1.6538093531901803,1.1193693796077453,25.366474942132825,197.06486883135486,2887.9593048710635,22929.074581166646,193707.29905850548,278747.0302400766,275295.54690734897,247606.2367602123
0.2288613857504186,0.38943123651330774,5.700496288165541,0.11395987887545976,0.2259482785424911,0.33145632452622986,0.86609581953923,1.5614661459095693,1.0680004400914753,15.703649729304024,122.04478072813585,1788.3468315666012,14232.765169243494,103018.82824488444,140738.10135803017,138975.49248998327,126883.15840107699
0.12048552036684686,0.2716290580981932,8.595912161849938,0.15005815799206534,0.24953249259640733,0.33377604486369994,0.9378295197887361,1.4534411448973727,1.009672485068719,4.8662896820965775,40.04956408365483,587.6747699641254,4722.485415002088,44008.90172974493,65132.48116781268,65594.6326989214,60986.429393609076
0.4368119985238209,0.3925190040717076,9.917277881405665,0.06566877228074607,0.1682258041356685,0.36362503389182316,0.9695332878621169,1.5712397079525626,0.9135731998339064,20.347567778996655,162.01603824027683,2370.2564142556653,18874.05494433442,175455.0578836434,263791.4554468519,263216.86208775954,238459.7921059896
0.2942250913619556,0.21265033772394298,1.0714976390925393,0.17962765727468138,0.2106028316291379,0.24945806302385465,0.9545837135388845,1.4958479120097223,1.0797844795658733,9.968900219265121,84.26691549582782,1222.7813397426548,9800.432407480217,93675.95963801074,144022.45757862277,146511.2628385294,137543.4250550574
0.4489199746330286,0.22600633819646707,6.260022274086505,0.16389153211935886,0.20827330833059443,0.26285904560201734,0.9231923829580938,1.6414581827752064,0.9420810413645693,7.171987413934898,80.52369015027467,1095.4807854144324,8820.597655633028,107564.13759607951,198189.43099665706,206255.2172690376,194954.21999994645
0.10074061448920282,0.3927977931881197,1.2185201397657097,0.11204042718979365,0.17924142507509017,0.29815370285307913,0.9060587987750978,1.685742623381925,1.0417770100897992,7.15658941136754,56.02302968140654,807.9396126875021,6407.927878504328,44538.60245541165,60196.8448525368,58893.558942550044,52931.36045118088
0.4649361342235696,0.36726744648111187,3.8508868461439882,0.18257903378176532,0.1733409461944587,0.38237320398598834,0.8839803456862257,1.5693346951552807,1.016317571742984,26.957300820556924,211.75669197200634,3105.2640607754224,24913.803883741642,188010.81523279374,257836.85935932177,256147.8968308214,235670.2172499908
0.25666132656832163,0.21585837795504148,3.9434566893401715,0.09300224190827314,0.18375197251476982,0.3121647782362072,0.9350082601011237,1.6511800068729068,0.8794602497446277,5.160110949786709,52.30371389058358,732.9430807560881,5824.889886344498,68490.25629946218,124839.0364504866,129299.53771480445,119859.95555381998
0.3167047867774879,0.20098449663830575,8.473025965916795,0.11932153266124716,0.23891025562619328,0.3660826060930262,0.943663619616153,1.4493998674317576,0.9272197136214991,7.788535021077184,73.55049039064676,1046.449373233341,8456.686152237511,94499.00604348686,157511.53748734048,161776.3431302413,152426.14998681753
0.29975956364446465,0.2725650971004008,2.3978544451584933,0.08906734911233892,0.18944724530189877,0.37143501395468737,0.8442845910837684,1.5117353252544314,0.9642342483747199,15.187545110116625,121.0429857403272,1798.6546448524034,14277.408936941109,119593.99439046794,175227.18282772673,176151.06715954046,163083.11952088136
0.3980220282978949,0.2476770903665161,5.1342096666201,0.10246928724284042,0.17780489297756974,0.29722667864433644,0.97015332559184,1.6939375359311484,0.9636068867921237,10.395626899930644,97.52598431893698,1383.2256823550326,11047.12190946341,121243.30343879662,204359.34130325963,207454.6838674687,188675.37683458556
0.2255067964809824,0.3729999021248613,6.70018578192798,0.1660036290633552,0.2322503141431156,0.31879256885276197,0.8903675658892388,1.4227400598639737,1.0584868694661285,13.095271377747885,104.01329151506395,1541.9732647264818,12311.255253963584,95233.08409617073,132671.19996598482,132467.20114030273,122893.76840368875
0.3211846056007671,0.2239993538330896,1.4017445828873916,0.09790701756785355,0.1751408518901701,0.3276087876641854,0.9017387461203951,1.4732619019707893,1.0983605403395496,16.662230823516055,130.97724177620273,1939.8958995195112,15346.894719683196,127548.41123648496,186255.27356030353,187193.38886579536,173062.31810322742
0.36830826389912075,0.3936719380181264,1.506736492827418,0.06615800192356887,0.18805790881182236,0.23313935559316112,0.8877207849883711,1.572040634607824,1.1255423177910604,25.850491404502403,204.50647707666766,2980.789751510343,23535.434448893946,169458.79734731247,236451.0730737568,234387.0171171693,213351.64253327678
0.14393836614235617,0.2052117128850567,5.4350188087012485,0.11304193664750563,0.19028905519692943,0.21562453603572604,0.8542683694611891,1.4708729245986583,0.9242713962353419,2.0024369641536923,23.299322999039898,323.71008394063915,2532.113838542734,33133.25863262829,69564.78932418082,74379.22267919923,71113.37072067206
0.4127175080172314,0.2357558441400584,9.006906885018694,0.1538955084334985,0.21388750404382656,0.3002205261740212,0.8826093778857628,1.556877735524135,1.1234903315367433,14.74302328369015,122.33375475976563,1782.3685422856208,14347.517606303318,142864.95195734504,220865.36146266435,223319.40806950154,207012.56859873622
0.4223751682078405,0.3928872542216425,3.800824870477061,0.1238077556497881,0.16294758819440852,0.3921707493877803,0.9637517233558892,1.746990804282322,0.8631142672456307,20.584901540287404,161.13466666112637,2322.719921497992,18621.336972735422,158797.90124051113,226165.06220702204,223094.34837706838,200225.26200260472
0.42233949051505904,0.3118582547035883,7.72760418614316,0.10173557580211717,0.1696393001747719,0.35893146011806804,0.9861157671839902,1.7066716071164274,1.1317269369295015,24.146362194882002,185.17265199685806,2694.802252427561,21522.046850619878,177367.53942584211,248148.9611879398,242327.7167673655,215523.719522775
0.341835898903046,0.22341994741611604,1.6311799633486723,0.08067051499517419,0.2386519331926439,0.23770609653811622,0.9295560229346257,1.5735010331890373,1.1121060384903663,16.291563942538247,126.95761128855607,1876.0763690364008,14772.199189656125,131578.70879872033,198200.42098335185,198722.82486141135,181350.26502778192
0.29593469434708375,0.2863635416652013,8.210492520239733,0.11603929835247843,0.16139452879720978,0.30654740381607504,0.9508553912359998,1.4023972843847772,0.8747472756992934,6.83948975615772,67.93007786941115,958.6441331232795,7660.055879582414,88771.59682393972,155484.0463083153,160883.3121691404,151117.7558896721
0.19260854685372528,0.26291969757423445,3.662530351393579,0.09425716443804409,0.19409870478896168,0.29948985476354517,0.9392640205777135,1.531754001013821,0.9279543876718053,6.7074565341412065,56.7886461717883,824.1960088917093,6563.246218657169,66160.0174727892,105299.85015533911,106847.61303785128,98475.3761642917
0.13549894947999946,0.38130270312439163,5.844084858298551,0.13308345794336704,0.17886019319819477,0.27918000022488026,0.8524235377923558,1.7080840866471507,0.8931778690317141,4.639605527586549,39.476171802217394,568.2391834173466,4545.907386597582,45817.52139761432,72547.45634434882,73180.30948364576,66992.24929289488
0.2294105335429719,0.2941419446618026,8.068588155698155,0.06309847014539377,0.21141653894201473,0.37342543068402045,0.8959532296354158,1.6817369742952533,1.1034478685812532,13.96026413916242,105.70061350795027,1550.4644097507369,12341.53239054237,100231.40206157221,141959.7949288736,139713.95287825592,125684.28893041938
0.13750413175994725,0.3957641787920694,5.243002609557477,0.07682651173647902,0.2021544116816063,0.3247599199276063,0.9891132781674832,1.5810323511818352,1.0501081503363652,9.731236615064452,74.97433409830889,1090.7130368626079,8643.10294212391,63422.25784680601,86151.98914239749,84365.20574874827,75731.35272652669
0.32152656114781575,0.23816916249951042,2.04654657518512,0.15740384926373308,0.19391185291573831,0.20375184591268894,0.8725648581388512,1.4092056457542221,0.8225422918864108,4.256566891187493,49.15974033313826,689.7369848560832,5411.741429294541,69502.10437076824,141424.33395642228,151225.30287350627,146762.22755741482
0.43762212462722916,0.3274561973058032,1.442117168178794,0.10332158866737887,0.19836386979276155,0.2273838992687686,0.8457138846269547,1.6631702327675832,1.001730817174165,20.79772452341304,161.66843085621926,2382.940038241141,18802.321310498162,166220.97223440328,251035.62468461427,251595.19934452514,229793.80295190198
0.47954016705267,0.22848517443239202,4.9953541607348555,0.11352076924916756,0.23094516376278684,0.3826994965367058,0.8521429802063563,1.7168884318378423,1.0619450127340753,22.187289321233433,176.37926602990223,2578.7612796929216,20696.393863536312,180040.90045348956,261213.10919530422,260020.26801219396,237011.98442558222
0.18999375356636442,0.36322729867260434,7.083785720988798,0.09232857974648205,0.1794896033289685,0.3752864157997076,0.8749371069443314,1.576284047671632,1.165976023976413,13.710268446854847,107.06457766614199,1570.4396297819032,12475.397868853332,88580.61201902278,120427.63015406572,118593.19964639106,107823.52799279615
0.4604916627777744,0.34460638412875855,6.133977554518427,0.18799698333363635,0.152993997649314,0.26047680495182907,0.8607474005200859,1.4808693148091585,1.1612562180463477,21.76059338847989,173.21680321200233,2573.928953765751,20514.9079099764,180208.5252649157,265124.35361271165,266680.03971934493,247502.79867549986
0.15776404302573563,0.230046564343322,6.678294617709993,0.10243835553050622,0.21473581177727225,0.2024180435739821,0.9582874972258741,1.4550533684905047,0.9486780638609335,2.612492092844239,29.28964712221305,400.90071749947157,3164.053600955432,40223.51416448897,80119.21367075878,84472.1564917651,79354.15704324454
0.2914790715503006,0.30746250337460534,1.6821644181472346,0.1519473397716013,0.15574008499738753,0.30471142578222166,0.8619818825371329,1.5976303905253064,1.0667750766209854,15.121184159218808,118.1571423098819,1742.9911671417874,13887.774282120867,113178.68863459611,162546.52950287252,162477.5162090801,149415.59926526065
0.447505212994606,0.29324658118791236,2.8675098663496064,0.14197036646124928,0.2093909631598812,0.2906407508549954,0.8735131389848192,1.5764936988298301,0.8249481010358687,11.949112653716988,107.18052812250012,1544.8495645162675,12418.0801809264,131908.10217827113,217220.16762362944,223020.24682320142,209957.61744795387
0.4851861235285436,0.27851510651168454,5.715682957460786,0.11760194590505023,0.17101531655415503,0.35655650639658615,0.8934518930987412,1.4404015131576438,1.1330566180760808,26.498393235186136,208.8953037784518,3097.0242045903087,24620.643495989378,202383.5141593442,289854.94973758893,290253.6014070573,268590.60971212626
0.3075582116173331,0.24309184535246517,7.9501583726422345,0.15234496535834396,0.2080170456542001,0.32432754438213307,0.9221828083585394,1.5166503414368642,0.9178842723860632,6.9839067957336765,67.75493766849132,958.1478453751616,7760.997547538809,87721.9271974939,147826.80930031225,152010.07285564533,143369.75175464922
0.40910547523010843,0.3180198656034109,8.722238036132937,0.19971091393547097,0.1929983470879244,0.3422675166272916,0.9155343470808861,1.4399770025146412,0.8066150477900786,8.647225610446032,83.77344046807906,1171.5613755401116,9580.740431283291,110029.37326709021,185747.14280921195,191948.80083013553,183765.93674275748
0.33738816795057847,0.31054782787124074,4.314083110519853,0.10788334803319304,0.2161787453466984,0.292997794139468,0.965748356755413,1.6672932947573333,1.081571264787664,19.077479001498276,146.60891204087923,2142.279765017454,17053.222211732158,139185.2139045732,195556.74181698455,192128.30686842639,172308.0780178031
0.25541621122408925,0.24819587668018728,2.098367655348845,0.07394166736813418,0.23158540512064352,0.33505366039161055,0.9538284439285974,1.5012347794743863,0.9237999806160587,11.978028440122866,94.78116475729759,1403.9395554641235,11104.904671321028,98235.94910181785,146180.23733678914,146789.01919947987,134725.0928214333
0.13406032273105734,0.3328122299666914,8.09294608869872,0.13586754031058745,0.181584260779719,0.25744868295980455,0.9760905520766987,1.6638452630605394,0.9081218480697885,3.1284138165422566,30.46593762878844,426.84800054552517,3423.609741035101,39139.8920839614,67563.03565235191,68906.68938655681,63013.98505699616
0.33685374004338936,0.24165894020128387,5.503277820366459,0.141751035985561,0.19924404385851868,0.30186926921203294,0.9612231977607824,1.5538111843196771,0.8853498921872912,6.636307250225407,68.66083719937086,954.1619073507461,7700.731629291745,89668.86143579225,156678.9965702528,161813.35178596023,152249.57137662402
0.358803488223009,0.29854890234398573,5.735163638866855,0.187922313713199,0.206981932774705,0.2127050519680075,0.989310301120036,1.5725688421815271,0.8279508111828047,4.0737818485747725,54.166806871958634,718.1288405714872,5738.058599906156,74580.64042849859,149252.32102526532,157493.22746303224,150108.55590107487
0.387526833268091,0.3475032701398004,1.6938853900177686,0.18797071498400936,0.17348723906906605,0.3615843113076988,0.927693740000093,1.6876815730622625,1.1698149862791598,28.381969234208405,229.68178166433233,3323.1077372427967,26575.592541568698,168924.1418718645,218920.09369632392,213602.0743838017,192309.49324785054
0.35969194443004526,0.30508936999425285,2.575235324734736,0.17753207380493513,0.15899815590826824,0.3309341170374771,0.8527150085188552,1.6914223773327808,1.0812962634275063,17.901229021595412,140.53029744094653,2065.065764129636,16550.856509188194,135486.2185842808,192617.11127993822,191912.086951736,175856.55696532212
0.4556153893474836,0.28345689686121245,8.462990449892938,0.12822664079996474,0.19580156560768416,0.317566995338721,0.9378157923359882,1.5276085927289027,0.9060207756347556,12.288346473526293,113.64164675517328,1625.2513884985988,13079.339770822196,142887.07305566766,235545.64235654636,240428.02118802787,223408.21149919493
0.32162284816382214,0.2719078720657003,1.5720263774984637,0.06500221161716832,0.20027038459922689,0.30725320860507005,0.9464080409920635,1.7669783706430064,0.8141827429271519,9.872419163011346,85.83519994507087,1231.7574909218586,9713.79652178109,101034.1645139219,168887.3302880216,170901.79453156178,154244.8150992752
0.1616649049697335,0.21853768009362365,9.776059384066329,0.10736943226193618,0.24644095404163857,0.2162925315548754,0.8750628223430469,1.7392793357103136,1.1268917143028179,3.6782759003767125,36.470794775530045,509.5609194060331,4069.776496850142,47442.6202125204,85078.96412961854,87117.09898251189,79568.50055185931
0.34898967526732655,0.30667113297374066,2.1722549772928166,0.16529421312143838,0.16299578799212047,0.3827834294822827,0.8429110979184046,1.4805668847932762,0.9200101156356341,14.690480740801094,120.49952965855395,1786.8197736865638,14321.43331204178,124711.70395036548,184049.5626691799,186441.26063814494,175400.28371839336
0.4257990271796317,0.340834759477255,4.294034935238869,0.10293043109138625,0.18719927792025703,0.2584804022960049,0.8915885143399489,1.4276319728879419,1.1368190326242387,24.34415384639764,193.91245936675293,2867.9285858275375,22699.83428062825,183681.72361637876,264507.0468934834,265261.12330105033,245374.1088623776
0.12329433890085446,0.3165516098832481,2.816971930522168,0.18906765259510538,0.2196154655094992,0.2113108242925025,0.903070104709128,1.7015336275875779,1.1128379823826913,5.444510325560828,43.157703800177295,627.6790044230402,5016.0151902535035,44486.49076891211,65263.07415358915,65097.70268548919,59318.76441978858
0.10254943030001096,0.24686801486459153,4.049390649813677,0.07032841680491889,0.17999748813675154,0.39517335531207637,0.9597128698877015,1.7155069787341064,1.088530575988346,5.82162689954415,44.87484893079447,653.4810710312812,5197.451852304409,42649.13281829864,60417.37320227824,59238.06806303501,52846.80532604281
0.10911433611847038,0.27312479379968924,5.692168498771035,0.09627648624091803,0.20726803589224085,0.30050387284974844,0.8589588121611581,1.419074890427653,1.0857771910365068,5.298216081167767,41.98909694640813,627.1481726540138,4972.214201482161,44007.16884431171,65801.44924782298,66502.19463646587,61949.22014498494
0.32852935762325314,0.3513764088947487,1.033959008090712,0.055194770701221335,0.20667369659960472,0.3012690416939722,0.8510524471576286,1.5041545703613992,0.8945345767378351,19.00411688675971,151.2220534581027,2221.977858898714,17543.453680924224,139574.77078849476,204140.60183430088,205222.95189869788,189459.56032836845
0.15388485088791298,0.2522051827710732,5.946910505556648,0.14330753589590717,0.15478907159325372,0.32353426920579864,0.8782976513003921,1.4587201386125521,0.9479680985838443,4.005386711841013,37.2915314550715,537.8958120436147,4318.794410364256,47251.11887756061,78994.85825645272,81333.41019400024,76765.14924987989
0.3689147213739249,0.24335591050508526,4.564029485221763,0.08899448027974158,0.2176568011028146,0.3908983022266287,0.9737410324758017,1.4722489987580951,0.9617293218408506,16.87022057613479,136.65044223298975,2012.4070578130404,16021.527624815457,142535.16919472447,208911.19277466214,209301.26075012266,192314.22341600436
0.382331678563539,0.3080160306790544,1.1314675207479103,0.14189987061727902,0.17640613474514955,0.33763282327111976,0.9869548826268763,1.7186664730806127,1.0113576895166416,20.81237658083874,165.52101968289477,2386.7832493052892,19073.33351346241,147411.26660535973,203362.60437842313,200141.26713332892,179809.0850977234
0.16501980084966467,0.34318892326430267,8.795629536302744,0.1744492773547678,0.17783443468231153,0.32972953557117823,0.8646947087735817,1.5119307642600162,1.1790122587825325,9.368006324104599,73.3444542560727,1084.6744270979862,8669.1456467878,69162.1911449854,97083.49326351688,96684.8234987328,89106.75806992865
0.4135995211154414,0.312421766616423,3.26188543658759,0.0834987990931976,0.2300240639666815,0.27522651258388464,0.980193749941634,1.4784302620525527,0.9541750752375772,20.064406237840466,160.25539635292745,2366.820375415786,18732.842404813015,164818.46180928563,243225.79955932315,243516.72416928795,222795.53808433737
0.42267040392197763,0.20390899255290196,1.7317020832383663,0.09520030620459963,0.16916822143750412,0.3397065993638836,0.8976165743823055,1.6239891190694886,1.1441488877876833,20.807938592859127,163.3906864529522,2408.390857861364,19075.208246042646,163013.41216068965,239208.78284898397,238849.4712894903,217868.35450214366
0.24820700054895634,0.29950894851785975,6.644415054018832,0.19242820616356038,0.20020069577418037,0.2850539068544704,0.8443477933638812,1.565518610033285,0.8847390923377128,5.558212711156363,53.63285411666912,761.3191995888302,6175.263431717342,69216.72363700655,116744.26537571795,120385.49619147807,114362.68818536718
0.126205026383165,0.3144677323834031,3.1966698393961863,0.17169248245904659,0.19330895424119499,0.360333883662549,0.9014273948548823,1.4597229262871365,0.9477940844561021,5.748615814164995,46.628920195094,686.803839117949,5512.83194720982,46712.19866497723,67167.5917669254,67624.80778411348,63237.40189447285
0.47418743405054564,0.27669509704973266,8.20884612457542,0.06868570965032442,0.16034434352798999,0.3284983110189799,0.9323496240564084,1.588191739619228,0.9747951881663512,15.449244727586441,135.2979310991661,1957.2873712864264,15613.35571290207,165262.3158070082,272111.61185770034,276049.21150770463,252263.22661386078
0.17339708001365378,0.3322381144675254,1.8721164317546637,0.1396693214201682,0.22218664152543566,0.24972564110132384,0.9366117377302438,1.6201132937614364,0.8145074296433631,5.073526890406438,43.85643796676485,635.101294807212,5076.460509482639,52349.506418339304,84739.56351274566,86409.49310057066,80266.74376245993
0.1564421242385413,0.2635498491637517,1.0033116195504026,0.17416060822549015,0.19829611662569924,0.286186307952431,0.9027126034067023,1.7489176004260663,0.8317170820892568,2.9205700418245613,30.216666971184885,417.47302155542235,3375.217146003688,37341.28525859891,64021.668454213905,66236.12048241675,62850.87791809642
0.3587366666283771,0.21186426750425863,8.906254696350292,0.08953342934001315,0.22884014211740317,0.2925266171244922,0.9251527647989041,1.4060615174173956,0.9015766118827754,7.212309802607976,75.48776934024285,1052.2888793251511,8363.590853755082,101548.06630606718,187611.88302654415,195865.09978207003,184695.16376652743
0.4913212762977578,0.29487756703686985,9.249014309031951,0.14334172554093902,0.21490604711523428,0.2882117695000861,0.8700672681956347,1.4537661925174181,0.852362826965394,10.958283987899888,107.15746515330676,1531.9769210528614,12329.855444139928,142680.12075390565,248279.3487925386,257019.20866543136,243512.9803327473
0.48050332142361296,0.2905531728312024,4.970865990543778,0.050594968103371815,0.1676403513033711,0.2022185535913283,0.966146975707968,1.4764602108906386,1.0054922192118005,12.873342270488942,123.96791409219585,1770.03065372376,13973.420041462583,157667.84436678633,280500.35985946737,290908.3384865271,269300.4442672051
0.10970409128907384,0.3323624975885435,3.7077396065816273,0.10043829754228906,0.20949373344490554,0.2559756581717243,0.9093497126447607,1.7308694212346836,1.1840205374993982,7.0450332834883005,53.957767146772724,786.6756907071133,6246.005399553883,47896.5080218493,66343.33935776798,64834.79637477712,57945.009827530266
0.3104467369123095,0.3334987576304761,2.47502314388015,0.1299853578221703,0.23072973737030583,0.2889539138713571,0.8623323754956909,1.425041409794949,1.1162559343672507,19.96429050833085,162.75145967782345,2387.940908380269,18977.123911995335,136521.6559263383,189439.49474759857,189173.11844995775,175504.78219996663
0.1379475925881383,0.20676013001141894,8.346775660574131,0.05190122666063341,0.24258705785310336,0.32834412874916963,0.9042079708259204,1.7062713346676788,1.145109092713742,5.949193632975186,48.13213371111558,695.7646955359845,5549.978596752843,53268.11405167153,82191.25487864226,81944.45929760979,73856.50269575346
0.2985416724615618,0.2116148116081161,2.41179904074579,0.16611038717945625,0.2304870342644235,0.333738154528049,0.8830519607875162,1.7232462995004212,0.8049683072500069,3.4431716661398393,45.350724085149245,601.9521515940194,4925.4637671906,60072.80169825984,110405.19229433297,115725.1202769561,111571.52985296126
0.1935054691897481,0.3226584822042816,3.841425166205924,0.13199264412845935,0.24495728816916132,0.30333669993787715,0.9627271661473998,1.5736790601416382,1.0164443644093093,10.872218309634588,84.164169214839,1236.3848452642521,9873.285491094497,78670.92012673305,109283.60465060799,108087.58248162424,98236.59719549713
0.1140612697581481,0.3532952492676191,7.86122860451356,0.05709257127074922,0.16882986227121657,0.35998199570716527,0.8629243942655632,1.5870263113587257,0.9332446856448795,5.277368959571068,42.00396671410299,620.2520914714497,4922.55163509042,45666.982878382725,69772.19738828074,70155.46950815058,64245.54312735169
0.33332151426581047,0.32299771730095883,3.213695302438728,0.1872663341185674,0.24967827687446323,0.29934650667019924,0.9777555468402428,1.6576443434868162,1.0642842783562083,18.71290646915773,145.7093700368229,2118.0886036181173,17028.789762009,130196.35561553264,176106.07082107372,173558.13882792904,157385.13171340767
0.16276164541542598,0.39410804959182183,5.714546146900716,0.0800621480119488,0.2324447489796852,0.32784599545093984,0.9062814729073339,1.7175385112488526,0.938923469009677,9.575806340835836,72.98356747340326,1067.9690103071168,8508.092977532478,69121.42053720087,97516.57880102166,95684.91914848259,85761.77617993832
0.10792607588714787,0.23563769610323057,3.52030274122555,0.17693444789117635,0.1966746627025362,0.31192410375605206,0.9706725304728578,1.7361553031074402,0.9420530596793627,2.2763803901475854,22.67662337589574,311.8544267251548,2541.355910923297,27864.315080628392,46032.4266363234,47088.24092144905,44109.58749421586
0.28297608612567304,0.31030588411627147,5.424296149346113,0.1722913280790506,0.2186316578563779,0.2524660299689597,0.9429797596883073,1.7522881850260403,0.9787095871341117,8.762326209272855,75.19091809435444,1064.0003822755582,8598.762786699759,88059.52434576239,138523.62774141802,139502.91293798047,127485.54762926813
0.35022844956054555,0.2730185968053263,6.769163998846733,0.18936327558249272,0.15222292046138183,0.246936573803367,0.897645864587097,1.6519668927887237,1.078068657464493,8.754416561178429,80.99014100494156,1156.5102941134514,9295.320054810307,103047.08999439796,173435.88401711866,177333.59545668733,164555.7936411769
0.1373246336486747,0.3941890204859968,5.788029472830217,0.06258512521803193,0.19327739296574453,0.20026044304601198,0.9897310666651258,1.7189809023358575,1.1481422734607694,7.117885939826614,55.66741445407255,805.7631764038008,6390.752293038611,56889.81122082088,84514.03690771293,83364.93279679348,74146.62342417803
0.47641359104654135,0.33565169986866805,1.7900980397101547,0.13414783241098838,0.24267306192957958,0.23877680692325262,0.9148637660317513,1.6925899354035312,0.9435340356656309,21.337094213023555,168.28083021113065,2453.765834497709,19524.08260053418,172538.20052239258,254916.06047072177,254414.04012080596,231368.09694359545
0.3708121997945656,0.3115436381299313,3.5849439473957645,0.1564755168864083,0.23481578268162223,0.2690934068510633,0.9040213752770476,1.4912577761514108,1.1928362445254677,23.580035543823712,184.67977026489453,2708.7919448296566,21576.23174706328,159733.6069737383,219403.82712345914,217750.7118722531,200098.26793110708
