source_id,aperture_m,scenario,p_det,mean_snr,wa_frac
3267929947104804096,4.0,current_1e-9,0.0,0.00046709440563493274,0.0
5642877846246495360,4.0,current_1e-9,0.0,0.000440164958121526,0.0
6603465041679231872,4.0,current_1e-9,0.0,0.002249298502703885,0.0
2046526391572691328,4.0,current_1e-9,0.0,0.0007705149337870054,0.0
1016789806037687424,4.0,current_1e-9,0.0,0.0020474451153333698,0.0
5679711000438989312,4.0,current_1e-9,0.0,0.00020418345235467787,0.0
2995683893041962368,4.0,current_1e-9,0.0,0.0007312509289242661,0.0
5953737099445742848,4.0,current_1e-9,0.0,0.0005113322325081439,0.0
4615401513032729088,4.0,current_1e-9,0.0,0.0007057776506441479,0.0
3004510772390701696,4.0,current_1e-9,0.0,0.0009731344496021478,0.0
4069792782145982080,4.0,current_1e-9,0.0,0.0012349190712740148,0.0
5814108395520777856,4.0,current_1e-9,0.0,0.0010758032266277666,0.0
5962272505153840896,4.0,current_1e-9,0.0,0.0016833721498244367,0.0
2149291627370030336,4.0,current_1e-9,0.0,0.0004327800757501782,0.0
1323478680316848256,4.0,current_1e-9,0.0,0.0007443177297385411,0.0
5260504054704228736,4.0,current_1e-9,0.0,0.0017244678117020907,0.0
5841541455445538432,4.0,current_1e-9,0.0,0.0005729152551245472,0.0
3867940039451965952,4.0,current_1e-9,0.0,0.001309310242559037,0.0
87878642944408960,4.0,current_1e-9,0.0,0.0006280995525542639,0.0
3151482384299373696,4.0,current_1e-9,0.0,0.00264817451340213,0.0
6181044017297795968,4.0,current_1e-9,0.0,0.0048097360174407505,0.0
803645216387486720,4.0,current_1e-9,0.0,0.0023333809620290366,0.0
5914174364643486592,4.0,current_1e-9,0.0,0.0010136283158288073,0.0
4797122403959920768,4.0,current_1e-9,0.0,0.0015341872815954312,0.0
2575048093288905088,4.0,current_1e-9,0.0,0.0014496666923729897,0.0
4229058961259584256,4.0,current_1e-9,0.0,0.002690499511222546,0.0
4561522831932945920,4.0,current_1e-9,0.0,0.0018695818838031818,0.0
2208326773198648320,4.0,current_1e-9,0.0,0.0017482502893866809,0.0
6094128791359632256,4.0,current_1e-9,0.0,0.0014490390873470888,0.0
2769623267282593152,4.0,current_1e-9,0.0,0.0012020714034818585,0.0
5660807578058341120,4.0,current_1e-9,0.0,0.0009852779729536496,0.0
296496818102428544,4.0,current_1e-9,0.0,0.001353884497069297,0.0
158752853233960704,4.0,current_1e-9,0.0,0.0003282522286758367,0.0
2259514678757235200,4.0,current_1e-9,0.0,0.0005621906302241885,0.0
4227855172121285760,4.0,current_1e-9,0.0,0.0012827498777373484,0.0
2196000977264781056,4.0,current_1e-9,0.0,0.0009828331740031867,0.0
1422765267499632640,4.0,current_1e-9,0.0,0.0009297670036272685,0.0
5351303408563334912,4.0,current_1e-9,0.0,0.0008678675844569457,0.0
1364263517961035648,4.0,current_1e-9,0.0,0.0006861503870670556,0.0
5274946414813497344,4.0,current_1e-9,0.0,0.0011400401496936099,0.0
3180960123537829760,4.0,current_1e-9,0.0,0.0016340825286756213,0.0
2757278951454094208,4.0,current_1e-9,0.0,0.000681242376305625,0.0
2703346703520007168,4.0,current_1e-9,0.0,0.0006316213000441325,0.0
4002529127504102656,4.0,current_1e-9,0.0,0.0028223154702687854,0.0
5421588692928858752,4.0,current_1e-9,0.0,0.0004937803821150985,0.0
6050388913137070848,4.0,current_1e-9,0.0,0.0005714324905807168,0.0
4345060775182367232,4.0,current_1e-9,0.0,0.00046094078605415955,0.0
992946106114748032,4.0,current_1e-9,0.0,0.0013008747129878513,0.0
676792841901784192,4.0,current_1e-9,0.0,0.001016222999570548,0.0
218953691837608960,4.0,current_1e-9,0.0,0.000863356774404013,0.0
2482368024800833024,4.0,current_1e-9,0.0,0.0012663790334735189,0.0
4609966833215963392,4.0,current_1e-9,0.0,0.0007707061752445343,0.0
6844037812175117440,4.0,current_1e-9,0.0,0.0009300178939705928,0.0
6441225886185109632,4.0,current_1e-9,0.0,0.001057390553294252,0.0
1275271417631701504,4.0,current_1e-9,0.0,0.000799003198211651,0.0
6490173906174556416,4.0,current_1e-9,0.0,0.0007549843071728263,0.0
5940429538445511808,4.0,current_1e-9,0.0,0.002608651360610734,0.0
3793148372312611456,4.0,current_1e-9,0.0,0.0009081643818340306,0.0
3138662151736925568,4.0,current_1e-9,0.0,0.0005795146729019072,0.0
5976199159903812736,4.0,current_1e-9,0.0,0.0004690765762503122,0.0
1504338722359357568,4.0,current_1e-9,0.0,0.0011506344614897834,0.0
1688451325954477184,4.0,current_1e-9,0.0,0.0015114525379396368,0.0
5889045855385067136,4.0,current_1e-9,0.0,0.0005182231913384113,0.0
4081754605352170496,4.0,current_1e-9,0.0,0.002428205704029436,0.0
2691146831736184576,4.0,current_1e-9,0.0,0.0008333192067347336,0.0
334398010409366400,4.0,current_1e-9,0.0,0.0009643575333161987,0.0
1383626089525174016,4.0,current_1e-9,0.0,0.0008154734826215678,0.0
3702063519102244480,4.0,current_1e-9,0.0,0.0022637644783972373,0.0
5423016683660491264,4.0,current_1e-9,0.0,0.0005803713991142871,0.0
2804852929801600768,4.0,current_1e-9,0.0,0.0030485222061123994,0.0
3114023912926376448,4.0,current_1e-9,0.0,0.0008433513918120072,0.0
5524591457617244928,4.0,current_1e-9,0.0,0.000707944671932776,0.0
4060366016201160320,4.0,current_1e-9,0.0,4.1675727730899396e-05,0.0
6694638847956909696,4.0,current_1e-9,0.0,0.0007319475550666618,0.0
3039556915253606144,4.0,current_1e-9,0.0,0.0016163470358929856,0.0
6237927045205600000,4.0,current_1e-9,0.0,0.00046472019912564334,0.0
1878241773237645184,4.0,current_1e-9,0.0,0.0007982464380516097,0.0
4288946748293342080,4.0,current_1e-9,0.0,0.0070464636937408185,0.0
2337648311488015360,4.0,current_1e-9,0.0,0.0012654941872917644,0.0
4395214100433309184,4.0,current_1e-9,0.0,0.002132023393929497,0.0
2796277112767076864,4.0,current_1e-9,0.0,0.0003081858612045667,0.0
6016504747910034432,4.0,current_1e-9,0.0,0.0005156972984528381,0.0
5166280100090122880,4.0,current_1e-9,0.0,0.001971049969435623,0.0
1130573557111974912,4.0,current_1e-9,0.0,0.0018103109113459964,0.0
164738354017665664,4.0,current_1e-9,0.0,0.00010346154597558648,0.0
1761771910959772032,4.0,current_1e-9,0.0,0.0008075125158681536,0.0
1329848490477856768,4.0,current_1e-9,0.0,0.007524469949236211,0.0
3311535375672171776,4.0,current_1e-9,0.0,0.0016375740751621761,0.0
6112272348126668800,4.0,current_1e-9,0.0,0.0011756108132576393,0.0
6755038496304470144,4.0,current_1e-9,0.0,0.0009741593524554644,0.0
4283053988756001920,4.0,current_1e-9,0.0,0.0008351866064494975,0.0
2599647119044490496,4.0,current_1e-9,0.0,0.0009659283582553773,0.0
490441735713670528,4.0,current_1e-9,0.0,0.0008377198272336417,0.0
4934043968492272896,4.0,current_1e-9,0.0,0.001210693997117104,0.0
2621100450623361280,4.0,current_1e-9,0.0,0.005463002774895328,0.0
1851315420672845056,4.0,current_1e-9,0.0,0.0011336422472885725,0.0
5541455315986463104,4.0,current_1e-9,0.0,0.0005164365910856606,0.0
5976098417137532800,4.0,current_1e-9,0.0,0.0006758388325518232,0.0
28898090451449472,4.0,current_1e-9,0.0,0.0006300220569173367,0.0
6592347918267168128,4.0,current_1e-9,0.0,0.0013474166791713096,0.0
5887064359268864256,4.0,current_1e-9,0.0,0.00020422257804972717,0.0
6518913495153329920,4.0,current_1e-9,0.0,0.0005012233516648292,0.0
4600878063941953280,4.0,current_1e-9,0.0,0.0008361464978303344,0.0
992845122843798016,4.0,current_1e-9,0.0,0.0009441844313163174,0.0
3664521351702250752,4.0,current_1e-9,0.0,0.0031189097643178672,0.0
3711953493050429568,4.0,current_1e-9,0.0,0.0011649056894536684,0.0
5473228871432372992,4.0,current_1e-9,0.0,0.0008839817403402397,0.0
6752384069075512320,4.0,current_1e-9,0.0,0.0006956645680716532,0.0
4115513220094402048,4.0,current_1e-9,0.0,0.0004027053108908174,0.0
4602130957441446400,4.0,current_1e-9,0.0,0.000610220995602488,0.0
377546664910219776,4.0,current_1e-9,0.0,0.002090259205307395,0.0
4364333977066797056,4.0,current_1e-9,0.0,0.0002476109426337052,0.0
5768315046181771904,4.0,current_1e-9,0.0,0.0006222030242014289,0.0
123580919370477952,4.0,current_1e-9,0.0,0.0006044577429152698,0.0
4366334126156046976,4.0,current_1e-9,0.0,0.0004516924053700602,0.0
4901782819863332608,4.0,current_1e-9,0.0,0.003287820191222691,0.0
2151838817854979456,4.0,current_1e-9,0.0,0.0004918207412621157,0.0
1343460895402697600,4.0,current_1e-9,0.0,0.0018441179269661242,0.0
6136053959995638016,4.0,current_1e-9,0.0,0.0006528127165030641,0.0
2221263218985851520,4.0,current_1e-9,0.0,0.006541004625251519,0.0
4162186251740404608,4.0,current_1e-9,0.0,0.002111903035671461,0.0
1678399143976755584,4.0,current_1e-9,0.0,0.0017882147839142876,0.0
2704125913666895104,4.0,current_1e-9,0.0,0.0005691852945551858,0.0
5000393997669149952,4.0,current_1e-9,0.0,0.0012358391692212497,0.0
2491206105423269504,4.0,current_1e-9,0.0,0.0022467587148098885,0.0
6274538269849968512,4.0,current_1e-9,0.0,0.000689783250932153,0.0
707365862223681408,4.0,current_1e-9,0.0,0.0006803577027923156,0.0
4735086373076351744,4.0,current_1e-9,0.0,0.002680115228458708,0.0
2799316059826451328,4.0,current_1e-9,0.0,0.0012373212483220834,0.0
1875970079134757760,4.0,current_1e-9,0.0,0.0007474491630351506,0.0
1783649894544856960,4.0,current_1e-9,0.0,0.0007130916201152959,0.0
2554116930949289856,4.0,current_1e-9,0.0,0.0011260291209067403,0.0
2753295523906432384,4.0,current_1e-9,0.0,0.0006098918387768377,0.0
886990809110955008,4.0,current_1e-9,0.0,0.001455739755335022,0.0
919018036639891968,4.0,current_1e-9,0.0,0.0018009302072204514,0.0
2833555985786735232,4.0,current_1e-9,0.0,0.0015751871639704373,0.0
3023472056569280512,4.0,current_1e-9,0.0,0.0008585851922072825,0.0
868768602903736832,4.0,current_1e-9,0.0,0.0008201953285766278,0.0
5178460008866279808,4.0,current_1e-9,0.0,0.0009360070068819689,0.0
3004697238395042176,4.0,current_1e-9,0.0,0.0025302769600824442,0.0
2346247935526578688,4.0,current_1e-9,0.0,0.0008126351130786818,0.0
1933622971340170496,4.0,current_1e-9,0.0,0.0006897028679050219,0.0
1014188567684692224,4.0,current_1e-9,0.0,0.0008251765106475439,0.0
5466445022127902976,4.0,current_1e-9,0.0,0.0008397275644225306,0.0
6681692893110527232,4.0,current_1e-9,0.0,0.0009771111754289176,0.0
5185560414440293632,4.0,current_1e-9,0.0,0.0022114844164104674,0.0
5800349145690204288,4.0,current_1e-9,0.0,0.000696850693341068,0.0
4105409399796978944,4.0,current_1e-9,0.0,0.00043420543772105147,0.0
4708692944344873216,4.0,current_1e-9,0.0,0.0005796629936975551,0.0
2027994226190382848,4.0,current_1e-9,0.0,0.0006443703868245533,0.0
2511654375999952640,4.0,current_1e-9,0.0,0.0008671781073181058,0.0
5493261389176885632,4.0,current_1e-9,0.0,0.0010394478827422647,0.0
2240388880151078528,4.0,current_1e-9,0.0,0.0007197606854748901,0.0
5658455555185799040,4.0,current_1e-9,0.0,0.000548863109246389,0.0
5052502602489649664,4.0,current_1e-9,0.0,0.0020771608857147834,0.0
1979258613779627520,4.0,current_1e-9,0.0,0.0008395050390154368,0.0
446639254048922112,4.0,current_1e-9,0.0,0.00046050271233101476,0.0
5601915746720479104,4.0,current_1e-9,0.0,0.0009118930618983889,0.0
4776963682897871616,4.0,current_1e-9,0.0,0.003036269682330945,0.0
3280686721529098368,4.0,current_1e-9,0.0,0.0006092507608441577,0.0
1285339370727734400,4.0,current_1e-9,0.0,0.0010914881677217179,0.0
5511484179500121088,4.0,current_1e-9,0.0,0.0008111287798214037,0.0
519978157091449088,4.0,current_1e-9,0.0,0.00039710633389938263,0.0
3855789469596668544,4.0,current_1e-9,0.0,0.00042234517032363364,0.0
572054498112591744,4.0,current_1e-9,0.0,0.00046544262116746425,0.0
357842591908022912,4.0,current_1e-9,0.0,0.0005014164993490856,0.0
5927844322167316352,4.0,current_1e-9,0.0,0.00042486652057567,0.0
2281306105868025600,4.0,current_1e-9,0.0,0.0011083930543374916,0.0
6342743866636102528,4.0,current_1e-9,0.0,0.0004997757801251683,0.0
1690963263347609088,4.0,current_1e-9,0.0,0.0010454492225051538,0.0
1230823728796492672,4.0,current_1e-9,0.0,0.000860734837847483,0.0
6411524297547089024,4.0,current_1e-9,0.0,0.0006772598282404874,0.0
2935813011016890752,4.0,current_1e-9,0.0,0.0006709885327275277,0.0
1510354597152530176,4.0,current_1e-9,0.0,0.0011073518975797394,0.0
263711679169833728,4.0,current_1e-9,0.0,0.0005844276997080599,0.0
2203996935067479424,4.0,current_1e-9,0.0,0.001857667607077385,0.0
4637390027600793344,4.0,current_1e-9,0.0,0.0008042517436386908,0.0
3326809997366173568,4.0,current_1e-9,0.0,0.0010646120388579756,0.0
359891153870510208,4.0,current_1e-9,0.0,0.0030130781657870405,0.0
3194157939562713472,4.0,current_1e-9,0.0,0.0009038234656098183,0.0
5654914887224650240,4.0,current_1e-9,0.0,0.0008514763710104427,0.0
132596261882440320,4.0,current_1e-9,0.0,0.0008288836722740047,0.0
4262558915898078720,4.0,current_1e-9,0.0,0.0006751416044592132,0.0
6149021149160162176,4.0,current_1e-9,0.0,0.0004950201245253786,0.0
2811411825899219200,4.0,current_1e-9,0.0,0.003048533554113403,0.0
1900800964403932800,4.0,current_1e-9,0.0,0.0005088322762428645,0.0
6009934130839583488,4.0,current_1e-9,0.0,0.00035255213359652805,0.0
6872322302128569344,4.0,current_1e-9,0.0,0.0006075026806897624,0.0
4548634356637185792,4.0,current_1e-9,0.0,0.0012725070448753985,0.0
6527091903161249152,4.0,current_1e-9,0.0,0.0006093815983750279,0.0
2639759162947729408,4.0,current_1e-9,0.0,0.000564213943329204,0.0
4100927786033595648,4.0,current_1e-9,0.0,0.0004870449178134848,0.0
5371882654157606912,4.0,current_1e-9,0.0,0.0023345511384288277,0.0
6775009922429158272,4.0,current_1e-9,0.0,0.0006575674519628296,0.0
665668979685323648,4.0,current_1e-9,0.0,0.0017543858076632492,0.0
1832230956847006592,4.0,current_1e-9,0.0,0.004702080068884709,0.0
6284599664533612544,4.0,current_1e-9,0.0,0.001216109537707726,0.0
4641784775576833536,4.0,current_1e-9,0.0,0.0017855425954486942,0.0
4268847611328000256,4.0,current_1e-9,0.0,0.06655309677067514,0.0
4278176623883730176,4.0,current_1e-9,0.0,0.0003627077475606925,0.0
3267929947104804096,4.0,nearterm_1e-10,0.0,0.00046711230168807025,0.0
5642877846246495360,4.0,nearterm_1e-10,0.0,0.00044017603899764,0.0
6603465041679231872,4.0,nearterm_1e-10,0.0,0.0022502964477167683,0.0
2046526391572691328,4.0,nearterm_1e-10,0.0,0.0007706150688990026,0.0
1016789806037687424,4.0,nearterm_1e-10,0.0,0.0020481458752854955,0.0
5679711000438989312,4.0,nearterm_1e-10,0.0,0.00020418898195003369,0.0
2995683893041962368,4.0,nearterm_1e-10,0.0,0.0007313186568952224,0.0
5953737099445742848,4.0,nearterm_1e-10,0.0,0.0005113802403853147,0.0
4615401513032729088,4.0,nearterm_1e-10,0.0,0.0007058177058913227,0.0
3004510772390701696,4.0,nearterm_1e-10,0.0,0.000973236758723391,0.0
4069792782145982080,4.0,nearterm_1e-10,0.0,0.0012350667095585588,0.0
5814108395520777856,4.0,nearterm_1e-10,0.0,0.0010759426951537972,0.0
5962272505153840896,4.0,nearterm_1e-10,0.0,0.0016838369227917351,0.0
2149291627370030336,4.0,nearterm_1e-10,0.0,0.00043279408607134815,0.0
1323478680316848256,4.0,nearterm_1e-10,0.0,0.0007444799024235501,0.0
5260504054704228736,4.0,nearterm_1e-10,0.0,0.0017248286663177055,0.0
5841541455445538432,4.0,nearterm_1e-10,0.0,0.000572982597858939,0.0
3867940039451965952,4.0,nearterm_1e-10,0.0,0.0013094704728699638,0.0
87878642944408960,4.0,nearterm_1e-10,0.0,0.0006281319921257846,0.0
3151482384299373696,4.0,nearterm_1e-10,0.0,0.002649347395224002,0.0
6181044017297795968,4.0,nearterm_1e-10,0.0,0.0048124370655385105,0.0
803645216387486720,4.0,nearterm_1e-10,0.0,0.002333885417821531,0.0
5914174364643486592,4.0,nearterm_1e-10,0.0,0.0010138576415107791,0.0
4797122403959920768,4.0,nearterm_1e-10,0.0,0.0015344725500402283,0.0
2575048093288905088,4.0,nearterm_1e-10,0.0,0.0014498300332662175,0.0
4229058961259584256,4.0,nearterm_1e-10,0.0,0.0026917665394029402,0.0
4561522831932945920,4.0,nearterm_1e-10,0.0,0.001870056367189691,0.0
2208326773198648320,4.0,nearterm_1e-10,0.0,0.0017487942919813247,0.0
6094128791359632256,4.0,nearterm_1e-10,0.0,0.001449349515184743,0.0
2769623267282593152,4.0,nearterm_1e-10,0.0,0.0012024392592694553,0.0
5660807578058341120,4.0,nearterm_1e-10,0.0,0.000985399979604537,0.0
296496818102428544,4.0,nearterm_1e-10,0.0,0.0013541576183917097,0.0
158752853233960704,4.0,nearterm_1e-10,0.0,0.0003282593445156896,0.0
2259514678757235200,4.0,nearterm_1e-10,0.0,0.0005622218666024342,0.0
4227855172121285760,4.0,nearterm_1e-10,0.0,0.0012829015524083083,0.0
2196000977264781056,4.0,nearterm_1e-10,0.0,0.0009829289096341509,0.0
1422765267499632640,4.0,nearterm_1e-10,0.0,0.0009298965779613572,0.0
5351303408563334912,4.0,nearterm_1e-10,0.0,0.000867949886317059,0.0
1364263517961035648,4.0,nearterm_1e-10,0.0,0.0006861932508077884,0.0
5274946414813497344,4.0,nearterm_1e-10,0.0,0.0011401151070050334,0.0
3180960123537829760,4.0,nearterm_1e-10,0.0,0.0016345197062972337,0.0
2757278951454094208,4.0,nearterm_1e-10,0.0,0.0006812775829034412,0.0
2703346703520007168,4.0,nearterm_1e-10,0.0,0.0006316690249924443,0.0
4002529127504102656,4.0,nearterm_1e-10,0.0,0.0028234404318383966,0.0
5421588692928858752,4.0,nearterm_1e-10,0.0,0.0004938016378993389,0.0
6050388913137070848,4.0,nearterm_1e-10,0.0,0.0005715067082371565,0.0
4345060775182367232,4.0,nearterm_1e-10,0.0,0.00046096238849857775,0.0
992946106114748032,4.0,nearterm_1e-10,0.0,0.001300959561214352,0.0
676792841901784192,4.0,nearterm_1e-10,0.0,0.0010164909762168603,0.0
218953691837608960,4.0,nearterm_1e-10,0.0,0.0008635079922432369,0.0
2482368024800833024,4.0,nearterm_1e-10,0.0,0.0012666916875167852,0.0
4609966833215963392,4.0,nearterm_1e-10,0.0,0.000770733598231659,0.0
6844037812175117440,4.0,nearterm_1e-10,0.0,0.0009303153133219914,0.0
6441225886185109632,4.0,nearterm_1e-10,0.0,0.0010575921166871077,0.0
1275271417631701504,4.0,nearterm_1e-10,0.0,0.0007990621776723949,0.0
6490173906174556416,4.0,nearterm_1e-10,0.0,0.00075505654078733,0.0
5940429538445511808,4.0,nearterm_1e-10,0.0,0.002609287414249466,0.0
3793148372312611456,4.0,nearterm_1e-10,0.0,0.0009082205142571305,0.0
3138662151736925568,4.0,nearterm_1e-10,0.0,0.0005795405946625296,0.0
5976199159903812736,4.0,nearterm_1e-10,0.0,0.0004691286577357796,0.0
1504338722359357568,4.0,nearterm_1e-10,0.0,0.0011509421216813786,0.0
1688451325954477184,4.0,nearterm_1e-10,0.0,0.0015116820089709267,0.0
5889045855385067136,4.0,nearterm_1e-10,0.0,0.0005182446072799592,0.0
4081754605352170496,4.0,nearterm_1e-10,0.0,0.002429648066738237,0.0
2691146831736184576,4.0,nearterm_1e-10,0.0,0.0008333673305341362,0.0
334398010409366400,4.0,nearterm_1e-10,0.0,0.0009646058400917909,0.0
1383626089525174016,4.0,nearterm_1e-10,0.0,0.0008155747634636158,0.0
3702063519102244480,4.0,nearterm_1e-10,0.0,0.0022645428186674242,0.0
5423016683660491264,4.0,nearterm_1e-10,0.0,0.0005803993132506448,0.0
2804852929801600768,4.0,nearterm_1e-10,0.0,0.0030491082163478954,0.0
3114023912926376448,4.0,nearterm_1e-10,0.0,0.0008435650384657139,0.0
5524591457617244928,4.0,nearterm_1e-10,0.0,0.000707980284651287,0.0
4060366016201160320,4.0,nearterm_1e-10,0.0,4.167588687562763e-05,0.0
6694638847956909696,4.0,nearterm_1e-10,0.0,0.0007320940394734652,0.0
3039556915253606144,4.0,nearterm_1e-10,0.0,0.0016166805729490698,0.0
6237927045205600000,4.0,nearterm_1e-10,0.0,0.0004647658244267591,0.0
1878241773237645184,4.0,nearterm_1e-10,0.0,0.0007983047802906317,0.0
4288946748293342080,4.0,nearterm_1e-10,0.0,0.007051311912151893,0.0
2337648311488015360,4.0,nearterm_1e-10,0.0,0.001265638802149149,0.0
4395214100433309184,4.0,nearterm_1e-10,0.0,0.002132714939003743,0.0
2796277112767076864,4.0,nearterm_1e-10,0.0,0.0003081937106731072,0.0
6016504747910034432,4.0,nearterm_1e-10,0.0,0.0005157084804621418,0.0
5166280100090122880,4.0,nearterm_1e-10,0.0,0.001971699304203556,0.0
1130573557111974912,4.0,nearterm_1e-10,0.0,0.001810737693204728,0.0
164738354017665664,4.0,nearterm_1e-10,0.0,0.00010346217892758902,0.0
1761771910959772032,4.0,nearterm_1e-10,0.0,0.0008075483647111469,0.0
1329848490477856768,4.0,nearterm_1e-10,0.0,0.0075289401351846565,0.0
3311535375672171776,4.0,nearterm_1e-10,0.0,0.001637911889323896,0.0
6112272348126668800,4.0,nearterm_1e-10,0.0,0.0011757708469923142,0.0
6755038496304470144,4.0,nearterm_1e-10,0.0,0.0009742793896792929,0.0
4283053988756001920,4.0,nearterm_1e-10,0.0,0.0008353250795485067,0.0
2599647119044490496,4.0,nearterm_1e-10,0.0,0.0009660213042504576,0.0
490441735713670528,4.0,nearterm_1e-10,0.0,0.0008378750619652931,0.0
4934043968492272896,4.0,nearterm_1e-10,0.0,0.001211122775067044,0.0
2621100450623361280,4.0,nearterm_1e-10,0.0,0.005467122421785675,0.0
1851315420672845056,4.0,nearterm_1e-10,0.0,0.0011337318472221388,0.0
5541455315986463104,4.0,nearterm_1e-10,0.0,0.0005164562431268926,0.0
5976098417137532800,4.0,nearterm_1e-10,0.0,0.0006758966241345106,0.0
28898090451449472,4.0,nearterm_1e-10,0.0,0.0006300576865769617,0.0
6592347918267168128,4.0,nearterm_1e-10,0.0,0.0013476456012888444,0.0
5887064359268864256,4.0,nearterm_1e-10,0.0,0.00020422767977149804,0.0
6518913495153329920,4.0,nearterm_1e-10,0.0,0.0005012416854208419,0.0
4600878063941953280,4.0,nearterm_1e-10,0.0,0.0008361843647988143,0.0
992845122843798016,4.0,nearterm_1e-10,0.0,0.0009442640371020051,0.0
3664521351702250752,4.0,nearterm_1e-10,0.0,0.003120079745197632,0.0
3711953493050429568,4.0,nearterm_1e-10,0.0,0.001164981517304446,0.0
5473228871432372992,4.0,nearterm_1e-10,0.0,0.0008840291203589433,0.0
6752384069075512320,4.0,nearterm_1e-10,0.0,0.0006957207197861055,0.0
4115513220094402048,4.0,nearterm_1e-10,0.0,0.00040271675483765257,0.0
4602130957441446400,4.0,nearterm_1e-10,0.0,0.0006102483624130298,0.0
377546664910219776,4.0,nearterm_1e-10,0.0,0.0020905529818738295,0.0
4364333977066797056,4.0,nearterm_1e-10,0.0,0.00024761382431052667,0.0
5768315046181771904,4.0,nearterm_1e-10,0.0,0.0006222698794156625,0.0
123580919370477952,4.0,nearterm_1e-10,0.0,0.0006044844675195706,0.0
4366334126156046976,4.0,nearterm_1e-10,0.0,0.00045173233353016246,0.0
4901782819863332608,4.0,nearterm_1e-10,0.0,0.003289855275465422,0.0
2151838817854979456,4.0,nearterm_1e-10,0.0,0.0004918332836727821,0.0
1343460895402697600,4.0,nearterm_1e-10,0.0,0.00184503981872476,0.0
6136053959995638016,4.0,nearterm_1e-10,0.0,0.0006528488497934697,0.0
2221263218985851520,4.0,nearterm_1e-10,0.0,0.006553178481785087,0.0
4162186251740404608,4.0,nearterm_1e-10,0.0,0.002113183489092399,0.0
1678399143976755584,4.0,nearterm_1e-10,0.0,0.0017884941736086275,0.0
2704125913666895104,4.0,nearterm_1e-10,0.0,0.0005692090736583927,0.0
5000393997669149952,4.0,nearterm_1e-10,0.0,0.0012359931861953368,0.0
2491206105423269504,4.0,nearterm_1e-10,0.0,0.0022471579527032046,0.0
6274538269849968512,4.0,nearterm_1e-10,0.0,0.0006898963262656005,0.0
707365862223681408,4.0,nearterm_1e-10,0.0,0.0006804218835335294,0.0
4735086373076351744,4.0,nearterm_1e-10,0.0,0.0026814645345138964,0.0
2799316059826451328,4.0,nearterm_1e-10,0.0,0.0012375143432430762,0.0
1875970079134757760,4.0,nearterm_1e-10,0.0,0.0007475346126992028,0.0
1783649894544856960,4.0,nearterm_1e-10,0.0,0.000713130517677918,0.0
2554116930949289856,4.0,nearterm_1e-10,0.0,0.0011260969592542928,0.0
2753295523906432384,4.0,nearterm_1e-10,0.0,0.0006099413976789663,0.0
886990809110955008,4.0,nearterm_1e-10,0.0,0.0014563404475224208,0.0
919018036639891968,4.0,nearterm_1e-10,0.0,0.0018012836357624664,0.0
2833555985786735232,4.0,nearterm_1e-10,0.0,0.0015758085062425097,0.0
3023472056569280512,4.0,nearterm_1e-10,0.0,0.0008587566929353001,0.0
868768602903736832,4.0,nearterm_1e-10,0.0,0.0008202964673155684,0.0
5178460008866279808,4.0,nearterm_1e-10,0.0,0.000936086096697478,0.0
3004697238395042176,4.0,nearterm_1e-10,0.0,0.002531812041404353,0.0
2346247935526578688,4.0,nearterm_1e-10,0.0,0.000812808424733575,0.0
1933622971340170496,4.0,nearterm_1e-10,0.0,0.0006897363874403519,0.0
1014188567684692224,4.0,nearterm_1e-10,0.0,0.0008252926269260519,0.0
5466445022127902976,4.0,nearterm_1e-10,0.0,0.0008398134467152033,0.0
6681692893110527232,4.0,nearterm_1e-10,0.0,0.000977198854146475,0.0
5185560414440293632,4.0,nearterm_1e-10,0.0,0.002211871474010329,0.0
5800349145690204288,4.0,nearterm_1e-10,0.0,0.0006969311881796221,0.0
4105409399796978944,4.0,nearterm_1e-10,0.0,0.00043421816438074046,0.0
4708692944344873216,4.0,nearterm_1e-10,0.0,0.0005796898296336079,0.0
2027994226190382848,4.0,nearterm_1e-10,0.0,0.0006444145384487849,0.0
2511654375999952640,4.0,nearterm_1e-10,0.0,0.000867232859793104,0.0
5493261389176885632,4.0,nearterm_1e-10,0.0,0.0010395343038844753,0.0
2240388880151078528,4.0,nearterm_1e-10,0.0,0.0007199208600042386,0.0
5658455555185799040,4.0,nearterm_1e-10,0.0,0.0005489131151021847,0.0
5052502602489649664,4.0,nearterm_1e-10,0.0,0.0020775905400597754,0.0
1979258613779627520,4.0,nearterm_1e-10,0.0,0.0008396549545057946,0.0
446639254048922112,4.0,nearterm_1e-10,0.0,0.0004605235829047996,0.0
5601915746720479104,4.0,nearterm_1e-10,0.0,0.0009119907925988735,0.0
4776963682897871616,4.0,nearterm_1e-10,0.0,0.0030371483387951273,0.0
3280686721529098368,4.0,nearterm_1e-10,0.0,0.0006093077928803191,0.0
1285339370727734400,4.0,nearterm_1e-10,0.0,0.0010915460875019528,0.0
5511484179500121088,4.0,nearterm_1e-10,0.0,0.0008111690337342305,0.0
519978157091449088,4.0,nearterm_1e-10,0.0,0.000397118910763039,0.0
3855789469596668544,4.0,nearterm_1e-10,0.0,0.00042235425030799856,0.0
572054498112591744,4.0,nearterm_1e-10,0.0,0.0004654588791591378,0.0
357842591908022912,4.0,nearterm_1e-10,0.0,0.0005014339600367632,0.0
5927844322167316352,4.0,nearterm_1e-10,0.0,0.00042487513160456857,0.0
2281306105868025600,4.0,nearterm_1e-10,0.0,0.0011084669280549955,0.0
6342743866636102528,4.0,nearterm_1e-10,0.0,0.00049980124233406,0.0
1690963263347609088,4.0,nearterm_1e-10,0.0,0.0010455953712259758,0.0
1230823728796492672,4.0,nearterm_1e-10,0.0,0.0008608186467523604,0.0
6411524297547089024,4.0,nearterm_1e-10,0.0,0.0006773637196657292,0.0
2935813011016890752,4.0,nearterm_1e-10,0.0,0.0006710244896049423,0.0
1510354597152530176,4.0,nearterm_1e-10,0.0,0.0011075021468171155,0.0
263711679169833728,4.0,nearterm_1e-10,0.0,0.000584533391518604,0.0
2203996935067479424,4.0,nearterm_1e-10,0.0,0.001857843315137622,0.0
4637390027600793344,4.0,nearterm_1e-10,0.0,0.0008043728103714224,0.0
3326809997366173568,4.0,nearterm_1e-10,0.0,0.001064785779241427,0.0
359891153870510208,4.0,nearterm_1e-10,0.0,0.0030151339907554518,0.0
3194157939562713472,4.0,nearterm_1e-10,0.0,0.000903950467381287,0.0
5654914887224650240,4.0,nearterm_1e-10,0.0,0.0008515815509077269,0.0
132596261882440320,4.0,nearterm_1e-10,0.0,0.0008289706537554697,0.0
4262558915898078720,4.0,nearterm_1e-10,0.0,0.0006752587938945901,0.0
6149021149160162176,4.0,nearterm_1e-10,0.0,0.0004950425623262351,0.0
2811411825899219200,4.0,nearterm_1e-10,0.0,0.0030511313337824916,0.0
1900800964403932800,4.0,nearterm_1e-10,0.0,0.0005088552777562957,0.0
6009934130839583488,4.0,nearterm_1e-10,0.0,0.00035258694677625305,0.0
6872322302128569344,4.0,nearterm_1e-10,0.0,0.0006075561288034035,0.0
4548634356637185792,4.0,nearterm_1e-10,0.0,0.001272768432359938,0.0
6527091903161249152,4.0,nearterm_1e-10,0.0,0.0006094147165816282,0.0
2639759162947729408,4.0,nearterm_1e-10,0.0,0.0005642297146401766,0.0
4100927786033595648,4.0,nearterm_1e-10,0.0,0.0004871219645343351,0.0
5371882654157606912,4.0,nearterm_1e-10,0.0,0.002335455390824762,0.0
6775009922429158272,4.0,nearterm_1e-10,0.0,0.000657690230931748,0.0
665668979685323648,4.0,nearterm_1e-10,0.0,0.0017551737852035377,0.0
1832230956847006592,4.0,nearterm_1e-10,0.0,0.004703487806124561,0.0
6284599664533612544,4.0,nearterm_1e-10,0.0,0.001216337006091549,0.0
4641784775576833536,4.0,nearterm_1e-10,0.0,0.0017858763168166212,0.0
4268847611328000256,4.0,nearterm_1e-10,0.0,0.06700521883744007,0.0
4278176623883730176,4.0,nearterm_1e-10,0.0,0.0003627156730698283,0.0
3267929947104804096,4.0,goal_1e-11,0.0,0.0004671140913649597,0.0
5642877846246495360,4.0,goal_1e-11,0.0,0.0004401771471160602,0.0
6603465041679231872,4.0,goal_1e-11,0.0,0.002250396274408115,0.0
2046526391572691328,4.0,goal_1e-11,0.0,0.0007706250834333867,0.0
1016789806037687424,4.0,goal_1e-11,0.0,0.002048215971040868,0.0
5679711000438989312,4.0,goal_1e-11,0.0,0.0002041895349231583,0.0
2995683893041962368,4.0,goal_1e-11,0.0,0.0007313254302757754,0.0
5953737099445742848,4.0,goal_1e-11,0.0,0.0005113850415258261,0.0
4615401513032729088,4.0,goal_1e-11,0.0,0.0007058217116571175,0.0
3004510772390701696,4.0,goal_1e-11,0.0,0.000973246990695114,0.0
4069792782145982080,4.0,goal_1e-11,0.0,0.0012350814751847588,0.0
5814108395520777856,4.0,goal_1e-11,0.0,0.001075956643736791,0.0
5962272505153840896,4.0,goal_1e-11,0.0,0.0016838834105863225,0.0
2149291627370030336,4.0,goal_1e-11,0.0,0.00043279548715155524,0.0
1323478680316848256,4.0,goal_1e-11,0.0,0.0007444961208204064,0.0
5260504054704228736,4.0,goal_1e-11,0.0,0.0017248647589688595,0.0
5841541455445538432,4.0,goal_1e-11,0.0,0.0005729893326614461,0.0
3867940039451965952,4.0,goal_1e-11,0.0,0.0013094864979023998,0.0
87878642944408960,4.0,goal_1e-11,0.0,0.0006281352362589375,0.0
3151482384299373696,4.0,goal_1e-11,0.0,0.0026494647238550994,0.0
6181044017297795968,4.0,goal_1e-11,0.0,0.004812707317566298,0.0
803645216387486720,4.0,goal_1e-11,0.0,0.0023339358745515975,0.0
5914174364643486592,4.0,goal_1e-11,0.0,0.0010138805772642928,0.0
4797122403959920768,4.0,goal_1e-11,0.0,0.0015345010819086515,0.0
2575048093288905088,4.0,goal_1e-11,0.0,0.0014498463692994533,0.0
4229058961259584256,4.0,goal_1e-11,0.0,0.0026918932898976123,0.0
4561522831932945920,4.0,goal_1e-11,0.0,0.001870103826347948,0.0
2208326773198648320,4.0,goal_1e-11,0.0,0.0017488487058807487,0.0
6094128791359632256,4.0,goal_1e-11,0.0,0.0014493805638037798,0.0
2769623267282593152,4.0,goal_1e-11,0.0,0.00120247605047217,0.0
5660807578058341120,4.0,goal_1e-11,0.0,0.000985412181697392,0.0
296496818102428544,4.0,goal_1e-11,0.0,0.0013541849353173503,0.0
158752853233960704,4.0,goal_1e-11,0.0,0.0003282600561163003,0.0
2259514678757235200,4.0,goal_1e-11,0.0,0.0005622249904147257,0.0
4227855172121285760,4.0,goal_1e-11,0.0,0.0012829167217134493,0.0
2196000977264781056,4.0,goal_1e-11,0.0,0.0009829384841296097,0.0
1422765267499632640,4.0,goal_1e-11,0.0,0.000929909536920085,0.0
5351303408563334912,4.0,goal_1e-11,0.0,0.0008679581172624051,0.0
1364263517961035648,4.0,goal_1e-11,0.0,0.0006861975374580371,0.0
5274946414813497344,4.0,goal_1e-11,0.0,0.0011401226032799637,0.0
3180960123537829760,4.0,goal_1e-11,0.0,0.0016345634334321113,0.0
2757278951454094208,4.0,goal_1e-11,0.0,0.0006812811037551449,0.0
2703346703520007168,4.0,goal_1e-11,0.0,0.0006316737978325663,0.0
4002529127504102656,4.0,goal_1e-11,0.0,0.0028235529675226215,0.0
5421588692928858752,4.0,goal_1e-11,0.0,0.0004938037635726484,0.0
6050388913137070848,4.0,goal_1e-11,0.0,0.0005715141305942923,0.0
4345060775182367232,4.0,goal_1e-11,0.0,0.00046096454884433815,0.0
992946106114748032,4.0,goal_1e-11,0.0,0.0013009680466544394,0.0
676792841901784192,4.0,goal_1e-11,0.0,0.0010165177771286884,0.0
218953691837608960,4.0,goal_1e-11,0.0,0.0008635231158324212,0.0
2482368024800833024,4.0,goal_1e-11,0.0,0.0012667229585956758,0.0
4609966833215963392,4.0,goal_1e-11,0.0,0.000770736340640741,0.0
6844037812175117440,4.0,goal_1e-11,0.0,0.0009303450560417389,0.0
6441225886185109632,4.0,goal_1e-11,0.0,0.0010576122758097902,0.0
1275271417631701504,4.0,goal_1e-11,0.0,0.0007990680760646007,0.0
6490173906174556416,4.0,goal_1e-11,0.0,0.0007550637647939902,0.0
5940429538445511808,4.0,goal_1e-11,0.0,0.002609351035411604,0.0
3793148372312611456,4.0,goal_1e-11,0.0,0.000908226127873235,0.0
3138662151736925568,4.0,goal_1e-11,0.0,0.000579543186962393,0.0
5976199159903812736,4.0,goal_1e-11,0.0,0.00046913386621888145,0.0
1504338722359357568,4.0,goal_1e-11,0.0,0.0011509728924566467,0.0
1688451325954477184,4.0,goal_1e-11,0.0,0.0015117049595452627,0.0
5889045855385067136,4.0,goal_1e-11,0.0,0.0005182467489669508,0.0
4081754605352170496,4.0,goal_1e-11,0.0,0.002429792349888208,0.0
2691146831736184576,4.0,goal_1e-11,0.0,0.0008333721432147637,0.0
334398010409366400,4.0,goal_1e-11,0.0,0.0009646306736029429,0.0
1383626089525174016,4.0,goal_1e-11,0.0,0.0008155848925926978,0.0
3702063519102244480,4.0,goal_1e-11,0.0,0.0022646206756663004,0.0
5423016683660491264,4.0,goal_1e-11,0.0,0.0005804021048038471,0.0
2804852929801600768,4.0,goal_1e-11,0.0,0.003049166829634287,0.0
3114023912926376448,4.0,goal_1e-11,0.0,0.0008435864045598794,0.0
5524591457617244928,4.0,goal_1e-11,0.0,0.0007079838461141044,0.0
4060366016201160320,4.0,goal_1e-11,0.0,4.167590279016252e-05,0.0
6694638847956909696,4.0,goal_1e-11,0.0,0.0007321086890859134,0.0
3039556915253606144,4.0,goal_1e-11,0.0,0.0016167139329395029,0.0
6237927045205600000,4.0,goal_1e-11,0.0,0.0004647703872418008,0.0
1878241773237645184,4.0,goal_1e-11,0.0,0.0007983106149524169,0.0
4288946748293342080,4.0,goal_1e-11,0.0,0.00705179707301566,0.0
2337648311488015360,4.0,goal_1e-11,0.0,0.0012656532653192486,0.0
4395214100433309184,4.0,goal_1e-11,0.0,0.0021327841132102367,0.0
2796277112767076864,4.0,goal_1e-11,0.0,0.00030819449564108386,0.0
6016504747910034432,4.0,goal_1e-11,0.0,0.0005157095986907001,0.0
5166280100090122880,4.0,goal_1e-11,0.0,0.001971764255564058,0.0
1130573557111974912,4.0,goal_1e-11,0.0,0.0018107803807443613,0.0
164738354017665664,4.0,goal_1e-11,0.0,0.00010346224222321481,0.0
1761771910959772032,4.0,goal_1e-11,0.0,0.0008075519497713541,0.0
1329848490477856768,4.0,goal_1e-11,0.0,0.007529387433460614,0.0
3311535375672171776,4.0,goal_1e-11,0.0,0.001637945677036442,0.0
6112272348126668800,4.0,goal_1e-11,0.0,0.0011757868524741697,0.0
6755038496304470144,4.0,goal_1e-11,0.0,0.0009742913948034551,0.0
4283053988756001920,4.0,goal_1e-11,0.0,0.0008353389284604862,0.0
2599647119044490496,4.0,goal_1e-11,0.0,0.0009660305997502572,0.0
490441735713670528,4.0,goal_1e-11,0.0,0.0008378905873183678,0.0
4934043968492272896,4.0,goal_1e-11,0.0,0.001211165657858329,0.0
2621100450623361280,4.0,goal_1e-11,0.0,0.005467534664385349,0.0
1851315420672845056,4.0,goal_1e-11,0.0,0.001133740807982377,0.0
5541455315986463104,4.0,goal_1e-11,0.0,0.0005164582084114747,0.0
5976098417137532800,4.0,goal_1e-11,0.0,0.000675902403755208,0.0
28898090451449472,4.0,goal_1e-11,0.0,0.0006300612497504122,0.0
6592347918267168128,4.0,goal_1e-11,0.0,0.0013476684971820265,0.0
5887064359268864256,4.0,goal_1e-11,0.0,0.00020422818995591697,0.0
6518913495153329920,4.0,goal_1e-11,0.0,0.0005012435188678141,0.0
4600878063941953280,4.0,goal_1e-11,0.0,0.0008361881516861391,0.0
992845122843798016,4.0,goal_1e-11,0.0,0.0009442719983713426,0.0
3664521351702250752,4.0,goal_1e-11,0.0,0.003120196784179316,0.0
3711953493050429568,4.0,goal_1e-11,0.0,0.0011649891006377552,0.0
5473228871432372992,4.0,goal_1e-11,0.0,0.0008840338586401295,0.0
6752384069075512320,4.0,goal_1e-11,0.0,0.0006957263353861944,0.0
4115513220094402048,4.0,goal_1e-11,0.0,0.0004027178992672119,0.0
4602130957441446400,4.0,goal_1e-11,0.0,0.0006102510992252783,0.0
377546664910219776,4.0,goal_1e-11,0.0,0.002090582363977961,0.0
4364333977066797056,4.0,goal_1e-11,0.0,0.00024761411248198364,0.0
5768315046181771904,4.0,goal_1e-11,0.0,0.0006222765655111933,0.0
123580919370477952,4.0,goal_1e-11,0.0,0.0006044871401066448,0.0
4366334126156046976,4.0,goal_1e-11,0.0,0.0004517363266075833,0.0
4901782819863332608,4.0,goal_1e-11,0.0,0.003290058877384981,0.0
2151838817854979456,4.0,goal_1e-11,0.0,0.0004918345379495225,0.0
1343460895402697600,4.0,goal_1e-11,0.0,0.0018451320282694712,0.0
6136053959995638016,4.0,goal_1e-11,0.0,0.0006528524633320786,0.0
2221263218985851520,4.0,goal_1e-11,0.0,0.006554396742414395,0.0
4162186251740404608,4.0,goal_1e-11,0.0,0.002113311555496811,0.0
1678399143976755584,4.0,goal_1e-11,0.0,0.001788522117100721,0.0
2704125913666895104,4.0,goal_1e-11,0.0,0.0005692114516745602,0.0
5000393997669149952,4.0,goal_1e-11,0.0,0.0012360085898133518,0.0
2491206105423269504,4.0,goal_1e-11,0.0,0.002247197883967785,0.0
6274538269849968512,4.0,goal_1e-11,0.0,0.000689907634872883,0.0
707365862223681408,4.0,goal_1e-11,0.0,0.0006804283021436832,0.0
4735086373076351744,4.0,goal_1e-11,0.0,0.0026815995156724893,0.0
2799316059826451328,4.0,goal_1e-11,0.0,0.0012375336555486354,0.0
1875970079134757760,4.0,goal_1e-11,0.0,0.0007475431584968813,0.0
1783649894544856960,4.0,goal_1e-11,0.0,0.0007131344076600047,0.0
2554116930949289856,4.0,goal_1e-11,0.0,0.0011261037435415144,0.0
2753295523906432384,4.0,goal_1e-11,0.0,0.0006099463539422077,0.0
886990809110955008,4.0,goal_1e-11,0.0,0.0014564005254501234,0.0
919018036639891968,4.0,goal_1e-11,0.0,0.0018013189854370496,0.0
2833555985786735232,4.0,goal_1e-11,0.0,0.0015758706522714064,0.0
3023472056569280512,4.0,goal_1e-11,0.0,0.000858773845052042,0.0
868768602903736832,4.0,goal_1e-11,0.0,0.0008203065822855582,0.0
5178460008866279808,4.0,goal_1e-11,0.0,0.0009360940063648452,0.0
3004697238395042176,4.0,goal_1e-11,0.0,0.00253196559767912,0.0
2346247935526578688,4.0,goal_1e-11,0.0,0.000812825757624329,0.0
1933622971340170496,4.0,goal_1e-11,0.0,0.0006897397395701003,0.0
1014188567684692224,4.0,goal_1e-11,0.0,0.0008253042398599495,0.0
5466445022127902976,4.0,goal_1e-11,0.0,0.0008398220357719272,0.0
6681692893110527232,4.0,goal_1e-11,0.0,0.0009772076228136267,0.0
5185560414440293632,4.0,goal_1e-11,0.0,0.0022119101869094724,0.0
5800349145690204288,4.0,goal_1e-11,0.0,0.0006969392384180755,0.0
4105409399796978944,4.0,goal_1e-11,0.0,0.0004342194370872241,0.0
4708692944344873216,4.0,goal_1e-11,0.0,0.0005796925133579003,0.0
2027994226190382848,4.0,goal_1e-11,0.0,0.0006444189539136977,0.0
2511654375999952640,4.0,goal_1e-11,0.0,0.0008672383354096007,0.0
5493261389176885632,4.0,goal_1e-11,0.0,0.001039542946756224,0.0
2240388880151078528,4.0,goal_1e-11,0.0,0.0007199368783131208,0.0
5658455555185799040,4.0,goal_1e-11,0.0,0.0005489181160581328,0.0
5052502602489649664,4.0,goal_1e-11,0.0,0.0020776335143940553,0.0
1979258613779627520,4.0,goal_1e-11,0.0,0.0008396699477677568,0.0
446639254048922112,4.0,goal_1e-11,0.0,0.0004605256700574597,0.0
5601915746720479104,4.0,goal_1e-11,0.0,0.0009120005666651436,0.0
4776963682897871616,4.0,goal_1e-11,0.0,0.0030372362304450745,0.0
3280686721529098368,4.0,goal_1e-11,0.0,0.000609313496532275,0.0
1285339370727734400,4.0,goal_1e-11,0.0,0.0010915518798245735,0.0
5511484179500121088,4.0,goal_1e-11,0.0,0.0008111730593446064,0.0
519978157091449088,4.0,goal_1e-11,0.0,0.00039712016849185203,0.0
3855789469596668544,4.0,goal_1e-11,0.0,0.00042235515832830583,0.0
572054498112591744,4.0,goal_1e-11,0.0,0.0004654605050187796,0.0
357842591908022912,4.0,goal_1e-11,0.0,0.0005014357061705937,0.0
5927844322167316352,4.0,goal_1e-11,0.0,0.0004248759927271222,0.0
2281306105868025600,4.0,goal_1e-11,0.0,0.0011084743159683942,0.0
6342743866636102528,4.0,goal_1e-11,0.0,0.0004998037886848536,0.0
1690963263347609088,4.0,goal_1e-11,0.0,0.0010456099879521774,0.0
1230823728796492672,4.0,goal_1e-11,0.0,0.0008608270284399446,0.0
6411524297547089024,4.0,goal_1e-11,0.0,0.0006773741097644686,0.0
2935813011016890752,4.0,goal_1e-11,0.0,0.0006710280854954933,0.0
1510354597152530176,4.0,goal_1e-11,0.0,0.0011075171737041714,0.0
263711679169833728,4.0,goal_1e-11,0.0,0.0005845439611592734,0.0
2203996935067479424,4.0,goal_1e-11,0.0,0.0018578608877959921,0.0
4637390027600793344,4.0,goal_1e-11,0.0,0.000804384918384084,0.0
3326809997366173568,4.0,goal_1e-11,0.0,0.0010648031556777314,0.0
359891153870510208,4.0,goal_1e-11,0.0,0.00301533966006016,0.0
3194157939562713472,4.0,goal_1e-11,0.0,0.0009039631690454504,0.0
5654914887224650240,4.0,goal_1e-11,0.0,0.000851592070024421,0.0
132596261882440320,4.0,goal_1e-11,0.0,0.0008289793527327163,0.0
4262558915898078720,4.0,goal_1e-11,0.0,0.0006752705139213587,0.0
6149021149160162176,4.0,goal_1e-11,0.0,0.0004950448062113432,0.0
2811411825899219200,4.0,goal_1e-11,0.0,0.0030513911932031085,0.0
1900800964403932800,4.0,goal_1e-11,0.0,0.0005088575780149427,0.0
6009934130839583488,4.0,goal_1e-11,0.0,0.00035259042823155147,0.0
6872322302128569344,4.0,goal_1e-11,0.0,0.0006075614740304664,0.0
4548634356637185792,4.0,goal_1e-11,0.0,0.00127279457551069,0.0
6527091903161249152,4.0,goal_1e-11,0.0,0.0006094180285862343,0.0
2639759162947729408,4.0,goal_1e-11,0.0,0.0005642312918205366,0.0
4100927786033595648,4.0,goal_1e-11,0.0,0.0004871296694794715,0.0
5371882654157606912,4.0,goal_1e-11,0.0,0.002335545844337634,0.0
6775009922429158272,4.0,goal_1e-11,0.0,0.0006577025095768006,0.0
665668979685323648,4.0,goal_1e-11,0.0,0.0017552526001311341,0.0
1832230956847006592,4.0,goal_1e-11,0.0,0.004703628625777829,0.0
6284599664533612544,4.0,goal_1e-11,0.0,0.001216359756500124,0.0
4641784775576833536,4.0,goal_1e-11,0.0,0.0017859096951457225,0.0
4268847611328000256,4.0,goal_1e-11,0.0,0.06705073116936516,0.0
4278176623883730176,4.0,goal_1e-11,0.0,0.0003627164656396564,0.0
3267929947104804096,6.0,current_1e-9,0.0,0.001050768426363736,0.0
5642877846246495360,6.0,current_1e-9,0.0,0.000990223045161593,0.0
6603465041679231872,6.0,current_1e-9,0.0,0.005055348535106879,0.0
2046526391572691328,6.0,current_1e-9,0.0,0.0017329738420139573,0.0
1016789806037687424,6.0,current_1e-9,0.0,0.0046023362711901305,0.0
5679711000438989312,6.0,current_1e-9,0.0,0.0004593700890438109,0.0
2995683893041962368,6.0,current_1e-9,0.0,0.0016447906708395945,0.0
5953737099445742848,6.0,current_1e-9,0.0,0.0011502076497054855,0.0
4615401513032729088,6.0,current_1e-9,0.0,0.0015875970262054554,0.0
3004510772390701696,6.0,current_1e-9,0.0,0.0021886212142496015,0.0
4069792782145982080,6.0,current_1e-9,0.0,0.0027771396838579578,0.0
5814108395520777856,6.0,current_1e-9,0.0,0.0024195161853752425,0.0
5962272505153840896,6.0,current_1e-9,0.0,0.003784347313254184,0.0
2149291627370030336,6.0,current_1e-9,0.0,0.0009735552839139517,0.0
1323478680316848256,6.0,current_1e-9,0.0,0.0016739534512378099,0.0
5260504054704228736,6.0,current_1e-9,0.0,0.0038770602947183126,0.0
5841541455445538432,6.0,current_1e-9,0.0,0.0012886824764737454,0.0
3867940039451965952,6.0,current_1e-9,0.0,0.002944241475348499,0.0
87878642944408960,6.0,current_1e-9,0.0,0.0014128552589971015,0.0
3151482384299373696,6.0,current_1e-9,0.0,0.005949924304841255,0.0
6181044017297795968,6.0,current_1e-9,0.0,0.010800201719710778,0.0
803645216387486720,6.0,current_1e-9,0.0,0.005244742870033251,0.0
5914174364643486592,6.0,current_1e-9,0.0,0.0022794221460667678,0.0
4797122403959920768,6.0,current_1e-9,0.0,0.0034491938771536363,0.0
2575048093288905088,6.0,current_1e-9,0.0,0.00325959248513003,0.0
4229058961259584256,6.0,current_1e-9,0.0,0.006046098559411373,0.0
4561522831932945920,6.0,current_1e-9,0.0,0.004202916926490001,0.0
2208326773198648320,6.0,current_1e-9,0.0,0.003930211906314795,0.0
6094128791359632256,6.0,current_1e-9,0.0,0.003258075120219026,0.0
2769623267282593152,6.0,current_1e-9,0.0,0.002702846186192832,0.0
5660807578058341120,6.0,current_1e-9,0.0,0.0022159338611906394,0.0
296496818102428544,6.0,current_1e-9,0.0,0.0030444588491780173,0.0
158752853233960704,6.0,current_1e-9,0.0,0.0007384399710936499,0.0
2259514678757235200,6.0,current_1e-9,0.0,0.0012646332212823182,0.0
4227855172121285760,6.0,current_1e-9,0.0,0.002884765189405634,0.0
2196000977264781056,6.0,current_1e-9,0.0,0.0022104649190289477,0.0
1422765267499632640,6.0,current_1e-9,0.0,0.0020910691243682315,0.0
5351303408563334912,6.0,current_1e-9,0.0,0.0019519959606295626,0.0
1364263517961035648,6.0,current_1e-9,0.0,0.0015434369341354797,0.0
5274946414813497344,6.0,current_1e-9,0.0,0.0025638941631034766,0.0
3180960123537829760,6.0,current_1e-9,0.0,0.0036736714161000905,0.0
2757278951454094208,6.0,current_1e-9,0.0,0.0015322715355931824,0.0
2703346703520007168,6.0,current_1e-9,0.0,0.0014207626783845544,0.0
4002529127504102656,6.0,current_1e-9,0.0,0.006341858104107706,0.0
5421588692928858752,6.0,current_1e-9,0.0,0.0011107961022307092,0.0
6050388913137070848,6.0,current_1e-9,0.0,0.0012853399057624585,0.0
4345060775182367232,6.0,current_1e-9,0.0,0.0010369124104198184,0.0
992946106114748032,6.0,current_1e-9,0.0,0.0029252538921446937,0.0
676792841901784192,6.0,current_1e-9,0.0,0.002285235643031662,0.0
218953691837608960,6.0,current_1e-9,0.0,0.0019416654688498652,0.0
2482368024800833024,6.0,current_1e-9,0.0,0.0028475255376680412,0.0
4609966833215963392,6.0,current_1e-9,0.0,0.0017335742637869286,0.0
6844037812175117440,6.0,current_1e-9,0.0,0.0020912886985428427,0.0
6441225886185109632,6.0,current_1e-9,0.0,0.0023773294409369797,0.0
1275271417631701504,6.0,current_1e-9,0.0,0.0017971759559559394,0.0
6490173906174556416,6.0,current_1e-9,0.0,0.0016981326545948544,0.0
5940429538445511808,6.0,current_1e-9,0.0,0.005863548552150236,0.0
3793148372312611456,6.0,current_1e-9,0.0,0.002042637293689828,0.0
3138662151736925568,6.0,current_1e-9,0.0,0.0013036038596172688,0.0
5976199159903812736,6.0,current_1e-9,0.0,0.001055107274696724,0.0
1504338722359357568,6.0,current_1e-9,0.0,0.002587200999471312,0.0
1688451325954477184,6.0,current_1e-9,0.0,0.003398691388591197,0.0
5889045855385067136,6.0,current_1e-9,0.0,0.0011657665822981614,0.0
4081754605352170496,6.0,current_1e-9,0.0,0.005456027381031234,0.0
2691146831736184576,6.0,current_1e-9,0.0,0.0018744117349955853,0.0
334398010409366400,6.0,current_1e-9,0.0,0.0021686431393934755,0.0
1383626089525174016,6.0,current_1e-9,0.0,0.0018340028256395606,0.0
3702063519102244480,6.0,current_1e-9,0.0,0.00508734957981844,0.0
5423016683660491264,6.0,current_1e-9,0.0,0.0013055186009188454,0.0
2804852929801600768,6.0,current_1e-9,0.0,0.00684936517303933,0.0
3114023912926376448,6.0,current_1e-9,0.0,0.0018965900487578295,0.0
5524591457617244928,6.0,current_1e-9,0.0,0.001592331830696367,0.0
4060366016201160320,6.0,current_1e-9,0.0,9.376875704330832e-05,0.0
6694638847956909696,6.0,current_1e-9,0.0,0.0016462015837537423,0.0
3039556915253606144,6.0,current_1e-9,0.0,0.0036339660256322413,0.0
6237927045205600000,6.0,current_1e-9,0.0,0.0010452207068473458,0.0
1878241773237645184,6.0,current_1e-9,0.0,0.0017951972935967052,0.0
4288946748293342080,6.0,current_1e-9,0.0,0.015811496388858027,0.0
2337648311488015360,6.0,current_1e-9,0.0,0.0028452117787020263,0.0
4395214100433309184,6.0,current_1e-9,0.0,0.0047921336390281104,0.0
2796277112767076864,6.0,current_1e-9,0.0,0.0006933343878452742,0.0
6016504747910034432,6.0,current_1e-9,0.0,0.0011601211542707774,0.0
5166280100090122880,6.0,current_1e-9,0.0,0.004430898708030298,0.0
1130573557111974912,6.0,current_1e-9,0.0,0.0040697728118323714,0.0
164738354017665664,6.0,current_1e-9,0.0,0.0002327785400401177,0.0
1761771910959772032,6.0,current_1e-9,0.0,0.001816282367595941,0.0
1329848490477856768,6.0,current_1e-9,0.0,0.016877471988366914,0.0
3311535375672171776,6.0,current_1e-9,0.0,0.0036790756283208974,0.0
6112272348126668800,6.0,current_1e-9,0.0,0.0026437434811964894,0.0
6755038496304470144,6.0,current_1e-9,0.0,0.002190892527995597,0.0
4283053988756001920,6.0,current_1e-9,0.0,0.0018781864407920804,0.0
2599647119044490496,6.0,current_1e-9,0.0,0.002172491480107015,0.0
490441735713670528,6.0,current_1e-9,0.0,0.001884046046913186,0.0
4934043968492272896,6.0,current_1e-9,0.0,0.0027220555169897454,0.0
2621100450623361280,6.0,current_1e-9,0.0,0.012260891821044211,0.0
1851315420672845056,6.0,current_1e-9,0.0,0.00254960326175166,0.0
5541455315986463104,6.0,current_1e-9,0.0,0.0011617313522180258,0.0
5976098417137532800,6.0,current_1e-9,0.0,0.0015201981655621362,0.0
28898090451449472,6.0,current_1e-9,0.0,0.0014171185322043346,0.0
6592347918267168128,6.0,current_1e-9,0.0,0.0030298961390531577,0.0
5887064359268864256,6.0,current_1e-9,0.0,0.00045946079851977024,0.0
6518913495153329920,6.0,current_1e-9,0.0,0.001127513238719266,0.0
4600878063941953280,6.0,current_1e-9,0.0,0.0018807503919535816,0.0
992845122843798016,6.0,current_1e-9,0.0,0.0021235328091893948,0.0
3664521351702250752,6.0,current_1e-9,0.0,0.007005278218980422,0.0
3711953493050429568,6.0,current_1e-9,0.0,0.002619739054087504,0.0
5473228871432372992,6.0,current_1e-9,0.0,0.0019883039186186363,0.0
6752384069075512320,6.0,current_1e-9,0.0,0.0015647431187867946,0.0
4115513220094402048,6.0,current_1e-9,0.0,0.0009059479444024261,0.0
4602130957441446400,6.0,current_1e-9,0.0,0.001372667091570636,0.0
377546664910219776,6.0,current_1e-9,0.0,0.004697776874554725,0.0
4364333977066797056,6.0,current_1e-9,0.0,0.0005570733867008036,0.0
5768315046181771904,6.0,current_1e-9,0.0,0.0013995618012240998,0.0
123580919370477952,6.0,current_1e-9,0.0,0.0013597369883616812,0.0
4366334126156046976,6.0,current_1e-9,0.0,0.0010160729982495928,0.0
4901782819863332608,6.0,current_1e-9,0.0,0.007384318552637441,0.0
2151838817854979456,6.0,current_1e-9,0.0,0.001106371194138307,0.0
1343460895402697600,6.0,current_1e-9,0.0,0.004145045376401681,0.0
6136053959995638016,6.0,current_1e-9,0.0,0.001468411795680853,0.0
2221263218985851520,6.0,current_1e-9,0.0,0.01466106288282355,0.0
4162186251740404608,6.0,current_1e-9,0.0,0.004745730393058081,0.0
1678399143976755584,6.0,current_1e-9,0.0,0.0040207999174356746,0.0
2704125913666895104,6.0,current_1e-9,0.0,0.0012803288201533901,0.0
5000393997669149952,6.0,current_1e-9,0.0,0.002779263236746592,0.0
2491206105423269504,6.0,current_1e-9,0.0,0.005049893076735176,0.0
6274538269849968512,6.0,current_1e-9,0.0,0.001551436893293207,0.0
707365862223681408,6.0,current_1e-9,0.0,0.0015302828148780407,0.0
4735086373076351744,6.0,current_1e-9,0.0,0.006021915873711453,0.0
2799316059826451328,6.0,current_1e-9,0.0,0.0027824549092624563,0.0
1875970079134757760,6.0,current_1e-9,0.0,0.0016812055865582526,0.0
1783649894544856960,6.0,current_1e-9,0.0,0.0016040152516126364,0.0
2554116930949289856,6.0,current_1e-9,0.0,0.002532498283503996,0.0
2753295523906432384,6.0,current_1e-9,0.0,0.0013718569762686363,0.0
886990809110955008,6.0,current_1e-9,0.0,0.0032726319036652657,0.0
919018036639891968,6.0,current_1e-9,0.0,0.0040485321479628265,0.0
2833555985786735232,6.0,current_1e-9,0.0,0.0035408996692356345,0.0
3023472056569280512,6.0,current_1e-9,0.0,0.0019309473178349044,0.0
868768602903736832,6.0,current_1e-9,0.0,0.001844758224788183,0.0
5178460008866279808,6.0,current_1e-9,0.0,0.0021052409167267166,0.0
3004697238395042176,6.0,current_1e-9,0.0,0.005683513259617721,0.0
2346247935526578688,6.0,current_1e-9,0.0,0.0018275956636155462,0.0
1933622971340170496,6.0,current_1e-9,0.0,0.0015514209875419453,0.0
1014188567684692224,6.0,current_1e-9,0.0,0.0018558563301694054,0.0
5466445022127902976,6.0,current_1e-9,0.0,0.001888702116990817,0.0
6681692893110527232,6.0,current_1e-9,0.0,0.002197098924198084,0.0
5185560414440293632,6.0,current_1e-9,0.0,0.004971425284450552,0.0
5800349145690204288,6.0,current_1e-9,0.0,0.0015673847113775877,0.0
4105409399796978944,6.0,current_1e-9,0.0,0.0009768022685828278,0.0
4708692944344873216,6.0,current_1e-9,0.0,0.0013039377869279796,0.0
2027994226190382848,6.0,current_1e-9,0.0,0.0014494474073120404,0.0
2511654375999952640,6.0,current_1e-9,0.0,0.0019504857563918663,0.0
5493261389176885632,6.0,current_1e-9,0.0,0.002337747772980308,0.0
2240388880151078528,6.0,current_1e-9,0.0,0.00161847985132982,0.0
5658455555185799040,6.0,current_1e-9,0.0,0.00123462668924406,0.0
5052502602489649664,6.0,current_1e-9,0.0,0.004669589374340982,0.0
1979258613779627520,6.0,current_1e-9,0.0,0.0018880202176497552,0.0
446639254048922112,6.0,current_1e-9,0.0,0.0010359300835148253,0.0
5601915746720479104,6.0,current_1e-9,0.0,0.002050983110786385,0.0
4776963682897871616,6.0,current_1e-9,0.0,0.006823676378565873,0.0
3280686721529098368,6.0,current_1e-9,0.0,0.001370388246699865,0.0
1285339370727734400,6.0,current_1e-9,0.0,0.002454769633637964,0.0
5511484179500121088,6.0,current_1e-9,0.0,0.0018244837402869854,0.0
519978157091449088,6.0,current_1e-9,0.0,0.0008933366026844809,0.0
3855789469596668544,6.0,current_1e-9,0.0,0.0009501089329780963,0.0
572054498112591744,6.0,current_1e-9,0.0,0.0010470586291656929,0.0
357842591908022912,6.0,current_1e-9,0.0,0.0011279160993443722,0.0
5927844322167316352,6.0,current_1e-9,0.0,0.0009558086257133161,0.0
2281306105868025600,6.0,current_1e-9,0.0,0.0024928082619344017,0.0
6342743866636102528,6.0,current_1e-9,0.0,0.0011242389431082855,0.0
1690963263347609088,6.0,current_1e-9,0.0,0.002351007858227666,0.0
1230823728796492672,6.0,current_1e-9,0.0,0.0019359720695465428,0.0
6411524297547089024,6.0,current_1e-9,0.0,0.0015232320306946931,0.0
2935813011016890752,6.0,current_1e-9,0.0,0.0015093389232220477,0.0
1510354597152530176,6.0,current_1e-9,0.0,0.0024903876353853435,0.0
263711679169833728,6.0,current_1e-9,0.0,0.0013144226269238117,0.0
2203996935067479424,6.0,current_1e-9,0.0,0.004176819019794598,0.0
4637390027600793344,6.0,current_1e-9,0.0,0.0018088371939387763,0.0
3326809997366173568,6.0,current_1e-9,0.0,0.002394186267630081,0.0
359891153870510208,6.0,current_1e-9,0.0,0.006768716925026716,0.0
3194157939562713472,6.0,current_1e-9,0.0,0.0020326376469875004,0.0
5654914887224650240,6.0,current_1e-9,0.0,0.0019145987933043328,0.0
132596261882440320,6.0,current_1e-9,0.0,0.0018642357984453937,0.0
4262558915898078720,6.0,current_1e-9,0.0,0.0015185108793704326,0.0
6149021149160162176,6.0,current_1e-9,0.0,0.0011135736434175084,0.0
2811411825899219200,6.0,current_1e-9,0.0,0.006846682230361721,0.0
1900800964403932800,6.0,current_1e-9,0.0,0.001144643878351778,0.0
6009934130839583488,6.0,current_1e-9,0.0,0.0007930738705909998,0.0
6872322302128569344,6.0,current_1e-9,0.0,0.0013665185261061753,0.0
4548634356637185792,6.0,current_1e-9,0.0,0.0028613950569882523,0.0
6527091903161249152,6.0,current_1e-9,0.0,0.0013706987524114232,0.0
2639759162947729408,6.0,current_1e-9,0.0,0.0012691989544298377,0.0
4100927786033595648,6.0,current_1e-9,0.0,0.001095521648960328,0.0
5371882654157606912,6.0,current_1e-9,0.0,0.005247064303888116,0.0
6775009922429158272,6.0,current_1e-9,0.0,0.001478921204040916,0.0
665668979685323648,6.0,current_1e-9,0.0,0.003942752958089849,0.0
1832230956847006592,6.0,current_1e-9,0.0,0.010558941586272394,0.0
6284599664533612544,6.0,current_1e-9,0.0,0.0027342503803130915,0.0
4641784775576833536,6.0,current_1e-9,0.0,0.004014075918738776,0.0
4268847611328000256,6.0,current_1e-9,0.0,0.14601530319509431,0.0
4278176623883730176,6.0,current_1e-9,0.0,0.0008159426607945295,0.0
3267929947104804096,6.0,nearterm_1e-10,0.0,0.0010508589844075082,0.0
5642877846246495360,6.0,nearterm_1e-10,0.0,0.000990279120650668,0.0
6603465041679231872,6.0,nearterm_1e-10,0.0,0.005060391012837498,0.0
2046526391572691328,6.0,nearterm_1e-10,0.0,0.0017334803781606657,0.0
1016789806037687424,6.0,nearterm_1e-10,0.0,0.004605877340651988,0.0
5679711000438989312,6.0,nearterm_1e-10,0.0,0.00045939807702282136,0.0
2995683893041962368,6.0,nearterm_1e-10,0.0,0.00164513330752407,0.0
5953737099445742848,6.0,nearterm_1e-10,0.0,0.0011504505761650915,0.0
4615401513032729088,6.0,nearterm_1e-10,0.0,0.0015877996826603384,0.0
3004510772390701696,6.0,nearterm_1e-10,0.0,0.002189138646096391,0.0
4069792782145982080,6.0,nearterm_1e-10,0.0,0.0027778861968501167,0.0
5814108395520777856,6.0,nearterm_1e-10,0.0,0.0024202215936342556,0.0
5962272505153840896,6.0,nearterm_1e-10,0.0,0.0037866961623311745,0.0
2149291627370030336,6.0,nearterm_1e-10,0.0,0.0009736261737116487,0.0
1323478680316848256,6.0,nearterm_1e-10,0.0,0.001674773996485226,0.0
5260504054704228736,6.0,nearterm_1e-10,0.0,0.003878883987248869,0.0
5841541455445538432,6.0,nearterm_1e-10,0.0,0.0012890232298381865,0.0
3867940039451965952,6.0,nearterm_1e-10,0.0,0.002945051506580664,0.0
87878642944408960,6.0,nearterm_1e-10,0.0,0.0014130193788591745,0.0
3151482384299373696,6.0,nearterm_1e-10,0.0,0.005955844876284,0.0
6181044017297795968,6.0,nearterm_1e-10,0.0,0.010813815251982679,0.0
803645216387486720,6.0,nearterm_1e-10,0.0,0.005247290395339821,0.0
5914174364643486592,6.0,nearterm_1e-10,0.0,0.0022805820814874303,0.0
4797122403959920768,6.0,nearterm_1e-10,0.0,0.003450635402555639,0.0
2575048093288905088,6.0,nearterm_1e-10,0.0,0.0032604180128591024,0.0
4229058961259584256,6.0,nearterm_1e-10,0.0,0.006052498199827218,0.0
4561522831932945920,6.0,nearterm_1e-10,0.0,0.004205314545821646,0.0
2208326773198648320,6.0,nearterm_1e-10,0.0,0.00393296149333516,0.0
6094128791359632256,6.0,nearterm_1e-10,0.0,0.0032596443852049217,0.0
2769623267282593152,6.0,nearterm_1e-10,0.0,0.0027047066858304695,0.0
5660807578058341120,6.0,nearterm_1e-10,0.0,0.002216550951324707,0.0
296496818102428544,6.0,nearterm_1e-10,0.0,0.0030458399255193285,0.0
158752853233960704,6.0,nearterm_1e-10,0.0,0.0007384759784905727,0.0
2259514678757235200,6.0,nearterm_1e-10,0.0,0.0012647912689252182,0.0
4227855172121285760,6.0,nearterm_1e-10,0.0,0.0028855321569555173,0.0
2196000977264781056,6.0,nearterm_1e-10,0.0,0.0022109491140537294,0.0
1422765267499632640,6.0,nearterm_1e-10,0.0,0.002091724515408315,0.0
5351303408563334912,6.0,nearterm_1e-10,0.0,0.0019524122732673592,0.0
1364263517961035648,6.0,nearterm_1e-10,0.0,0.001543653799643204,0.0
5274946414813497344,6.0,nearterm_1e-10,0.0,0.002564273170055292,0.0
3180960123537829760,6.0,nearterm_1e-10,0.0,0.003675880997380209,0.0
2757278951454094208,6.0,nearterm_1e-10,0.0,0.0015324496114463594,0.0
2703346703520007168,6.0,nearterm_1e-10,0.0,0.001421004141285049,0.0
4002529127504102656,6.0,nearterm_1e-10,0.0,0.006347537460559963,0.0
5421588692928858752,6.0,nearterm_1e-10,0.0,0.0011109036613319643,0.0
6050388913137070848,6.0,nearterm_1e-10,0.0,0.001285715458400054,0.0
4345060775182367232,6.0,nearterm_1e-10,0.0,0.0010370217223987512,0.0
992946106114748032,6.0,nearterm_1e-10,0.0,0.002925682756580282,0.0
676792841901784192,6.0,nearterm_1e-10,0.0,0.002286591282582574,0.0
218953691837608960,6.0,nearterm_1e-10,0.0,0.0019424303922161035,0.0
2482368024800833024,6.0,nearterm_1e-10,0.0,0.0028491065331321974,0.0
4609966833215963392,6.0,nearterm_1e-10,0.0,0.00173371298200035,0.0
6844037812175117440,6.0,nearterm_1e-10,0.0,0.0020927936319108022,0.0
6441225886185109632,6.0,nearterm_1e-10,0.0,0.002378348166069105,0.0
1275271417631701504,6.0,nearterm_1e-10,0.0,0.0017974743104635382,0.0
6490173906174556416,6.0,nearterm_1e-10,0.0,0.0016984980619366746,0.0
5940429538445511808,6.0,nearterm_1e-10,0.0,0.0058667610025257754,0.0
3793148372312611456,6.0,nearterm_1e-10,0.0,0.0020429212056332752,0.0
3138662151736925568,6.0,nearterm_1e-10,0.0,0.0013037350124894802,0.0
5976199159903812736,6.0,nearterm_1e-10,0.0,0.0010553707996984797,0.0
1504338722359357568,6.0,nearterm_1e-10,0.0,0.0025887568158115847,0.0
1688451325954477184,6.0,nearterm_1e-10,0.0,0.0033998514495718448,0.0
5889045855385067136,6.0,nearterm_1e-10,0.0,0.0011658749469421856,0.0
4081754605352170496,6.0,nearterm_1e-10,0.0,0.005463314296463047,0.0
2691146831736184576,6.0,nearterm_1e-10,0.0,0.0018746551823571114,0.0
334398010409366400,6.0,nearterm_1e-10,0.0,0.002169899322735681,0.0
1383626089525174016,6.0,nearterm_1e-10,0.0,0.001834515071666429,0.0
3702063519102244480,6.0,nearterm_1e-10,0.0,0.005091279819937527,0.0
5423016683660491264,6.0,nearterm_1e-10,0.0,0.0013056598318562285,0.0
2804852929801600768,6.0,nearterm_1e-10,0.0,0.006852320695683405,0.0
3114023912926376448,6.0,nearterm_1e-10,0.0,0.0018976710500688506,0.0
5524591457617244928,6.0,nearterm_1e-10,0.0,0.0015925119601388734,0.0
4060366016201160320,6.0,nearterm_1e-10,0.0,9.376956267992704e-05,0.0
6694638847956909696,6.0,nearterm_1e-10,0.0,0.0016469427776382819,0.0
3039556915253606144,6.0,nearterm_1e-10,0.0,0.0036356516528646132,0.0
6237927045205600000,6.0,nearterm_1e-10,0.0,0.00104545149544724,0.0
1878241773237645184,6.0,nearterm_1e-10,0.0,0.0017954922897687423,0.0
4288946748293342080,6.0,nearterm_1e-10,0.0,0.01583588763883529,0.0
2337648311488015360,6.0,nearterm_1e-10,0.0,0.0028459424715275993,0.0
4395214100433309184,6.0,nearterm_1e-10,0.0,0.004795627177336053,0.0
2796277112767076864,6.0,nearterm_1e-10,0.0,0.0006933741141067442,0.0
6016504747910034432,6.0,nearterm_1e-10,0.0,0.001160177737426016,0.0
5166280100090122880,6.0,nearterm_1e-10,0.0,0.004434180405272448,0.0
1130573557111974912,6.0,nearterm_1e-10,0.0,0.0040719294144721755,0.0
164738354017665664,6.0,nearterm_1e-10,0.0,0.00023278174400104032,0.0
1761771910959772032,6.0,nearterm_1e-10,0.0,0.001816463687725661,0.0
1329848490477856768,6.0,nearterm_1e-10,0.0,0.01689992969970495,0.0
3311535375672171776,6.0,nearterm_1e-10,0.0,0.003680779362820049,0.0
6112272348126668800,6.0,nearterm_1e-10,0.0,0.0026445526952029092,0.0
6755038496304470144,6.0,nearterm_1e-10,0.0,0.0021914996267051973,0.0
4283053988756001920,6.0,nearterm_1e-10,0.0,0.0018788867346325251,0.0
2599647119044490496,6.0,nearterm_1e-10,0.0,0.0021729615943987713,0.0
490441735713670528,6.0,nearterm_1e-10,0.0,0.001884831367087314,0.0
4934043968492272896,6.0,nearterm_1e-10,0.0,0.002724224260156437,0.0
2621100450623361280,6.0,nearterm_1e-10,0.0,0.012281636896053154,0.0
1851315420672845056,6.0,nearterm_1e-10,0.0,0.002550056374732482,0.0
5541455315986463104,6.0,nearterm_1e-10,0.0,0.001161830786360226,0.0
5976098417137532800,6.0,nearterm_1e-10,0.0,0.0015204905536984033,0.0
28898090451449472,6.0,nearterm_1e-10,0.0,0.0014172987709392773,0.0
6592347918267168128,6.0,nearterm_1e-10,0.0,0.0030310535655754256,0.0
5887064359268864256,6.0,nearterm_1e-10,0.0,0.00045948662106889455,0.0
6518913495153329920,6.0,nearterm_1e-10,0.0,0.0011276060034427202,0.0
4600878063941953280,6.0,nearterm_1e-10,0.0,0.0018809419393307847,0.0
992845122843798016,6.0,nearterm_1e-10,0.0,0.002123935404907092,0.0
3664521351702250752,6.0,nearterm_1e-10,0.0,0.007011176780475404,0.0
3711953493050429568,6.0,nearterm_1e-10,0.0,0.002620122429501099,0.0
5473228871432372992,6.0,nearterm_1e-10,0.0,0.001988543577058465,0.0
6752384069075512320,6.0,nearterm_1e-10,0.0,0.0015650271788840123,0.0
4115513220094402048,6.0,nearterm_1e-10,0.0,0.0009060058571329272,0.0
4602130957441446400,6.0,nearterm_1e-10,0.0,0.0013728055528251578,0.0
377546664910219776,6.0,nearterm_1e-10,0.0,0.004699259692144771,0.0
4364333977066797056,6.0,nearterm_1e-10,0.0,0.0005570879716078597,0.0
5768315046181771904,6.0,nearterm_1e-10,0.0,0.0013999000804011592,0.0
123580919370477952,6.0,nearterm_1e-10,0.0,0.001359872210284827,0.0
4366334126156046976,6.0,nearterm_1e-10,0.0,0.0010162750504686007,0.0
4901782819863332608,6.0,nearterm_1e-10,0.0,0.007394585831239571,0.0
2151838817854979456,6.0,nearterm_1e-10,0.0,0.0011064346555484782,0.0
1343460895402697600,6.0,nearterm_1e-10,0.0,0.004149706491857102,0.0
6136053959995638016,6.0,nearterm_1e-10,0.0,0.0014685945923018995,0.0
2221263218985851520,6.0,nearterm_1e-10,0.0,0.014722401766658953,0.0
4162186251740404608,6.0,nearterm_1e-10,0.0,0.004752202811935203,0.0
1678399143976755584,6.0,nearterm_1e-10,0.0,0.0040222121021088195,0.0
2704125913666895104,6.0,nearterm_1e-10,0.0,0.0012804491201614681,0.0
5000393997669149952,6.0,nearterm_1e-10,0.0,0.0027800420614371166,0.0
2491206105423269504,6.0,nearterm_1e-10,0.0,0.005051908852789337,0.0
6274538269849968512,6.0,nearterm_1e-10,0.0,0.0015520090158444545,0.0
707365862223681408,6.0,nearterm_1e-10,0.0,0.0015306074877307397,0.0
4735086373076351744,6.0,nearterm_1e-10,0.0,0.006028729194097211,0.0
2799316059826451328,6.0,nearterm_1e-10,0.0,0.002783431292144696,0.0
1875970079134757760,6.0,nearterm_1e-10,0.0,0.00168163789480142,0.0
1783649894544856960,6.0,nearterm_1e-10,0.0,0.00160421203713119,0.0
2554116930949289856,6.0,nearterm_1e-10,0.0,0.0025328413358928063,0.0
2753295523906432384,6.0,nearterm_1e-10,0.0,0.001372107707867452,0.0
886990809110955008,6.0,nearterm_1e-10,0.0,0.0032756697695281735,0.0
919018036639891968,6.0,nearterm_1e-10,0.0,0.004050317663875711,0.0
2833555985786735232,6.0,nearterm_1e-10,0.0,0.003544040845688616,0.0
3023472056569280512,6.0,nearterm_1e-10,0.0,0.001931814946791845,0.0
868768602903736832,6.0,nearterm_1e-10,0.0,0.0018452698586791704,0.0
5178460008866279808,6.0,nearterm_1e-10,0.0,0.0021056409599397048,0.0
3004697238395042176,6.0,nearterm_1e-10,0.0,0.005691261771796047,0.0
2346247935526578688,6.0,nearterm_1e-10,0.0,0.00182847251233422,0.0
1933622971340170496,6.0,nearterm_1e-10,0.0,0.0015515905675634793,0.0
1014188567684692224,6.0,nearterm_1e-10,0.0,0.0018564436710824487,0.0
5466445022127902976,6.0,nearterm_1e-10,0.0,0.001889136550530654,0.0
6681692893110527232,6.0,nearterm_1e-10,0.0,0.0021975420630207846,0.0
5185560414440293632,6.0,nearterm_1e-10,0.0,0.0049733804820163065,0.0
5800349145690204288,6.0,nearterm_1e-10,0.0,0.0015677919469354751,0.0
4105409399796978944,6.0,nearterm_1e-10,0.0,0.000976866670676334,0.0
4708692944344873216,6.0,nearterm_1e-10,0.0,0.0013040735659284493,0.0
2027994226190382848,6.0,nearterm_1e-10,0.0,0.001449670788982041,0.0
2511654375999952640,6.0,nearterm_1e-10,0.0,0.0019507627045395504,0.0
5493261389176885632,6.0,nearterm_1e-10,0.0,0.0023381848119709385,0.0
2240388880151078528,6.0,nearterm_1e-10,0.0,0.001619289955921511,0.0
5658455555185799040,6.0,nearterm_1e-10,0.0,0.001234879720058963,0.0
5052502602489649664,6.0,nearterm_1e-10,0.0,0.004671760137978067,0.0
1979258613779627520,6.0,nearterm_1e-10,0.0,0.0018887785652624803,0.0
446639254048922112,6.0,nearterm_1e-10,0.0,0.0010360356925666015,0.0
5601915746720479104,6.0,nearterm_1e-10,0.0,0.0020514774619258577,0.0
4776963682897871616,6.0,nearterm_1e-10,0.0,0.006828112631537047,0.0
3280686721529098368,6.0,nearterm_1e-10,0.0,0.001370676783449005,0.0
1285339370727734400,6.0,nearterm_1e-10,0.0,0.002455062507469684,0.0
5511484179500121088,6.0,nearterm_1e-10,0.0,0.001824687366323927,0.0
519978157091449088,6.0,nearterm_1e-10,0.0,0.000893400245855148,0.0
3855789469596668544,6.0,nearterm_1e-10,0.0,0.000950154878662279,0.0
572054498112591744,6.0,nearterm_1e-10,0.0,0.0010471408988326427,0.0
357842591908022912,6.0,nearterm_1e-10,0.0,0.0011280044387116167,0.0
5927844322167316352,6.0,nearterm_1e-10,0.0,0.000955852202054533,0.0
2281306105868025600,6.0,nearterm_1e-10,0.0,0.0024931818297387566,0.0
6342743866636102528,6.0,nearterm_1e-10,0.0,0.0011243677755780161,0.0
1690963263347609088,6.0,nearterm_1e-10,0.0,0.0023517468558819175,0.0
1230823728796492672,6.0,nearterm_1e-10,0.0,0.0019363960205259169,0.0
6411524297547089024,6.0,nearterm_1e-10,0.0,0.0015237576262175604,0.0
2935813011016890752,6.0,nearterm_1e-10,0.0,0.0015095208419774223,0.0
1510354597152530176,6.0,nearterm_1e-10,0.0,0.0024911475072433528,0.0
263711679169833728,6.0,nearterm_1e-10,0.0,0.0013149574041388546,0.0
2203996935067479424,6.0,nearterm_1e-10,0.0,0.004177706892475158,0.0
4637390027600793344,6.0,nearterm_1e-10,0.0,0.0018094496436894122,0.0
3326809997366173568,6.0,nearterm_1e-10,0.0,0.0023950649462711423,0.0
359891153870510208,6.0,nearterm_1e-10,0.0,0.0067790986699192875,0.0
3194157939562713472,6.0,nearterm_1e-10,0.0,0.002033279950599337,0.0
5654914887224650240,6.0,nearterm_1e-10,0.0,0.0019151304484392052,0.0
132596261882440320,6.0,nearterm_1e-10,0.0,0.0018646757439589917,0.0
4262558915898078720,6.0,nearterm_1e-10,0.0,0.0015191038501723034,0.0
6149021149160162176,6.0,nearterm_1e-10,0.0,0.0011136871810605734,0.0
2811411825899219200,6.0,nearterm_1e-10,0.0,0.006859802418280506,0.0
1900800964403932800,6.0,nearterm_1e-10,0.0,0.0011447602681179528,0.0
6009934130839583488,6.0,nearterm_1e-10,0.0,0.0007932500628957165,0.0
6872322302128569344,6.0,nearterm_1e-10,0.0,0.0013667889618756842,0.0
4548634356637185792,6.0,nearterm_1e-10,0.0,0.0028627167344520256,0.0
6527091903161249152,6.0,nearterm_1e-10,0.0,0.001370866288238818,0.0
2639759162947729408,6.0,nearterm_1e-10,0.0,0.0012692787492717375,0.0
4100927786033595648,6.0,nearterm_1e-10,0.0,0.0010959115840326696,0.0
5371882654157606912,6.0,nearterm_1e-10,0.0,0.005251632646205031,0.0
6775009922429158272,6.0,nearterm_1e-10,0.0,0.0014795424403323259,0.0
665668979685323648,6.0,nearterm_1e-10,0.0,0.0039467343912031536,0.0
1832230956847006592,6.0,nearterm_1e-10,0.0,0.010566032279500058,0.0
6284599664533612544,6.0,nearterm_1e-10,0.0,0.002735400073763017,0.0
4641784775576833536,6.0,nearterm_1e-10,0.0,0.004015761995636727,0.0
4268847611328000256,6.0,nearterm_1e-10,0.0,0.14818066669284274,0.0
4278176623883730176,6.0,nearterm_1e-10,0.0,0.0008159827639401991,0.0
3267929947104804096,6.0,goal_1e-11,0.0,0.0010508680410264756,0.0
5642877846246495360,6.0,goal_1e-11,0.0,0.0009902847285502528,0.0
6603465041679231872,6.0,goal_1e-11,0.0,0.005060895625942143,0.0
2046526391572691328,6.0,goal_1e-11,0.0,0.0017335310434116304,0.0
1016789806037687424,6.0,goal_1e-11,0.0,0.004606231671879971,0.0
5679711000438989312,6.0,goal_1e-11,0.0,0.0004594008759754498,0.0
2995683893041962368,6.0,goal_1e-11,0.0,0.0016451675778296115,0.0
5953737099445742848,6.0,goal_1e-11,0.0,0.001150474872825968,0.0
4615401513032729088,6.0,goal_1e-11,0.0,0.0015878199510486939,0.0
3004510772390701696,6.0,goal_1e-11,0.0,0.002189190401327709,0.0
4069792782145982080,6.0,goal_1e-11,0.0,0.002777960868579265,0.0
5814108395520777856,6.0,goal_1e-11,0.0,0.0024202921541358817,0.0
5962272505153840896,6.0,goal_1e-11,0.0,0.0037869311664052727,0.0
2149291627370030336,6.0,goal_1e-11,0.0,0.0009736332632386335,0.0
1323478680316848256,6.0,goal_1e-11,0.0,0.0016748560638533963,0.0
5260504054704228736,6.0,goal_1e-11,0.0,0.003879066438124541,0.0
5841541455445538432,6.0,goal_1e-11,0.0,0.0012890573111951917,0.0
3867940039451965952,6.0,goal_1e-11,0.0,0.0029451325324389302,0.0
87878642944408960,6.0,goal_1e-11,0.0,0.0014130357928476736,0.0
3151482384299373696,6.0,goal_1e-11,0.0,0.005956437391455747,0.0
6181044017297795968,6.0,goal_1e-11,0.0,0.010815178267982612,0.0
803645216387486720,6.0,goal_1e-11,0.0,0.00524754527428588,0.0
5914174364643486592,6.0,goal_1e-11,0.0,0.00228069811124972,0.0
4797122403959920768,6.0,goal_1e-11,0.0,0.003450779612115626,0.0
2575048093288905088,6.0,goal_1e-11,0.0,0.0032605005877028802,0.0
4229058961259584256,6.0,goal_1e-11,0.0,0.006053138704560986,0.0
4561522831932945920,6.0,goal_1e-11,0.0,0.004205554430550482,0.0
2208326773198648320,6.0,goal_1e-11,0.0,0.0039332366069230055,0.0
6094128791359632256,6.0,goal_1e-11,0.0,0.00325980137798288,0.0
2769623267282593152,6.0,goal_1e-11,0.0,0.0027048927997456577,0.0
5660807578058341120,6.0,goal_1e-11,0.0,0.0022166126765725256,0.0
296496818102428544,6.0,goal_1e-11,0.0,0.0030459780876324026,0.0
158752853233960704,6.0,goal_1e-11,0.0,0.0007384795794194681,0.0
2259514678757235200,6.0,goal_1e-11,0.0,0.0012648070756747028,0.0
4227855172121285760,6.0,goal_1e-11,0.0,0.0028856088746010223,0.0
2196000977264781056,6.0,goal_1e-11,0.0,0.0022109975441566947,0.0
1422765267499632640,6.0,goal_1e-11,0.0,0.0020917900718564466,0.0
5351303408563334912,6.0,goal_1e-11,0.0,0.0019524539131668165,0.0
1364263517961035648,6.0,goal_1e-11,0.0,0.0015436754893361489,0.0
5274946414813497344,6.0,goal_1e-11,0.0,0.0025643110769300657,0.0
3180960123537829760,6.0,goal_1e-11,0.0,0.003676102061919174,0.0
2757278951454094208,6.0,goal_1e-11,0.0,0.0015324674212140307,0.0
2703346703520007168,6.0,goal_1e-11,0.0,0.001421028291503648,0.0
4002529127504102656,6.0,goal_1e-11,0.0,0.00634810584400926,0.0
5421588692928858752,6.0,goal_1e-11,0.0,0.0011109144183219697,0.0
6050388913137070848,6.0,goal_1e-11,0.0,0.0012857530203954238,0.0
4345060775182367232,6.0,goal_1e-11,0.0,0.0010370326547497024,0.0
992946106114748032,6.0,goal_1e-11,0.0,0.0029257256500354887,0.0
676792841901784192,6.0,goal_1e-11,0.0,0.002286726883481465,0.0
218953691837608960,6.0,goal_1e-11,0.0,0.00194250690508271,0.0
2482368024800833024,6.0,goal_1e-11,0.0,0.0028492646971710663,0.0
4609966833215963392,6.0,goal_1e-11,0.0,0.0017337268550769614,0.0
6844037812175117440,6.0,goal_1e-11,0.0,0.002092944134229683,0.0
6441225886185109632,6.0,goal_1e-11,0.0,0.00237845007017174,0.0
1275271417631701504,6.0,goal_1e-11,0.0,0.0017975041509885519,0.0
6490173906174556416,6.0,goal_1e-11,0.0,0.0016985346100094445,0.0
5940429538445511808,6.0,goal_1e-11,0.0,0.005867082426709182,0.0
3793148372312611456,6.0,goal_1e-11,0.0,0.002042949601077966,0.0
3138662151736925568,6.0,goal_1e-11,0.0,0.0013037481291853158,0.0
5976199159903812736,6.0,goal_1e-11,0.0,0.0010553971560052,0.0
1504338722359357568,6.0,goal_1e-11,0.0,0.0025889124514999447,0.0
1688451325954477184,6.0,goal_1e-11,0.0,0.0033999674951022845,0.0
5889045855385067136,6.0,goal_1e-11,0.0,0.0011658857844630578,0.0
4081754605352170496,6.0,goal_1e-11,0.0,0.005464043519907349,0.0
2691146831736184576,6.0,goal_1e-11,0.0,0.001874679530513502,0.0
334398010409366400,6.0,goal_1e-11,0.0,0.0021700249733115225,0.0
1383626089525174016,6.0,goal_1e-11,0.0,0.0018345663081478314,0.0
3702063519102244480,6.0,goal_1e-11,0.0,0.005091673104281485,0.0
5423016683660491264,6.0,goal_1e-11,0.0,0.0013056739565378871,0.0
2804852929801600768,6.0,goal_1e-11,0.0,0.006852616386621955,0.0
3114023912926376448,6.0,goal_1e-11,0.0,0.0018977791664710594,0.0
5524591457617244928,6.0,goal_1e-11,0.0,0.0015925299752546085,0.0
4060366016201160320,6.0,goal_1e-11,0.0,9.37696432442959e-05,0.0
6694638847956909696,6.0,goal_1e-11,0.0,0.0016470169103638898,0.0
3039556915253606144,6.0,goal_1e-11,0.0,0.003635820286933331,0.0
6237927045205600000,6.0,goal_1e-11,0.0,0.0010454745775465494,0.0
1878241773237645184,6.0,goal_1e-11,0.0,0.0017955217943617647,0.0
4288946748293342080,6.0,goal_1e-11,0.0,0.015838330580124002,0.0
2337648311488015360,6.0,goal_1e-11,0.0,0.0028460155599229326,0.0
4395214100433309184,6.0,goal_1e-11,0.0,0.004795976754630332,0.0
2796277112767076864,6.0,goal_1e-11,0.0,0.0006933780869733564,0.0
6016504747910034432,6.0,goal_1e-11,0.0,0.001160183396055968,0.0
5166280100090122880,6.0,goal_1e-11,0.0,0.0044345087780484375,0.0
1130573557111974912,6.0,goal_1e-11,0.0,0.004072145180900456,0.0
164738354017665664,6.0,goal_1e-11,0.0,0.00023278206440197866,0.0
1761771910959772032,6.0,goal_1e-11,0.0,0.0018164818217388458,0.0
1329848490477856768,6.0,goal_1e-11,0.0,0.016902178610638408,0.0
3311535375672171776,6.0,goal_1e-11,0.0,0.0036809498074349125,0.0
6112272348126668800,6.0,goal_1e-11,0.0,0.002644633640564621,0.0
6755038496304470144,6.0,goal_1e-11,0.0,0.002191560352513389,0.0
4283053988756001920,6.0,goal_1e-11,0.0,0.0018789567822251115,0.0
2599647119044490496,6.0,goal_1e-11,0.0,0.002173008616065119,0.0
490441735713670528,6.0,goal_1e-11,0.0,0.001884909920489369,0.0
4934043968492272896,6.0,goal_1e-11,0.0,0.0027244411913172266,0.0
2621100450623361280,6.0,goal_1e-11,0.0,0.012283714536605877,0.0
1851315420672845056,6.0,goal_1e-11,0.0,0.0025501016947480125,0.0
5541455315986463104,6.0,goal_1e-11,0.0,0.0011618407306899648,0.0
5976098417137532800,6.0,goal_1e-11,0.0,0.0015205197977730903,0.0
28898090451449472,6.0,goal_1e-11,0.0,0.0014173167971727192,0.0
6592347918267168128,6.0,goal_1e-11,0.0,0.003031169350057726,0.0
5887064359268864256,6.0,goal_1e-11,0.0,0.00045948920346319843,0.0
6518913495153329920,6.0,goal_1e-11,0.0,0.0011276152807271822,0.0
4600878063941953280,6.0,goal_1e-11,0.0,0.0018809610962348343,0.0
992845122843798016,6.0,goal_1e-11,0.0,0.0021239756723317547,0.0
3664521351702250752,6.0,goal_1e-11,0.0,0.0070117670986079485,0.0
3711953493050429568,6.0,goal_1e-11,0.0,0.002620160773271558,0.0
5473228871432372992,6.0,goal_1e-11,0.0,0.0019885675460789105,0.0
6752384069075512320,6.0,goal_1e-11,0.0,0.001565055589769247,0.0
4115513220094402048,6.0,goal_1e-11,0.0,0.0009060116488029429,0.0
4602130957441446400,6.0,goal_1e-11,0.0,0.0013728194004432792,0.0
377546664910219776,6.0,goal_1e-11,0.0,0.004699408024273993,0.0
4364333977066797056,6.0,goal_1e-11,0.0,0.0005570894301415425,0.0
5768315046181771904,6.0,goal_1e-11,0.0,0.0013999339148518459,0.0
123580919370477952,6.0,goal_1e-11,0.0,0.0013598857339182555,0.0
4366334126156046976,6.0,goal_1e-11,0.0,0.001016295258665716,0.0
4901782819863332608,6.0,goal_1e-11,0.0,0.007395613616725587,0.0
2151838817854979456,6.0,goal_1e-11,0.0,0.0011064410020954196,0.0
1343460895402697600,6.0,goal_1e-11,0.0,0.004150172834984504,0.0
6136053959995638016,6.0,goal_1e-11,0.0,0.001468612874347905,0.0
2221263218985851520,6.0,goal_1e-11,0.0,0.014728545556022547,0.0
4162186251740404608,6.0,goal_1e-11,0.0,0.004752850293317126,0.0
1678399143976755584,6.0,goal_1e-11,0.0,0.0040223533719381255,0.0
2704125913666895104,6.0,goal_1e-11,0.0,0.0012804611513663566,0.0
5000393997669149952,6.0,goal_1e-11,0.0,0.0027801199657355156,0.0
2491206105423269504,6.0,goal_1e-11,0.0,0.005052110515108619,0.0
6274538269849968512,6.0,goal_1e-11,0.0,0.0015520662403196474,0.0
707365862223681408,6.0,goal_1e-11,0.0,0.0015306399611126967,0.0
4735086373076351744,6.0,goal_1e-11,0.0,0.006029411099043394,0.0
2799316059826451328,6.0,goal_1e-11,0.0,0.0027835289624064323,0.0
1875970079134757760,6.0,goal_1e-11,0.0,0.0016816811350826217,0.0
1783649894544856960,6.0,goal_1e-11,0.0,0.0016042317182520074,0.0
2554116930949289856,6.0,goal_1e-11,0.0,0.0025328756462746956,0.0
2753295523906432384,6.0,goal_1e-11,0.0,0.0013721327852710683,0.0
886990809110955008,6.0,goal_1e-11,0.0,0.003275973655180576,0.0
919018036639891968,6.0,goal_1e-11,0.0,0.004050496292841973,0.0
2833555985786735232,6.0,goal_1e-11,0.0,0.0035443550973957043,0.0
3023472056569280512,6.0,goal_1e-11,0.0,0.0019319017329399455,0.0
868768602903736832,6.0,goal_1e-11,0.0,0.001845321034535632,0.0
5178460008866279808,6.0,goal_1e-11,0.0,0.002105680972059865,0.0
3004697238395042176,6.0,goal_1e-11,0.0,0.005692037167845604,0.0
2346247935526578688,6.0,goal_1e-11,0.0,0.0018285602168374283,0.0
1933622971340170496,6.0,goal_1e-11,0.0,0.0015516075275703036,0.0
1014188567684692224,6.0,goal_1e-11,0.0,0.0018565024200252968,0.0
5466445022127902976,6.0,goal_1e-11,0.0,0.001889180003295408,0.0
6681692893110527232,6.0,goal_1e-11,0.0,0.0021975863859333743,0.0
5185560414440293632,6.0,goal_1e-11,0.0,0.004973576082752622,0.0
5800349145690204288,6.0,goal_1e-11,0.0,0.00156783267907542,0.0
4105409399796978944,6.0,goal_1e-11,0.0,0.0009768731113468094,0.0
4708692944344873216,6.0,goal_1e-11,0.0,0.0013040871453154686,0.0
2027994226190382848,6.0,goal_1e-11,0.0,0.001449693130590588,0.0
2511654375999952640,6.0,goal_1e-11,0.0,0.0019507904035505716,0.0
5493261389176885632,6.0,goal_1e-11,0.0,0.0023382285244810167,0.0
2240388880151078528,6.0,goal_1e-11,0.0,0.0016193709761034448,0.0
5658455555185799040,6.0,goal_1e-11,0.0,0.0012349050273551784,0.0
5052502602489649664,6.0,goal_1e-11,0.0,0.004671977315325503,0.0
1979258613779627520,6.0,goal_1e-11,0.0,0.001888854419503967,0.0
446639254048922112,6.0,goal_1e-11,0.0,0.0010360462545561438,0.0
5601915746720479104,6.0,goal_1e-11,0.0,0.00205152690836928,0.0
4776963682897871616,6.0,goal_1e-11,0.0,0.006828556551523122,0.0
3280686721529098368,6.0,goal_1e-11,0.0,0.0013707056422241285,0.0
1285339370727734400,6.0,goal_1e-11,0.0,0.0024550917987692126,0.0
5511484179500121088,6.0,goal_1e-11,0.0,0.0018247077314195112,0.0
519978157091449088,6.0,goal_1e-11,0.0,0.0008934066106553211,0.0
3855789469596668544,6.0,goal_1e-11,0.0,0.000950159473479594,0.0
572054498112591744,6.0,goal_1e-11,0.0,0.0010471491264875971,0.0
357842591908022912,6.0,goal_1e-11,0.0,0.0011280132733885466,0.0
5927844322167316352,6.0,goal_1e-11,0.0,0.0009558565599124714,0.0
2281306105868025600,6.0,goal_1e-11,0.0,0.002493219192675758,0.0
6342743866636102528,6.0,goal_1e-11,0.0,0.0011243806603031263,0.0
1690963263347609088,6.0,goal_1e-11,0.0,0.00235182077671709,0.0
1230823728796492672,6.0,goal_1e-11,0.0,0.0019364384246897343,0.0
6411524297547089024,6.0,goal_1e-11,0.0,0.0015238101966466094,0.0
2935813011016890752,6.0,goal_1e-11,0.0,0.0015095390361603543,0.0
1510354597152530176,6.0,goal_1e-11,0.0,0.0024912235167497735,0.0
263711679169833728,6.0,goal_1e-11,0.0,0.0013150108870907747,0.0
2203996935067479424,6.0,goal_1e-11,0.0,0.004177795700768023,0.0
4637390027600793344,6.0,goal_1e-11,0.0,0.0018095109038988011,0.0
3326809997366173568,6.0,goal_1e-11,0.0,0.002395152841395846,0.0
359891153870510208,6.0,goal_1e-11,0.0,0.006780137828573518,0.0
3194157939562713472,6.0,goal_1e-11,0.0,0.002033344197864422,0.0
5654914887224650240,6.0,goal_1e-11,0.0,0.0019151836267485324,0.0
132596261882440320,6.0,goal_1e-11,0.0,0.0018647197479373535,0.0
4262558915898078720,6.0,goal_1e-11,0.0,0.0015191631595805877,0.0
6149021149160162176,6.0,goal_1e-11,0.0,0.0011136985360200708,0.0
2811411825899219200,6.0,goal_1e-11,0.0,0.006861115361408838,0.0
1900800964403932800,6.0,goal_1e-11,0.0,0.0011447719083157175,0.0
6009934130839583488,6.0,goal_1e-11,0.0,0.0007932676836896883,0.0
6872322302128569344,6.0,goal_1e-11,0.0,0.0013668160101828204,0.0
4548634356637185792,6.0,goal_1e-11,0.0,0.0028628489522242893,0.0
6527091903161249152,6.0,goal_1e-11,0.0,0.0013708830439137676,0.0
2639759162947729408,6.0,goal_1e-11,0.0,0.0012692867293164227,0.0
4100927786033595648,6.0,goal_1e-11,0.0,0.0010959505806508356,0.0
5371882654157606912,6.0,goal_1e-11,0.0,0.005252089801199262,0.0
6775009922429158272,6.0,goal_1e-11,0.0,0.0014796045724759332,0.0
665668979685323648,6.0,goal_1e-11,0.0,0.003947132729310419,0.0
1832230956847006592,6.0,goal_1e-11,0.0,0.010566741866970656,0.0
6284599664533612544,6.0,goal_1e-11,0.0,0.0027355150836396187,0.0
4641784775576833536,6.0,goal_1e-11,0.0,0.004015930673586894,0.0
4268847611328000256,6.0,goal_1e-11,0.0,0.14840028811051598,0.0
4278176623883730176,6.0,goal_1e-11,0.0,0.0008159867744700102,0.0
3267929947104804096,8.0,current_1e-9,0.0,0.001867550410940224,0.0
5642877846246495360,8.0,current_1e-9,0.0,0.0017600281459917903,0.0
6603465041679231872,8.0,current_1e-9,0.0,0.00897346841021463,0.0
2046526391572691328,8.0,current_1e-9,0.0,0.00307914166392728,0.0
1016789806037687424,8.0,current_1e-9,0.0,0.00817098610037425,0.0
5679711000438989312,8.0,current_1e-9,0.0,0.0008165517665501121,0.0
2995683893041962368,8.0,current_1e-9,0.0,0.0029227702887891682,0.0
5953737099445742848,8.0,current_1e-9,0.0,0.002044092915213474,0.0
4615401513032729088,8.0,current_1e-9,0.0,0.00282139359574755,0.0
3004510772390701696,8.0,current_1e-9,0.0,0.003888569816113069,0.0
4069792782145982080,8.0,current_1e-9,0.0,0.0049335922938467435,0.0
5814108395520777856,8.0,current_1e-9,0.0,0.004298775658491819,0.0
5962272505153840896,8.0,current_1e-9,0.0,0.006719700287149113,0.0
2149291627370030336,8.0,current_1e-9,0.0,0.0017302683935208351,0.0
1323478680316848256,8.0,current_1e-9,0.0,0.002974024933852484,0.0
5260504054704228736,8.0,current_1e-9,0.0,0.006885137470130417,0.0
5841541455445538432,8.0,current_1e-9,0.0,0.0022900541780116472,0.0
3867940039451965952,8.0,current_1e-9,0.0,0.005229976526369924,0.0
87878642944408960,8.0,current_1e-9,0.0,0.002510826848791058,0.0
3151482384299373696,8.0,current_1e-9,0.0,0.010556744632571391,0.0
6181044017297795968,8.0,current_1e-9,0.0,0.019146822116067035,0.0
803645216387486720,8.0,current_1e-9,0.0,0.00931074970104761,0.0
5914174364643486592,8.0,current_1e-9,0.0,0.0040492217625752005,0.0
4797122403959920768,8.0,current_1e-9,0.0,0.006125161367957571,0.0
2575048093288905088,8.0,current_1e-9,0.0,0.005789489745737109,0.0
4229058961259584256,8.0,current_1e-9,0.0,0.010729976161938869,0.0
4561522831932945920,8.0,current_1e-9,0.0,0.007462830410833172,0.0
2208326773198648320,8.0,current_1e-9,0.0,0.006978731479821249,0.0
6094128791359632256,8.0,current_1e-9,0.0,0.005786524795143548,0.0
2769623267282593152,8.0,current_1e-9,0.0,0.004800552913802246,0.0
5660807578058341120,8.0,current_1e-9,0.0,0.003937098902096383,0.0
296496818102428544,8.0,current_1e-9,0.0,0.005407947743710857,0.0
158752853233960704,8.0,current_1e-9,0.0,0.0013124657277215164,0.0
2259514678757235200,8.0,current_1e-9,0.0,0.0022475017995857117,0.0
4227855172121285760,8.0,current_1e-9,0.0,0.005124940111665133,0.0
2196000977264781056,8.0,current_1e-9,0.0,0.00392745646498872,0.0
1422765267499632640,8.0,current_1e-9,0.0,0.0037152040281718027,0.0
5351303408563334912,8.0,current_1e-9,0.0,0.0034684610577731716,0.0
1364263517961035648,8.0,current_1e-9,0.0,0.0027428899089712465,0.0
5274946414813497344,8.0,current_1e-9,0.0,0.004555066640392029,0.0
3180960123537829760,8.0,current_1e-9,0.0,0.006523501267515498,0.0
2757278951454094208,8.0,current_1e-9,0.0,0.002722738830089311,0.0
2703346703520007168,8.0,current_1e-9,0.0,0.0025248427478999024,0.0
4002529127504102656,8.0,current_1e-9,0.0,0.011253765449738079,0.0
5421588692928858752,8.0,current_1e-9,0.0,0.0019742270577693148,0.0
6050388913137070848,8.0,current_1e-9,0.0,0.0022840958943006785,0.0
4345060775182367232,8.0,current_1e-9,0.0,0.0018428917829788388,0.0
992946106114748032,8.0,current_1e-9,0.0,0.00519620501949144,0.0
676792841901784192,8.0,current_1e-9,0.0,0.004059494712471683,0.0
218953691837608960,8.0,current_1e-9,0.0,0.003449646092567524,0.0
2482368024800833024,8.0,current_1e-9,0.0,0.00505773143647052,0.0
4609966833215963392,8.0,current_1e-9,0.0,0.003080631784140995,0.0
6844037812175117440,8.0,current_1e-9,0.0,0.003714735133971433,0.0
6441225886185109632,8.0,current_1e-9,0.0,0.004221925588079899,0.0
1275271417631701504,8.0,current_1e-9,0.0,0.003193535341120883,0.0
6490173906174556416,8.0,current_1e-9,0.0,0.003017456421632748,0.0
5940429538445511808,8.0,current_1e-9,0.0,0.010409424996638059,0.0
3793148372312611456,8.0,current_1e-9,0.0,0.003629536319178131,0.0
3138662151736925568,8.0,current_1e-9,0.0,0.0023167619880484756,0.0
5976199159903812736,8.0,current_1e-9,0.0,0.001874963653321132,0.0
1504338722359357568,8.0,current_1e-9,0.0,0.004595185722714732,0.0
1688451325954477184,8.0,current_1e-9,0.0,0.006036964788506156,0.0
5889045855385067136,8.0,current_1e-9,0.0,0.002071888173466968,0.0
4081754605352170496,8.0,current_1e-9,0.0,0.009681184888791125,0.0
2691146831736184576,8.0,current_1e-9,0.0,0.003330904467348633,0.0
334398010409366400,8.0,current_1e-9,0.0,0.0038524794612463564,0.0
1383626089525174016,8.0,current_1e-9,0.0,0.0032584347567018914,0.0
3702063519102244480,8.0,current_1e-9,0.0,0.009029106367941818,0.0
5423016683660491264,8.0,current_1e-9,0.0,0.002320133985053488,0.0
2804852929801600768,8.0,current_1e-9,0.0,0.012152495302705455,0.0
3114023912926376448,8.0,current_1e-9,0.0,0.0033693527020680304,0.0
5524591457617244928,8.0,current_1e-9,0.0,0.002829463452997592,0.0
4060366016201160320,8.0,current_1e-9,0.0,0.0001666959551463536,0.0
6694638847956909696,8.0,current_1e-9,0.0,0.0029248890015501753,0.0
3039556915253606144,8.0,current_1e-9,0.0,0.006453413896794584,0.0
6237927045205600000,8.0,current_1e-9,0.0,0.0018571815617761493,0.0
1878241773237645184,8.0,current_1e-9,0.0,0.003189347469667812,0.0
4288946748293342080,8.0,current_1e-9,0.0,0.028003586986201392,0.0
2337648311488015360,8.0,current_1e-9,0.0,0.005052852485259384,0.0
4395214100433309184,8.0,current_1e-9,0.0,0.008507175124228567,0.0
2796277112767076864,8.0,current_1e-9,0.0,0.0012323860243250624,0.0
6016504747910034432,8.0,current_1e-9,0.0,0.0020619457987279184,0.0
5166280100090122880,8.0,current_1e-9,0.0,0.00786732052887816,0.0
1130573557111974912,8.0,current_1e-9,0.0,0.007226665550957098,0.0
164738354017665664,8.0,current_1e-9,0.0,0.0004138037878282914,0.0
1761771910959772032,8.0,current_1e-9,0.0,0.0032274050677252265,0.0
1329848490477856768,8.0,current_1e-9,0.0,0.02987637190231319,0.0
3311535375672171776,8.0,current_1e-9,0.0,0.006527352760084233,0.0
6112272348126668800,8.0,current_1e-9,0.0,0.004696560830914235,0.0
6755038496304470144,8.0,current_1e-9,0.0,0.0038925208347242554,0.0
4283053988756001920,8.0,current_1e-9,0.0,0.003336563499110363,0.0
2599647119044490496,8.0,current_1e-9,0.0,0.0038601020616321276,0.0
490441735713670528,8.0,current_1e-9,0.0,0.00334736850640022,0.0
4934043968492272896,8.0,current_1e-9,0.0,0.004834228005437814,0.0
2621100450623361280,8.0,current_1e-9,0.0,0.021721332884924543,0.0
1851315420672845056,8.0,current_1e-9,0.0,0.004529916582290896,0.0
5541455315986463104,8.0,current_1e-9,0.0,0.0020646763903729593,0.0
5976098417137532800,8.0,current_1e-9,0.0,0.0027014827295688522,0.0
28898090451449472,8.0,current_1e-9,0.0,0.0025182520321337626,0.0
6592347918267168128,8.0,current_1e-9,0.0,0.005382036403424271,0.0
5887064359268864256,8.0,current_1e-9,0.0,0.0008167196754103215,0.0
6518913495153329920,8.0,current_1e-9,0.0,0.002003873347700532,0.0
4600878063941953280,8.0,current_1e-9,0.0,0.0033421174734242698,0.0
992845122843798016,8.0,current_1e-9,0.0,0.0037729796698941836,0.0
3664521351702250752,8.0,current_1e-9,0.0,0.012423755719202987,0.0
3711953493050429568,8.0,current_1e-9,0.0,0.004654101598992385,0.0
5473228871432372992,8.0,current_1e-9,0.0,0.0035331353068808833,0.0
6752384069075512320,8.0,current_1e-9,0.0,0.002780518224377594,0.0
4115513220094402048,8.0,current_1e-9,0.0,0.0016102284322193764,0.0
4602130957441446400,8.0,current_1e-9,0.0,0.002439476608596113,0.0
377546664910219776,8.0,current_1e-9,0.0,0.008338613834821698,0.0
4364333977066797056,8.0,current_1e-9,0.0,0.0009902252455240316,0.0
5768315046181771904,8.0,current_1e-9,0.0,0.002487127733034661,0.0
123580919370477952,8.0,current_1e-9,0.0,0.002416581837254448,0.0
4366334126156046976,8.0,current_1e-9,0.0,0.0018057678745586605,0.0
4901782819863332608,8.0,current_1e-9,0.0,0.013094964602747844,0.0
2151838817854979456,8.0,current_1e-9,0.0,0.001966321884810864,0.0
1343460895402697600,8.0,current_1e-9,0.0,0.007358494428045016,0.0
6136053959995638016,8.0,current_1e-9,0.0,0.0026094744745980636,0.0
2221263218985851520,8.0,current_1e-9,0.0,0.02592570859269127,0.0
4162186251740404608,8.0,current_1e-9,0.0,0.00842185618300481,0.0
1678399143976755584,8.0,current_1e-9,0.0,0.007141430362882719,0.0
2704125913666895104,8.0,current_1e-9,0.0,0.0022753008815322166,0.0
5000393997669149952,8.0,current_1e-9,0.0,0.004937498509698672,0.0
2491206105423269504,8.0,current_1e-9,0.0,0.00896450935626016,0.0
6274538269849968512,8.0,current_1e-9,0.0,0.0027566795791451114,0.0
707365862223681408,8.0,current_1e-9,0.0,0.002719206355864988,0.0
4735086373076351744,8.0,current_1e-9,0.0,0.010685007274021021,0.0
2799316059826451328,8.0,current_1e-9,0.0,0.004942819278428178,0.0
1875970079134757760,8.0,current_1e-9,0.0,0.002987430292166183,0.0
1783649894544856960,8.0,current_1e-9,0.0,0.00285048694794293,0.0
2554116930949289856,8.0,current_1e-9,0.0,0.004499569381541217,0.0
2753295523906432384,8.0,current_1e-9,0.0,0.0024378641273116557,0.0
886990809110955008,8.0,current_1e-9,0.0,0.0058111028488932095,0.0
919018036639891968,8.0,current_1e-9,0.0,0.007188598558362126,0.0
2833555985786735232,8.0,current_1e-9,0.0,0.0062868206194247765,0.0
3023472056569280512,8.0,current_1e-9,0.0,0.003430634644698916,0.0
868768602903736832,8.0,current_1e-9,0.0,0.0032778772404643388,0.0
5178460008866279808,8.0,current_1e-9,0.0,0.0037407257481035685,0.0
3004697238395042176,8.0,current_1e-9,0.0,0.010080460453975603,0.0
2346247935526578688,8.0,current_1e-9,0.0,0.003246987795691868,0.0
1933622971340170496,8.0,current_1e-9,0.0,0.0027570616006672927,0.0
1014188567684692224,8.0,current_1e-9,0.0,0.0032973370819087753,0.0
5466445022127902976,8.0,current_1e-9,0.0,0.003355991037929512,0.0
6681692893110527232,8.0,current_1e-9,0.0,0.003902495303301138,0.0
5185560414440293632,8.0,current_1e-9,0.0,0.008827153992976565,0.0
5800349145690204288,8.0,current_1e-9,0.0,0.0027851463383013818,0.0
4105409399796978944,8.0,current_1e-9,0.0,0.0017361395685716867,0.0
4708692944344873216,8.0,current_1e-9,0.0,0.0023173561443382723,0.0
2027994226190382848,8.0,current_1e-9,0.0,0.002575835954898399,0.0
2511654375999952640,8.0,current_1e-9,0.0,0.003465878400079208,0.0
5493261389176885632,8.0,current_1e-9,0.0,0.004153488703305026,0.0
2240388880151078528,8.0,current_1e-9,0.0,0.0028748686206076313,0.0
5658455555185799040,8.0,current_1e-9,0.0,0.0021941079846903105,0.0
5052502602489649664,8.0,current_1e-9,0.0,0.008291525152523993,0.0
1979258613779627520,8.0,current_1e-9,0.0,0.0033543289989181515,0.0
446639254048922112,8.0,current_1e-9,0.0,0.0018411536704784038,0.0
5601915746720479104,8.0,current_1e-9,0.0,0.0036442635057486825,0.0
4776963682897871616,8.0,current_1e-9,0.0,0.012111340880339232,0.0
3280686721529098368,8.0,current_1e-9,0.0,0.0024351875068678746,0.0
1285339370727734400,8.0,current_1e-9,0.0,0.004361360486949182,0.0
5511484179500121088,8.0,current_1e-9,0.0,0.003242145395757572,0.0
519978157091449088,8.0,current_1e-9,0.0,0.0015877744746880715,0.0
3855789469596668544,8.0,current_1e-9,0.0,0.0016886658436356305,0.0
572054498112591744,8.0,current_1e-9,0.0,0.0018609719097699613,0.0
357842591908022912,8.0,current_1e-9,0.0,0.0020045114371660625,0.0
5927844322167316352,8.0,current_1e-9,0.0,0.0016988645594149766,0.0
2281306105868025600,8.0,current_1e-9,0.0,0.0044289879070441174,0.0
6342743866636102528,8.0,current_1e-9,0.0,0.001998009332794441,0.0
1690963263347609088,8.0,current_1e-9,0.0,0.004176462231835646,0.0
1230823728796492672,8.0,current_1e-9,0.0,0.003440035081654742,0.0
6411524297547089024,8.0,current_1e-9,0.0,0.0027064711717021714,0.0
2935813011016890752,8.0,current_1e-9,0.0,0.0026823114945521455,0.0
1510354597152530176,8.0,current_1e-9,0.0,0.0044244887004944574,0.0
263711679169833728,8.0,current_1e-9,0.0,0.0023354111360473686,0.0
2203996935067479424,8.0,current_1e-9,0.0,0.0074181869978959935,0.0
4637390027600793344,8.0,current_1e-9,0.0,0.003213898845624787,0.0
3326809997366173568,8.0,current_1e-9,0.0,0.0042533736090349826,0.0
359891153870510208,8.0,current_1e-9,0.0,0.012006756373925865,0.0
3194157939562713472,8.0,current_1e-9,0.0,0.003611182572659766,0.0
5654914887224650240,8.0,current_1e-9,0.0,0.003400721320928131,0.0
132596261882440320,8.0,current_1e-9,0.0,0.0033123293630175506,0.0
4262558915898078720,8.0,current_1e-9,0.0,0.0026981881929771055,0.0
6149021149160162176,8.0,current_1e-9,0.0,0.001979135437787199,0.0
2811411825899219200,8.0,current_1e-9,0.0,0.012140908787162683,0.0
1900800964403932800,8.0,current_1e-9,0.0,0.0020343536719520027,0.0
6009934130839583488,8.0,current_1e-9,0.0,0.0014094901736018167,0.0
6872322302128569344,8.0,current_1e-9,0.0,0.002428465002282029,0.0
4548634356637185792,8.0,current_1e-9,0.0,0.005082591603851831,0.0
6527091903161249152,8.0,current_1e-9,0.0,0.0024357807906883896,0.0
2639759162947729408,8.0,current_1e-9,0.0,0.002255651827412486,0.0
4100927786033595648,8.0,current_1e-9,0.0,0.001946774685070024,0.0
5371882654157606912,8.0,current_1e-9,0.0,0.009314050752056019,0.0
6775009922429158272,8.0,current_1e-9,0.0,0.0026276883516377202,0.0
665668979685323648,8.0,current_1e-9,0.0,0.006997936266827344,0.0
1832230956847006592,8.0,current_1e-9,0.0,0.01872059219100025,0.0
6284599664533612544,8.0,current_1e-9,0.0,0.004855957098862198,0.0
4641784775576833536,8.0,current_1e-9,0.0,0.00712775013588148,0.0
4268847611328000256,8.0,current_1e-9,0.0,0.2512531553465341,0.0
4278176623883730176,8.0,current_1e-9,0.0,0.00145019270048888,0.0
3267929947104804096,8.0,nearterm_1e-10,0.0,0.001867836439168743,0.0
5642877846246495360,8.0,nearterm_1e-10,0.0,0.0017602052774398657,0.0
6603465041679231872,8.0,nearterm_1e-10,0.0,0.008989362819103567,0.0
2046526391572691328,8.0,nearterm_1e-10,0.0,0.0030807408146016645,0.0
1016789806037687424,8.0,nearterm_1e-10,0.0,0.008182148936455939,0.0
5679711000438989312,8.0,nearterm_1e-10,0.0,0.0008166401976396046,0.0
2995683893041962368,8.0,nearterm_1e-10,0.0,0.002923852147562857,0.0
5953737099445742848,8.0,nearterm_1e-10,0.0,0.0020448601818761417,0.0
4615401513032729088,8.0,nearterm_1e-10,0.0,0.002822033545925516,0.0
3004510772390701696,8.0,nearterm_1e-10,0.0,0.0038902029174246802,0.0
4069792782145982080,8.0,nearterm_1e-10,0.0,0.004935947654076978,0.0
5814108395520777856,8.0,nearterm_1e-10,0.0,0.004301002224014662,0.0
5962272505153840896,8.0,nearterm_1e-10,0.0,0.006727105970293169,0.0
2149291627370030336,8.0,nearterm_1e-10,0.0,0.0017304922751241133,0.0
1323478680316848256,8.0,nearterm_1e-10,0.0,0.0029766162592061926,0.0
5260504054704228736,8.0,nearterm_1e-10,0.0,0.0068908874808969395,0.0
5841541455445538432,8.0,nearterm_1e-10,0.0,0.0022911303795267487,0.0
3867940039451965952,8.0,nearterm_1e-10,0.0,0.005232531639354337,0.0
87878642944408960,8.0,nearterm_1e-10,0.0,0.002511345083657686,0.0
3151482384299373696,8.0,nearterm_1e-10,0.0,0.0105753818999396,0.0
6181044017297795968,8.0,nearterm_1e-10,0.0,0.019189583665166116,0.0
803645216387486720,8.0,nearterm_1e-10,0.0,0.009318773764181082,0.0
5914174364643486592,8.0,nearterm_1e-10,0.0,0.004052883206078362,0.0
4797122403959920768,8.0,nearterm_1e-10,0.0,0.006129705751091907,0.0
2575048093288905088,8.0,nearterm_1e-10,0.0,0.005792092747612612,0.0
4229058961259584256,8.0,nearterm_1e-10,0.0,0.010750137656578047,0.0
4561522831932945920,8.0,nearterm_1e-10,0.0,0.0074703885358048975,0.0
2208326773198648320,8.0,nearterm_1e-10,0.0,0.006987402060493219,0.0
6094128791359632256,8.0,nearterm_1e-10,0.0,0.0057914744526653995,0.0
2769623267282593152,8.0,nearterm_1e-10,0.0,0.0048064252021223245,0.0
5660807578058341120,8.0,nearterm_1e-10,0.0,0.003939046703737478,0.0
296496818102428544,8.0,nearterm_1e-10,0.0,0.005412305570119848,0.0
158752853233960704,8.0,nearterm_1e-10,0.0,0.0013125794560970806,0.0
2259514678757235200,8.0,nearterm_1e-10,0.0,0.0022480009261578613,0.0
4227855172121285760,8.0,nearterm_1e-10,0.0,0.0051273602040968974,0.0
2196000977264781056,8.0,nearterm_1e-10,0.0,0.003928984703963109,0.0
1422765267499632640,8.0,nearterm_1e-10,0.0,0.003717272833645931,0.0
5351303408563334912,8.0,nearterm_1e-10,0.0,0.0034697753095950428,0.0
1364263517961035648,8.0,nearterm_1e-10,0.0,0.0027435747272971122,0.0
5274946414813497344,8.0,nearterm_1e-10,0.0,0.004556262445957812,0.0
3180960123537829760,8.0,nearterm_1e-10,0.0,0.006530468695262744,0.0
2757278951454094208,8.0,nearterm_1e-10,0.0,0.00272330094464194,0.0
2703346703520007168,8.0,nearterm_1e-10,0.0,0.0025256052512876086,0.0
4002529127504102656,8.0,nearterm_1e-10,0.0,0.011271646074391416,0.0
5421588692928858752,8.0,nearterm_1e-10,0.0,0.00197456678423812,0.0
6050388913137070848,8.0,nearterm_1e-10,0.0,0.0022852820562205174,0.0
4345060775182367232,8.0,nearterm_1e-10,0.0,0.0018432370402528097,0.0
992946106114748032,8.0,nearterm_1e-10,0.0,0.005197557459615288,0.0
676792841901784192,8.0,nearterm_1e-10,0.0,0.004063774821935641,0.0
218953691837608960,8.0,nearterm_1e-10,0.0,0.003452060909132194,0.0
2482368024800833024,8.0,nearterm_1e-10,0.0,0.005062720164228274,0.0
4609966833215963392,8.0,nearterm_1e-10,0.0,0.0030810697144152957,0.0
6844037812175117440,8.0,nearterm_1e-10,0.0,0.003719488141631909,0.0
6441225886185109632,8.0,nearterm_1e-10,0.0,0.004225137922327608,0.0
1275271417631701504,8.0,nearterm_1e-10,0.0,0.003194477278339315,0.0
6490173906174556416,8.0,nearterm_1e-10,0.0,0.0030186100746816776,0.0
5940429538445511808,8.0,nearterm_1e-10,0.0,0.010419544663136101,0.0
3793148372312611456,8.0,nearterm_1e-10,0.0,0.0036304324823062174,0.0
3138662151736925568,8.0,nearterm_1e-10,0.0,0.0023171761602001338,0.0
5976199159903812736,8.0,nearterm_1e-10,0.0,0.0018757959163526266,0.0
1504338722359357568,8.0,nearterm_1e-10,0.0,0.004600095341235583,0.0
1688451325954477184,8.0,nearterm_1e-10,0.0,0.006040623951358225,0.0
5889045855385067136,8.0,nearterm_1e-10,0.0,0.002072230422690424,0.0
4081754605352170496,8.0,nearterm_1e-10,0.0,0.00970414909093132,0.0
2691146831736184576,8.0,nearterm_1e-10,0.0,0.003331673089374871,0.0
334398010409366400,8.0,nearterm_1e-10,0.0,0.003856445780930288,0.0
1383626089525174016,8.0,nearterm_1e-10,0.0,0.0032600515625045893,0.0
3702063519102244480,8.0,nearterm_1e-10,0.0,0.009041484071578688,0.0
5423016683660491264,8.0,nearterm_1e-10,0.0,0.002320579972114811,0.0
2804852929801600768,8.0,nearterm_1e-10,0.0,0.012161787760343802,0.0
3114023912926376448,8.0,nearterm_1e-10,0.0,0.0033727666168256233,0.0
5524591457617244928,8.0,nearterm_1e-10,0.0,0.002830032047409669,0.0
4060366016201160320,8.0,nearterm_1e-10,0.0,0.00016669850120741008,0.0
6694638847956909696,8.0,nearterm_1e-10,0.0,0.0029272298464331986,0.0
3039556915253606144,8.0,nearterm_1e-10,0.0,0.006458728579368604,0.0
6237927045205600000,8.0,nearterm_1e-10,0.0,0.001857910140635058,0.0
1878241773237645184,8.0,nearterm_1e-10,0.0,0.0031902782303187623,0.0
4288946748293342080,8.0,nearterm_1e-10,0.0,0.02808001339417085,0.0
2337648311488015360,8.0,nearterm_1e-10,0.0,0.005055155657500327,0.0
4395214100433309184,8.0,nearterm_1e-10,0.0,0.008518183981808317,0.0
2796277112767076864,8.0,nearterm_1e-10,0.0,0.0012325115273307693,0.0
6016504747910034432,8.0,nearterm_1e-10,0.0,0.002062124515585667,0.0
5166280100090122880,8.0,nearterm_1e-10,0.0,0.007877667836302992,0.0
1130573557111974912,8.0,nearterm_1e-10,0.0,0.007233464024051964,0.0
164738354017665664,8.0,nearterm_1e-10,0.0,0.0004138139123412182,0.0
1761771910959772032,8.0,nearterm_1e-10,0.0,0.00322797740338988,0.0
1329848490477856768,8.0,nearterm_1e-10,0.0,0.02994661384219341,0.0
3311535375672171776,8.0,nearterm_1e-10,0.0,0.006532710293012537,0.0
6112272348126668800,8.0,nearterm_1e-10,0.0,0.004699114132448579,0.0
6755038496304470144,8.0,nearterm_1e-10,0.0,0.003894436966248792,0.0
4283053988756001920,8.0,nearterm_1e-10,0.0,0.003338773596713503,0.0
2599647119044490496,8.0,nearterm_1e-10,0.0,0.0038615859809558333,0.0
490441735713670528,8.0,nearterm_1e-10,0.0,0.003349848053216768,0.0
4934043968492272896,8.0,nearterm_1e-10,0.0,0.004841073729862499,0.0
2621100450623361280,8.0,nearterm_1e-10,0.0,0.021786419121737403,0.0
1851315420672845056,8.0,nearterm_1e-10,0.0,0.004531346497340935,0.0
5541455315986463104,8.0,nearterm_1e-10,0.0,0.0020649904115998554,0.0
5976098417137532800,8.0,nearterm_1e-10,0.0,0.0027024060178704452,0.0
28898090451449472,8.0,nearterm_1e-10,0.0,0.002518821075141998,0.0
6592347918267168128,8.0,nearterm_1e-10,0.0,0.0053856878747635195,0.0
5887064359268864256,8.0,nearterm_1e-10,0.0,0.0008168012656734925,0.0
6518913495153329920,8.0,nearterm_1e-10,0.0,0.0020041663097975066,0.0
4600878063941953280,8.0,nearterm_1e-10,0.0,0.00334272217794301,0.0
992845122843798016,8.0,nearterm_1e-10,0.0,0.0037742502716639112,0.0
3664521351702250752,8.0,nearterm_1e-10,0.0,0.012442292804528706,0.0
3711953493050429568,8.0,nearterm_1e-10,0.0,0.004655311053091202,0.0
5473228871432372992,8.0,nearterm_1e-10,0.0,0.0035338918508583017,0.0
6752384069075512320,8.0,nearterm_1e-10,0.0,0.002781415077672693,0.0
4115513220094402048,8.0,nearterm_1e-10,0.0,0.0016104113667259235,0.0
4602130957441446400,8.0,nearterm_1e-10,0.0,0.0024399138472635277,0.0
377546664910219776,8.0,nearterm_1e-10,0.0,0.00834328124927665,0.0
4364333977066797056,8.0,nearterm_1e-10,0.0,0.000990271325199713,0.0
5768315046181771904,8.0,nearterm_1e-10,0.0,0.002488196087613729,0.0
123580919370477952,8.0,nearterm_1e-10,0.0,0.0024170088899411767,0.0
4366334126156046976,8.0,nearterm_1e-10,0.0,0.0018064060878675335,0.0
4901782819863332608,8.0,nearterm_1e-10,0.0,0.013127260877342383,0.0
2151838817854979456,8.0,nearterm_1e-10,0.0,0.0019665223018017286,0.0
1343460895402697600,8.0,nearterm_1e-10,0.0,0.007373199571261909,0.0
6136053959995638016,8.0,nearterm_1e-10,0.0,0.0026100516370424405,0.0
2221263218985851520,8.0,nearterm_1e-10,0.0,0.026118301346710185,0.0
4162186251740404608,8.0,nearterm_1e-10,0.0,0.008442268889075361,0.0
1678399143976755584,8.0,nearterm_1e-10,0.0,0.007145883763662368,0.0
2704125913666895104,8.0,nearterm_1e-10,0.0,0.002275680729166828,0.0
5000393997669149952,8.0,nearterm_1e-10,0.0,0.0049399560740787584,0.0
2491206105423269504,8.0,nearterm_1e-10,0.0,0.008970856932180624,0.0
6274538269849968512,8.0,nearterm_1e-10,0.0,0.002758486349821803,0.0
707365862223681408,8.0,nearterm_1e-10,0.0,0.002720231415200354,0.0
4735086373076351744,8.0,nearterm_1e-10,0.0,0.010706464113895704,0.0
2799316059826451328,8.0,nearterm_1e-10,0.0,0.00494590002198471,0.0
1875970079134757760,8.0,nearterm_1e-10,0.0,0.0029887953602686637,0.0
1783649894544856960,8.0,nearterm_1e-10,0.0,0.00285110829858401,0.0
2554116930949289856,8.0,nearterm_1e-10,0.0,0.0045006519252410015,0.0
2753295523906432384,8.0,nearterm_1e-10,0.0,0.0024386558561377784,0.0
886990809110955008,8.0,nearterm_1e-10,0.0,0.005820690167646503,0.0
919018036639891968,8.0,nearterm_1e-10,0.0,0.007194225467324879,0.0
2833555985786735232,8.0,nearterm_1e-10,0.0,0.00629672909498478,0.0
3023472056569280512,8.0,nearterm_1e-10,0.0,0.003433374160753898,0.0
868768602903736832,8.0,nearterm_1e-10,0.0,0.0032794925748296055,0.0
5178460008866279808,8.0,nearterm_1e-10,0.0,0.0037419885431013026,0.0
3004697238395042176,8.0,nearterm_1e-10,0.0,0.010104851937112526,0.0
2346247935526578688,8.0,nearterm_1e-10,0.0,0.0032497566801032167,0.0
1933622971340170496,8.0,nearterm_1e-10,0.0,0.0027575970601137175,0.0
1014188567684692224,8.0,nearterm_1e-10,0.0,0.0032991911779961134,0.0
5466445022127902976,8.0,nearterm_1e-10,0.0,0.003357362537997436,0.0
6681692893110527232,8.0,nearterm_1e-10,0.0,0.0039038926387555744,0.0
5185560414440293632,8.0,nearterm_1e-10,0.0,0.008833314587745169,0.0
5800349145690204288,8.0,nearterm_1e-10,0.0,0.002786432214403484,0.0
4105409399796978944,8.0,nearterm_1e-10,0.0,0.0017363429933663736,0.0
4708692944344873216,8.0,nearterm_1e-10,0.0,0.0023177849290183018,0.0
2027994226190382848,8.0,nearterm_1e-10,0.0,0.002576541351053723,0.0
2511654375999952640,8.0,nearterm_1e-10,0.0,0.003466752651067354,0.0
5493261389176885632,8.0,nearterm_1e-10,0.0,0.0041548679002381145,0.0
2240388880151078528,8.0,nearterm_1e-10,0.0,0.002877425557222627,0.0
5658455555185799040,8.0,nearterm_1e-10,0.0,0.0021949071401131445,0.0
5052502602489649664,8.0,nearterm_1e-10,0.0,0.008298366683705339,0.0
1979258613779627520,8.0,nearterm_1e-10,0.0,0.003356723108614432,0.0
446639254048922112,8.0,nearterm_1e-10,0.0,0.0018414872341993259,0.0
5601915746720479104,8.0,nearterm_1e-10,0.0,0.0036458240882209026,0.0
4776963682897871616,8.0,nearterm_1e-10,0.0,0.012125309192420467,0.0
3280686721529098368,8.0,nearterm_1e-10,0.0,0.0024360985966692898,0.0
1285339370727734400,8.0,nearterm_1e-10,0.0,0.004362284596353884,0.0
5511484179500121088,8.0,nearterm_1e-10,0.0,0.003242788251551147,0.0
519978157091449088,8.0,nearterm_1e-10,0.0,0.0015879754984184057,0.0
3855789469596668544,8.0,nearterm_1e-10,0.0,0.001688810958782151,0.0
572054498112591744,8.0,nearterm_1e-10,0.0,0.0018612317616657098,0.0
357842591908022912,8.0,nearterm_1e-10,0.0,0.002004790389392589,0.0
5927844322167316352,8.0,nearterm_1e-10,0.0,0.0016990022070811062,0.0
2281306105868025600,8.0,nearterm_1e-10,0.0,0.004430166724991621,0.0
6342743866636102528,8.0,nearterm_1e-10,0.0,0.0019984161981907375,0.0
1690963263347609088,8.0,nearterm_1e-10,0.0,0.0041787939594891445,0.0
1230823728796492672,8.0,nearterm_1e-10,0.0,0.0034413735126208205,0.0
6411524297547089024,8.0,nearterm_1e-10,0.0,0.002708130749026437,0.0
2935813011016890752,8.0,nearterm_1e-10,0.0,0.0026828859489740698,0.0
1510354597152530176,8.0,nearterm_1e-10,0.0,0.004426886896291058,0.0
263711679169833728,8.0,nearterm_1e-10,0.0,0.0023371000312529646,0.0
2203996935067479424,8.0,nearterm_1e-10,0.0,0.00742098586805729,0.0
4637390027600793344,8.0,nearterm_1e-10,0.0,0.0032158325019042474,0.0
3326809997366173568,8.0,nearterm_1e-10,0.0,0.004256146778231111,0.0
359891153870510208,8.0,nearterm_1e-10,0.0,0.012039454234747433,0.0
3194157939562713472,8.0,nearterm_1e-10,0.0,0.003613209739222487,0.0
5654914887224650240,8.0,nearterm_1e-10,0.0,0.003402398071786837,0.0
132596261882440320,8.0,nearterm_1e-10,0.0,0.0033137180549325843,0.0
4262558915898078720,8.0,nearterm_1e-10,0.0,0.002700060944875191,0.0
6149021149160162176,8.0,nearterm_1e-10,0.0,0.00197949403552331,0.0
2811411825899219200,8.0,nearterm_1e-10,0.0,0.012182239071564634,0.0
1900800964403932800,8.0,nearterm_1e-10,0.0,0.002034721276357384,0.0
6009934130839583488,8.0,nearterm_1e-10,0.0,0.0014100468098742233,0.0
6872322302128569344,8.0,nearterm_1e-10,0.0,0.002429319071027323,0.0
4548634356637185792,8.0,nearterm_1e-10,0.0,0.005086761726355356,0.0
6527091903161249152,8.0,nearterm_1e-10,0.0,0.0024363097361498358,0.0
2639759162947729408,8.0,nearterm_1e-10,0.0,0.0022559038092229283,0.0
4100927786033595648,8.0,nearterm_1e-10,0.0,0.0019480065685866777,0.0
5371882654157606912,8.0,nearterm_1e-10,0.0,0.009328447526409244,0.0
6775009922429158272,8.0,nearterm_1e-10,0.0,0.0026296502995897617,0.0
665668979685323648,8.0,nearterm_1e-10,0.0,0.007010486029364207,0.0
1832230956847006592,8.0,nearterm_1e-10,0.0,0.018742847042815453,0.0
6284599664533612544,8.0,nearterm_1e-10,0.0,0.00485958255957643,0.0
4641784775576833536,8.0,nearterm_1e-10,0.0,0.007133064192444985,0.0
4268847611328000256,8.0,nearterm_1e-10,0.0,0.2576328595388969,0.0
4278176623883730176,8.0,nearterm_1e-10,0.0,0.0014503193591720916,0.0
3267929947104804096,8.0,goal_1e-11,0.0,0.0018678650465629853,0.0
5642877846246495360,8.0,goal_1e-11,0.0,0.0017602229925530093,0.0
6603465041679231872,8.0,goal_1e-11,0.0,0.00899095430227416,0.0
2046526391572691328,8.0,goal_1e-11,0.0,0.0030809007949054827,0.0
1016789806037687424,8.0,goal_1e-11,0.0,0.00818326647400865,0.0
5679711000438989312,8.0,goal_1e-11,0.0,0.0008166490416174388,0.0
2995683893041962368,8.0,goal_1e-11,0.0,0.002923960370662416,0.0
5953737099445742848,8.0,goal_1e-11,0.0,0.0020449369310723536,0.0
4615401513032729088,8.0,goal_1e-11,0.0,0.0028220975563298,0.0
3004510772390701696,8.0,goal_1e-11,0.0,0.0038903662950631433,0.0
4069792782145982080,8.0,goal_1e-11,0.0,0.004936183304517616,0.0
5814108395520777856,8.0,goal_1e-11,0.0,0.004301224990847779,0.0
5962272505153840896,8.0,goal_1e-11,0.0,0.006727847204973078,0.0
2149291627370030336,8.0,goal_1e-11,0.0,0.001730514666354667,0.0
1323478680316848256,8.0,goal_1e-11,0.0,0.0029768754638325365,0.0
5260504054704228736,8.0,goal_1e-11,0.0,0.006891462938474563,0.0
5841541455445538432,8.0,goal_1e-11,0.0,0.0022912380334598275,0.0
3867940039451965952,8.0,goal_1e-11,0.0,0.005232787277914611,0.0
87878642944408960,8.0,goal_1e-11,0.0,0.0025113969183752412,0.0
3151482384299373696,8.0,goal_1e-11,0.0,0.010577248179406298,0.0
6181044017297795968,8.0,goal_1e-11,0.0,0.01919386905384416,0.0
803645216387486720,8.0,goal_1e-11,0.0,0.009319576876173333,0.0
5914174364643486592,8.0,goal_1e-11,0.0,0.004053249553448444,0.0
4797122403959920768,8.0,goal_1e-11,0.0,0.006130160508193677,0.0
2575048093288905088,8.0,goal_1e-11,0.0,0.005792353171254245,0.0
4229058961259584256,8.0,goal_1e-11,0.0,0.01075215682553522,0.0
4561522831932945920,8.0,goal_1e-11,0.0,0.0074711450347837915,0.0
2208326773198648320,8.0,goal_1e-11,0.0,0.006988269985054441,0.0
6094128791359632256,8.0,goal_1e-11,0.0,0.005791969789357404,0.0
2769623267282593152,8.0,goal_1e-11,0.0,0.004807012789423417,0.0
5660807578058341120,8.0,goal_1e-11,0.0,0.00393924157489216,0.0
296496818102428544,8.0,goal_1e-11,0.0,0.005412741657913221,0.0
158752853233960704,8.0,goal_1e-11,0.0,0.0013125908299963874,0.0
2259514678757235200,8.0,goal_1e-11,0.0,0.002248050849952806,0.0
4227855172121285760,8.0,goal_1e-11,0.0,0.005127602330357081,0.0
2196000977264781056,8.0,goal_1e-11,0.0,0.003929137587266977,0.0
1422765267499632640,8.0,goal_1e-11,0.0,0.0037174798114075164,0.0
5351303408563334912,8.0,goal_1e-11,0.0,0.0034699067831915576,0.0
1364263517961035648,8.0,goal_1e-11,0.0,0.0027436432267559352,0.0
5274946414813497344,8.0,goal_1e-11,0.0,0.004556382061122331,0.0
3180960123537829760,8.0,goal_1e-11,0.0,0.006531166033204341,0.0
2757278951454094208,8.0,goal_1e-11,0.0,0.0027233571683297885,0.0
2703346703520007168,8.0,goal_1e-11,0.0,0.0025256815236640398,0.0
4002529127504102656,8.0,goal_1e-11,0.0,0.011273436634091378,0.0
5421588692928858752,8.0,goal_1e-11,0.0,0.001974600762945221,0.0
6050388913137070848,8.0,goal_1e-11,0.0,0.0022854007101891826,0.0
4345060775182367232,8.0,goal_1e-11,0.0,0.0018432715724508043,0.0
992946106114748032,8.0,goal_1e-11,0.0,0.005197692742857808,0.0
676792841901784192,8.0,goal_1e-11,0.0,0.004064203040113416,0.0
218953691837608960,8.0,goal_1e-11,0.0,0.0034523025058812093,0.0
2482368024800833024,8.0,goal_1e-11,0.0,0.005063219398237425,0.0
4609966833215963392,8.0,goal_1e-11,0.0,0.0030811135144807266,0.0
6844037812175117440,8.0,goal_1e-11,0.0,0.003719963493217726,0.0
6441225886185109632,8.0,goal_1e-11,0.0,0.004225459332364525,0.0
1275271417631701504,8.0,goal_1e-11,0.0,0.003194571500513212,0.0
6490173906174556416,8.0,goal_1e-11,0.0,0.0030187254811353745,0.0
5940429538445511808,8.0,goal_1e-11,0.0,0.010420557630068711,0.0
3793148372312611456,8.0,goal_1e-11,0.0,0.0036305221224423585,0.0
3138662151736925568,8.0,goal_1e-11,0.0,0.0023172175853175972,0.0
5976199159903812736,8.0,goal_1e-11,0.0,0.0018758791640103047,0.0
1504338722359357568,8.0,goal_1e-11,0.0,0.004600586605863857,0.0
1688451325954477184,8.0,goal_1e-11,0.0,0.006040990088366326,0.0
5889045855385067136,8.0,goal_1e-11,0.0,0.0020722646535408645,0.0
4081754605352170496,8.0,goal_1e-11,0.0,0.00970644848359298,0.0
2691146831736184576,8.0,goal_1e-11,0.0,0.003331749970757177,0.0
334398010409366400,8.0,goal_1e-11,0.0,0.0038568425937809624,0.0
1383626089525174016,8.0,goal_1e-11,0.0,0.0032602133096478595,0.0
3702063519102244480,8.0,goal_1e-11,0.0,0.009042723294537041,0.0
5423016683660491264,8.0,goal_1e-11,0.0,0.002320624579728585,0.0
2804852929801600768,8.0,goal_1e-11,0.0,0.01216271777756219,0.0
3114023912926376448,8.0,goal_1e-11,0.0,0.00337310809969403,0.0
5524591457617244928,8.0,goal_1e-11,0.0,0.0028300889190225435,0.0
4060366016201160320,8.0,goal_1e-11,0.0,0.00016669875581748754,0.0
6694638847956909696,8.0,goal_1e-11,0.0,0.002927464005779893,0.0
3039556915253606144,8.0,goal_1e-11,0.0,0.006459260446611026,0.0
6237927045205600000,8.0,goal_1e-11,0.0,0.0018579830166739115,0.0
1878241773237645184,8.0,goal_1e-11,0.0,0.003190371334249723,0.0
4288946748293342080,8.0,goal_1e-11,0.0,0.028087677131496378,0.0
2337648311488015360,8.0,goal_1e-11,0.0,0.005055386081551861,0.0
4395214100433309184,8.0,goal_1e-11,0.0,0.008519286116001407,0.0
2796277112767076864,8.0,goal_1e-11,0.0,0.0012325240789813744,0.0
6016504747910034432,8.0,goal_1e-11,0.0,0.0020621423890359748,0.0
5166280100090122880,8.0,goal_1e-11,0.0,0.007878703702811952,0.0
1130573557111974912,8.0,goal_1e-11,0.0,0.007234144464907716,0.0
164738354017665664,8.0,goal_1e-11,0.0,0.00041381492481973103,0.0
1761771910959772032,8.0,goal_1e-11,0.0,0.003228034648167589,0.0
1329848490477856768,8.0,goal_1e-11,0.0,0.029953655335797913,0.0
3311535375672171776,8.0,goal_1e-11,0.0,0.006533246442132403,0.0
6112272348126668800,8.0,goal_1e-11,0.0,0.004699369596803019,0.0
6755038496304470144,8.0,goal_1e-11,0.0,0.0038946286687130565,0.0
4283053988756001920,8.0,goal_1e-11,0.0,0.0033389947084721933,0.0
2599647119044490496,8.0,goal_1e-11,0.0,0.0038617344302686557,0.0
490441735713670528,8.0,goal_1e-11,0.0,0.003350096127826513,0.0
4934043968492272896,8.0,goal_1e-11,0.0,0.0048417586211743045,0.0
2621100450623361280,8.0,goal_1e-11,0.0,0.021792945102072095,0.0
1851315420672845056,8.0,goal_1e-11,0.0,0.00453148953768692,0.0
5541455315986463104,8.0,goal_1e-11,0.0,0.0020650218188590277,0.0
5976098417137532800,8.0,goal_1e-11,0.0,0.002702498376211339,0.0
28898090451449472,8.0,goal_1e-11,0.0,0.0025188779926754766,0.0
6592347918267168128,8.0,goal_1e-11,0.0,0.0053860532561166,0.0
5887064359268864256,8.0,goal_1e-11,0.0,0.0008168094254826029,0.0
6518913495153329920,8.0,goal_1e-11,0.0,0.002004195610563616,0.0
4600878063941953280,8.0,goal_1e-11,0.0,0.0033427826605407474,0.0
992845122843798016,8.0,goal_1e-11,0.0,0.0037743773758433276,0.0
3664521351702250752,8.0,goal_1e-11,0.0,0.012444149080009452,0.0
3711953493050429568,8.0,goal_1e-11,0.0,0.0046554320333795805,0.0
5473228871432372992,8.0,goal_1e-11,0.0,0.003533967523063401,0.0
6752384069075512320,8.0,goal_1e-11,0.0,0.002781504790341229,0.0
4115513220094402048,8.0,goal_1e-11,0.0,0.001610429662404703,0.0
4602130957441446400,8.0,goal_1e-11,0.0,0.002439957579503626,0.0
377546664910219776,8.0,goal_1e-11,0.0,0.008343748271555967,0.0
4364333977066797056,8.0,goal_1e-11,0.0,0.0009902759334085973,0.0
5768315046181771904,8.0,goal_1e-11,0.0,0.0024883029597274793,0.0
123580919370477952,8.0,goal_1e-11,0.0,0.0024170516032956525,0.0
4366334126156046976,8.0,goal_1e-11,0.0,0.0018064699258961705,0.0
4901782819863332608,8.0,goal_1e-11,0.0,0.013130496391321723,0.0
2151838817854979456,8.0,goal_1e-11,0.0,0.0019665423457782484,0.0
1343460895402697600,8.0,goal_1e-11,0.0,0.007374671383388479,0.0
6136053959995638016,8.0,goal_1e-11,0.0,0.0026101093666560525,0.0
2221263218985851520,8.0,goal_1e-11,0.0,0.02613761575762349,0.0
4162186251740404608,8.0,goal_1e-11,0.0,0.008444311502170865,0.0
1678399143976755584,8.0,goal_1e-11,0.0,0.007146329391123508,0.0
2704125913666895104,8.0,goal_1e-11,0.0,0.0022757187206832582,0.0
5000393997669149952,8.0,goal_1e-11,0.0,0.004940201952796386,0.0
2491206105423269504,8.0,goal_1e-11,0.0,0.008971492162439624,0.0
6274538269849968512,8.0,goal_1e-11,0.0,0.0027586670954498275,0.0
707365862223681408,8.0,goal_1e-11,0.0,0.0027203339553182816,0.0
4735086373076351744,8.0,goal_1e-11,0.0,0.010708612994360146,0.0
2799316059826451328,8.0,goal_1e-11,0.0,0.004946208275414274,0.0
1875970079134757760,8.0,goal_1e-11,0.0,0.002988931920121053,0.0
1783649894544856960,8.0,goal_1e-11,0.0,0.002851170448056205,0.0
2554116930949289856,8.0,goal_1e-11,0.0,0.00450076020842283,0.0
2753295523906432384,8.0,goal_1e-11,0.0,0.00243873505282309,0.0
886990809110955008,8.0,goal_1e-11,0.0,0.0058216494550937,0.0
919018036639891968,8.0,goal_1e-11,0.0,0.007194788590554758,0.0
2833555985786735232,8.0,goal_1e-11,0.0,0.006297720692947761,0.0
3023472056569280512,8.0,goal_1e-11,0.0,0.0034336482427767346,0.0
868768602903736832,8.0,goal_1e-11,0.0,0.00327965417817608,0.0
5178460008866279808,8.0,goal_1e-11,0.0,0.0037421148663183174,0.0
3004697238395042176,8.0,goal_1e-11,0.0,0.010107294120745498,0.0
2346247935526578688,8.0,goal_1e-11,0.0,0.0032500336786856474,0.0
1933622971340170496,8.0,goal_1e-11,0.0,0.0027576506173020462,0.0
1014188567684692224,8.0,goal_1e-11,0.0,0.0032993766708544515,0.0
5466445022127902976,8.0,goal_1e-11,0.0,0.003357499740766744,0.0
6681692893110527232,8.0,goal_1e-11,0.0,0.0039040324228107695,0.0
5185560414440293632,8.0,goal_1e-11,0.0,0.008833931099578465,0.0
5800349145690204288,8.0,goal_1e-11,0.0,0.0027865608501575216,0.0
4105409399796978944,8.0,goal_1e-11,0.0,0.001736363338433895,0.0
4708692944344873216,8.0,goal_1e-11,0.0,0.002317827815828266,0.0
2027994226190382848,8.0,goal_1e-11,0.0,0.002576611909974747,0.0
2511654375999952640,8.0,goal_1e-11,0.0,0.0034668400996898355,0.0
5493261389176885632,8.0,goal_1e-11,0.0,0.004155005868175424,0.0
2240388880151078528,8.0,goal_1e-11,0.0,0.002877681305310909,0.0
5658455555185799040,8.0,goal_1e-11,0.0,0.0021949870793050944,0.0
5052502602489649664,8.0,goal_1e-11,0.0,0.008299051401180414,0.0
1979258613779627520,8.0,goal_1e-11,0.0,0.003356962628793755,0.0
446639254048922112,8.0,goal_1e-11,0.0,0.0018415205966566056,0.0
5601915746720479104,8.0,goal_1e-11,0.0,0.0036459802099826862,0.0
4776963682897871616,8.0,goal_1e-11,0.0,0.012126707667663179,0.0
3280686721529098368,8.0,goal_1e-11,0.0,0.0024361897342536376,0.0
1285339370727734400,8.0,goal_1e-11,0.0,0.0043623770292303575,0.0
5511484179500121088,8.0,goal_1e-11,0.0,0.0032428525511024723,0.0
519978157091449088,8.0,goal_1e-11,0.0,0.0015879956035027463,0.0
3855789469596668544,8.0,goal_1e-11,0.0,0.001688825471693503,0.0
572054498112591744,8.0,goal_1e-11,0.0,0.0018612577507178135,0.0
357842591908022912,8.0,goal_1e-11,0.0,0.0020048182887671805,0.0
5927844322167316352,8.0,goal_1e-11,0.0,0.0016990159731039656,0.0
2281306105868025600,8.0,goal_1e-11,0.0,0.004430284641275289,0.0
6342743866636102528,8.0,goal_1e-11,0.0,0.0019984568930233064,0.0
1690963263347609088,8.0,goal_1e-11,0.0,0.004179027250250178,0.0
1230823728796492672,8.0,goal_1e-11,0.0,0.0034415074065493336,0.0
6411524297547089024,8.0,goal_1e-11,0.0,0.0027082967677535302,0.0
2935813011016890752,8.0,goal_1e-11,0.0,0.002682943407359285,0.0
1510354597152530176,8.0,goal_1e-11,0.0,0.0044271268409473855,0.0
263711679169833728,8.0,goal_1e-11,0.0,0.002337268950124123,0.0
2203996935067479424,8.0,goal_1e-11,0.0,0.007421265872624221,0.0
4637390027600793344,8.0,goal_1e-11,0.0,0.003216025952955361,0.0
3326809997366173568,8.0,goal_1e-11,0.0,0.004256424247898854,0.0
359891153870510208,8.0,goal_1e-11,0.0,0.012042729514558698,0.0
3194157939562713472,8.0,goal_1e-11,0.0,0.0036134125505895873,0.0
5654914887224650240,8.0,goal_1e-11,0.0,0.0034025658184568233,0.0
132596261882440320,8.0,goal_1e-11,0.0,0.0033138569769587995,0.0
4262558915898078720,8.0,goal_1e-11,0.0,0.0027002482892493117,0.0
6149021149160162176,8.0,goal_1e-11,0.0,0.0019795299020038174,0.0
2811411825899219200,8.0,goal_1e-11,0.0,0.01218637726709849,0.0
1900800964403932800,8.0,goal_1e-11,0.0,0.002034758043650408,0.0
6009934130839583488,8.0,goal_1e-11,0.0,0.0014101024822805277,0.0
6872322302128569344,8.0,goal_1e-11,0.0,0.0024294045044408086,0.0
4548634356637185792,8.0,goal_1e-11,0.0,0.005087179018754757,0.0
6527091903161249152,8.0,goal_1e-11,0.0,0.002436362642427592,0.0
2639759162947729408,8.0,goal_1e-11,0.0,0.002255929010548208,0.0
4100927786033595648,8.0,goal_1e-11,0.0,0.001948129774423149,0.0
5371882654157606912,8.0,goal_1e-11,0.0,0.009329888996086175,0.0
6775009922429158272,8.0,goal_1e-11,0.0,0.0026298465421660416,0.0
665668979685323648,8.0,goal_1e-11,0.0,0.00701174209387643,0.0
1832230956847006592,8.0,goal_1e-11,0.0,0.01874507540127726,0.0
6284599664533612544,8.0,goal_1e-11,0.0,0.004859945332342583,0.0
4641784775576833536,8.0,goal_1e-11,0.0,0.007133595990762434,0.0
4268847611328000256,8.0,goal_1e-11,0.0,0.2582860694175511,0.0
4278176623883730176,8.0,goal_1e-11,0.0,0.001450332026248189,0.0
3267929947104804096,12.0,current_1e-9,0.0,0.004198894293439595,0.0
5642877846246495360,12.0,current_1e-9,0.0,0.003957698816833095,0.0
6603465041679231872,12.0,current_1e-9,0.0,0.020102229266192196,0.0
2046526391572691328,12.0,current_1e-9,0.0,0.006917186481698716,0.0
1016789806037687424,12.0,current_1e-9,0.0,0.018314982090906783,0.0
5679711000438989312,12.0,current_1e-9,0.0,0.0018365597228025168,0.0
2995683893041962368,12.0,current_1e-9,0.0,0.006567891223288406,0.0
5953737099445742848,12.0,current_1e-9,0.0,0.004594587281617961,0.0
4615401513032729088,12.0,current_1e-9,0.0,0.006341716072655656,0.0
3004510772390701696,12.0,current_1e-9,0.0,0.008734496278572814,0.0
4069792782145982080,12.0,current_1e-9,0.0,0.011077933116678308,0.0
5814108395520777856,12.0,current_1e-9,0.0,0.009655685094579085,0.0
5962272505153840896,12.0,current_1e-9,0.0,0.015068220514997453,0.0
2149291627370030336,12.0,current_1e-9,0.0,0.0038899251707913704,0.0
1323478680316848256,12.0,current_1e-9,0.0,0.006679431714142655,0.0
5260504054704228736,12.0,current_1e-9,0.0,0.015444365466069317,0.0
5841541455445538432,12.0,current_1e-9,0.0,0.005146613997071245,0.0
3867940039451965952,12.0,current_1e-9,0.0,0.011740489571142826,0.0
87878642944408960,12.0,current_1e-9,0.0,0.005643500030423942,0.0
3151482384299373696,12.0,current_1e-9,0.0,0.023620778049670707,0.0
6181044017297795968,12.0,current_1e-9,0.0,0.042742916397238574,0.0
803645216387486720,12.0,current_1e-9,0.0,0.020865627738167112,0.0
5914174364643486592,12.0,current_1e-9,0.0,0.009091005308381667,0.0
4797122403959920768,12.0,current_1e-9,0.0,0.013738971374501098,0.0
2575048093288905088,12.0,current_1e-9,0.0,0.012992415587186909,0.0
4229058961259584256,12.0,current_1e-9,0.0,0.024023819362913985,0.0
4561522831932945920,12.0,current_1e-9,0.0,0.01673398039321927,0.0
2208326773198648320,12.0,current_1e-9,0.0,0.015649124360567115,0.0
6094128791359632256,12.0,current_1e-9,0.0,0.012983950168021232,0.0
2769623267282593152,12.0,current_1e-9,0.0,0.010772400478659117,0.0
5660807578058341120,12.0,current_1e-9,0.0,0.008843498904921348,0.0
296496818102428544,12.0,current_1e-9,0.0,0.01213958645848365,0.0
158752853233960704,12.0,current_1e-9,0.0,0.0029510277501745286,0.0
2259514678757235200,12.0,current_1e-9,0.0,0.005052166998146984,0.0
4227855172121285760,12.0,current_1e-9,0.0,0.011508527768142462,0.0
2196000977264781056,12.0,current_1e-9,0.0,0.008822330213524274,0.0
1422765267499632640,12.0,current_1e-9,0.0,0.008344792601791632,0.0
5351303408563334912,12.0,current_1e-9,0.0,0.007792810863728187,0.0
1364263517961035648,12.0,current_1e-9,0.0,0.006165103414297225,0.0
5274946414813497344,12.0,current_1e-9,0.0,0.010229961586096358,0.0
3180960123537829760,12.0,current_1e-9,0.0,0.014630307689514037,0.0
2757278951454094208,12.0,current_1e-9,0.0,0.006117869054401389,0.0
2703346703520007168,12.0,current_1e-9,0.0,0.005674758584841133,0.0
4002529127504102656,12.0,current_1e-9,0.0,0.025190148168108044,0.0
5421588692928858752,12.0,current_1e-9,0.0,0.004438665062242622,0.0
6050388913137070848,12.0,current_1e-9,0.0,0.005133103563130865,0.0
4345060775182367232,12.0,current_1e-9,0.0,0.0041432485788836905,0.0
992946106114748032,12.0,current_1e-9,0.0,0.01166444757891318,0.0
676792841901784192,12.0,current_1e-9,0.0,0.009113704619346658,0.0
218953691837608960,12.0,current_1e-9,0.0,0.007747604546381104,0.0
2482368024800833024,12.0,current_1e-9,0.0,0.01135090203960885,0.0
4609966833215963392,12.0,current_1e-9,0.0,0.0069232461620894045,0.0
6844037812175117440,12.0,current_1e-9,0.0,0.008338203260924099,0.0
6441225886185109632,12.0,current_1e-9,0.0,0.009471354352810242,0.0
1275271417631701504,12.0,current_1e-9,0.0,0.007176206699193676,0.0
6490173906174556416,12.0,current_1e-9,0.0,0.006780017283285261,0.0
5940429538445511808,12.0,current_1e-9,0.0,0.023327885443755785,0.0
3793148372312611456,12.0,current_1e-9,0.0,0.008154826696488225,0.0
3138662151736925568,12.0,current_1e-9,0.0,0.005207869248609883,0.0
5976199159903812736,12.0,current_1e-9,0.0,0.0042136577259622434,0.0
1504338722359357568,12.0,current_1e-9,0.0,0.010311839927670118,0.0
1688451325954477184,12.0,current_1e-9,0.0,0.013550267175365924,0.0
5889045855385067136,12.0,current_1e-9,0.0,0.004657991876199888,0.0
4081754605352170496,12.0,current_1e-9,0.0,0.02166548263811988,0.0
2691146831736184576,12.0,current_1e-9,0.0,0.00748567206454751,0.0
334398010409366400,12.0,current_1e-9,0.0,0.008649586328835925,0.0
1383626089525174016,12.0,current_1e-9,0.0,0.007318632632179465,0.0
3702063519102244480,12.0,current_1e-9,0.0,0.02022077281947076,0.0
5423016683660491264,12.0,current_1e-9,0.0,0.005215252059675077,0.0
2804852929801600768,12.0,current_1e-9,0.0,0.027191427591282617,0.0
3114023912926376448,12.0,current_1e-9,0.0,0.007565895744913361,0.0
5524591457617244928,12.0,current_1e-9,0.0,0.006357686016467334,0.0
4060366016201160320,12.0,current_1e-9,0.0,0.0003750398215623597,0.0
6694638847956909696,12.0,current_1e-9,0.0,0.006570152893309191,0.0
3039556915253606144,12.0,current_1e-9,0.0,0.014475870461250474,0.0
6237927045205600000,12.0,current_1e-9,0.0,0.004172391467144475,0.0
1878241773237645184,12.0,current_1e-9,0.0,0.007162700242337946,0.0
4288946748293342080,12.0,current_1e-9,0.0,0.06234726177374108,0.0
2337648311488015360,12.0,current_1e-9,0.0,0.011335517447755461,0.0
4395214100433309184,12.0,current_1e-9,0.0,0.019063852146118138,0.0
2796277112767076864,12.0,current_1e-9,0.0,0.002771530376068053,0.0
6016504747910034432,12.0,current_1e-9,0.0,0.004636222355913725,0.0
5166280100090122880,12.0,current_1e-9,0.0,0.017638725516145884,0.0
1130573557111974912,12.0,current_1e-9,0.0,0.01620604078355291,0.0
164738354017665664,12.0,current_1e-9,0.0,0.0009308996706174921,0.0
1761771910959772032,12.0,current_1e-9,0.0,0.007251805793458361,0.0
1329848490477856768,12.0,current_1e-9,0.0,0.06643507550532406,0.0
3311535375672171776,12.0,current_1e-9,0.0,0.014606292870384155,0.0
6112272348126668800,12.0,current_1e-9,0.0,0.010545358758629145,0.0
6755038496304470144,12.0,current_1e-9,0.0,0.008742821262596434,0.0
4283053988756001920,12.0,current_1e-9,0.0,0.007491797477791646,0.0
2599647119044490496,12.0,current_1e-9,0.0,0.008671753168425158,0.0
490441735713670528,12.0,current_1e-9,0.0,0.007518466007313297,0.0
4934043968492272896,12.0,current_1e-9,0.0,0.010845142277615112,0.0
2621100450623361280,12.0,current_1e-9,0.0,0.04839921304815643,0.0
1851315420672845056,12.0,current_1e-9,0.0,0.010174966417822714,0.0
5541455315986463104,12.0,current_1e-9,0.0,0.004641524203040214,0.0
5976098417137532800,12.0,current_1e-9,0.0,0.0060713369694547215,0.0
28898090451449472,12.0,current_1e-9,0.0,0.005659234384881295,0.0
6592347918267168128,12.0,current_1e-9,0.0,0.012081187401565604,0.0
5887064359268864256,12.0,current_1e-9,0.0,0.0018369800459971091,0.0
6518913495153329920,12.0,current_1e-9,0.0,0.004504906213784434,0.0
4600878063941953280,12.0,current_1e-9,0.0,0.007510555851584529,0.0
992845122843798016,12.0,current_1e-9,0.0,0.008475210342874306,0.0
3664521351702250752,12.0,current_1e-9,0.0,0.027766277195648746,0.0
3711953493050429568,12.0,current_1e-9,0.0,0.010451356024188512,0.0
5473228871432372992,12.0,current_1e-9,0.0,0.007939136779165046,0.0
6752384069075512320,12.0,current_1e-9,0.0,0.006248183203007798,0.0
4115513220094402048,12.0,current_1e-9,0.0,0.0036207956651914818,0.0
4602130957441446400,12.0,current_1e-9,0.0,0.005483566151630605,0.0
377546664910219776,12.0,current_1e-9,0.0,0.018681216532019984,0.0
4364333977066797056,12.0,current_1e-9,0.0,0.002227188604954149,0.0
5768315046181771904,12.0,current_1e-9,0.0,0.0055897378398563555,0.0
123580919370477952,12.0,current_1e-9,0.0,0.005432637078321303,0.0
4366334126156046976,12.0,current_1e-9,0.0,0.00405923059405303,0.0
4901782819863332608,12.0,current_1e-9,0.0,0.029257868425687544,0.0
2151838817854979456,12.0,current_1e-9,0.0,0.004420636176575484,0.0
1343460895402697600,12.0,current_1e-9,0.0,0.01648967183533319,0.0
6136053959995638016,12.0,current_1e-9,0.0,0.005864690480249898,0.0
2221263218985851520,12.0,current_1e-9,0.0,0.05746337502646346,0.0
4162186251740404608,12.0,current_1e-9,0.0,0.018853653171171058,0.0
1678399143976755584,12.0,current_1e-9,0.0,0.016025702610647827,0.0
2704125913666895104,12.0,current_1e-9,0.0,0.00511406351458509,0.0
5000393997669149952,12.0,current_1e-9,0.0,0.011087540195573575,0.0
2491206105423269504,12.0,current_1e-9,0.0,0.02008804118456659,0.0
6274538269849968512,12.0,current_1e-9,0.0,0.006193357839990935,0.0
707365862223681408,12.0,current_1e-9,0.0,0.006109920310080765,0.0
4735086373076351744,12.0,current_1e-9,0.0,0.023910701850627915,0.0
2799316059826451328,12.0,current_1e-9,0.0,0.01109727710574155,0.0
1875970079134757760,12.0,current_1e-9,0.0,0.006712874503967804,0.0
1783649894544856960,12.0,current_1e-9,0.0,0.006406574880420101,0.0
2554116930949289856,12.0,current_1e-9,0.0,0.010107088944220738,0.0
2753295523906432384,12.0,current_1e-9,0.0,0.005478840919911399,0.0
886990809110955008,12.0,current_1e-9,0.0,0.013030793154931861,0.0
919018036639891968,12.0,current_1e-9,0.0,0.016118789225741628,0.0
2833555985786735232,12.0,current_1e-9,0.0,0.014093623420020558,0.0
3023472056569280512,12.0,current_1e-9,0.0,0.007705083943339543,0.0
868768602903736832,12.0,current_1e-9,0.0,0.007364378754012348,0.0
5178460008866279808,12.0,current_1e-9,0.0,0.00840431297578041,0.0
3004697238395042176,12.0,current_1e-9,0.0,0.022534138673276197,0.0
2346247935526578688,12.0,current_1e-9,0.0,0.007292450020559295,0.0
1933622971340170496,12.0,current_1e-9,0.0,0.006196851256039154,0.0
1014188567684692224,12.0,current_1e-9,0.0,0.0074064624730373904,0.0
5466445022127902976,12.0,current_1e-9,0.0,0.007540084368564949,0.0
6681692893110527232,12.0,current_1e-9,0.0,0.00875878529781975,0.0
5185560414440293632,12.0,current_1e-9,0.0,0.01979153555822072,0.0
5800349145690204288,12.0,current_1e-9,0.0,0.006258153670680132,0.0
4105409399796978944,12.0,current_1e-9,0.0,0.0039037616637683323,0.0
4708692944344873216,12.0,current_1e-9,0.0,0.00520920930883787,0.0
2027994226190382848,12.0,current_1e-9,0.0,0.0057894801220285145,0.0
2511654375999952640,12.0,current_1e-9,0.0,0.007787653872265237,0.0
5493261389176885632,12.0,current_1e-9,0.0,0.009329321605031606,0.0
2240388880151078528,12.0,current_1e-9,0.0,0.0064530398892250805,0.0
5658455555185799040,12.0,current_1e-9,0.0,0.004931715869384951,0.0
5052502602489649664,12.0,current_1e-9,0.0,0.01859249078877472,0.0
1979258613779627520,12.0,current_1e-9,0.0,0.007533471236436622,0.0
446639254048922112,12.0,current_1e-9,0.0,0.004139389927753475,0.0
5601915746720479104,12.0,current_1e-9,0.0,0.008187242647732391,0.0
4776963682897871616,12.0,current_1e-9,0.0,0.027125662598173002,0.0
3280686721529098368,12.0,current_1e-9,0.0,0.005472396175849772,0.0
1285339370727734400,12.0,current_1e-9,0.0,0.009796015376210804,0.0
5511484179500121088,12.0,current_1e-9,0.0,0.0072859849091355105,0.0
519978157091449088,12.0,current_1e-9,0.0,0.003570059333614671,0.0
3855789469596668544,12.0,current_1e-9,0.0,0.003796829111030075,0.0
572054498112591744,12.0,current_1e-9,0.0,0.004184199607663399,0.0
357842591908022912,12.0,current_1e-9,0.0,0.00450585167974676,0.0
5927844322167316352,12.0,current_1e-9,0.0,0.0038201941907322194,0.0
2281306105868025600,12.0,current_1e-9,0.0,0.00994815177180059,0.0
6342743866636102528,12.0,current_1e-9,0.0,0.004491434247296837,0.0
1690963263347609088,12.0,current_1e-9,0.0,0.009377220343174222,0.0
1230823728796492672,12.0,current_1e-9,0.0,0.007729233544622266,0.0
6411524297547089024,12.0,current_1e-9,0.0,0.006079978464761082,0.0
2935813011016890752,12.0,current_1e-9,0.0,0.0060290615442210975,0.0
1510354597152530176,12.0,current_1e-9,0.0,0.00993674602791134,0.0
263711679169833728,12.0,current_1e-9,0.0,0.005246102649643789,0.0
2203996935067479424,12.0,current_1e-9,0.0,0.01664463182049993,0.0
4637390027600793344,12.0,current_1e-9,0.0,0.007219672151199918,0.0
3326809997366173568,12.0,current_1e-9,0.0,0.00955116796906027,0.0
359891153870510208,12.0,current_1e-9,0.0,0.026846645951393987,0.0
3194157939562713472,12.0,current_1e-9,0.0,0.008109856513217358,0.0
5654914887224650240,12.0,current_1e-9,0.0,0.007632736499532736,0.0
132596261882440320,12.0,current_1e-9,0.0,0.007440808677982216,0.0
4262558915898078720,12.0,current_1e-9,0.0,0.006062029461861662,0.0
6149021149160162176,12.0,current_1e-9,0.0,0.004449520820197336,0.0
2811411825899219200,12.0,current_1e-9,0.0,0.027120544574611216,0.0
1900800964403932800,12.0,current_1e-9,0.0,0.004573647078959825,0.0
6009934130839583488,12.0,current_1e-9,0.0,0.003168663720617393,0.0
6872322302128569344,12.0,current_1e-9,0.0,0.005458266359294238,0.0
4548634356637185792,12.0,current_1e-9,0.0,0.011408149658721566,0.0
6527091903161249152,12.0,current_1e-9,0.0,0.005474012399041137,0.0
2639759162947729408,12.0,current_1e-9,0.0,0.005070719490672057,0.0
4100927786033595648,12.0,current_1e-9,0.0,0.004374983287680079,0.0
5371882654157606912,12.0,current_1e-9,0.0,0.02086709493834793,0.0
6775009922429158272,12.0,current_1e-9,0.0,0.005902657037511474,0.0
665668979685323648,12.0,current_1e-9,0.0,0.015673211353247143,0.0
1832230956847006592,12.0,current_1e-9,0.0,0.04180435158883616,0.0
6284599664533612544,12.0,current_1e-9,0.0,0.010894686039516863,0.0
4641784775576833536,12.0,current_1e-9,0.0,0.015984419666071885,0.0
4268847611328000256,12.0,current_1e-9,0.0,0.5211563971366502,0.0095
4278176623883730176,12.0,current_1e-9,0.0,0.003260552447882821,0.0
3267929947104804096,12.0,nearterm_1e-10,0.0,0.004200339718351008,0.0
5642877846246495360,12.0,nearterm_1e-10,0.0,0.003958594177108068,0.0
6603465041679231872,12.0,nearterm_1e-10,0.0,0.02018209067660098,0.0
2046526391572691328,12.0,nearterm_1e-10,0.0,0.006925257030196053,0.0
1016789806037687424,12.0,nearterm_1e-10,0.0,0.018371084992987844,0.0
5679711000438989312,12.0,nearterm_1e-10,0.0,0.0018370070479717493,0.0
2995683893041962368,12.0,nearterm_1e-10,0.0,0.006573353140798809,0.0
5953737099445742848,12.0,nearterm_1e-10,0.0,0.004598464353679646,0.0
4615401513032729088,12.0,nearterm_1e-10,0.0,0.0063449479791207975,0.0
3004510772390701696,12.0,nearterm_1e-10,0.0,0.008742731765736348,0.0
4069792782145982080,12.0,nearterm_1e-10,0.0,0.011089800012010967,0.0
5814108395520777856,12.0,nearterm_1e-10,0.0,0.00966691579265919,0.0
5962272505153840896,12.0,nearterm_1e-10,0.0,0.015105458211408943,0.0
2149291627370030336,12.0,nearterm_1e-10,0.0,0.0038910562001442228,0.0
1323478680316848256,12.0,nearterm_1e-10,0.0,0.006692521515329266,0.0
5260504054704228736,12.0,nearterm_1e-10,0.0,0.015473279285791229,0.0
5841541455445538432,12.0,nearterm_1e-10,0.0,0.005152051501765357,0.0
3867940039451965952,12.0,nearterm_1e-10,0.0,0.011753353815115301,0.0
87878642944408960,12.0,nearterm_1e-10,0.0,0.005646116924126773,0.0
3151482384299373696,12.0,nearterm_1e-10,0.0,0.023714085160688222,0.0
6181044017297795968,12.0,nearterm_1e-10,0.0,0.04295569829990579,0.0
803645216387486720,12.0,nearterm_1e-10,0.0,0.02090586609477296,0.0
5914174364643486592,12.0,nearterm_1e-10,0.0,0.00910947635606189,0.0
4797122403959920768,12.0,nearterm_1e-10,0.0,0.013761815050201225,0.0
2575048093288905088,12.0,nearterm_1e-10,0.0,0.013005507213310214,0.0
4229058961259584256,12.0,nearterm_1e-10,0.0,0.024124968386439904,0.0
4561522831932945920,12.0,nearterm_1e-10,0.0,0.016771966000960488,0.0
2208326773198648320,12.0,nearterm_1e-10,0.0,0.015692741083615236,0.0
6094128791359632256,12.0,nearterm_1e-10,0.0,0.013008865593930516,0.0
2769623267282593152,12.0,nearterm_1e-10,0.0,0.010802016743728188,0.0
5660807578058341120,12.0,nearterm_1e-10,0.0,0.008853323622557144,0.0
296496818102428544,12.0,nearterm_1e-10,0.0,0.012161546661941447,0.0
158752853233960704,12.0,nearterm_1e-10,0.0,0.0029516024604606334,0.0
2259514678757235200,12.0,nearterm_1e-10,0.0,0.005054688326631222,0.0
4227855172121285760,12.0,nearterm_1e-10,0.0,0.011520723475794315,0.0
2196000977264781056,12.0,nearterm_1e-10,0.0,0.008830037439850471,0.0
1422765267499632640,12.0,nearterm_1e-10,0.0,0.008355229251669531,0.0
5351303408563334912,12.0,nearterm_1e-10,0.0,0.007799442703727116,0.0
1364263517961035648,12.0,nearterm_1e-10,0.0,0.006168561898201482,0.0
5274946414813497344,12.0,nearterm_1e-10,0.0,0.01023598615518474,0.0
3180960123537829760,12.0,nearterm_1e-10,0.0,0.014665353589381208,0.0
2757278951454094208,12.0,nearterm_1e-10,0.0,0.006120704861669959,0.0
2703346703520007168,12.0,nearterm_1e-10,0.0,0.005678609566648253,0.0
4002529127504102656,12.0,nearterm_1e-10,0.0,0.025279696045067385,0.0
5421588692928858752,12.0,nearterm_1e-10,0.0,0.004440381851521745,0.0
6050388913137070848,12.0,nearterm_1e-10,0.0,0.0051390974084745905,0.0
4345060775182367232,12.0,nearterm_1e-10,0.0,0.004144993238385002,0.0
992946106114748032,12.0,nearterm_1e-10,0.0,0.011671251917782923,0.0
676792841901784192,12.0,nearterm_1e-10,0.0,0.009135309606260541,0.0
218953691837608960,12.0,nearterm_1e-10,0.0,0.007759790570105065,0.0
2482368024800833024,12.0,nearterm_1e-10,0.0,0.011376042894320601,0.0
4609966833215963392,12.0,nearterm_1e-10,0.0,0.006925456187572054,0.0
6844037812175117440,12.0,nearterm_1e-10,0.0,0.008362217360844517,0.0
6441225886185109632,12.0,nearterm_1e-10,0.0,0.009487514673011958,0.0
1275271417631701504,12.0,nearterm_1e-10,0.0,0.007180960736880402,0.0
6490173906174556416,12.0,nearterm_1e-10,0.0,0.006785840200994199,0.0
5940429538445511808,12.0,nearterm_1e-10,0.0,0.02337864265931703,0.0
3793148372312611456,12.0,nearterm_1e-10,0.0,0.008159347200851545,0.0
3138662151736925568,12.0,nearterm_1e-10,0.0,0.005209961164274455,0.0
5976199159903812736,12.0,nearterm_1e-10,0.0,0.004217862366138407,0.0
1504338722359357568,12.0,nearterm_1e-10,0.0,0.010336587581575633,0.0
1688451325954477184,12.0,nearterm_1e-10,0.0,0.013568688670357385,0.0
5889045855385067136,12.0,nearterm_1e-10,0.0,0.004659721104773174,0.0
4081754605352170496,12.0,nearterm_1e-10,0.0,0.021780800028165716,0.0
2691146831736184576,12.0,nearterm_1e-10,0.0,0.007489551818422397,0.0
334398010409366400,12.0,nearterm_1e-10,0.0,0.008669610542945726,0.0
1383626089525174016,12.0,nearterm_1e-10,0.0,0.007326787182222189,0.0
3702063519102244480,12.0,nearterm_1e-10,0.0,0.020282828165658715,0.0
5423016683660491264,12.0,nearterm_1e-10,0.0,0.005217504511087343,0.0
2804852929801600768,12.0,nearterm_1e-10,0.0,0.027237797004873932,0.0
3114023912926376448,12.0,nearterm_1e-10,0.0,0.007583141474148453,0.0
5524591457617244928,12.0,nearterm_1e-10,0.0,0.006360554479482746,0.0
4060366016201160320,12.0,nearterm_1e-10,0.0,0.000375052708849235,0.0
6694638847956909696,12.0,nearterm_1e-10,0.0,0.006581979008684926,0.0
3039556915253606144,12.0,nearterm_1e-10,0.0,0.014502595527704248,0.0
6237927045205600000,12.0,nearterm_1e-10,0.0,0.004176068284074686,0.0
1878241773237645184,12.0,nearterm_1e-10,0.0,0.007167390255484358,0.0
4288946748293342080,12.0,nearterm_1e-10,0.0,0.06272501979539778,0.0
2337648311488015360,12.0,nearterm_1e-10,0.0,0.011347091063419804,0.0
4395214100433309184,12.0,nearterm_1e-10,0.0,0.019119125374662458,0.0
2796277112767076864,12.0,nearterm_1e-10,0.0,0.002772164990354785,0.0
6016504747910034432,12.0,nearterm_1e-10,0.0,0.004637125468204298,0.0
5166280100090122880,12.0,nearterm_1e-10,0.0,0.017690758721078788,0.0
1130573557111974912,12.0,nearterm_1e-10,0.0,0.016240210399594786,0.0
164738354017665664,12.0,nearterm_1e-10,0.0,0.0009309509030547449,0.0
1761771910959772032,12.0,nearterm_1e-10,0.0,0.007254692844578905,0.0
1329848490477856768,12.0,nearterm_1e-10,0.0,0.06678079831191344,0.0
3311535375672171776,12.0,nearterm_1e-10,0.0,0.014633061718742063,0.0
6112272348126668800,12.0,nearterm_1e-10,0.0,0.010558224500144273,0.0
6755038496304470144,12.0,nearterm_1e-10,0.0,0.008752484363752892,0.0
4283053988756001920,12.0,nearterm_1e-10,0.0,0.0075029412674857765,0.0
2599647119044490496,12.0,nearterm_1e-10,0.0,0.008679238585911282,0.0
490441735713670528,12.0,nearterm_1e-10,0.0,0.007530983424528058,0.0
4934043968492272896,12.0,nearterm_1e-10,0.0,0.010879675744188655,0.0
2621100450623361280,12.0,nearterm_1e-10,0.0,0.04872211429266503,0.0
1851315420672845056,12.0,nearterm_1e-10,0.0,0.010182174573389666,0.0
5541455315986463104,12.0,nearterm_1e-10,0.0,0.004643110485761827,0.0
5976098417137532800,12.0,nearterm_1e-10,0.0,0.0060759995589868675,0.0
28898090451449472,12.0,nearterm_1e-10,0.0,0.005662106581974649,0.0
6592347918267168128,12.0,nearterm_1e-10,0.0,0.012099579000111181,0.0
5887064359268864256,12.0,nearterm_1e-10,0.0,0.001837392782641178,0.0
6518913495153329920,12.0,nearterm_1e-10,0.0,0.004506386168860591,0.0
4600878063941953280,12.0,nearterm_1e-10,0.0,0.007513607408742726,0.0
992845122843798016,12.0,nearterm_1e-10,0.0,0.008481617000152514,0.0
3664521351702250752,12.0,nearterm_1e-10,0.0,0.027858683978536247,0.0
3711953493050429568,12.0,nearterm_1e-10,0.0,0.010457447784333272,0.0
5473228871432372992,12.0,nearterm_1e-10,0.0,0.0079429539252374,0.0
6752384069075512320,12.0,nearterm_1e-10,0.0,0.006252710364688828,0.0
4115513220094402048,12.0,nearterm_1e-10,0.0,0.003621720353207562,0.0
4602130957441446400,12.0,nearterm_1e-10,0.0,0.005485774391102581,0.0
377546664910219776,12.0,nearterm_1e-10,0.0,0.018704586081724428,0.0
4364333977066797056,12.0,nearterm_1e-10,0.0,0.002227421654802696,0.0
5768315046181771904,12.0,nearterm_1e-10,0.0,0.0055951352179049235,0.0
123580919370477952,12.0,nearterm_1e-10,0.0,0.005434794487014844,0.0
4366334126156046976,12.0,nearterm_1e-10,0.0,0.004062456194993033,0.0
4901782819863332608,12.0,nearterm_1e-10,0.0,0.029419236331996224,0.0
2151838817854979456,12.0,nearterm_1e-10,0.0,0.004421648597326854,0.0
1343460895402697600,12.0,nearterm_1e-10,0.0,0.0165637394898497,0.0
6136053959995638016,12.0,nearterm_1e-10,0.0,0.005867604252330532,0.0
2221263218985851520,12.0,nearterm_1e-10,0.0,0.05842063850695008,0.0
4162186251740404608,12.0,nearterm_1e-10,0.0,0.018956376950429607,0.0
1678399143976755584,12.0,nearterm_1e-10,0.0,0.01604810772435063,0.0
2704125913666895104,12.0,nearterm_1e-10,0.0,0.005115981343058231,0.0
5000393997669149952,12.0,nearterm_1e-10,0.0,0.011099925597653517,0.0
2491206105423269504,12.0,nearterm_1e-10,0.0,0.020119852803380203,0.0
6274538269849968512,12.0,nearterm_1e-10,0.0,0.0062024841755232585,0.0
707365862223681408,12.0,nearterm_1e-10,0.0,0.006115094371366521,0.0
4735086373076351744,12.0,nearterm_1e-10,0.0,0.02401824903779582,0.0
2799316059826451328,12.0,nearterm_1e-10,0.0,0.011112800266543545,0.0
1875970079134757760,12.0,nearterm_1e-10,0.0,0.006719767314373613,0.0
1783649894544856960,12.0,nearterm_1e-10,0.0,0.006409711998320882,0.0
2554116930949289856,12.0,nearterm_1e-10,0.0,0.010112545365411525,0.0
2753295523906432384,12.0,nearterm_1e-10,0.0,0.005482838906656499,0.0
886990809110955008,12.0,nearterm_1e-10,0.0,0.013079130359777362,0.0
919018036639891968,12.0,nearterm_1e-10,0.0,0.01614704823555865,0.0
2833555985786735232,12.0,nearterm_1e-10,0.0,0.014143511766366136,0.0
3023472056569280512,12.0,nearterm_1e-10,0.0,0.007718915043173258,0.0
868768602903736832,12.0,nearterm_1e-10,0.0,0.007372532202887566,0.0
5178460008866279808,12.0,nearterm_1e-10,0.0,0.008410683774031768,0.0
3004697238395042176,12.0,nearterm_1e-10,0.0,0.022656301634079903,0.0
2346247935526578688,12.0,nearterm_1e-10,0.0,0.007306433099258842,0.0
1933622971340170496,12.0,nearterm_1e-10,0.0,0.006199554866083839,0.0
1014188567684692224,12.0,nearterm_1e-10,0.0,0.007415817490869184,0.0
5466445022127902976,12.0,nearterm_1e-10,0.0,0.007547005684458706,0.0
6681692893110527232,12.0,nearterm_1e-10,0.0,0.008765814480875565,0.0
5185560414440293632,12.0,nearterm_1e-10,0.0,0.019822456421880554,0.0
5800349145690204288,12.0,nearterm_1e-10,0.0,0.006264646323051812,0.0
4105409399796978944,12.0,nearterm_1e-10,0.0,0.0039047898058173986,0.0
4708692944344873216,12.0,nearterm_1e-10,0.0,0.005211375080655209,0.0
2027994226190382848,12.0,nearterm_1e-10,0.0,0.005793042547012398,0.0
2511654375999952640,12.0,nearterm_1e-10,0.0,0.007792064807600774,0.0
5493261389176885632,12.0,nearterm_1e-10,0.0,0.009336274245008566,0.0
2240388880151078528,12.0,nearterm_1e-10,0.0,0.0064659368994581905,0.0
5658455555185799040,12.0,nearterm_1e-10,0.0,0.004935753715507319,0.0
5052502602489649664,12.0,nearterm_1e-10,0.0,0.01862685353714619,0.0
1979258613779627520,12.0,nearterm_1e-10,0.0,0.0075455534909978205,0.0
446639254048922112,12.0,nearterm_1e-10,0.0,0.004141075524277062,0.0
5601915746720479104,12.0,nearterm_1e-10,0.0,0.008195117066024223,0.0
4776963682897871616,12.0,nearterm_1e-10,0.0,0.02719563190631723,0.0
3280686721529098368,12.0,nearterm_1e-10,0.0,0.005476996667491244,0.0
1285339370727734400,12.0,nearterm_1e-10,0.0,0.009800672064118875,0.0
5511484179500121088,12.0,nearterm_1e-10,0.0,0.007289229269446585,0.0
519978157091449088,12.0,nearterm_1e-10,0.0,0.0035710752865948862,0.0
3855789469596668544,12.0,nearterm_1e-10,0.0,0.0037975623780172737,0.0
572054498112591744,12.0,nearterm_1e-10,0.0,0.0041855127889821285,0.0
357842591908022912,12.0,nearterm_1e-10,0.0,0.004507260386141922,0.0
5927844322167316352,12.0,nearterm_1e-10,0.0,0.0038208899489979168,0.0
2281306105868025600,12.0,nearterm_1e-10,0.0,0.009954093174744414,0.0
6342743866636102528,12.0,nearterm_1e-10,0.0,0.004493489560034589,0.0
1690963263347609088,12.0,nearterm_1e-10,0.0,0.009388969524330487,0.0
1230823728796492672,12.0,nearterm_1e-10,0.0,0.007735988303843332,0.0
6411524297547089024,12.0,nearterm_1e-10,0.0,0.006088357639299073,0.0
2935813011016890752,12.0,nearterm_1e-10,0.0,0.006031962539848951,0.0
1510354597152530176,12.0,nearterm_1e-10,0.0,0.009948838404917467,0.0
263711679169833728,12.0,nearterm_1e-10,0.0,0.0052546346236492965,0.0
2203996935067479424,12.0,nearterm_1e-10,0.0,0.016658697935432804,0.0
4637390027600793344,12.0,nearterm_1e-10,0.0,0.007229432742505356,0.0
3326809997366173568,12.0,nearterm_1e-10,0.0,0.009565151319141265,0.0
359891153870510208,12.0,nearterm_1e-10,0.0,0.027010563941362968,0.0
3194157939562713472,12.0,nearterm_1e-10,0.0,0.0081200785669153,0.0
5654914887224650240,12.0,nearterm_1e-10,0.0,0.0076411761314919766,0.0
132596261882440320,12.0,nearterm_1e-10,0.0,0.007447813854691894,0.0
4262558915898078720,12.0,nearterm_1e-10,0.0,0.0060714911120214226,0.0
6149021149160162176,12.0,nearterm_1e-10,0.0,0.0044513328028726335,0.0
2811411825899219200,12.0,nearterm_1e-10,0.0,0.027327857795033942,0.0
1900800964403932800,12.0,nearterm_1e-10,0.0,0.00457550454855892,0.0
6009934130839583488,12.0,nearterm_1e-10,0.0,0.0031714785402004305,0.0
6872322302128569344,12.0,nearterm_1e-10,0.0,0.005462580834153862,0.0
4548634356637185792,12.0,nearterm_1e-10,0.0,0.011429160283738393,0.0
6527091903161249152,12.0,nearterm_1e-10,0.0,0.005476682318228929,0.0
2639759162947729408,12.0,nearterm_1e-10,0.0,0.005071992138141763,0.0
4100927786033595648,12.0,nearterm_1e-10,0.0,0.004381212420522437,0.0
5371882654157606912,12.0,nearterm_1e-10,0.0,0.020939388804169592,0.0
6775009922429158272,12.0,nearterm_1e-10,0.0,0.005912568346284196,0.0
665668979685323648,12.0,nearterm_1e-10,0.0,0.01573627607186188,0.0
1832230956847006592,12.0,nearterm_1e-10,0.0,0.04191488392621477,0.0
6284599664533612544,12.0,nearterm_1e-10,0.0,0.010912925715294352,0.0
4641784775576833536,12.0,nearterm_1e-10,0.0,0.01601111458440811,0.0
4268847611328000256,12.0,nearterm_1e-10,0.0,0.5483915139425831,0.0095
4278176623883730176,12.0,nearterm_1e-10,0.0,0.003261192407834469,0.0
3267929947104804096,12.0,goal_1e-11,0.0,0.004200484312734742,0.0
5642877846246495360,12.0,goal_1e-11,0.0,0.003958683735491359,0.0
6603465041679231872,12.0,goal_1e-11,0.0,0.02019009974926444,0.0
2046526391572691328,12.0,goal_1e-11,0.0,0.006926064823509572,0.0
1016789806037687424,12.0,goal_1e-11,0.0,0.018376709368675227,0.0
5679711000438989312,12.0,goal_1e-11,0.0,0.0018370517903704012,0.0
2995683893041962368,12.0,goal_1e-11,0.0,0.006573899754295978,0.0
5953737099445742848,12.0,goal_1e-11,0.0,0.004598852316595263,0.0
4615401513032729088,12.0,goal_1e-11,0.0,0.006345271344228657,0.0
3004510772390701696,12.0,goal_1e-11,0.0,0.008743556077670793,0.0
4069792782145982080,12.0,goal_1e-11,0.0,0.011090987992938551,0.0
5814108395520777856,12.0,goal_1e-11,0.0,0.009668040109921514,0.0
5962272505153840896,12.0,goal_1e-11,0.0,0.015109189470463694,0.0
2149291627370030336,12.0,goal_1e-11,0.0,0.003891169337910136,0.0
1323478680316848256,12.0,goal_1e-11,0.0,0.006693831314333365,0.0
5260504054704228736,12.0,goal_1e-11,0.0,0.015476175800772502,0.0
5841541455445538432,12.0,goal_1e-11,0.0,0.005152595635545134,0.0
3867940039451965952,12.0,goal_1e-11,0.0,0.01175464167388884,0.0
87878642944408960,12.0,goal_1e-11,0.0,0.00564637874080373,0.0
3151482384299373696,12.0,goal_1e-11,0.0,0.02372344430965542,0.0
6181044017297795968,12.0,goal_1e-11,0.0,0.0429770782911815,0.0
803645216387486720,12.0,goal_1e-11,0.0,0.020909897825705456,0.0
5914174364643486592,12.0,goal_1e-11,0.0,0.009111325757618595,0.0
4797122403959920768,12.0,goal_1e-11,0.0,0.01376410299963118,0.0
2575048093288905088,12.0,goal_1e-11,0.0,0.013006817764642605,0.0
4229058961259584256,12.0,goal_1e-11,0.0,0.024135117096264057,0.0
4561522831932945920,12.0,goal_1e-11,0.0,0.016775772271640784,0.0
2208326773198648320,12.0,goal_1e-11,0.0,0.015697112506021484,0.0
6094128791359632256,12.0,goal_1e-11,0.0,0.013011361315434405,0.0
2769623267282593152,12.0,goal_1e-11,0.0,0.010804982426051156,0.0
5660807578058341120,12.0,goal_1e-11,0.0,0.008854307123512742,0.0
296496818102428544,12.0,goal_1e-11,0.0,0.012163746127730163,0.0
158752853233960704,12.0,goal_1e-11,0.0,0.0029516599435412,0.0
2259514678757235200,12.0,goal_1e-11,0.0,0.005054940585815571,0.0
4227855172121285760,12.0,goal_1e-11,0.0,0.0115219443678921,0.0
2196000977264781056,12.0,goal_1e-11,0.0,0.008830808834212441,0.0
1422765267499632640,12.0,goal_1e-11,0.0,0.008356274016376421,0.0
5351303408563334912,12.0,goal_1e-11,0.0,0.007800106435767442,0.0
1364263517961035648,12.0,goal_1e-11,0.0,0.006168907946442376,0.0
5274946414813497344,12.0,goal_1e-11,0.0,0.010236589002687315,0.0
3180960123537829760,12.0,goal_1e-11,0.0,0.014668864872585723,0.0
2757278951454094208,12.0,goal_1e-11,0.0,0.0061209885807982,0.0
2703346703520007168,12.0,goal_1e-11,0.0,0.005678994914704808,0.0
4002529127504102656,12.0,goal_1e-11,0.0,0.025288678688444574,0.0
5421588692928858752,12.0,goal_1e-11,0.0,0.004440553599244516,0.0
6050388913137070848,12.0,goal_1e-11,0.0,0.005139697221822881,0.0
4345060775182367232,12.0,goal_1e-11,0.0,0.004145167777779419,0.0
992946106114748032,12.0,goal_1e-11,0.0,0.01167193279326809,0.0
676792841901784192,12.0,goal_1e-11,0.0,0.009137472454383136,0.0
218953691837608960,12.0,goal_1e-11,0.0,0.007761010475175796,0.0
2482368024800833024,12.0,goal_1e-11,0.0,0.011378561058354004,0.0
4609966833215963392,12.0,goal_1e-11,0.0,0.00692567726980789,0.0
6844037812175117440,12.0,goal_1e-11,0.0,0.008364619361121137,0.0
6441225886185109632,12.0,goal_1e-11,0.0,0.00948913269002331,0.0
1275271417631701504,12.0,goal_1e-11,0.0,0.007181436462852698,0.0
6490173906174556416,12.0,goal_1e-11,0.0,0.0067864229587638126,0.0
5940429538445511808,12.0,goal_1e-11,0.0,0.023383729575153667,0.0
3793148372312611456,12.0,goal_1e-11,0.0,0.008159799520791943,0.0
3138662151736925568,12.0,goal_1e-11,0.0,0.0052101704454582546,0.0
5976199159903812736,12.0,goal_1e-11,0.0,0.0042182830723375645,0.0
1504338722359357568,12.0,goal_1e-11,0.0,0.010339065766197973,0.0
1688451325954477184,12.0,goal_1e-11,0.0,0.013570533307339264,0.0
5889045855385067136,12.0,goal_1e-11,0.0,0.004659894094901402,0.0
4081754605352170496,12.0,goal_1e-11,0.0,0.021792365117767665,0.0
2691146831736184576,12.0,goal_1e-11,0.0,0.007489940011068603,0.0
334398010409366400,12.0,goal_1e-11,0.0,0.008671615015946257,0.0
1383626089525174016,12.0,goal_1e-11,0.0,0.007327603389734286,0.0
3702063519102244480,12.0,goal_1e-11,0.0,0.020289049938787003,0.0
5423016683660491264,12.0,goal_1e-11,0.0,0.005217729857229445,0.0
2804852929801600768,12.0,goal_1e-11,0.0,0.027242442497042017,0.0
3114023912926376448,12.0,goal_1e-11,0.0,0.007584867087177493,0.0
5524591457617244928,12.0,goal_1e-11,0.0,0.006360841463496681,0.0
4060366016201160320,12.0,goal_1e-11,0.0,0.00037505399762314975,0.0
6694638847956909696,12.0,goal_1e-11,0.0,0.006583162470373569,0.0
3039556915253606144,12.0,goal_1e-11,0.0,0.014505272519719394,0.0
6237927045205600000,12.0,goal_1e-11,0.0,0.004176436171072167,0.0
1878241773237645184,12.0,goal_1e-11,0.0,0.007167859571386105,0.0
4288946748293342080,12.0,goal_1e-11,0.0,0.06276302536121722,0.0
2337648311488015360,12.0,goal_1e-11,0.0,0.011348249624549283,0.0
4395214100433309184,12.0,goal_1e-11,0.0,0.019124666693901653,0.0
2796277112767076864,12.0,goal_1e-11,0.0,0.0027722284671269177,0.0
6016504747910034432,12.0,goal_1e-11,0.0,0.004637215799463446,0.0
5166280100090122880,12.0,goal_1e-11,0.0,0.01769597481513727,0.0
1130573557111974912,12.0,goal_1e-11,0.0,0.01624363402875533,0.0
164738354017665664,12.0,goal_1e-11,0.0,0.0009309560266082593,0.0
1761771910959772032,12.0,goal_1e-11,0.0,0.007254981676518832,0.0
1329848490477856768,12.0,goal_1e-11,0.0,0.06681555764193643,0.0
3311535375672171776,12.0,goal_1e-11,0.0,0.014635743000557427,0.0
6112272348126668800,12.0,goal_1e-11,0.0,0.010559512589211674,0.0
6755038496304470144,12.0,goal_1e-11,0.0,0.008753451683661076,0.0
4283053988756001920,12.0,goal_1e-11,0.0,0.007504056798659061,0.0
2599647119044490496,12.0,goal_1e-11,0.0,0.008679987776790446,0.0
490441735713670528,12.0,goal_1e-11,0.0,0.007532236525053573,0.0
4934043968492272896,12.0,goal_1e-11,0.0,0.010883132706589495,0.0
2621100450623361280,12.0,goal_1e-11,0.0,0.04875459464748767,0.0
1851315420672845056,12.0,goal_1e-11,0.0,0.010182895940793454,0.0
5541455315986463104,12.0,goal_1e-11,0.0,0.004643269172299535,0.0
5976098417137532800,12.0,goal_1e-11,0.0,0.006076466152490383,0.0
28898090451449472,12.0,goal_1e-11,0.0,0.005662393951546721,0.0
6592347918267168128,12.0,goal_1e-11,0.0,0.012101420801952947,0.0
5887064359268864256,12.0,goal_1e-11,0.0,0.0018374340652091293,0.0
6518913495153329920,12.0,goal_1e-11,0.0,0.00450653421605614,0.0
4600878063941953280,12.0,goal_1e-11,0.0,0.007513912701970913,0.0
992845122843798016,12.0,goal_1e-11,0.0,0.00848225816324215,0.0
3664521351702250752,12.0,goal_1e-11,0.0,0.027867953039329565,0.0
3711953493050429568,12.0,goal_1e-11,0.0,0.010458057353843671,0.0
5473228871432372992,12.0,goal_1e-11,0.0,0.00794333584139008,0.0
6752384069075512320,12.0,goal_1e-11,0.0,0.006253163390503747,0.0
4115513220094402048,12.0,goal_1e-11,0.0,0.0036218128473147837,0.0
4602130957441446400,12.0,goal_1e-11,0.0,0.005485995309994042,0.0
377546664910219776,12.0,goal_1e-11,0.0,0.01870692617057571,0.0
4364333977066797056,12.0,goal_1e-11,0.0,0.002227444962531168,0.0
5768315046181771904,12.0,goal_1e-11,0.0,0.005595675371600395,0.0
123580919370477952,12.0,goal_1e-11,0.0,0.005435010319620011,0.0
4366334126156046976,12.0,goal_1e-11,0.0,0.004062778944671592,0.0
4901782819863332608,12.0,goal_1e-11,0.0,0.029435438471547268,0.0
2151838817854979456,12.0,goal_1e-11,0.0,0.004421749865236562,0.0
1343460895402697600,12.0,goal_1e-11,0.0,0.016571160930067448,0.0
6136053959995638016,12.0,goal_1e-11,0.0,0.00586789578101291,0.0
2221263218985851520,12.0,goal_1e-11,0.0,0.05851697808860909,0.0
4162186251740404608,12.0,goal_1e-11,0.0,0.01896666452736734,0.0
1678399143976755584,12.0,goal_1e-11,0.0,0.016050351470688767,0.0
2704125913666895104,12.0,goal_1e-11,0.0,0.005116173202430662,0.0
5000393997669149952,12.0,goal_1e-11,0.0,0.01110116551875175,0.0
2491206105423269504,12.0,goal_1e-11,0.0,0.020123039247873536,0.0
6274538269849968512,12.0,goal_1e-11,0.0,0.006203397586791507,0.0
707365862223681408,12.0,goal_1e-11,0.0,0.0061156121646048014,0.0
4735086373076351744,12.0,goal_1e-11,0.0,0.02402903946740448,0.0
2799316059826451328,12.0,goal_1e-11,0.0,0.01111435460400473,0.0
1875970079134757760,12.0,goal_1e-11,0.0,0.006720457196596519,0.0
1783649894544856960,12.0,goal_1e-11,0.0,0.006410025873387962,0.0
2554116930949289856,12.0,goal_1e-11,0.0,0.010113091332987746,0.0
2753295523906432384,12.0,goal_1e-11,0.0,0.005483238975129306,0.0
886990809110955008,12.0,goal_1e-11,0.0,0.013083970375280134,0.0
919018036639891968,12.0,goal_1e-11,0.0,0.01614987898630055,0.0
2833555985786735232,12.0,goal_1e-11,0.0,0.014148509059315082,0.0
3023472056569280512,12.0,goal_1e-11,0.0,0.0077202996312771026,0.0
868768602903736832,12.0,goal_1e-11,0.0,0.007373348339580931,0.0
5178460008866279808,12.0,goal_1e-11,0.0,0.008411321348543879,0.0
3004697238395042176,12.0,goal_1e-11,0.0,0.022668551773714286,0.0
2346247935526578688,12.0,goal_1e-11,0.0,0.007307832656545228,0.0
1933622971340170496,12.0,goal_1e-11,0.0,0.006199825354519328,0.0
1014188567684692224,12.0,goal_1e-11,0.0,0.0074167539346535315,0.0
5466445022127902976,12.0,goal_1e-11,0.0,0.007547698413394316,0.0
6681692893110527232,12.0,goal_1e-11,0.0,0.008766517967445635,0.0
5185560414440293632,12.0,goal_1e-11,0.0,0.01982555357712887,0.0
5800349145690204288,12.0,goal_1e-11,0.0,0.006265296133855558,0.0
4105409399796978944,12.0,goal_1e-11,0.0,0.0039048926494095718,0.0
4708692944344873216,12.0,goal_1e-11,0.0,0.0052115917524429,0.0
2027994226190382848,12.0,goal_1e-11,0.0,0.005793399008398106,0.0
2511654375999952640,12.0,goal_1e-11,0.0,0.007792506167357235,0.0
5493261389176885632,12.0,goal_1e-11,0.0,0.009336970054097499,0.0
2240388880151078528,12.0,goal_1e-11,0.0,0.0064672272145510894,0.0
5658455555185799040,12.0,goal_1e-11,0.0,0.004936157768488099,0.0
5052502602489649664,12.0,goal_1e-11,0.0,0.0186302961439839,0.0
1979258613779627520,12.0,goal_1e-11,0.0,0.00754676295262934,0.0
446639254048922112,12.0,goal_1e-11,0.0,0.004141244153001348,0.0
5601915746720479104,12.0,goal_1e-11,0.0,0.008195905226751966,0.0
4776963682897871616,12.0,goal_1e-11,0.0,0.027202647191937254,0.0
3280686721529098368,12.0,goal_1e-11,0.0,0.005477457040799283,0.0
1285339370727734400,12.0,goal_1e-11,0.0,0.00980113798058818,0.0
5511484179500121088,12.0,goal_1e-11,0.0,0.007289553863689924,0.0
519978157091449088,12.0,goal_1e-11,0.0,0.003571176912676133,0.0
3855789469596668544,12.0,goal_1e-11,0.0,0.00379763572056841,0.0
572054498112591744,12.0,goal_1e-11,0.0,0.00418564415096284,0.0
357842591908022912,12.0,goal_1e-11,0.0,0.004507401303849782,0.0
5927844322167316352,12.0,goal_1e-11,0.0,0.0038209595390917388,0.0
2281306105868025600,12.0,goal_1e-11,0.0,0.009954687704595561,0.0
6342743866636102528,12.0,goal_1e-11,0.0,0.004493695185376142,0.0
1690963263347609088,12.0,goal_1e-11,0.0,0.009390145774143092,0.0
1230823728796492672,12.0,goal_1e-11,0.0,0.007736664355347308,0.0
6411524297547089024,12.0,goal_1e-11,0.0,0.0060891962477372325,0.0
2935813011016890752,12.0,goal_1e-11,0.0,0.006032252786148097,0.0
1510354597152530176,12.0,goal_1e-11,0.0,0.009950049056515645,0.0
263711679169833728,12.0,goal_1e-11,0.0,0.005255488154235895,0.0
2203996935067479424,12.0,goal_1e-11,0.0,0.016660105867451945,0.0
4637390027600793344,12.0,goal_1e-11,0.0,0.00723040976908741,0.0
3326809997366173568,12.0,goal_1e-11,0.0,0.009566551380548505,0.0
359891153870510208,12.0,goal_1e-11,0.0,0.027027017180409504,0.0
3194157939562713472,12.0,goal_1e-11,0.0,0.00812110184258832,0.0
5654914887224650240,12.0,goal_1e-11,0.0,0.007642020900670723,0.0
132596261882440320,12.0,goal_1e-11,0.0,0.007448514969951358,0.0
4262558915898078720,12.0,goal_1e-11,0.0,0.006072438062403334,0.0
6149021149160162176,12.0,goal_1e-11,0.0,0.004451514077261858,0.0
2811411825899219200,12.0,goal_1e-11,0.0,0.027348647170875127,0.0
1900800964403932800,12.0,goal_1e-11,0.0,0.004575690373290585,0.0
6009934130839583488,12.0,goal_1e-11,0.0,0.0031717601219732505,0.0
6872322302128569344,12.0,goal_1e-11,0.0,0.005463012582694983,0.0
4548634356637185792,12.0,goal_1e-11,0.0,0.011431264507583066,0.0
6527091903161249152,12.0,goal_1e-11,0.0,0.0054769494430178195,0.0
2639759162947729408,12.0,goal_1e-11,0.0,0.0050721194385423335,0.0
4100927786033595648,12.0,goal_1e-11,0.0,0.004381835533150028,0.0
5371882654157606912,12.0,goal_1e-11,0.0,0.020946638287860714,0.0
6775009922429158272,12.0,goal_1e-11,0.0,0.00591356001954972,0.0
665668979685323648,12.0,goal_1e-11,0.0,0.015742594751862002,0.0
1832230956847006592,12.0,goal_1e-11,0.0,0.04192596873990054,0.0
6284599664533612544,12.0,goal_1e-11,0.0,0.010914752232904586,0.0
4641784775576833536,12.0,goal_1e-11,0.0,0.016013788483355506,0.0
4268847611328000256,12.0,goal_1e-11,0.0,0.5512421814111456,0.0095
4278176623883730176,12.0,goal_1e-11,0.0,0.0032612564175352843,0.0
3267929947104804096,15.0,current_1e-9,0.0,0.006555892948932989,0.0
5642877846246495360,15.0,current_1e-9,0.0,0.006180172216234312,0.0
6603465041679231872,15.0,current_1e-9,0.0,0.03127213799249578,0.0
2046526391572691328,15.0,current_1e-9,0.0,0.010791005776173462,0.0
1016789806037687424,15.0,current_1e-9,0.0,0.02850826704763705,0.0
5679711000438989312,15.0,current_1e-9,0.0,0.002868547813643958,0.0
2995683893041962368,15.0,current_1e-9,0.0,0.010249198573995345,0.0
5953737099445742848,15.0,current_1e-9,0.0,0.00717175699479872,0.0
4615401513032729088,15.0,current_1e-9,0.0,0.009898813533937902,0.0
3004510772390701696,15.0,current_1e-9,0.0,0.013624442128415414,0.0
4069792782145982080,15.0,current_1e-9,0.0,0.017273759403687725,0.0
5814108395520777856,15.0,current_1e-9,0.0,0.015060965642090793,0.0
5962272505153840896,15.0,current_1e-9,0.0,0.023464394967771186,0.0
2149291627370030336,15.0,current_1e-9,0.0,0.006073010371197551,0.0
1323478680316848256,15.0,current_1e-9,0.0,0.010417524913716301,0.0
5260504054704228736,15.0,current_1e-9,0.0,0.02405822223526624,0.0
5841541455445538432,15.0,current_1e-9,0.0,0.008032114707759497,0.0
3867940039451965952,15.0,current_1e-9,0.0,0.018302410307640692,0.0
87878642944408960,15.0,current_1e-9,0.0,0.00880876003410972,0.0
3151482384299373696,15.0,current_1e-9,0.0,0.036704185388977364,0.0
6181044017297795968,15.0,current_1e-9,0.0,0.06626702055495122,0.0
803645216387486720,15.0,current_1e-9,0.0,0.032473675202412754,0.0
5914174364643486592,15.0,current_1e-9,0.0,0.014173656121464944,0.0
4797122403959920768,15.0,current_1e-9,0.0,0.02140116736494979,0.0
2575048093288905088,15.0,current_1e-9,0.0,0.020247863760419704,0.0
4229058961259584256,15.0,current_1e-9,0.0,0.0373523553224133,0.0
4561522831932945920,15.0,current_1e-9,0.0,0.026057435102011275,0.0
2208326773198648320,15.0,current_1e-9,0.0,0.024368824838737965,0.0
6094128791359632256,15.0,current_1e-9,0.0,0.020231632380732962,0.0
2769623267282593152,15.0,current_1e-9,0.0,0.016786546989888306,0.0
5660807578058341120,15.0,current_1e-9,0.0,0.013794425794829564,0.0
296496818102428544,15.0,current_1e-9,0.0,0.01892366744410513,0.0
158752853233960704,15.0,current_1e-9,0.0,0.00460781728324317,0.0
2259514678757235200,15.0,current_1e-9,0.0,0.00788658715451819,0.0
4227855172121285760,15.0,current_1e-9,0.0,0.017946605692053086,0.0
2196000977264781056,15.0,current_1e-9,0.0,0.013762209078026161,0.0
1422765267499632640,15.0,current_1e-9,0.0,0.013016075362814423,0.0
5351303408563334912,15.0,current_1e-9,0.0,0.012158620186156316,0.0
1364263517961035648,15.0,current_1e-9,0.0,0.009622889892682483,0.0
5274946414813497344,15.0,current_1e-9,0.0,0.015954670699415963,0.0
3180960123537829760,15.0,current_1e-9,0.0,0.022785627126156036,0.0
2757278951454094208,15.0,current_1e-9,0.0,0.00954618846128818,0.0
2703346703520007168,15.0,current_1e-9,0.0,0.008857142930424318,0.0
4002529127504102656,15.0,current_1e-9,0.0,0.03915694291697121,0.0
5421588692928858752,15.0,current_1e-9,0.0,0.00693013765037954,0.0
6050388913137070848,15.0,current_1e-9,0.0,0.008010835394831302,0.0
4345060775182367232,15.0,current_1e-9,0.0,0.0064686908099619335,0.0
992946106114748032,15.0,current_1e-9,0.0,0.01818360967123215,0.0
676792841901784192,15.0,current_1e-9,0.0,0.014208432551828853,0.0
218953691837608960,15.0,current_1e-9,0.0,0.012083481887618422,0.0
2482368024800833024,15.0,current_1e-9,0.0,0.017690303271768848,0.0
4609966833215963392,15.0,current_1e-9,0.0,0.010804731917225278,0.0
6844037812175117440,15.0,current_1e-9,0.0,0.012997000339075712,0.0
6441225886185109632,15.0,current_1e-9,0.0,0.014755923828941154,0.0
1275271417631701504,15.0,current_1e-9,0.0,0.01119827620924214,0.0
6490173906174556416,15.0,current_1e-9,0.0,0.010579212949772116,0.0
5940429538445511808,15.0,current_1e-9,0.0,0.03630432445329725,0.0
3793148372312611456,15.0,current_1e-9,0.0,0.012723662227299459,0.0
3138662151736925568,15.0,current_1e-9,0.0,0.008129664658303174,0.0
5976199159903812736,15.0,current_1e-9,0.0,0.006575961101384329,0.0
1504338722359357568,15.0,current_1e-9,0.0,0.016069480311851153,0.0
1688451325954477184,15.0,current_1e-9,0.0,0.02112075573704629,0.0
5889045855385067136,15.0,current_1e-9,0.0,0.007272190512260513,0.0
4081754605352170496,15.0,current_1e-9,0.0,0.03366973297566947,0.0
2691146831736184576,15.0,current_1e-9,0.0,0.01168240683418112,0.0
334398010409366400,15.0,current_1e-9,0.0,0.013485866054803095,0.0
1383626089525174016,15.0,current_1e-9,0.0,0.011415282299498234,0.0
3702063519102244480,15.0,current_1e-9,0.0,0.03144967947167344,0.0
5423016683660491264,15.0,current_1e-9,0.0,0.008140880675264745,0.0
2804852929801600768,15.0,current_1e-9,0.0,0.042254484236525,0.0
3114023912926376448,15.0,current_1e-9,0.0,0.011797847138007559,0.0
5524591457617244928,15.0,current_1e-9,0.0,0.009920413503643368,0.0
4060366016201160320,15.0,current_1e-9,0.0,0.0005859584789624161,0.0
6694638847956909696,15.0,current_1e-9,0.0,0.01024876667119555,0.0
3039556915253606144,15.0,current_1e-9,0.0,0.022549563466817434,0.0
6237927045205600000,15.0,current_1e-9,0.0,0.006509643822238155,0.0
1878241773237645184,15.0,current_1e-9,0.0,0.011171196574852712,0.0
4288946748293342080,15.0,current_1e-9,0.0,0.0964130849041972,0.0
2337648311488015360,15.0,current_1e-9,0.0,0.01766039978857861,0.0
4395214100433309184,15.0,current_1e-9,0.0,0.029667158655571114,0.0
2796277112767076864,15.0,current_1e-9,0.0,0.00432840342800444,0.0
6016504747910034432,15.0,current_1e-9,0.0,0.007239118962768659,0.0
5166280100090122880,15.0,current_1e-9,0.0,0.02746231906407962,0.0
1130573557111974912,15.0,current_1e-9,0.0,0.025237920885308504,0.0
164738354017665664,15.0,current_1e-9,0.0,0.0014542796909246486,0.0
1761771910959772032,15.0,current_1e-9,0.0,0.011315477759512632,0.0
1329848490477856768,15.0,current_1e-9,0.0,0.10263236221551313,0.0
3311535375672171776,15.0,current_1e-9,0.0,0.022704722689858972,0.0
6112272348126668800,15.0,current_1e-9,0.0,0.016442775577701733,0.0
6755038496304470144,15.0,current_1e-9,0.0,0.013636542635548733,0.0
4283053988756001920,15.0,current_1e-9,0.0,0.011681860952203929,0.0
2599647119044490496,15.0,current_1e-9,0.0,0.013528424115769842,0.0
490441735713670528,15.0,current_1e-9,0.0,0.011726960889095391,0.0
4934043968492272896,15.0,current_1e-9,0.0,0.016895474133701155,0.0
2621100450623361280,15.0,current_1e-9,0.0,0.0749031369181719,0.0
1851315420672845056,15.0,current_1e-9,0.0,0.015871140509934916,0.0
5541455315986463104,15.0,current_1e-9,0.0,0.007246086084393784,0.0
5976098417137532800,15.0,current_1e-9,0.0,0.00947543665593663,0.0
28898090451449472,15.0,current_1e-9,0.0,0.008831846423440003,0.0
6592347918267168128,15.0,current_1e-9,0.0,0.01883236010541165,0.0
5887064359268864256,15.0,current_1e-9,0.0,0.0028692713682918498,0.0
6518913495153329920,15.0,current_1e-9,0.0,0.0070329223899899375,0.0
4600878063941953280,15.0,current_1e-9,0.0,0.011720770127468973,0.0
992845122843798016,15.0,current_1e-9,0.0,0.0132205694671685,0.0
3664521351702250752,15.0,current_1e-9,0.0,0.043101572802023355,0.0
3711953493050429568,15.0,current_1e-9,0.0,0.016298625077256393,0.0
5473228871432372992,15.0,current_1e-9,0.0,0.012388520264380556,0.0
6752384069075512320,15.0,current_1e-9,0.0,0.009750239827745859,0.0
4115513220094402048,15.0,current_1e-9,0.0,0.005653993161149229,0.0
4602130957441446400,15.0,current_1e-9,0.0,0.008559798641016783,0.0
377546664910219776,15.0,current_1e-9,0.0,0.02906760871553702,0.0
4364333977066797056,15.0,current_1e-9,0.0,0.003478690298640352,0.0
5768315046181771904,15.0,current_1e-9,0.0,0.00872403251334416,0.0
123580919370477952,15.0,current_1e-9,0.0,0.008481128218726779,0.0
4366334126156046976,15.0,current_1e-9,0.0,0.00633663835355363,0.0
4901782819863332608,15.0,current_1e-9,0.0,0.04539952707749478,0.0
2151838817854979456,15.0,current_1e-9,0.0,0.006901598869786796,0.0
1343460895402697600,15.0,current_1e-9,0.0,0.025660139423834792,0.0
6136053959995638016,15.0,current_1e-9,0.0,0.009153161745591611,0.0
2221263218985851520,15.0,current_1e-9,0.0,0.08845591567483378,0.0095
4162186251740404608,15.0,current_1e-9,0.0,0.029309728652762698,0.0
1678399143976755584,15.0,current_1e-9,0.0,0.02497356653247992,0.0
2704125913666895104,15.0,current_1e-9,0.0,0.007982311696709925,0.0
5000393997669149952,15.0,current_1e-9,0.0,0.017290010694903633,0.0
2491206105423269504,15.0,current_1e-9,0.0,0.031261829820974085,0.0
6274538269849968512,15.0,current_1e-9,0.0,0.0096626699785721,0.0
707365862223681408,15.0,current_1e-9,0.0,0.009533722079539945,0.0
4735086373076351744,15.0,current_1e-9,0.0,0.037158332327171265,0.0
2799316059826451328,15.0,current_1e-9,0.0,0.017301771072749442,0.0
1875970079134757760,15.0,current_1e-9,0.0,0.010474935060343981,0.0
1783649894544856960,15.0,current_1e-9,0.0,0.009999220271669515,0.0
2554116930949289856,15.0,current_1e-9,0.0,0.015765737195839864,0.0
2753295523906432384,15.0,current_1e-9,0.0,0.008550703290693367,0.0
886990809110955008,15.0,current_1e-9,0.0,0.020291240536612045,0.0
919018036639891968,15.0,current_1e-9,0.0,0.02509980405325469,0.0
2833555985786735232,15.0,current_1e-9,0.0,0.021940433069369217,0.0
3023472056569280512,15.0,current_1e-9,0.0,0.012017398250898982,0.0
868768602903736832,15.0,current_1e-9,0.0,0.011489773615407217,0.0
5178460008866279808,15.0,current_1e-9,0.0,0.013112372911832745,0.0
3004697238395042176,15.0,current_1e-9,0.0,0.034986454282042376,0.0
2346247935526578688,15.0,current_1e-9,0.0,0.011373553862137885,0.0
1933622971340170496,15.0,current_1e-9,0.0,0.009672286354758615,0.0
1014188567684692224,15.0,current_1e-9,0.0,0.011552918413283209,0.0
5466445022127902976,15.0,current_1e-9,0.0,0.011764246097336789,0.0
6681692893110527232,15.0,current_1e-9,0.0,0.013651959148415486,0.0
5185560414440293632,15.0,current_1e-9,0.0,0.030815912439107352,0.0
5800349145690204288,15.0,current_1e-9,0.0,0.00976510620089779,0.0
4105409399796978944,15.0,current_1e-9,0.0,0.0060956011811675245,0.0
4708692944344873216,15.0,current_1e-9,0.0,0.008131763445094677,0.0
2027994226190382848,15.0,current_1e-9,0.0,0.009036371815823901,0.0
2511654375999952640,15.0,current_1e-9,0.0,0.012151590945873725,0.0
5493261389176885632,15.0,current_1e-9,0.0,0.014551917897540682,0.0
2240388880151078528,15.0,current_1e-9,0.0,0.010058931344683938,0.0
5658455555185799040,15.0,current_1e-9,0.0,0.007697881812467052,0.0
5052502602489649664,15.0,current_1e-9,0.0,0.028951847075100148,0.0
1979258613779627520,15.0,current_1e-9,0.0,0.011749408118996125,0.0
446639254048922112,15.0,current_1e-9,0.0,0.006462741991648981,0.0
5601915746720479104,15.0,current_1e-9,0.0,0.012773141176213088,0.0
4776963682897871616,15.0,current_1e-9,0.0,0.042189532554804114,0.0
3280686721529098368,15.0,current_1e-9,0.0,0.00853996333703464,0.0
1285339370727734400,15.0,current_1e-9,0.0,0.01527963984741891,0.0
5511484179500121088,15.0,current_1e-9,0.0,0.011370449206994182,0.0
519978157091449088,15.0,current_1e-9,0.0,0.005574382999824582,0.0
3855789469596668544,15.0,current_1e-9,0.0,0.005928345657261015,0.0
572054498112591744,15.0,current_1e-9,0.0,0.006533100809852808,0.0
357842591908022912,15.0,current_1e-9,0.0,0.007033651028935852,0.0
5927844322167316352,15.0,current_1e-9,0.0,0.005965501352146719,0.0
2281306105868025600,15.0,current_1e-9,0.0,0.015517213880450761,0.0
6342743866636102528,15.0,current_1e-9,0.0,0.007011430049262663,0.0
1690963263347609088,15.0,current_1e-9,0.0,0.014620907102019179,0.0
1230823728796492672,15.0,current_1e-9,0.0,0.012059859440956458,0.0
6411524297547089024,15.0,current_1e-9,0.0,0.009484903215609602,0.0
2935813011016890752,15.0,current_1e-9,0.0,0.00941073663008521,0.0
1510354597152530176,15.0,current_1e-9,0.0,0.015497311313148713,0.0
263711679169833728,15.0,current_1e-9,0.0,0.008183572418896431,0.0
2203996935067479424,15.0,current_1e-9,0.0,0.025935014535660834,0.0
4637390027600793344,15.0,current_1e-9,0.0,0.011262493919516708,0.0
3326809997366173568,15.0,current_1e-9,0.0,0.014893973265887631,0.0
359891153870510208,15.0,current_1e-9,0.0,0.041685620699577895,0.0
3194157939562713472,15.0,current_1e-9,0.0,0.012647658135720484,0.0
5654914887224650240,15.0,current_1e-9,0.0,0.011897266275098205,0.0
132596261882440320,15.0,current_1e-9,0.0,0.011607555437889846,0.0
4262558915898078720,15.0,current_1e-9,0.0,0.00945789870359295,0.0
6149021149160162176,15.0,current_1e-9,0.0,0.006946805345830109,0.0
2811411825899219200,15.0,current_1e-9,0.0,0.04207082073922244,0.0
1900800964403932800,15.0,current_1e-9,0.0,0.007140569400943924,0.0
6009934130839583488,15.0,current_1e-9,0.0,0.004946791984255275,0.0
6872322302128569344,15.0,current_1e-9,0.0,0.008519429915810913,0.0
4548634356637185792,15.0,current_1e-9,0.0,0.017781840950080827,0.0
6527091903161249152,15.0,current_1e-9,0.0,0.00854296944968394,0.0
2639759162947729408,15.0,current_1e-9,0.0,0.00791591935572657,0.0
4100927786033595648,15.0,current_1e-9,0.0,0.006827608036001463,0.0
5371882654157606912,15.0,current_1e-9,0.0,0.03246524997853674,0.0
6775009922429158272,15.0,current_1e-9,0.0,0.009207723753189654,0.0
665668979685323648,15.0,current_1e-9,0.0,0.024377788519265264,0.0
1832230956847006592,15.0,current_1e-9,0.0,0.0648386334973683,0.0
6284599664533612544,15.0,current_1e-9,0.0,0.016974645473903496,0.0
4641784775576833536,15.0,current_1e-9,0.0,0.024893704560758692,0.0
4268847611328000256,15.0,current_1e-9,0.0,0.7590933021675229,0.063
4278176623883730176,15.0,current_1e-9,0.0,0.005090870496117601,0.0
3267929947104804096,15.0,nearterm_1e-10,0.0,0.006559415442494422,0.0
5642877846246495360,15.0,nearterm_1e-10,0.0,0.006182354785973094,0.0
6603465041679231872,15.0,nearterm_1e-10,0.0,0.031465647474139706,0.0
2046526391572691328,15.0,nearterm_1e-10,0.0,0.010810647857406994,0.0
1016789806037687424,15.0,nearterm_1e-10,0.0,0.028644247541291627,0.0
5679711000438989312,15.0,nearterm_1e-10,0.0,0.0028696390356581654,0.0
2995683893041962368,15.0,nearterm_1e-10,0.0,0.01026249657911689,0.0
5953737099445742848,15.0,nearterm_1e-10,0.0,0.007181204775563567,0.0
4615401513032729088,15.0,nearterm_1e-10,0.0,0.009906684662697039,0.0
3004510772390701696,15.0,nearterm_1e-10,0.0,0.013644470035147514,0.0
4069792782145982080,15.0,nearterm_1e-10,0.0,0.017302592231155295,0.0
5814108395520777856,15.0,nearterm_1e-10,0.0,0.015088283233969811,0.0
5962272505153840896,15.0,nearterm_1e-10,0.0,0.02355469610781597,0.0
2149291627370030336,15.0,nearterm_1e-10,0.0,0.006075765875435019,0.0
1323478680316848256,15.0,nearterm_1e-10,0.0,0.010449411950928529,0.0
5260504054704228736,15.0,nearterm_1e-10,0.0,0.024128340884091062,0.0
5841541455445538432,15.0,nearterm_1e-10,0.0,0.008045363418029708,0.0
3867940039451965952,15.0,nearterm_1e-10,0.0,0.018333645452652567,0.0
87878642944408960,15.0,nearterm_1e-10,0.0,0.008815132641512246,0.0
3151482384299373696,15.0,nearterm_1e-10,0.0,0.0369295240753677,0.0
6181044017297795968,15.0,nearterm_1e-10,0.0,0.06677777274573729,0.0
803645216387486720,15.0,nearterm_1e-10,0.0,0.032571005985203134,0.0
5914174364643486592,15.0,nearterm_1e-10,0.0,0.014218592361876833,0.0
4797122403959920768,15.0,nearterm_1e-10,0.0,0.021456552727265755,0.0
2575048093288905088,15.0,nearterm_1e-10,0.0,0.020279619106370064,0.0
4229058961259584256,15.0,nearterm_1e-10,0.0,0.03759708315606275,0.0
4561522831932945920,15.0,nearterm_1e-10,0.0,0.02614950561528142,0.0
2208326773198648320,15.0,nearterm_1e-10,0.0,0.02447463621880857,0.0
6094128791359632256,15.0,nearterm_1e-10,0.0,0.020292117649514482,0.0
2769623267282593152,15.0,nearterm_1e-10,0.0,0.016858577745786505,0.0
5660807578058341120,15.0,nearterm_1e-10,0.0,0.013818323758530024,0.0
296496818102428544,15.0,nearterm_1e-10,0.0,0.018977033658439432,0.0
158752853233960704,15.0,nearterm_1e-10,0.0,0.004609217860901243,0.0
2259514678757235200,15.0,nearterm_1e-10,0.0,0.00789272924099548,0.0
4227855172121285760,15.0,nearterm_1e-10,0.0,0.01797624356112945,0.0
2196000977264781056,15.0,nearterm_1e-10,0.0,0.013780953602906824,0.0
1422765267499632640,15.0,nearterm_1e-10,0.0,0.01304146574818461,0.0
5351303408563334912,15.0,nearterm_1e-10,0.0,0.01217475848713487,0.0
1364263517961035648,15.0,nearterm_1e-10,0.0,0.009631312798511382,0.0
5274946414813497344,15.0,nearterm_1e-10,0.0,0.015969308232738556,0.0
3180960123537829760,15.0,nearterm_1e-10,0.0,0.02287064148321606,0.0
2757278951454094208,15.0,nearterm_1e-10,0.0,0.009553087803288313,0.0
2703346703520007168,15.0,nearterm_1e-10,0.0,0.008866522186065264,0.0
4002529127504102656,15.0,nearterm_1e-10,0.0,0.03937324468520538,0.0
5421588692928858752,15.0,nearterm_1e-10,0.0,0.006934321466310408,0.0
6050388913137070848,15.0,nearterm_1e-10,0.0,0.008025441502158157,0.0
4345060775182367232,15.0,nearterm_1e-10,0.0,0.006472942358896195,0.0
992946106114748032,15.0,nearterm_1e-10,0.0,0.01820011971330817,0.0
676792841901784192,15.0,nearterm_1e-10,0.0,0.014261024298152772,0.0
218953691837608960,15.0,nearterm_1e-10,0.0,0.012113137781292546,0.0
2482368024800833024,15.0,nearterm_1e-10,0.0,0.017751403072366084,0.0
4609966833215963392,15.0,nearterm_1e-10,0.0,0.0108101104028796,0.0
6844037812175117440,15.0,nearterm_1e-10,0.0,0.013055510191214464,0.0
6441225886185109632,15.0,nearterm_1e-10,0.0,0.014795138529672285,0.0
1275271417631701504,15.0,nearterm_1e-10,0.0,0.011209847197639199,0.0
6490173906174556416,15.0,nearterm_1e-10,0.0,0.010593386344714876,0.0
5940429538445511808,15.0,nearterm_1e-10,0.0,0.036427099545465955,0.0
3793148372312611456,15.0,nearterm_1e-10,0.0,0.01273465880667485,0.0
3138662151736925568,15.0,nearterm_1e-10,0.0,0.008134760022373275,0.0
5976199159903812736,15.0,nearterm_1e-10,0.0,0.006586205122099102,0.0
1504338722359357568,15.0,nearterm_1e-10,0.0,0.016129639803355224,0.0
1688451325954477184,15.0,nearterm_1e-10,0.0,0.02116547960124648,0.0
5889045855385067136,15.0,nearterm_1e-10,0.0,0.007276403886766463,0.0
4081754605352170496,15.0,nearterm_1e-10,0.0,0.033949006482133455,0.0
2691146831736184576,15.0,nearterm_1e-10,0.0,0.01169185093467808,0.0
334398010409366400,15.0,nearterm_1e-10,0.0,0.013534617609150392,0.0
1383626089525174016,15.0,nearterm_1e-10,0.0,0.011435117111320618,0.0
3702063519102244480,15.0,nearterm_1e-10,0.0,0.031599765169700034,0.0
5423016683660491264,15.0,nearterm_1e-10,0.0,0.008146366684964622,0.0
2804852929801600768,15.0,nearterm_1e-10,0.0,0.042366115795460395,0.0
3114023912926376448,15.0,nearterm_1e-10,0.0,0.011839859521468689,0.0
5524591457617244928,15.0,nearterm_1e-10,0.0,0.009927392215433584,0.0
4060366016201160320,15.0,nearterm_1e-10,0.0,0.0005859899367602384,0.0
6694638847956909696,15.0,nearterm_1e-10,0.0,0.010277578999583696,0.0
3039556915253606144,15.0,nearterm_1e-10,0.0,0.022614376475089373,0.0
6237927045205600000,15.0,nearterm_1e-10,0.0,0.006518592910787186,0.0
1878241773237645184,15.0,nearterm_1e-10,0.0,0.011182595110691836,0.0
4288946748293342080,15.0,nearterm_1e-10,0.0,0.09731410548498678,0.0
2337648311488015360,15.0,nearterm_1e-10,0.0,0.017688453133103927,0.0
4395214100433309184,15.0,nearterm_1e-10,0.0,0.02980100307643034,0.0
2796277112767076864,15.0,nearterm_1e-10,0.0,0.004329950944563109,0.0
6016504747910034432,15.0,nearterm_1e-10,0.0,0.007241319786763628,0.0
5166280100090122880,15.0,nearterm_1e-10,0.0,0.027588502341151473,0.0
1130573557111974912,15.0,nearterm_1e-10,0.0,0.025320747228587726,0.0
164738354017665664,15.0,nearterm_1e-10,0.0,0.0014544047135891826,0.0
1761771910959772032,15.0,nearterm_1e-10,0.0,0.011322500863366284,0.0
1329848490477856768,15.0,nearterm_1e-10,0.0,0.10345421518812307,0.0
3311535375672171776,15.0,nearterm_1e-10,0.0,0.022769311522261765,0.0
6112272348126668800,15.0,nearterm_1e-10,0.0,0.01647403909148718,0.0
6755038496304470144,15.0,nearterm_1e-10,0.0,0.013660043018803397,0.0
4283053988756001920,15.0,nearterm_1e-10,0.0,0.011708960440734972,0.0
2599647119044490496,15.0,nearterm_1e-10,0.0,0.013546633165771706,0.0
490441735713670528,15.0,nearterm_1e-10,0.0,0.01175743444441211,0.0
4934043968492272896,15.0,nearterm_1e-10,0.0,0.016979483906016057,0.0
2621100450623361280,15.0,nearterm_1e-10,0.0,0.07567618549924407,0.0
1851315420672845056,15.0,nearterm_1e-10,0.0,0.015888663329986716,0.0
5541455315986463104,15.0,nearterm_1e-10,0.0,0.00724995038387284,0.0
5976098417137532800,15.0,nearterm_1e-10,0.0,0.0094867915497694,0.0
28898090451449472,15.0,nearterm_1e-10,0.0,0.008838837764284097,0.0
6592347918267168128,15.0,nearterm_1e-10,0.0,0.018877032834349747,0.0
5887064359268864256,15.0,nearterm_1e-10,0.0,0.0028702782514164102,0.0
6518913495153329920,15.0,nearterm_1e-10,0.0,0.007036527808912304,0.0
4600878063941953280,15.0,nearterm_1e-10,0.0,0.011728196356559903,0.0
992845122843798016,15.0,nearterm_1e-10,0.0,0.013236147978935452,0.0
3664521351702250752,15.0,nearterm_1e-10,0.0,0.043323889029701884,0.0
3711953493050429568,15.0,nearterm_1e-10,0.0,0.016313423138357642,0.0
5473228871432372992,15.0,nearterm_1e-10,0.0,0.012397808004630903,0.0
6752384069075512320,15.0,nearterm_1e-10,0.0,0.00976126031551514,0.0
4115513220094402048,15.0,nearterm_1e-10,0.0,0.00565624721066628,0.0
4602130957441446400,15.0,nearterm_1e-10,0.0,0.008565176907991417,0.0
377546664910219776,15.0,nearterm_1e-10,0.0,0.02912407065079782,0.0
4364333977066797056,15.0,nearterm_1e-10,0.0,0.0034792587049843914,0.0
5768315046181771904,15.0,nearterm_1e-10,0.0,0.008737182241095175,0.0
123580919370477952,15.0,nearterm_1e-10,0.0,0.008486384152156745,0.0
4366334126156046976,15.0,nearterm_1e-10,0.0,0.006344500191648347,0.0
4901782819863332608,15.0,nearterm_1e-10,0.0,0.04578850013425266,0.0
2151838817854979456,15.0,nearterm_1e-10,0.0,0.006904065236987908,0.0
1343460895402697600,15.0,nearterm_1e-10,0.0,0.025840047373225705,0.0
6136053959995638016,15.0,nearterm_1e-10,0.0,0.00916025561441578,0.0
2221263218985851520,15.0,nearterm_1e-10,0.0,0.09075114823963727,0.0095
4162186251740404608,15.0,nearterm_1e-10,0.0,0.02955903564564649,0.0
1678399143976755584,15.0,nearterm_1e-10,0.0,0.025027925362181867,0.0
2704125913666895104,15.0,nearterm_1e-10,0.0,0.00798698135563351,0.0
5000393997669149952,15.0,nearterm_1e-10,0.0,0.017320111762462852,0.0
2491206105423269504,15.0,nearterm_1e-10,0.0,0.03133873940023598,0.0
6274538269849968512,15.0,nearterm_1e-10,0.0,0.009684900853994457,0.0
707365862223681408,15.0,nearterm_1e-10,0.0,0.009546316723570389,0.0
4735086373076351744,15.0,nearterm_1e-10,0.0,0.03741833400648418,0.0
2799316059826451328,15.0,nearterm_1e-10,0.0,0.017339491508184233,0.0
1875970079134757760,15.0,nearterm_1e-10,0.0,0.01049171938859094,0.0
1783649894544856960,15.0,nearterm_1e-10,0.0,0.010006858483159724,0.0
2554116930949289856,15.0,nearterm_1e-10,0.0,0.01577900009996756,0.0
2753295523906432384,15.0,nearterm_1e-10,0.0,0.008560439232325589,0.0
886990809110955008,15.0,nearterm_1e-10,0.0,0.020408765955178532,0.0
919018036639891968,15.0,nearterm_1e-10,0.0,0.025168257484911874,0.0
2833555985786735232,15.0,nearterm_1e-10,0.0,0.022061570217179548,0.0
3023472056569280512,15.0,nearterm_1e-10,0.0,0.012051073099711367,0.0
868768602903736832,15.0,nearterm_1e-10,0.0,0.01150962022559456,0.0
5178460008866279808,15.0,nearterm_1e-10,0.0,0.013127872564573618,0.0
3004697238395042176,15.0,nearterm_1e-10,0.0,0.035281715967753244,0.0
2346247935526578688,15.0,nearterm_1e-10,0.0,0.011407607854472236,0.0
1933622971340170496,15.0,nearterm_1e-10,0.0,0.009678869419618355,0.0
1014188567684692224,15.0,nearterm_1e-10,0.0,0.011575681570176936,0.0
5466445022127902976,15.0,nearterm_1e-10,0.0,0.011781090229444914,0.0
6681692893110527232,15.0,nearterm_1e-10,0.0,0.01366901443886939,0.0
5185560414440293632,15.0,nearterm_1e-10,0.0,0.030890759042351203,0.0
5800349145690204288,15.0,nearterm_1e-10,0.0,0.009780915533720751,0.0
4105409399796978944,15.0,nearterm_1e-10,0.0,0.006098107120926256,0.0
4708692944344873216,15.0,nearterm_1e-10,0.0,0.008137038828096457,0.0
2027994226190382848,15.0,nearterm_1e-10,0.0,0.009045047919279852,0.0
2511654375999952640,15.0,nearterm_1e-10,0.0,0.012162323248521165,0.0
5493261389176885632,15.0,nearterm_1e-10,0.0,0.014568820096286487,0.0
2240388880151078528,15.0,nearterm_1e-10,0.0,0.010090306225223838,0.0
5658455555185799040,15.0,nearterm_1e-10,0.0,0.007707720478777057,0.0
5052502602489649664,15.0,nearterm_1e-10,0.0,0.029035082869219707,0.0
1979258613779627520,15.0,nearterm_1e-10,0.0,0.011778813163352587,0.0
446639254048922112,15.0,nearterm_1e-10,0.0,0.006466849671444602,0.0
5601915746720479104,15.0,nearterm_1e-10,0.0,0.012792302093367484,0.0
4776963682897871616,15.0,nearterm_1e-10,0.0,0.04235856066484277,0.0
3280686721529098368,15.0,nearterm_1e-10,0.0,0.008551165905116875,0.0
1285339370727734400,15.0,nearterm_1e-10,0.0,0.01529095639227043,0.0
5511484179500121088,15.0,nearterm_1e-10,0.0,0.011378345307755845,0.0
519978157091449088,15.0,nearterm_1e-10,0.0,0.005576859106385089,0.0
3855789469596668544,15.0,nearterm_1e-10,0.0,0.005930132483955848,0.0
572054498112591744,15.0,nearterm_1e-10,0.0,0.006536301116322971,0.0
357842591908022912,15.0,nearterm_1e-10,0.0,0.007037081760038527,0.0
5927844322167316352,15.0,nearterm_1e-10,0.0,0.005967197314860168,0.0
2281306105868025600,15.0,nearterm_1e-10,0.0,0.01553165503166533,0.0
6342743866636102528,15.0,nearterm_1e-10,0.0,0.007016437004906441,0.0
1690963263347609088,15.0,nearterm_1e-10,0.0,0.014649457956514985,0.0
1230823728796492672,15.0,nearterm_1e-10,0.0,0.012076298962980122,0.0
6411524297547089024,15.0,nearterm_1e-10,0.0,0.009505305398128097,0.0
2935813011016890752,15.0,nearterm_1e-10,0.0,0.00941780151171369,0.0
1510354597152530176,15.0,nearterm_1e-10,0.0,0.01552671502174862,0.0
263711679169833728,15.0,nearterm_1e-10,0.0,0.00820435862931358,0.0
2203996935067479424,15.0,nearterm_1e-10,0.0,0.025969106416140857,0.0
4637390027600793344,15.0,nearterm_1e-10,0.0,0.011286253659321037,0.0
3326809997366173568,15.0,nearterm_1e-10,0.0,0.014927975898961238,0.0
359891153870510208,15.0,nearterm_1e-10,0.0,0.04208191788848885,0.0
3194157939562713472,15.0,nearterm_1e-10,0.0,0.0126725158926161,0.0
5654914887224650240,15.0,nearterm_1e-10,0.0,0.01191775739387661,0.0
132596261882440320,15.0,nearterm_1e-10,0.0,0.011624596933866013,0.0
4262558915898078720,15.0,nearterm_1e-10,0.0,0.009480951308495664,0.0
6149021149160162176,15.0,nearterm_1e-10,0.0,0.006951220731845665,0.0
2811411825899219200,15.0,nearterm_1e-10,0.0,0.04257236103277797,0.0
1900800964403932800,15.0,nearterm_1e-10,0.0,0.007145095563105912,0.0
6009934130839583488,15.0,nearterm_1e-10,0.0,0.004953656340257505,0.0
6872322302128569344,15.0,nearterm_1e-10,0.0,0.008529940570607077,0.0
4548634356637185792,15.0,nearterm_1e-10,0.0,0.017832891544668487,0.0
6527091903161249152,15.0,nearterm_1e-10,0.0,0.008549468695900135,0.0
2639759162947729408,15.0,nearterm_1e-10,0.0,0.007919019024741056,0.0
4100927786033595648,15.0,nearterm_1e-10,0.0,0.006842797929730826,0.0
5371882654157606912,15.0,nearterm_1e-10,0.0,0.03264032473112415,0.0
6775009922429158272,15.0,nearterm_1e-10,0.0,0.009231869761957074,0.0
665668979685323648,15.0,nearterm_1e-10,0.0,0.024530651575953463,0.0
1832230956847006592,15.0,nearterm_1e-10,0.0,0.06510356537297218,0.0
6284599664533612544,15.0,nearterm_1e-10,0.0,0.017018905312097807,0.0
4641784775576833536,15.0,nearterm_1e-10,0.0,0.024958385375054147,0.0
4268847611328000256,15.0,nearterm_1e-10,0.0,0.8167019821567887,0.063
4278176623883730176,15.0,nearterm_1e-10,0.0,0.005092429844018374,0.0
3267929947104804096,15.0,goal_1e-11,0.0,0.006559767889121474,0.0
5642877846246495360,15.0,goal_1e-11,0.0,0.006182573127978665,0.0
6603465041679231872,15.0,goal_1e-11,0.0,0.0314850846583186,0.0
2046526391572691328,15.0,goal_1e-11,0.0,0.010812614865066312,0.0
1016789806037687424,15.0,goal_1e-11,0.0,0.02865789858390515,0.0
5679711000438989312,15.0,goal_1e-11,0.0,0.0028697481954961276,0.0
2995683893041962368,15.0,goal_1e-11,0.0,0.010263827979928027,0.0
5953737099445742848,15.0,goal_1e-11,0.0,0.007182150525573325,0.0
4615401513032729088,15.0,goal_1e-11,0.0,0.009907472438025729,0.0
3004510772390701696,15.0,goal_1e-11,0.0,0.01364647571557333,0.0
4069792782145982080,15.0,goal_1e-11,0.0,0.01730548039525977,0.0
5814108395520777856,15.0,goal_1e-11,0.0,0.015091019718632883,0.0
5962272505153840896,15.0,goal_1e-11,0.0,0.0235637544174105,0.0
2149291627370030336,15.0,goal_1e-11,0.0,0.006076041558190825,0.0
1323478680316848256,15.0,goal_1e-11,0.0,0.01045260376999694,0.0
5260504054704228736,15.0,goal_1e-11,0.0,0.02413537208130628,0.0
5841541455445538432,15.0,goal_1e-11,0.0,0.008046689745602844,0.0
3867940039451965952,15.0,goal_1e-11,0.0,0.018336774382027486,0.0
87878642944408960,15.0,goal_1e-11,0.0,0.008815770385536346,0.0
3151482384299373696,15.0,goal_1e-11,0.0,0.03695216413845908,0.0
6181044017297795968,15.0,goal_1e-11,0.0,0.06682922410799591,0.0
803645216387486720,15.0,goal_1e-11,0.0,0.03258076866395044,0.0
5914174364643486592,15.0,goal_1e-11,0.0,0.014223094687756286,0.0
4797122403959920768,15.0,goal_1e-11,0.0,0.021462104747956103,0.0
2575048093288905088,15.0,goal_1e-11,0.0,0.0202827998738133,0.0
4229058961259584256,15.0,goal_1e-11,0.0,0.03762168271956698,0.0
4561522831932945920,15.0,goal_1e-11,0.0,0.026158741671426712,0.0
2208326773198648320,15.0,goal_1e-11,0.0,0.024485254101084025,0.0
6094128791359632256,15.0,goal_1e-11,0.0,0.02029818194524088,0.0
2769623267282593152,15.0,goal_1e-11,0.0,0.01686579618936365,0.0
5660807578058341120,15.0,goal_1e-11,0.0,0.013820717453385903,0.0
296496818102428544,15.0,goal_1e-11,0.0,0.018982383307620903,0.0
158752853233960704,15.0,goal_1e-11,0.0,0.00460935796448363,0.0
2259514678757235200,15.0,goal_1e-11,0.0,0.007893343929551768,0.0
4227855172121285760,15.0,goal_1e-11,0.0,0.017979212344636827,0.0
2196000977264781056,15.0,goal_1e-11,0.0,0.013782830599101485,0.0
1422765267499632640,15.0,goal_1e-11,0.0,0.013044008952898412,0.0
5351303408563334912,15.0,goal_1e-11,0.0,0.01217637439481576,0.0
1364263517961035648,15.0,goal_1e-11,0.0,0.00963215584792903,0.0
5274946414813497344,15.0,goal_1e-11,0.0,0.015970773462482466,0.0
3180960123537829760,15.0,goal_1e-11,0.0,0.022879168131774555,0.0
2757278951454094208,15.0,goal_1e-11,0.0,0.009553778261935241,0.0
2703346703520007168,15.0,goal_1e-11,0.0,0.008867461060449298,0.0
4002529127504102656,15.0,goal_1e-11,0.0,0.039394978967026435,0.0
5421588692928858752,15.0,goal_1e-11,0.0,0.006934740109435005,0.0
6050388913137070848,15.0,goal_1e-11,0.0,0.008026903742993332,0.0
4345060775182367232,15.0,goal_1e-11,0.0,0.0064733677929632825,0.0
992946106114748032,15.0,goal_1e-11,0.0,0.018201772382534735,0.0
676792841901784192,15.0,goal_1e-11,0.0,0.014266292393001838,0.0
218953691837608960,15.0,goal_1e-11,0.0,0.012116108308805823,0.0
2482368024800833024,15.0,goal_1e-11,0.0,0.017757528474648423,0.0
4609966833215963392,15.0,goal_1e-11,0.0,0.01081064855360962,0.0
6844037812175117440,15.0,goal_1e-11,0.0,0.013061363471944271,0.0
6441225886185109632,15.0,goal_1e-11,0.0,0.014799067477614138,0.0
1275271417631701504,15.0,goal_1e-11,0.0,0.01121100551841893,0.0
6490173906174556416,15.0,goal_1e-11,0.0,0.010594805451537135,0.0
5940429538445511808,15.0,goal_1e-11,0.0,0.03643941901244501,0.0
3793148372312611456,15.0,goal_1e-11,0.0,0.012735759485652441,0.0
3138662151736925568,15.0,goal_1e-11,0.0,0.008135269899135695,0.0
5976199159903812736,15.0,goal_1e-11,0.0,0.006587230444028359,0.0
1504338722359357568,15.0,goal_1e-11,0.0,0.01613566868635296,0.0
1688451325954477184,15.0,goal_1e-11,0.0,0.021169961376086815,0.0
5889045855385067136,15.0,goal_1e-11,0.0,0.007276825479863502,0.0
4081754605352170496,15.0,goal_1e-11,0.0,0.033977059187351964,0.0
2691146831736184576,15.0,goal_1e-11,0.0,0.011692796168882967,0.0
334398010409366400,15.0,goal_1e-11,0.0,0.013539500557394052,0.0
1383626089525174016,15.0,goal_1e-11,0.0,0.011437103441941576,0.0
3702063519102244480,15.0,goal_1e-11,0.0,0.03161483459759308,0.0
5423016683660491264,15.0,goal_1e-11,0.0,0.008146915669456575,0.0
2804852929801600768,15.0,goal_1e-11,0.0,0.04237731072816511,0.0
3114023912926376448,15.0,goal_1e-11,0.0,0.011844064724154765,0.0
5524591457617244928,15.0,goal_1e-11,0.0,0.009928090608450254,0.0
4060366016201160320,15.0,goal_1e-11,0.0,0.0005859930827124924,0.0
6694638847956909696,15.0,goal_1e-11,0.0,0.010280463465829887,0.0
3039556915253606144,15.0,goal_1e-11,0.0,0.022620874666960895,0.0
6237927045205600000,15.0,goal_1e-11,0.0,0.0065194885975658964,0.0
1878241773237645184,15.0,goal_1e-11,0.0,0.011183736154206064,0.0
4288946748293342080,15.0,goal_1e-11,0.0,0.09740504682508604,0.0
2337648311488015360,15.0,goal_1e-11,0.0,0.017691262981730908,0.0
4395214100433309184,15.0,goal_1e-11,0.0,0.029814440086138715,0.0
2796277112767076864,15.0,goal_1e-11,0.0,0.004330105754617886,0.0
6016504747910034432,15.0,goal_1e-11,0.0,0.00724153994530697,0.0
5166280100090122880,15.0,goal_1e-11,0.0,0.027601168780286563,0.0
1130573557111974912,15.0,goal_1e-11,0.0,0.025329054952092468,0.0
164738354017665664,15.0,goal_1e-11,0.0,0.0014544172170363647,0.0
1761771910959772032,15.0,goal_1e-11,0.0,0.011323203654248241,0.0
1329848490477856768,15.0,goal_1e-11,0.0,0.10353708015336772,0.0
3311535375672171776,15.0,goal_1e-11,0.0,0.02277578682528634,0.0
6112272348126668800,15.0,goal_1e-11,0.0,0.01647717117000316,0.0
6755038496304470144,15.0,goal_1e-11,0.0,0.013662396880627658,0.0
4283053988756001920,15.0,goal_1e-11,0.0,0.011711674749978944,0.0
2599647119044490496,15.0,goal_1e-11,0.0,0.013548456530003026,0.0
490441735713670528,15.0,goal_1e-11,0.0,0.011760486955731526,0.0
4934043968492272896,15.0,goal_1e-11,0.0,0.016987898615599954,0.0
2621100450623361280,15.0,goal_1e-11,0.0,0.07575418981749849,0.0
1851315420672845056,15.0,goal_1e-11,0.0,0.01589041770010866,0.0
5541455315986463104,15.0,goal_1e-11,0.0,0.007250337035161652,0.0
5976098417137532800,15.0,goal_1e-11,0.0,0.009487928309259437,0.0
28898090451449472,15.0,goal_1e-11,0.0,0.008839537466792589,0.0
6592347918267168128,15.0,goal_1e-11,0.0,0.018881510087919436,0.0
5887064359268864256,15.0,goal_1e-11,0.0,0.002870378973643292,0.0
6518913495153329920,15.0,goal_1e-11,0.0,0.007036888547169255,0.0
4600878063941953280,15.0,goal_1e-11,0.0,0.011728939500857889,0.0
992845122843798016,15.0,goal_1e-11,0.0,0.013237707712846459,0.0
3664521351702250752,15.0,goal_1e-11,0.0,0.04334622598079636,0.0
3711953493050429568,15.0,goal_1e-11,0.0,0.016314904431573192,0.0
5473228871432372992,15.0,goal_1e-11,0.0,0.012398737542576671,0.0
6752384069075512320,15.0,goal_1e-11,0.0,0.00976236353881686,0.0
4115513220094402048,15.0,goal_1e-11,0.0,0.005656472711866828,0.0
4602130957441446400,15.0,goal_1e-11,0.0,0.008565715095219719,0.0
377546664910219776,15.0,goal_1e-11,0.0,0.029129728574488013,0.0
4364333977066797056,15.0,goal_1e-11,0.0,0.0034793155560651555,0.0
5768315046181771904,15.0,goal_1e-11,0.0,0.008738498794072158,0.0
123580919370477952,15.0,goal_1e-11,0.0,0.008486910094039228,0.0
4366334126156046976,15.0,goal_1e-11,0.0,0.006345287096317752,0.0
4901782819863332608,15.0,goal_1e-11,0.0,0.045827640709109364,0.0
2151838817854979456,15.0,goal_1e-11,0.0,0.006904311971852332,0.0
1343460895402697600,15.0,goal_1e-11,0.0,0.025858093740405437,0.0
6136053959995638016,15.0,goal_1e-11,0.0,0.009160965576054584,0.0
2221263218985851520,15.0,goal_1e-11,0.0,0.09098295971764955,0.0095
4162186251740404608,15.0,goal_1e-11,0.0,0.029584024013751282,0.0
1678399143976755584,15.0,goal_1e-11,0.0,0.025033373440289775,0.0
2704125913666895104,15.0,goal_1e-11,0.0,0.007987448611953338,0.0
5000393997669149952,15.0,goal_1e-11,0.0,0.01732312709159924,0.0
2491206105423269504,15.0,goal_1e-11,0.0,0.03134645014814099,0.0
6274538269849968512,15.0,goal_1e-11,0.0,0.009687126895944536,0.0
707365862223681408,15.0,goal_1e-11,0.0,0.009547577656082848,0.0
4735086373076351744,15.0,goal_1e-11,0.0,0.037444467865271065,0.0
2799316059826451328,15.0,goal_1e-11,0.0,0.017343271193359325,0.0
1875970079134757760,15.0,goal_1e-11,0.0,0.010493400103270876,0.0
1783649894544856960,15.0,goal_1e-11,0.0,0.01000762292395509,0.0
2554116930949289856,15.0,goal_1e-11,0.0,0.01578032762156999,0.0
2753295523906432384,15.0,goal_1e-11,0.0,0.008561413850649622,0.0
886990809110955008,15.0,goal_1e-11,0.0,0.02042054238622848,0.0
919018036639891968,15.0,goal_1e-11,0.0,0.025175121057387288,0.0
2833555985786735232,15.0,goal_1e-11,0.0,0.022073715869630164,0.0
3023472056569280512,15.0,goal_1e-11,0.0,0.012054446194921364,0.0
868768602903736832,15.0,goal_1e-11,0.0,0.011511607889910042,0.0
5178460008866279808,15.0,goal_1e-11,0.0,0.013129424404461605,0.0
3004697238395042176,15.0,goal_1e-11,0.0,0.035311368878432364,0.0
2346247935526578688,15.0,goal_1e-11,0.0,0.011411018000249332,0.0
1933622971340170496,15.0,goal_1e-11,0.0,0.009679528209765496,0.0
1014188567684692224,15.0,goal_1e-11,0.0,0.011577961455761752,0.0
5466445022127902976,15.0,goal_1e-11,0.0,0.01178277690745699,0.0
6681692893110527232,15.0,goal_1e-11,0.0,0.013670722110207487,0.0
5185560414440293632,15.0,goal_1e-11,0.0,0.030898262727436118,0.0
5800349145690204288,15.0,goal_1e-11,0.0,0.009782498537437708,0.0
4105409399796978944,15.0,goal_1e-11,0.0,0.006098357826651742,0.0
4708692944344873216,15.0,goal_1e-11,0.0,0.008137566725707914,0.0
2027994226190382848,15.0,goal_1e-11,0.0,0.009045916360735424,0.0
2511654375999952640,15.0,goal_1e-11,0.0,0.012163397487784736,0.0
5493261389176885632,15.0,goal_1e-11,0.0,0.014570512378731509,0.0
2240388880151078528,15.0,goal_1e-11,0.0,0.010093446036505617,0.0
5658455555185799040,15.0,goal_1e-11,0.0,0.007708705365266601,0.0
5052502602489649664,15.0,goal_1e-11,0.0,0.029043430244140273,0.0
1979258613779627520,15.0,goal_1e-11,0.0,0.011781758353965006,0.0
446639254048922112,15.0,goal_1e-11,0.0,0.006467260701985172,0.0
5601915746720479104,15.0,goal_1e-11,0.0,0.012794220910056048,0.0
4776963682897871616,15.0,goal_1e-11,0.0,0.04237553211098975,0.0
3280686721529098368,15.0,goal_1e-11,0.0,0.008552287392075522,0.0
1285339370727734400,15.0,goal_1e-11,0.0,0.01529208898338663,0.0
5511484179500121088,15.0,goal_1e-11,0.0,0.011379135517799503,0.0
519978157091449088,15.0,goal_1e-11,0.0,0.005577106834086432,0.0
3855789469596668544,15.0,goal_1e-11,0.0,0.005930311226880882,0.0
572054498112591744,15.0,goal_1e-11,0.0,0.006536621313673626,0.0
357842591908022912,15.0,goal_1e-11,0.0,0.007037425011851874,0.0
5927844322167316352,15.0,goal_1e-11,0.0,0.005967366965394862,0.0
2281306105868025600,15.0,goal_1e-11,0.0,0.015533100620377912,0.0
6342743866636102528,15.0,goal_1e-11,0.0,0.007016938057807327,0.0
1690963263347609088,15.0,goal_1e-11,0.0,0.014652318075796871,0.0
1230823728796492672,15.0,goal_1e-11,0.0,0.012077945097789387,0.0
6411524297547089024,15.0,goal_1e-11,0.0,0.009507348238002205,0.0
2935813011016890752,15.0,goal_1e-11,0.0,0.009418508556982652,0.0
1510354597152530176,15.0,goal_1e-11,0.0,0.015529660745067056,0.0
263711679169833728,15.0,goal_1e-11,0.0,0.00820643851739128,0.0
2203996935067479424,15.0,goal_1e-11,0.0,0.025972520572702433,0.0
4637390027600793344,15.0,goal_1e-11,0.0,0.011288633302688901,0.0
3326809997366173568,15.0,goal_1e-11,0.0,0.01493138269674559,0.0
359891153870510208,15.0,goal_1e-11,0.0,0.04212177777139401,0.0
3194157939562713472,15.0,goal_1e-11,0.0,0.012675005719170414,0.0
5654914887224650240,15.0,goal_1e-11,0.0,0.011919809547508662,0.0
132596261882440320,15.0,goal_1e-11,0.0,0.01162630334715171,0.0
4262558915898078720,15.0,goal_1e-11,0.0,0.009483259554629248,0.0
6149021149160162176,15.0,goal_1e-11,0.0,0.006951662559779392,0.0
2811411825899219200,15.0,goal_1e-11,0.0,0.042622733704634895,0.0
1900800964403932800,15.0,goal_1e-11,0.0,0.007145548474915549,0.0
6009934130839583488,15.0,goal_1e-11,0.0,0.004954343155913794,0.0
6872322302128569344,15.0,goal_1e-11,0.0,0.008530992779772156,0.0
4548634356637185792,15.0,goal_1e-11,0.0,0.017838008551677605,0.0
6527091903161249152,15.0,goal_1e-11,0.0,0.008550119124521935,0.0
2639759162947729408,15.0,goal_1e-11,0.0,0.007919329127035132,0.0
4100927786033595648,15.0,goal_1e-11,0.0,0.0068443176802343705,0.0
5371882654157606912,15.0,goal_1e-11,0.0,0.03265790768839615,0.0
6775009922429158272,15.0,goal_1e-11,0.0,0.009234286424911666,0.0
665668979685323648,15.0,goal_1e-11,0.0,0.024545983799802912,0.0
1832230956847006592,15.0,goal_1e-11,0.0,0.06513017500220167,0.0
6284599664533612544,15.0,goal_1e-11,0.0,0.017023340907554918,0.0
4641784775576833536,15.0,goal_1e-11,0.0,0.02496487003017242,0.0
4268847611328000256,15.0,goal_1e-11,0.0,0.8228362630550606,0.063
4278176623883730176,15.0,goal_1e-11,0.0,0.005092585830895138,0.0
3267929947104804096,20.0,current_1e-9,0.0,0.011636273993420172,0.0
5642877846246495360,20.0,current_1e-9,0.0,0.010972689809435226,0.0
6603465041679231872,20.0,current_1e-9,0.0,0.0550766728336255,0.0
2046526391572691328,20.0,current_1e-9,0.0,0.019119036613408854,0.0
1016789806037687424,20.0,current_1e-9,0.0,0.05027147624033668,0.0
5679711000438989312,20.0,current_1e-9,0.0,0.005095515785174344,0.0
2995683893041962368,20.0,current_1e-9,0.0,0.018170755065414716,0.0
5953737099445742848,20.0,current_1e-9,0.0,0.012721964321432532,0.0
4615401513032729088,20.0,current_1e-9,0.0,0.017559259113800265,0.0
3004510772390701696,20.0,current_1e-9,0.0,0.024133172666208336,0.0
4069792782145982080,20.0,current_1e-9,0.0,0.030574400746066564,0.0
5814108395520777856,20.0,current_1e-9,0.0,0.02667596097674598,0.0
5962272505153840896,20.0,current_1e-9,0.0,0.0414149838923142,0.0
2149291627370030336,20.0,current_1e-9,0.0,0.010777451599619943,0.0
1323478680316848256,20.0,current_1e-9,0.0,0.018447292220024336,0.0
5260504054704228736,20.0,current_1e-9,0.0,0.04249357609461971,0.0
5841541455445538432,20.0,current_1e-9,0.0,0.014243154231336886,0.0
3867940039451965952,20.0,current_1e-9,0.0,0.0323790217217171,0.0
87878642944408960,20.0,current_1e-9,0.0,0.015625015480274257,0.0
3151482384299373696,20.0,current_1e-9,0.0,0.06450044741232218,0.0
6181044017297795968,20.0,current_1e-9,0.0,0.11589947361290384,0.0
803645216387486720,20.0,current_1e-9,0.0,0.05725367773038699,0.0
5914174364643486592,20.0,current_1e-9,0.0,0.025079560706503586,0.0
4797122403959920768,20.0,current_1e-9,0.0,0.037801132012344536,0.0
2575048093288905088,20.0,current_1e-9,0.0,0.03579856173208337,0.0
4229058961259584256,20.0,current_1e-9,0.0,0.06571052662450558,0.0
4561522831932945920,20.0,current_1e-9,0.0,0.04598879116949789,0.0
2208326773198648320,20.0,current_1e-9,0.0,0.043009394679896173,0.0
6094128791359632256,20.0,current_1e-9,0.0,0.035757271014612395,0.0
2769623267282593152,20.0,current_1e-9,0.0,0.029670459896817443,0.0
5660807578058341120,20.0,current_1e-9,0.0,0.024433887175236736,0.0
296496818102428544,20.0,current_1e-9,0.0,0.03347336528047717,0.0
158752853233960704,20.0,current_1e-9,0.0,0.008179711599152999,0.0
2259514678757235200,20.0,current_1e-9,0.0,0.01399227081188545,0.0
4227855172121285760,20.0,current_1e-9,0.0,0.03177042640553221,0.0
2196000977264781056,20.0,current_1e-9,0.0,0.02438005624795769,0.0
1422765267499632640,20.0,current_1e-9,0.0,0.023053505064577755,0.0
5351303408563334912,20.0,current_1e-9,0.0,0.02154822201444437,0.0
1364263517961035648,20.0,current_1e-9,0.0,0.017068863217115704,0.0
5274946414813497344,20.0,current_1e-9,0.0,0.028251846976080717,0.0
3180960123537829760,20.0,current_1e-9,0.0,0.040228594037247996,0.0
2757278951454094208,20.0,current_1e-9,0.0,0.016921944700866973,0.0
2703346703520007168,20.0,current_1e-9,0.0,0.015709155949978213,0.0
4002529127504102656,20.0,current_1e-9,0.0,0.06885813670837317,0.0
5421588692928858752,20.0,current_1e-9,0.0,0.012300078893169173,0.0
6050388913137070848,20.0,current_1e-9,0.0,0.014204649311598814,0.0
4345060775182367232,20.0,current_1e-9,0.0,0.011480286081761971,0.0
992946106114748032,20.0,current_1e-9,0.0,0.03216847359868188,0.0
676792841901784192,20.0,current_1e-9,0.0,0.02513852726875183,0.0
218953691837608960,20.0,current_1e-9,0.0,0.021397585939138764,0.0
2482368024800833024,20.0,current_1e-9,0.0,0.031277033888626134,0.0
4609966833215963392,20.0,current_1e-9,0.0,0.01915964482582237,0.0
6844037812175117440,20.0,current_1e-9,0.0,0.022985742781367516,0.0
6441225886185109632,20.0,current_1e-9,0.0,0.02607369806266798,0.0
1275271417631701504,20.0,current_1e-9,0.0,0.019852673016316772,0.0
6490173906174556416,20.0,current_1e-9,0.0,0.018752058315339732,0.0
5940429538445511808,20.0,current_1e-9,0.0,0.06399469758112714,0.0
3793148372312611456,20.0,current_1e-9,0.0,0.022550579891455667,0.0
3138662151736925568,20.0,current_1e-9,0.0,0.014423632680846628,0.0
5976199159903812736,20.0,current_1e-9,0.0,0.011660616716812,0.0
1504338722359357568,20.0,current_1e-9,0.0,0.028406363869579336,0.0
1688451325954477184,20.0,current_1e-9,0.0,0.03735311098188687,0.0
5889045855385067136,20.0,current_1e-9,0.0,0.012905721159806292,0.0
4081754605352170496,20.0,current_1e-9,0.0,0.05917226271017671,0.0
2691146831736184576,20.0,current_1e-9,0.0,0.020715516409814925,0.0
334398010409366400,20.0,current_1e-9,0.0,0.023863916156608836,0.0
1383626089525174016,20.0,current_1e-9,0.0,0.020218084290991038,0.0
3702063519102244480,20.0,current_1e-9,0.0,0.05537595327286299,0.0
5423016683660491264,20.0,current_1e-9,0.0,0.014442365073662889,0.0
2804852929801600768,20.0,current_1e-9,0.0,0.07426993376092696,0.0
3114023912926376448,20.0,current_1e-9,0.0,0.020882886260805898,0.0
5524591457617244928,20.0,current_1e-9,0.0,0.017585394493595287,0.0
4060366016201160320,20.0,current_1e-9,0.0,0.0010415456368577424,0.0
6694638847956909696,20.0,current_1e-9,0.0,0.018154745553628813,0.0
3039556915253606144,20.0,current_1e-9,0.0,0.039829447267185104,0.0
6237927045205600000,20.0,current_1e-9,0.0,0.01153647013586045,0.0
1878241773237645184,20.0,current_1e-9,0.0,0.0197841208679563,0.0
4288946748293342080,20.0,current_1e-9,0.0,0.16776090666750923,0.0
2337648311488015360,20.0,current_1e-9,0.0,0.03120712439582175,0.0
4395214100433309184,20.0,current_1e-9,0.0,0.052292471990914746,0.0
2796277112767076864,20.0,current_1e-9,0.0,0.007686850288836039,0.0
6016504747910034432,20.0,current_1e-9,0.0,0.012850507496245323,0.0
5166280100090122880,20.0,current_1e-9,0.0,0.04845113121997555,0.0
1130573557111974912,20.0,current_1e-9,0.0,0.04455230911009969,0.0
164738354017665664,20.0,current_1e-9,0.0,0.0025844234931557855,0.0
1761771910959772032,20.0,current_1e-9,0.0,0.020057719326780053,0.0
1329848490477856768,20.0,current_1e-9,0.0,0.17830114482828008,0.0
3311535375672171776,20.0,current_1e-9,0.0,0.03995500215327221,0.0
6112272348126668800,20.0,current_1e-9,0.0,0.02910147275312677,0.0
6755038496304470144,20.0,current_1e-9,0.0,0.024151128062161787,0.0
4283053988756001920,20.0,current_1e-9,0.0,0.020677519040010514,0.0
2599647119044490496,20.0,current_1e-9,0.0,0.023969920562574704,0.0
490441735713670528,20.0,current_1e-9,0.0,0.02076926562529333,0.0
4934043968492272896,20.0,current_1e-9,0.0,0.029846257030648304,0.0
2621100450623361280,20.0,current_1e-9,0.0,0.13054484433434702,0.0
1851315420672845056,20.0,current_1e-9,0.0,0.028111893945183934,0.0
5541455315986463104,20.0,current_1e-9,0.0,0.012857924277270404,0.0
5976098417137532800,20.0,current_1e-9,0.0,0.01680314053791102,0.0
28898090451449472,20.0,current_1e-9,0.0,0.015660528814032217,0.0
6592347918267168128,20.0,current_1e-9,0.0,0.033311356098362166,0.0
5887064359268864256,20.0,current_1e-9,0.0,0.005097055784350639,0.0
6518913495153329920,20.0,current_1e-9,0.0,0.012480143559183499,0.0
4600878063941953280,20.0,current_1e-9,0.0,0.020781895825755382,0.0
992845122843798016,20.0,current_1e-9,0.0,0.023420071939265194,0.0
3664521351702250752,20.0,current_1e-9,0.0,0.07560238857730346,0.0
3711953493050429568,20.0,current_1e-9,0.0,0.028857220232185676,0.0
5473228871432372992,20.0,current_1e-9,0.0,0.021961716419985695,0.0
6752384069075512320,20.0,current_1e-9,0.0,0.0172860590889649,0.0
4115513220094402048,20.0,current_1e-9,0.0,0.010038156722085226,0.0
4602130957441446400,20.0,current_1e-9,0.0,0.01518589323663279,0.0
377546664910219776,20.0,current_1e-9,0.0,0.051236521373128174,0.0
4364333977066797056,20.0,current_1e-9,0.0,0.006179391545424485,0.0
5768315046181771904,20.0,current_1e-9,0.0,0.015471441275714693,0.0
123580919370477952,20.0,current_1e-9,0.0,0.015049410545424916,0.0
4366334126156046976,20.0,current_1e-9,0.0,0.011242549709743947,0.0
4901782819863332608,20.0,current_1e-9,0.0,0.07954845877378432,0.0
2151838817854979456,20.0,current_1e-9,0.0,0.012248012687455286,0.0
1343460895402697600,20.0,current_1e-9,0.0,0.045220379745875124,0.0
6136053959995638016,20.0,current_1e-9,0.0,0.016232674616345328,0.0
2221263218985851520,20.0,current_1e-9,0.0,0.15239301594841334,0.0975
4162186251740404608,20.0,current_1e-9,0.0,0.05154499741368619,0.0
1678399143976755584,20.0,current_1e-9,0.0,0.04414562234772616,0.0
2704125913666895104,20.0,current_1e-9,0.0,0.014158887652064902,0.0
5000393997669149952,20.0,current_1e-9,0.0,0.03060775355061033,0.0
2491206105423269504,20.0,current_1e-9,0.0,0.05511499569698881,0.0
6274538269849968512,20.0,current_1e-9,0.0,0.017122919650995255,0.0
707365862223681408,20.0,current_1e-9,0.0,0.01689934776955505,0.0
4735086373076351744,20.0,current_1e-9,0.0,0.065307203590148,0.0
2799316059826451328,20.0,current_1e-9,0.0,0.030615857357388962,0.0
1875970079134757760,20.0,current_1e-9,0.0,0.018568957202994733,0.0
1783649894544856960,20.0,current_1e-9,0.0,0.017734262589338672,0.0
2554116930949289856,20.0,current_1e-9,0.0,0.027927118415983693,0.0
2753295523906432384,20.0,current_1e-9,0.0,0.015163282801112173,0.0
886990809110955008,20.0,current_1e-9,0.0,0.03581003785254114,0.0
919018036639891968,20.0,current_1e-9,0.0,0.044303493133951606,0.0
2833555985786735232,20.0,current_1e-9,0.0,0.03870029970807564,0.0
3023472056569280512,20.0,current_1e-9,0.0,0.02128118814947025,0.0
868768602903736832,20.0,current_1e-9,0.0,0.020361241183581673,0.0
5178460008866279808,20.0,current_1e-9,0.0,0.02323724273973058,0.0
3004697238395042176,20.0,current_1e-9,0.0,0.0613857987249636,0.0
2346247935526578688,20.0,current_1e-9,0.0,0.020139968959551453,0.0
1933622971340170496,20.0,current_1e-9,0.0,0.01715593014493933,0.0
1014188567684692224,20.0,current_1e-9,0.0,0.020463918367484582,0.0
5466445022127902976,20.0,current_1e-9,0.0,0.020849003618224258,0.0
6681692893110527232,20.0,current_1e-9,0.0,0.0241458196553397,0.0
5185560414440293632,20.0,current_1e-9,0.0,0.05437738647008473,0.0
5800349145690204288,20.0,current_1e-9,0.0,0.017309684224900784,0.0
4105409399796978944,20.0,current_1e-9,0.0,0.010821228880986493,0.0
4708692944344873216,20.0,current_1e-9,0.0,0.014427382000183446,0.0
2027994226190382848,20.0,current_1e-9,0.0,0.016027679616474343,0.0
2511654375999952640,20.0,current_1e-9,0.0,0.021539641767442747,0.0
5493261389176885632,20.0,current_1e-9,0.0,0.02577472782827929,0.0
2240388880151078528,20.0,current_1e-9,0.0,0.017793014943127367,0.0
5658455555185799040,20.0,current_1e-9,0.0,0.013654860525597824,0.0
5052502602489649664,20.0,current_1e-9,0.0,0.05109836753407317,0.0
1979258613779627520,20.0,current_1e-9,0.0,0.020805562309825006,0.0
446639254048922112,20.0,current_1e-9,0.0,0.01147000655046518,0.0
5601915746720479104,20.0,current_1e-9,0.0,0.022633871681263122,0.0
4776963682897871616,20.0,current_1e-9,0.0,0.07427595124668908,0.0
3280686721529098368,20.0,current_1e-9,0.0,0.015141608912834137,0.0
1285339370727734400,20.0,current_1e-9,0.0,0.02706340234944526,0.0
5511484179500121088,20.0,current_1e-9,0.0,0.0201612489243025,0.0
519978157091449088,20.0,current_1e-9,0.0,0.009895374015809021,0.0
3855789469596668544,20.0,current_1e-9,0.0,0.010523284668189987,0.0
572054498112591744,20.0,current_1e-9,0.0,0.011596395808789822,0.0
357842591908022912,20.0,current_1e-9,0.0,0.012478716685600022,0.0
5927844322167316352,20.0,current_1e-9,0.0,0.010591748302629364,0.0
2281306105868025600,20.0,current_1e-9,0.0,0.027484701736838323,0.0
6342743866636102528,20.0,current_1e-9,0.0,0.012440221072107202,0.0
1690963263347609088,20.0,current_1e-9,0.0,0.025875713631909766,0.0
1230823728796492672,20.0,current_1e-9,0.0,0.02137473273474029,0.0
6411524297547089024,20.0,current_1e-9,0.0,0.016804759638282162,0.0
2935813011016890752,20.0,current_1e-9,0.0,0.016693293553006243,0.0
1510354597152530176,20.0,current_1e-9,0.0,0.0274410380744211,0.0
263711679169833728,20.0,current_1e-9,0.0,0.014497437398837257,0.0
2203996935067479424,20.0,current_1e-9,0.0,0.04583513622383636,0.0
4637390027600793344,20.0,current_1e-9,0.0,0.01995278307646,0.0
3326809997366173568,20.0,current_1e-9,0.0,0.026365247839780535,0.0
359891153870510208,20.0,current_1e-9,0.0,0.07312602769138846,0.0
3194157939562713472,20.0,current_1e-9,0.0,0.022393857990009664,0.0
5654914887224650240,20.0,current_1e-9,0.0,0.021044962382129363,0.0
132596261882440320,20.0,current_1e-9,0.0,0.020564787033116642,0.0
4262558915898078720,20.0,current_1e-9,0.0,0.01676047577155298,0.0
6149021149160162176,20.0,current_1e-9,0.0,0.012328598139536844,0.0
2811411825899219200,20.0,current_1e-9,0.0,0.07365399085863153,0.0
1900800964403932800,20.0,current_1e-9,0.0,0.012672354403447012,0.0
6009934130839583488,20.0,current_1e-9,0.0,0.008778048201391872,0.0
6872322302128569344,20.0,current_1e-9,0.0,0.015110855338522466,0.0
4548634356637185792,20.0,current_1e-9,0.0,0.03144785213951764,0.0
6527091903161249152,20.0,current_1e-9,0.0,0.015148997216342058,0.0
2639759162947729408,20.0,current_1e-9,0.0,0.014045760690465061,0.0
4100927786033595648,20.0,current_1e-9,0.0,0.012106185517043701,0.0
5371882654157606912,20.0,current_1e-9,0.0,0.05719169368109521,0.0
6775009922429158272,20.0,current_1e-9,0.0,0.01631144017534094,0.0
665668979685323648,20.0,current_1e-9,0.0,0.042923348379161765,0.0
1832230956847006592,20.0,current_1e-9,0.0,0.11352833407407596,0.0
6284599664533612544,20.0,current_1e-9,0.0,0.029997573135675346,0.0
4641784775576833536,20.0,current_1e-9,0.0,0.04395104570508805,0.0
4268847611328000256,20.0,current_1e-9,0.0,1.1901016537519526,0.2905
4278176623883730176,20.0,current_1e-9,0.0,0.009036205213501704,0.0
3267929947104804096,20.0,nearterm_1e-10,0.0,0.011647363637979443,0.0
5642877846246495360,20.0,nearterm_1e-10,0.0,0.010979564940291552,0.0
6603465041679231872,20.0,nearterm_1e-10,0.0,0.05567855057063305,0.0
2046526391572691328,20.0,nearterm_1e-10,0.0,0.019180703927222566,0.0
1016789806037687424,20.0,nearterm_1e-10,0.0,0.05069470249340116,0.0
5679711000438989312,20.0,nearterm_1e-10,0.0,0.005098958601321371,0.0
2995683893041962368,20.0,nearterm_1e-10,0.0,0.018212535592670772,0.0
5953737099445742848,20.0,nearterm_1e-10,0.0,0.012751704081056988,0.0
4615401513032729088,20.0,nearterm_1e-10,0.0,0.01758400543383435,0.0
3004510772390701696,20.0,nearterm_1e-10,0.0,0.02419594726175553,0.0
4069792782145982080,20.0,nearterm_1e-10,0.0,0.030664598601915963,0.0
5814108395520777856,20.0,nearterm_1e-10,0.0,0.02676161783837882,0.0
5962272505153840896,20.0,nearterm_1e-10,0.0,0.0416963617252396,0.0
2149291627370030336,20.0,nearterm_1e-10,0.0,0.010786121426186356,0.0
1323478680316848256,20.0,nearterm_1e-10,0.0,0.018547596564129274,0.0
5260504054704228736,20.0,nearterm_1e-10,0.0,0.0427120809826835,0.0
5841541455445538432,20.0,nearterm_1e-10,0.0,0.014284847848190533,0.0
3867940039451965952,20.0,nearterm_1e-10,0.0,0.03247660602353211,0.0
87878642944408960,20.0,nearterm_1e-10,0.0,0.015645046815223985,0.0
3151482384299373696,20.0,nearterm_1e-10,0.0,0.06519690830310643,0.0
6181044017297795968,20.0,nearterm_1e-10,0.0,0.11745796559962468,0.0
803645216387486720,20.0,nearterm_1e-10,0.0,0.057555455346010725,0.0
5914174364643486592,20.0,nearterm_1e-10,0.0,0.025220512061688467,0.0
4797122403959920768,20.0,nearterm_1e-10,0.0,0.03797368916041448,0.0
2575048093288905088,20.0,nearterm_1e-10,0.0,0.03589757296930845,0.0
4229058961259584256,20.0,nearterm_1e-10,0.0,0.06646937600915206,0.0
4561522831932945920,20.0,nearterm_1e-10,0.0,0.04627539531890366,0.0
2208326773198648320,20.0,nearterm_1e-10,0.0,0.04333933295881438,0.0
6094128791359632256,20.0,nearterm_1e-10,0.0,0.035946169089245146,0.0
2769623267282593152,20.0,nearterm_1e-10,0.0,0.02989626682008621,0.0
5660807578058341120,20.0,nearterm_1e-10,0.0,0.024508823989099385,0.0
296496818102428544,20.0,nearterm_1e-10,0.0,0.03364036822416146,0.0
158752853233960704,20.0,nearterm_1e-10,0.0,0.008184121349996533,0.0
2259514678757235200,20.0,nearterm_1e-10,0.0,0.014011591653930356,0.0
4227855172121285760,20.0,nearterm_1e-10,0.0,0.03186317983656461,0.0
2196000977264781056,20.0,nearterm_1e-10,0.0,0.024438816618219387,0.0
1422765267499632640,20.0,nearterm_1e-10,0.0,0.023133148584429716,0.0
5351303408563334912,20.0,nearterm_1e-10,0.0,0.021598873103078623,0.0
1364263517961035648,20.0,nearterm_1e-10,0.0,0.017095344062274656,0.0
5274946414813497344,20.0,nearterm_1e-10,0.0,0.028297637840705422,0.0
3180960123537829760,20.0,nearterm_1e-10,0.0,0.04049368033909544,0.0
2757278951454094208,20.0,nearterm_1e-10,0.0,0.016943590612706082,0.0
2703346703520007168,20.0,nearterm_1e-10,0.0,0.015738646768006903,0.0
4002529127504102656,20.0,nearterm_1e-10,0.0,0.06952671325106986,0.0
5421588692928858752,20.0,nearterm_1e-10,0.0,0.01231325058819558,0.0
6050388913137070848,20.0,nearterm_1e-10,0.0,0.01425062680468488,0.0
4345060775182367232,20.0,nearterm_1e-10,0.0,0.011493669842659728,0.0
992946106114748032,20.0,nearterm_1e-10,0.0,0.03221998284690794,0.0
676792841901784192,20.0,nearterm_1e-10,0.0,0.02530369775266302,0.0
218953691837608960,20.0,nearterm_1e-10,0.0,0.02149067621030784,0.0
2482368024800833024,20.0,nearterm_1e-10,0.0,0.03146827398450725,0.0
4609966833215963392,20.0,nearterm_1e-10,0.0,0.019176529010062345,0.0
6844037812175117440,20.0,nearterm_1e-10,0.0,0.0231698584361326,0.0
6441225886185109632,20.0,nearterm_1e-10,0.0,0.02619612045683595,0.0
1275271417631701504,20.0,nearterm_1e-10,0.0,0.019889003908701217,0.0
6490173906174556416,20.0,nearterm_1e-10,0.0,0.018796566043913814,0.0
5940429538445511808,20.0,nearterm_1e-10,0.0,0.06437519085386124,0.0
3793148372312611456,20.0,nearterm_1e-10,0.0,0.022585068205487783,0.0
3138662151736925568,20.0,nearterm_1e-10,0.0,0.014439656567468132,0.0
5976199159903812736,20.0,nearterm_1e-10,0.0,0.011692850819677003,0.0
1504338722359357568,20.0,nearterm_1e-10,0.0,0.028594780503350247,0.0
1688451325954477184,20.0,nearterm_1e-10,0.0,0.037492792905859,0.0
5889045855385067136,20.0,nearterm_1e-10,0.0,0.012918980847254794,0.0
4081754605352170496,20.0,nearterm_1e-10,0.0,0.060040028738953054,0.0
2691146831736184576,20.0,nearterm_1e-10,0.0,0.020745175813538127,0.0
334398010409366400,20.0,nearterm_1e-10,0.0,0.024017078811606512,0.0
1383626089525174016,20.0,nearterm_1e-10,0.0,0.020280285302638645,0.0
3702063519102244480,20.0,nearterm_1e-10,0.0,0.05584132405571455,0.0
5423016683660491264,20.0,nearterm_1e-10,0.0,0.014459614972349363,0.0
2804852929801600768,20.0,nearterm_1e-10,0.0,0.07461281516425257,0.0
3114023912926376448,20.0,nearterm_1e-10,0.0,0.02101504742522847,0.0
5524591457617244928,20.0,nearterm_1e-10,0.0,0.017607288922196544,0.0
4060366016201160320,20.0,nearterm_1e-10,0.0,0.0010416450228416258,0.0
6694638847956909696,20.0,nearterm_1e-10,0.0,0.01824540029987821,0.0
3039556915253606144,20.0,nearterm_1e-10,0.0,0.04003144700341608,0.0
6237927045205600000,20.0,nearterm_1e-10,0.0,0.01156457713649438,0.0
1878241773237645184,20.0,nearterm_1e-10,0.0,0.01981981632254965,0.0
4288946748293342080,20.0,nearterm_1e-10,0.0,0.1704759605665585,0.0
2337648311488015360,20.0,nearterm_1e-10,0.0,0.031294499770409795,0.0
4395214100433309184,20.0,nearterm_1e-10,0.0,0.052708309649281755,0.0
2796277112767076864,20.0,nearterm_1e-10,0.0,0.00769172874261451,0.0
6016504747910034432,20.0,nearterm_1e-10,0.0,0.01285743579841459,0.0
5166280100090122880,20.0,nearterm_1e-10,0.0,0.04884427159574027,0.0
1130573557111974912,20.0,nearterm_1e-10,0.0,0.044810175314704194,0.0
164738354017665664,20.0,nearterm_1e-10,0.0,0.002584818241633511,0.0
1761771910959772032,20.0,nearterm_1e-10,0.0,0.020079746190740964,0.0
1329848490477856768,20.0,nearterm_1e-10,0.0,0.18076443539151962,0.0
3311535375672171776,20.0,nearterm_1e-10,0.0,0.04015470994924275,0.0
6112272348126668800,20.0,nearterm_1e-10,0.0,0.029199299866996264,0.0
6755038496304470144,20.0,nearterm_1e-10,0.0,0.024224789517808324,0.0
4283053988756001920,20.0,nearterm_1e-10,0.0,0.020762471528016024,0.0
2599647119044490496,20.0,nearterm_1e-10,0.0,0.02402702716060511,0.0
490441735713670528,20.0,nearterm_1e-10,0.0,0.020864993412493794,0.0
4934043968492272896,20.0,nearterm_1e-10,0.0,0.030109755176446727,0.0
2621100450623361280,20.0,nearterm_1e-10,0.0,0.13289262606637015,0.0
1851315420672845056,20.0,nearterm_1e-10,0.0,0.028166770491776974,0.0
5541455315986463104,20.0,nearterm_1e-10,0.0,0.012870080300041567,0.0
5976098417137532800,20.0,nearterm_1e-10,0.0,0.01683883581751051,0.0
28898090451449472,20.0,nearterm_1e-10,0.0,0.015682486088149622,0.0
6592347918267168128,20.0,nearterm_1e-10,0.0,0.033451020478240875,0.0
5887064359268864256,20.0,nearterm_1e-10,0.0,0.005100232760160045,0.0
6518913495153329920,20.0,nearterm_1e-10,0.0,0.01249148628268207,0.0
4600878063941953280,20.0,nearterm_1e-10,0.0,0.020805206183428446,0.0
992845122843798016,20.0,nearterm_1e-10,0.0,0.02346888906817601,0.0
3664521351702250752,20.0,nearterm_1e-10,0.0,0.07628479893678293,0.0
3711953493050429568,20.0,nearterm_1e-10,0.0,0.028903504307801718,0.0
5473228871432372992,20.0,nearterm_1e-10,0.0,0.02199085878056364,0.0
6752384069075512320,20.0,nearterm_1e-10,0.0,0.01732067358413561,0.0
4115513220094402048,20.0,nearterm_1e-10,0.0,0.01004525696905894,0.0
4602130957441446400,20.0,nearterm_1e-10,0.0,0.015202804019184632,0.0
377546664910219776,20.0,nearterm_1e-10,0.0,0.0514113092119283,0.0
4364333977066797056,20.0,nearterm_1e-10,0.0,0.006181184165601379,0.0
5768315046181771904,20.0,nearterm_1e-10,0.0,0.015512814865678631,0.0
123580919370477952,20.0,nearterm_1e-10,0.0,0.015065946194311756,0.0
4366334126156046976,20.0,nearterm_1e-10,0.0,0.011267307861806531,0.0
4901782819863332608,20.0,nearterm_1e-10,0.0,0.08074616757134367,0.0
2151838817854979456,20.0,nearterm_1e-10,0.0,0.012255771538100951,0.0
1343460895402697600,20.0,nearterm_1e-10,0.0,0.045782801656435154,0.0
6136053959995638016,20.0,nearterm_1e-10,0.0,0.016254961629072293,0.0
2221263218985851520,20.0,nearterm_1e-10,0.0,0.15937984182094164,0.0975
4162186251740404608,20.0,nearterm_1e-10,0.0,0.05232316148257525,0.0
1678399143976755584,20.0,nearterm_1e-10,0.0,0.044315150524901085,0.0
2704125913666895104,20.0,nearterm_1e-10,0.0,0.014173562397612208,0.0
5000393997669149952,20.0,nearterm_1e-10,0.0,0.030701972320655566,0.0
2491206105423269504,20.0,nearterm_1e-10,0.0,0.05535327428032026,0.0
6274538269849968512,20.0,nearterm_1e-10,0.0,0.017192840617350776,0.0
707365862223681408,20.0,nearterm_1e-10,0.0,0.016938903076393636,0.0
4735086373076351744,20.0,nearterm_1e-10,0.0,0.06611235022709275,0.0
2799316059826451328,20.0,nearterm_1e-10,0.0,0.03073388638200338,0.0
1875970079134757760,20.0,nearterm_1e-10,0.0,0.01862170787258059,0.0
1783649894544856960,20.0,nearterm_1e-10,0.0,0.017758263086422425,0.0
2554116930949289856,20.0,nearterm_1e-10,0.0,0.027968644860636892,0.0
2753295523906432384,20.0,nearterm_1e-10,0.0,0.01519388712562466,0.0
886990809110955008,20.0,nearterm_1e-10,0.0,0.036178220162694966,0.0
919018036639891968,20.0,nearterm_1e-10,0.0,0.04451637394884813,0.0
2833555985786735232,20.0,nearterm_1e-10,0.0,0.03907879141043889,0.0
3023472056569280512,20.0,nearterm_1e-10,0.0,0.021386993270562846,0.0
868768602903736832,20.0,nearterm_1e-10,0.0,0.02042356688304584,0.0
5178460008866279808,20.0,nearterm_1e-10,0.0,0.023285866256480995,0.0
3004697238395042176,20.0,nearterm_1e-10,0.0,0.062300637039143424,0.0
2346247935526578688,20.0,nearterm_1e-10,0.0,0.02024702700921461,0.0
1933622971340170496,20.0,nearterm_1e-10,0.0,0.0171766175268847,0.0
1014188567684692224,20.0,nearterm_1e-10,0.0,0.020535353026911934,0.0
5466445022127902976,20.0,nearterm_1e-10,0.0,0.020901878901870168,0.0
6681692893110527232,20.0,nearterm_1e-10,0.0,0.024199047129630055,0.0
5185560414440293632,20.0,nearterm_1e-10,0.0,0.05460970942028615,0.0
5800349145690204288,20.0,nearterm_1e-10,0.0,0.017359367703910892,0.0
4105409399796978944,20.0,nearterm_1e-10,0.0,0.010829120606515896,0.0
4708692944344873216,20.0,nearterm_1e-10,0.0,0.014443972850530734,0.0
2027994226190382848,20.0,nearterm_1e-10,0.0,0.016054956981789548,0.0
2511654375999952640,20.0,nearterm_1e-10,0.0,0.02157331551899928,0.0
5493261389176885632,20.0,nearterm_1e-10,0.0,0.02582766582820259,0.0
2240388880151078528,20.0,nearterm_1e-10,0.0,0.017891460807528337,0.0
5658455555185799040,20.0,nearterm_1e-10,0.0,0.013685824651300107,0.0
5052502602489649664,20.0,nearterm_1e-10,0.0,0.05135710350213698,0.0
1979258613779627520,20.0,nearterm_1e-10,0.0,0.02089787559393228,0.0
446639254048922112,20.0,nearterm_1e-10,0.0,0.011482937770878646,0.0
5601915746720479104,20.0,nearterm_1e-10,0.0,0.022694000842262297,0.0
4776963682897871616,20.0,nearterm_1e-10,0.0,0.07479838084830984,0.0
3280686721529098368,20.0,nearterm_1e-10,0.0,0.015176819153819333,0.0
1285339370727734400,20.0,nearterm_1e-10,0.0,0.027098821896123497,0.0
5511484179500121088,20.0,nearterm_1e-10,0.0,0.020186038537412066,0.0
519978157091449088,20.0,nearterm_1e-10,0.0,0.009903171031198489,0.0
3855789469596668544,20.0,nearterm_1e-10,0.0,0.010528909199599444,0.0
572054498112591744,20.0,nearterm_1e-10,0.0,0.011606471734407108,0.0
357842591908022912,20.0,nearterm_1e-10,0.0,0.012489502833518022,0.0
5927844322167316352,20.0,nearterm_1e-10,0.0,0.01059709030079573,0.0
2281306105868025600,20.0,nearterm_1e-10,0.0,0.027529914047230007,0.0
6342743866636102528,20.0,nearterm_1e-10,0.0,0.012455972019803025,0.0
1690963263347609088,20.0,nearterm_1e-10,0.0,0.025965063288066033,0.0
1230823728796492672,20.0,nearterm_1e-10,0.0,0.02142634212139699,0.0
6411524297547089024,20.0,nearterm_1e-10,0.0,0.016868873477576426,0.0
2935813011016890752,20.0,nearterm_1e-10,0.0,0.016715502991341908,0.0
1510354597152530176,20.0,nearterm_1e-10,0.0,0.027533170170366824,0.0
263711679169833728,20.0,nearterm_1e-10,0.0,0.014562841299298504,0.0
2203996935067479424,20.0,nearterm_1e-10,0.0,0.045941240145617485,0.0
4637390027600793344,20.0,nearterm_1e-10,0.0,0.02002740638472193,0.0
3326809997366173568,20.0,nearterm_1e-10,0.0,0.026471798072518055,0.0
359891153870510208,20.0,nearterm_1e-10,0.0,0.07435293891447924,0.0
3194157939562713472,20.0,nearterm_1e-10,0.0,0.02247176531139536,0.0
5654914887224650240,20.0,nearterm_1e-10,0.0,0.021109015104889897,0.0
132596261882440320,20.0,nearterm_1e-10,0.0,0.020618240306838793,0.0
4262558915898078720,20.0,nearterm_1e-10,0.0,0.016833014015314157,0.0
6149021149160162176,20.0,nearterm_1e-10,0.0,0.012342496115982754,0.0
2811411825899219200,20.0,nearterm_1e-10,0.0,0.07520917606237745,0.0
1900800964403932800,20.0,nearterm_1e-10,0.0,0.012686600547210786,0.0
6009934130839583488,20.0,nearterm_1e-10,0.0,0.008799690257284302,0.0
6872322302128569344,20.0,nearterm_1e-10,0.0,0.015143920369760623,0.0
4548634356637185792,20.0,nearterm_1e-10,0.0,0.03160756475559784,0.0
6527091903161249152,20.0,nearterm_1e-10,0.0,0.01516941093681746,0.0
2639759162947729408,20.0,nearterm_1e-10,0.0,0.014055507424965025,0.0
4100927786033595648,20.0,nearterm_1e-10,0.0,0.01215407093663961,0.0
5371882654157606912,20.0,nearterm_1e-10,0.0,0.05773563612602625,0.0
6775009922429158272,20.0,nearterm_1e-10,0.0,0.0163874070300456,0.0
665668979685323648,20.0,nearterm_1e-10,0.0,0.04339942585434554,0.0
1832230956847006592,20.0,nearterm_1e-10,0.0,0.1143350020101264,0.0
6284599664533612544,20.0,nearterm_1e-10,0.0,0.03013571691373312,0.0
4641784775576833536,20.0,nearterm_1e-10,0.0,0.04415229283039342,0.0
4268847611328000256,20.0,nearterm_1e-10,0.0,1.3319059054872489,0.2905
4278176623883730176,20.0,nearterm_1e-10,0.0,0.00904111302781974,0.0
3267929947104804096,20.0,goal_1e-11,0.0,0.011648473702636499,0.0
5642877846246495360,20.0,goal_1e-11,0.0,0.010980252928145211,0.0
6603465041679231872,20.0,goal_1e-11,0.0,0.055739208494080615,0.0
2046526391572691328,20.0,goal_1e-11,0.0,0.019186886182569016,0.0
1016789806037687424,20.0,goal_1e-11,0.0,0.05073731434463262,0.0
5679711000438989312,20.0,goal_1e-11,0.0,0.00509930309368864,0.0
2995683893041962368,20.0,goal_1e-11,0.0,0.01821672253534114,0.0
5953737099445742848,20.0,goal_1e-11,0.0,0.01275468347589522,0.0
4615401513032729088,20.0,goal_1e-11,0.0,0.01758648375124025,0.0
3004510772390701696,20.0,goal_1e-11,0.0,0.024202240702563892,0.0
4069792782145982080,20.0,goal_1e-11,0.0,0.030673645287115053,0.0
5814108395520777856,20.0,goal_1e-11,0.0,0.026770209681235436,0.0
5962272505153840896,20.0,goal_1e-11,0.0,0.041724653650906635,0.0
2149291627370030336,20.0,goal_1e-11,0.0,0.010786989146025303,0.0
1323478680316848256,20.0,goal_1e-11,0.0,0.01855764440590306,0.0
5260504054704228736,20.0,goal_1e-11,0.0,0.04273403723801968,0.0
5841541455445538432,20.0,goal_1e-11,0.0,0.0142890253260449,0.0
3867940039451965952,20.0,goal_1e-11,0.0,0.03248639422119814,0.0
87878642944408960,20.0,goal_1e-11,0.0,0.015647052636333512,0.0
3151482384299373696,20.0,goal_1e-11,0.0,0.06526712607492278,0.0
6181044017297795968,20.0,goal_1e-11,0.0,0.11761579405144358,0.0
803645216387486720,20.0,goal_1e-11,0.0,0.05758579364657219,0.0
5914174364643486592,20.0,goal_1e-11,0.0,0.02523465538441506,0.0
4797122403959920768,20.0,goal_1e-11,0.0,0.03799101863551456,0.0
2575048093288905088,20.0,goal_1e-11,0.0,0.035907502757400234,0.0
4229058961259584256,20.0,goal_1e-11,0.0,0.06654594816472024,0.0
4561522831932945920,20.0,goal_1e-11,0.0,0.04630421405678645,0.0
2208326773198648320,20.0,goal_1e-11,0.0,0.043372528021225806,0.0
6094128791359632256,20.0,goal_1e-11,0.0,0.03596514551150543,0.0
2769623267282593152,20.0,goal_1e-11,0.0,0.029918932637470554,0.0
5660807578058341120,20.0,goal_1e-11,0.0,0.024516339247901787,0.0
296496818102428544,20.0,goal_1e-11,0.0,0.033657140350669225,0.0
158752853233960704,20.0,goal_1e-11,0.0,0.008184562580667748,0.0
2259514678757235200,20.0,goal_1e-11,0.0,0.014013526410398148,0.0
4227855172121285760,20.0,goal_1e-11,0.0,0.03187248273556464,0.0
2196000977264781056,20.0,goal_1e-11,0.0,0.024444706726685923,0.0
1422765267499632640,20.0,goal_1e-11,0.0,0.02314113600251998,0.0
5351303408563334912,20.0,goal_1e-11,0.0,0.02160394973104052,0.0
1364263517961035648,20.0,goal_1e-11,0.0,0.0170979963681271,0.0
5274946414813497344,20.0,goal_1e-11,0.0,0.028302225064202644,0.0
3180960123537829760,20.0,goal_1e-11,0.0,0.04052032696802771,0.0
2757278951454094208,20.0,goal_1e-11,0.0,0.016945758109706773,0.0
2703346703520007168,20.0,goal_1e-11,0.0,0.01574160112863656,0.0
4002529127504102656,20.0,goal_1e-11,0.0,0.0695941316345494,0.0
5421588692928858752,20.0,goal_1e-11,0.0,0.012314569216359927,0.0
6050388913137070848,20.0,goal_1e-11,0.0,0.014255233644762796,0.0
4345060775182367232,20.0,goal_1e-11,0.0,0.01149500977544319,0.0
992946106114748032,20.0,goal_1e-11,0.0,0.03222514290279342,0.0
676792841901784192,20.0,goal_1e-11,0.0,0.025320264419818973,0.0
218953691837608960,20.0,goal_1e-11,0.0,0.021500012616610584,0.0
2482368024800833024,20.0,goal_1e-11,0.0,0.03148748305012438,0.0
4609966833215963392,20.0,goal_1e-11,0.0,0.019178219104759132,0.0
6844037812175117440,20.0,goal_1e-11,0.0,0.023188283424020316,0.0
6441225886185109632,20.0,goal_1e-11,0.0,0.026208403699420298,0.0
1275271417631701504,20.0,goal_1e-11,0.0,0.01989264377848606,0.0
6490173906174556416,20.0,goal_1e-11,0.0,0.01880102662446646,0.0
5940429538445511808,20.0,goal_1e-11,0.0,0.06441346734312603,0.0
3793148372312611456,20.0,goal_1e-11,0.0,0.022588522690892794,0.0
3138662151736925568,20.0,goal_1e-11,0.0,0.01444126085048732,0.0
5976199159903812736,20.0,goal_1e-11,0.0,0.011696079351710338,0.0
1504338722359357568,20.0,goal_1e-11,0.0,0.02861369358798705,0.0
1688451325954477184,20.0,goal_1e-11,0.0,0.03750681267276333,0.0
5889045855385067136,20.0,goal_1e-11,0.0,0.012920308240756176,0.0
4081754605352170496,20.0,goal_1e-11,0.0,0.060127488557522084,0.0
2691146831736184576,20.0,goal_1e-11,0.0,0.020748146329432927,0.0
334398010409366400,20.0,goal_1e-11,0.0,0.024032438466221266,0.0
1383626089525174016,20.0,goal_1e-11,0.0,0.020286521170790373,0.0
3702063519102244480,20.0,goal_1e-11,0.0,0.055888191250279655,0.0
5423016683660491264,20.0,goal_1e-11,0.0,0.014461342096060393,0.0
2804852929801600768,20.0,goal_1e-11,0.0,0.07464727273248178,0.0
3114023912926376448,20.0,goal_1e-11,0.0,0.021028285778509622,0.0
5524591457617244928,20.0,goal_1e-11,0.0,0.017609481256439824,0.0
4060366016201160320,20.0,goal_1e-11,0.0,0.0010416549624083944,0.0
6694638847956909696,20.0,goal_1e-11,0.0,0.018254483826879615,0.0
3039556915253606144,20.0,goal_1e-11,0.0,0.04005173938150956,0.0
6237927045205600000,20.0,goal_1e-11,0.0,0.011567392150505952,0.0
1878241773237645184,20.0,goal_1e-11,0.0,0.019823392442614926,0.0
4288946748293342080,20.0,goal_1e-11,0.0,0.17075178344333436,0.0
2337648311488015360,20.0,goal_1e-11,0.0,0.03130326199649306,0.0
4395214100433309184,20.0,goal_1e-11,0.0,0.052750179434726645,0.0
2796277112767076864,20.0,goal_1e-11,0.0,0.007692216914528811,0.0
6016504747910034432,20.0,goal_1e-11,0.0,0.012858129053275815,0.0
5166280100090122880,20.0,goal_1e-11,0.0,0.048883848765310704,0.0
1130573557111974912,20.0,goal_1e-11,0.0,0.0448360989534675,0.0
164738354017665664,20.0,goal_1e-11,0.0,0.002584857723103025,0.0
1761771910959772032,20.0,goal_1e-11,0.0,0.020081951537879,0.0
1329848490477856768,20.0,goal_1e-11,0.0,0.18101423382111057,0.0
3311535375672171776,20.0,goal_1e-11,0.0,0.04017476958302073,0.0
6112272348126668800,20.0,goal_1e-11,0.0,0.029209114149543275,0.0
6755038496304470144,20.0,goal_1e-11,0.0,0.024232176809058897,0.0
4283053988756001920,20.0,goal_1e-11,0.0,0.02077099088779424,0.0
2599647119044490496,20.0,goal_1e-11,0.0,0.024032751436272107,0.0
490441735713670528,20.0,goal_1e-11,0.0,0.02087459483121142,0.0
4934043968492272896,20.0,goal_1e-11,0.0,0.030136181458551518,0.0
2621100450623361280,20.0,goal_1e-11,0.0,0.13313105449250867,0.0
1851315420672845056,20.0,goal_1e-11,0.0,0.028172269677847646,0.0
5541455315986463104,20.0,goal_1e-11,0.0,0.012871297134937884,0.0
5976098417137532800,20.0,goal_1e-11,0.0,0.01684241240884118,0.0
28898090451449472,20.0,goal_1e-11,0.0,0.015684684971310224,0.0
6592347918267168128,20.0,goal_1e-11,0.0,0.033465041850957396,0.0
5887064359268864256,20.0,goal_1e-11,0.0,0.005100550647691782,0.0
6518913495153329920,20.0,goal_1e-11,0.0,0.012492621648725966,0.0
4600878063941953280,20.0,goal_1e-11,0.0,0.02080754011106056,0.0
992845122843798016,20.0,goal_1e-11,0.0,0.023473781188875543,0.0
3664521351702250752,20.0,goal_1e-11,0.0,0.07635360103727476,0.0
3711953493050429568,20.0,goal_1e-11,0.0,0.028908140912078537,0.0
5473228871432372992,20.0,goal_1e-11,0.0,0.02199377725054597,0.0
6752384069075512320,20.0,goal_1e-11,0.0,0.01732414155394582,0.0
4115513220094402048,20.0,goal_1e-11,0.0,0.01004596753112831,0.0
4602130957441446400,20.0,goal_1e-11,0.0,0.015204497103473354,0.0
377546664910219776,20.0,goal_1e-11,0.0,0.0514288515209778,0.0
4364333977066797056,20.0,goal_1e-11,0.0,0.006181363486076133,0.0
5768315046181771904,20.0,goal_1e-11,0.0,0.015516961027790066,0.0
123580919370477952,20.0,goal_1e-11,0.0,0.015067601700674811,0.0
4366334126156046976,20.0,goal_1e-11,0.0,0.011269787699168293,0.0
4901782819863332608,20.0,goal_1e-11,0.0,0.0808672402755283,0.0
2151838817854979456,20.0,goal_1e-11,0.0,0.012256547969773381,0.0
1343460895402697600,20.0,goal_1e-11,0.0,0.045839351317942964,0.0
6136053959995638016,20.0,goal_1e-11,0.0,0.01625719352335841,0.0
2221263218985851520,20.0,goal_1e-11,0.0,0.16009084521422587,0.0975
4162186251740404608,20.0,goal_1e-11,0.0,0.05240129884095813,0.0
1678399143976755584,20.0,goal_1e-11,0.0,0.04433217016191567,0.0
2704125913666895104,20.0,goal_1e-11,0.0,0.014175031486468153,0.0
5000393997669149952,20.0,goal_1e-11,0.0,0.0307114230063077,0.0
2491206105423269504,20.0,goal_1e-11,0.0,0.055377209363560026,0.0
6274538269849968512,20.0,goal_1e-11,0.0,0.01719984916656645,0.0
707365862223681408,20.0,goal_1e-11,0.0,0.016942866754727177,0.0
4735086373076351744,20.0,goal_1e-11,0.0,0.06619358780313753,0.0
2799316059826451328,20.0,goal_1e-11,0.0,0.03074573140839337,0.0
1875970079134757760,20.0,goal_1e-11,0.0,0.01862699562342238,0.0
1783649894544856960,20.0,goal_1e-11,0.0,0.017760666579516103,0.0
2554116930949289856,20.0,goal_1e-11,0.0,0.027972804301071512,0.0
2753295523906432384,20.0,goal_1e-11,0.0,0.015196953253050108,0.0
886990809110955008,20.0,goal_1e-11,0.0,0.03621517118302376,0.0
919018036639891968,20.0,goal_1e-11,0.0,0.044537761431061716,0.0
2833555985786735232,20.0,goal_1e-11,0.0,0.03911681632202895,0.0
3023472056569280512,20.0,goal_1e-11,0.0,0.021397604969328847,0.0
868768602903736832,20.0,goal_1e-11,0.0,0.020429816122841282,0.0
5178460008866279808,20.0,goal_1e-11,0.0,0.023290738993299996,0.0
3004697238395042176,20.0,goal_1e-11,0.0,0.06239280959621246,0.0
2346247935526578688,20.0,goal_1e-11,0.0,0.02025775925154977,0.0
1933622971340170496,20.0,goal_1e-11,0.0,0.0171786889534001,0.0
1014188567684692224,20.0,goal_1e-11,0.0,0.020542516276030556,0.0
5466445022127902976,20.0,goal_1e-11,0.0,0.020907178990606092,0.0
6681692893110527232,20.0,goal_1e-11,0.0,0.024204381634026908,0.0
5185560414440293632,20.0,goal_1e-11,0.0,0.05463304503580383,0.0
5800349145690204288,20.0,goal_1e-11,0.0,0.017364347557502113,0.0
4105409399796978944,20.0,goal_1e-11,0.0,0.010829910402702104,0.0
4708692944344873216,20.0,goal_1e-11,0.0,0.01444563393554463,0.0
2027994226190382848,20.0,goal_1e-11,0.0,0.016057689341684254,0.0
2511654375999952640,20.0,goal_1e-11,0.0,0.021576688485692004,0.0
5493261389176885632,20.0,goal_1e-11,0.0,0.02583297101969034,0.0
2240388880151078528,20.0,goal_1e-11,0.0,0.01790131826654865,0.0
5658455555185799040,20.0,goal_1e-11,0.0,0.013688926747635529,0.0
5052502602489649664,20.0,goal_1e-11,0.0,0.051383106665226386,0.0
1979258613779627520,20.0,goal_1e-11,0.0,0.020907132906236085,0.0
446639254048922112,20.0,goal_1e-11,0.0,0.011484232357048516,0.0
5601915746720479104,20.0,goal_1e-11,0.0,0.02270002886240017,0.0
4776963682897871616,20.0,goal_1e-11,0.0,0.07485099359897317,0.0
3280686721529098368,20.0,goal_1e-11,0.0,0.01518034701455916,0.0
1285339370727734400,20.0,goal_1e-11,0.0,0.02710236901837243,0.0
5511484179500121088,20.0,goal_1e-11,0.0,0.020188520827484416,0.0
519978157091449088,20.0,goal_1e-11,0.0,0.009903951385792333,0.0
3855789469596668544,20.0,goal_1e-11,0.0,0.010529471988721407,0.0
572054498112591744,20.0,goal_1e-11,0.0,0.011607480256826105,0.0
357842591908022912,20.0,goal_1e-11,0.0,0.01249058244243577,0.0
5927844322167316352,20.0,goal_1e-11,0.0,0.010597624803553444,0.0
2281306105868025600,20.0,goal_1e-11,0.0,0.027534443411627384,0.0
6342743866636102528,20.0,goal_1e-11,0.0,0.012457549104408766,0.0
1690963263347609088,20.0,goal_1e-11,0.0,0.02597402600232554,0.0
1230823728796492672,20.0,goal_1e-11,0.0,0.021431515167896927,0.0
6411524297547089024,20.0,goal_1e-11,0.0,0.016875299424302895,0.0
2935813011016890752,20.0,goal_1e-11,0.0,0.01671772703371738,0.0
1510354597152530176,20.0,goal_1e-11,0.0,0.02754241296539615,0.0
263711679169833728,20.0,goal_1e-11,0.0,0.014569388767281918,0.0
2203996935067479424,20.0,goal_1e-11,0.0,0.04595187765944388,0.0
4637390027600793344,20.0,goal_1e-11,0.0,0.02003488908266546,0.0
3326809997366173568,20.0,goal_1e-11,0.0,0.026482489206026492,0.0
359891153870510208,20.0,goal_1e-11,0.0,0.07447687527750088,0.0
3194157939562713472,20.0,goal_1e-11,0.0,0.022479578430538376,0.0
5654914887224650240,20.0,goal_1e-11,0.0,0.021115437119589776,0.0
132596261882440320,20.0,goal_1e-11,0.0,0.02062359816700295,0.0
4262558915898078720,20.0,goal_1e-11,0.0,0.016840284491723555,0.0
6149021149160162176,20.0,goal_1e-11,0.0,0.012343887526726906,0.0
2811411825899219200,20.0,goal_1e-11,0.0,0.07536589316347578,0.0
1900800964403932800,20.0,goal_1e-11,0.0,0.012688026809443293,0.0
6009934130839583488,20.0,goal_1e-11,0.0,0.008801856589829725,0.0
6872322302128569344,20.0,goal_1e-11,0.0,0.015147233241988115,0.0
4548634356637185792,20.0,goal_1e-11,0.0,0.031623601836958504,0.0
6527091903161249152,20.0,goal_1e-11,0.0,0.015171455107315376,0.0
2639759162947729408,20.0,goal_1e-11,0.0,0.014056482851814529,0.0
4100927786033595648,20.0,goal_1e-11,0.0,0.01215886376355671,0.0
5371882654157606912,20.0,goal_1e-11,0.0,0.057790440899628336,0.0
6775009922429158272,20.0,goal_1e-11,0.0,0.016395015221382307,0.0
665668979685323648,20.0,goal_1e-11,0.0,0.04344728475519656,0.0
1832230956847006592,20.0,goal_1e-11,0.0,0.11441627998115186,0.0
6284599664533612544,20.0,goal_1e-11,0.0,0.030149584016770634,0.0
4641784775576833536,20.0,goal_1e-11,0.0,0.04417250800083333,0.0
4268847611328000256,20.0,goal_1e-11,0.0,1.3474151325475048,0.2905
4278176623883730176,20.0,goal_1e-11,0.0,0.00904160409958819,0.0
3267929947104804096,30.0,current_1e-9,0.0,0.026063301751119386,0.0
5642877846246495360,30.0,current_1e-9,0.0,0.024597598561782525,0.0
6603465041679231872,30.0,current_1e-9,0.0,0.12075148892953079,0.0
2046526391572691328,30.0,current_1e-9,0.0,0.04261121544564931,0.0
1016789806037687424,30.0,current_1e-9,0.0,0.11060458737315863,0.0
5679711000438989312,30.0,current_1e-9,0.0,0.01143857581166626,0.0
2995683893041962368,30.0,current_1e-9,0.0,0.040568909684065485,0.0
5953737099445742848,30.0,current_1e-9,0.0,0.02844811813972912,0.0
4615401513032729088,30.0,current_1e-9,0.0,0.03926378421947835,0.0
3004510772390701696,30.0,current_1e-9,0.0,0.053750652118006684,0.0
4069792782145982080,30.0,current_1e-9,0.0,0.06795735265693077,0.0
5814108395520777856,30.0,current_1e-9,0.0,0.059399125580278614,0.0
5962272505153840896,30.0,current_1e-9,0.0,0.09135795943765779,0.0
2149291627370030336,30.0,current_1e-9,0.0,0.024129976572633674,0.0
1323478680316848256,30.0,current_1e-9,0.0,0.041047692227340664,0.0
5260504054704228736,30.0,current_1e-9,0.0,0.09392327385937416,0.0
5841541455445538432,30.0,current_1e-9,0.0,0.031818105966764106,0.0
3867940039451965952,30.0,current_1e-9,0.0,0.07188014469456777,0.0
87878642944408960,30.0,current_1e-9,0.0,0.03493701249386247,0.0
3151482384299373696,30.0,current_1e-9,0.0,0.14069801618618527,0.0
6181044017297795968,30.0,current_1e-9,0.0,0.2497004362713165,0.0
803645216387486720,30.0,current_1e-9,0.0,0.12598709097103525,0.0
5914174364643486592,30.0,current_1e-9,0.0,0.0556890853186217,0.0
4797122403959920768,30.0,current_1e-9,0.0,0.08358332638927098,0.0
2575048093288905088,30.0,current_1e-9,0.0,0.07935042357254665,0.0
4229058961259584256,30.0,current_1e-9,0.0,0.14364137782952177,0.0
4561522831932945920,30.0,current_1e-9,0.0,0.10143450855736065,0.0
2208326773198648320,30.0,current_1e-9,0.0,0.09484612713146595,0.0
6094128791359632256,30.0,current_1e-9,0.0,0.07916585377802443,0.0
2769623267282593152,30.0,current_1e-9,0.0,0.06568036310194858,0.0
5660807578058341120,30.0,current_1e-9,0.0,0.05441496514480592,0.0
296496818102428544,30.0,current_1e-9,0.0,0.07426227946881146,0.0
158752853233960704,30.0,current_1e-9,0.0,0.01833028216456913,0.0
2259514678757235200,30.0,current_1e-9,0.0,0.03130352805170088,0.0
4227855172121285760,30.0,current_1e-9,0.0,0.07064332009889307,0.0
2196000977264781056,30.0,current_1e-9,0.0,0.05431789150093314,0.0
1422765267499632640,30.0,current_1e-9,0.0,0.05133027168925632,0.0
5351303408563334912,30.0,current_1e-9,0.0,0.048062928403951634,0.0
1364263517961035648,30.0,current_1e-9,0.0,0.03816135243577209,0.0
5274946414813497344,30.0,current_1e-9,0.0,0.06287506843549734,0.0
3180960123537829760,30.0,current_1e-9,0.0,0.08880847689320617,0.0
2757278951454094208,30.0,current_1e-9,0.0,0.037771343467246504,0.0
2703346703520007168,30.0,current_1e-9,0.0,0.035112709418081624,0.0
4002529127504102656,30.0,current_1e-9,0.0,0.15043250697949606,0.0
5421588692928858752,30.0,current_1e-9,0.0,0.027547200030227866,0.0
6050388913137070848,30.0,current_1e-9,0.0,0.031726746561651614,0.003
4345060775182367232,30.0,current_1e-9,0.0,0.025706464932957827,0.0
992946106114748032,30.0,current_1e-9,0.0,0.0714193513568118,0.0
676792841901784192,30.0,current_1e-9,0.0,0.05580030047537818,0.0
218953691837608960,30.0,current_1e-9,0.0,0.04761804930450658,0.0
2482368024800833024,30.0,current_1e-9,0.0,0.06930142586143907,0.0
4609966833215963392,30.0,current_1e-9,0.0,0.04280433869268202,0.0
6844037812175117440,30.0,current_1e-9,0.0,0.050958432313841714,0.0
6441225886185109632,30.0,current_1e-9,0.0,0.05772655278520495,0.0
1275271417631701504,30.0,current_1e-9,0.0,0.04432058586865189,0.0
6490173906174556416,30.0,current_1e-9,0.0,0.041843970184944256,0.0
5940429538445511808,30.0,current_1e-9,0.0,0.1406694429114428,0.0
3793148372312611456,30.0,current_1e-9,0.0,0.05030681637204047,0.0
3138662151736925568,30.0,current_1e-9,0.0,0.03226942017876935,0.0
5976199159903812736,30.0,current_1e-9,0.0,0.02604811416017162,0.0
1504338722359357568,30.0,current_1e-9,0.0,0.06291572939581744,0.0
1688451325954477184,30.0,current_1e-9,0.0,0.08283937390448086,0.0
5889045855385067136,30.0,current_1e-9,0.0,0.028894571969232903,0.0
4081754605352170496,30.0,current_1e-9,0.0,0.1289809979363795,0.0015
2691146831736184576,30.0,current_1e-9,0.0,0.046274353582613004,0.0
334398010409366400,30.0,current_1e-9,0.0,0.05299465514225974,0.0
1383626089525174016,30.0,current_1e-9,0.0,0.04502420623334735,0.0
3702063519102244480,30.0,current_1e-9,0.0,0.12145368805236828,0.0
5423016683660491264,30.0,current_1e-9,0.0,0.032304142361021644,0.0
2804852929801600768,30.0,current_1e-9,0.0,0.1622178597942608,0.0
3114023912926376448,30.0,current_1e-9,0.0,0.04641091133410107,0.0
5524591457617244928,30.0,current_1e-9,0.0,0.03925283526293047,0.0
4060366016201160320,30.0,current_1e-9,0.0,0.0023424612373287653,0.0
6694638847956909696,30.0,current_1e-9,0.0,0.04043484784968506,0.0
3039556915253606144,30.0,current_1e-9,0.0,0.0880448896852029,0.0
6237927045205600000,30.0,current_1e-9,0.0,0.02573950475954068,0.0
1878241773237645184,30.0,current_1e-9,0.0,0.044066954664686256,0.0
4288946748293342080,30.0,current_1e-9,0.0,0.3569735672200735,0.0
2337648311488015360,30.0,current_1e-9,0.0,0.06910804160074772,0.0
4395214100433309184,30.0,current_1e-9,0.0,0.11494714250006347,0.0
2796277112767076864,30.0,current_1e-9,0.0,0.017243842224365268,0.0
6016504747910034432,30.0,current_1e-9,0.0,0.028792661808492957,0.0
5166280100090122880,30.0,current_1e-9,0.0,0.10673226887827769,0.0
1130573557111974912,30.0,current_1e-9,0.0,0.09832821677448852,0.0
164738354017665664,30.0,current_1e-9,0.0,0.005808791504080444,0.0
1761771910959772032,30.0,current_1e-9,0.0,0.044764136927025834,0.0
1329848490477856768,30.0,current_1e-9,0.0,0.3785255925659073,0.0005
3311535375672171776,30.0,current_1e-9,0.0,0.08771511645924335,0.0
6112272348126668800,30.0,current_1e-9,0.0,0.064670178106601,0.0
6755038496304470144,30.0,current_1e-9,0.0,0.05376734085205865,0.0
4283053988756001920,30.0,current_1e-9,0.0,0.04597547579793746,0.0
2599647119044490496,30.0,current_1e-9,0.0,0.053426718971921264,0.0
490441735713670528,30.0,current_1e-9,0.0,0.04623527375738061,0.0
4934043968492272896,30.0,current_1e-9,0.0,0.06596585097298661,0.0
2621100450623361280,30.0,current_1e-9,0.0,0.2788900878439435,0.001
1851315420672845056,30.0,current_1e-9,0.0,0.06260554035080758,0.0
5541455315986463104,30.0,current_1e-9,0.0,0.02877882868064351,0.0
5976098417137532800,30.0,current_1e-9,0.0,0.03754107201921933,0.0
28898090451449472,30.0,current_1e-9,0.0,0.03498470648940653,0.0
6592347918267168128,30.0,current_1e-9,0.0,0.0739073162197495,0.0
5887064359268864256,30.0,current_1e-9,0.0,0.011443624470986888,0.0
6518913495153329920,30.0,current_1e-9,0.0,0.02793662270103502,0.0
4600878063941953280,30.0,current_1e-9,0.0,0.04641446112232113,0.0
992845122843798016,30.0,current_1e-9,0.0,0.05217833137497806,0.0
3664521351702250752,30.0,current_1e-9,0.0,0.16432928753326126,0.0
3711953493050429568,30.0,current_1e-9,0.0,0.06421486689231819,0.0
5473228871432372992,30.0,current_1e-9,0.0,0.04902288077700054,0.0
6752384069075512320,30.0,current_1e-9,0.0,0.03859473288759274,0.0
4115513220094402048,30.0,current_1e-9,0.0,0.022500735429299396,0.0
4602130957441446400,30.0,current_1e-9,0.0,0.033969634975481104,0.0
377546664910219776,30.0,current_1e-9,0.0,0.1127911208248497,0.0
4364333977066797056,30.0,current_1e-9,0.0,0.01387208444990962,0.0
5768315046181771904,30.0,current_1e-9,0.0,0.034570115327772724,0.0
123580919370477952,30.0,current_1e-9,0.0,0.033682622583629106,0.0
4366334126156046976,30.0,current_1e-9,0.0,0.0251524010019451,0.0
4901782819863332608,30.0,current_1e-9,0.0,0.17220107702886867,0.0015
2151838817854979456,30.0,current_1e-9,0.0,0.027422813308805805,0.0
1343460895402697600,30.0,current_1e-9,0.0,0.0992788055301576,0.0005
6136053959995638016,30.0,current_1e-9,0.0,0.03627519722220663,0.0
2221263218985851520,30.0,current_1e-9,0.0,0.3151561088045867,0.5125
4162186251740404608,30.0,current_1e-9,0.0,0.11254050054524242,0.0285
1678399143976755584,30.0,current_1e-9,0.0,0.09777134307216698,0.0
2704125913666895104,30.0,current_1e-9,0.0,0.031658989824123324,0.0
5000393997669149952,30.0,current_1e-9,0.0,0.0680568108719946,0.0
2491206105423269504,30.0,current_1e-9,0.0,0.12130965128805017,0.0
6274538269849968512,30.0,current_1e-9,0.0,0.0381776814034453,0.0
707365862223681408,30.0,current_1e-9,0.0,0.03771404544296885,0.0
4735086373076351744,30.0,current_1e-9,0.0,0.14244948435974536,0.0
2799316059826451328,30.0,current_1e-9,0.0,0.06799933734750228,0.0
1875970079134757760,30.0,current_1e-9,0.0,0.04144438764558864,0.0
1783649894544856960,30.0,current_1e-9,0.0,0.03963653909034006,0.0
2554116930949289856,30.0,current_1e-9,0.0,0.06220780901036063,0.0
2753295523906432384,30.0,current_1e-9,0.0,0.0338793749949768,0.0
886990809110955008,30.0,current_1e-9,0.0,0.07893117548669605,0.0
919018036639891968,30.0,current_1e-9,0.0,0.0977854630548688,0.0
2833555985786735232,30.0,current_1e-9,0.0,0.08520121273334491,0.0005
3023472056569280512,30.0,current_1e-9,0.0,0.04735905041562861,0.0
868768602903736832,30.0,current_1e-9,0.0,0.04540348752104969,0.0
5178460008866279808,30.0,current_1e-9,0.0,0.05182225563323445,0.0
3004697238395042176,30.0,current_1e-9,0.0,0.13341317382810958,0.001
2346247935526578688,30.0,current_1e-9,0.0,0.04481229731837623,0.0
1933622971340170496,30.0,current_1e-9,0.0,0.038353304422023074,0.0
1014188567684692224,30.0,current_1e-9,0.0,0.04557929587573598,0.0
5466445022127902976,30.0,current_1e-9,0.0,0.04650080520964803,0.0
6681692893110527232,30.0,current_1e-9,0.0,0.05359583225911289,0.0
5185560414440293632,30.0,current_1e-9,0.0,0.11988391927462186,0.0
5800349145690204288,30.0,current_1e-9,0.0,0.03862890674460628,0.0
4105409399796978944,30.0,current_1e-9,0.0,0.0242499467722364,0.0
4708692944344873216,30.0,current_1e-9,0.0,0.03227795762223698,0.0
2027994226190382848,30.0,current_1e-9,0.0,0.035828491871195155,0.0
2511654375999952640,30.0,current_1e-9,0.0,0.04806829930393026,0.0
5493261389176885632,30.0,current_1e-9,0.0,0.057399758467661266,0.0
2240388880151078528,30.0,current_1e-9,0.0,0.03949225426911893,0.0
5658455555185799040,30.0,current_1e-9,0.0,0.030531737659636172,0.0
5052502602489649664,30.0,current_1e-9,0.0,0.11270936418202616,0.0
1979258613779627520,30.0,current_1e-9,0.0,0.04629709691179335,0.0
446639254048922112,30.0,current_1e-9,0.0,0.025685046780302697,0.0
5601915746720479104,30.0,current_1e-9,0.0,0.050461871964772004,0.0
4776963682897871616,30.0,current_1e-9,0.0,0.16272945400761216,0.0
3280686721529098368,30.0,current_1e-9,0.0,0.03381402956430017,0.0
1285339370727734400,30.0,current_1e-9,0.0,0.060275291521794054,0.0
5511484179500121088,30.0,current_1e-9,0.0,0.045031060973542994,0.0
519978157091449088,30.0,current_1e-9,0.0,0.02217191781406329,0.0
3855789469596668544,30.0,current_1e-9,0.0,0.023576700150753766,0.0
572054498112591744,30.0,current_1e-9,0.0,0.0259776113880419,0.0
357842591908022912,30.0,current_1e-9,0.0,0.027918150511218074,0.0
5927844322167316352,30.0,current_1e-9,0.0,0.023745011038240133,0.0
2281306105868025600,30.0,current_1e-9,0.0,0.06121000976682305,0.0
6342743866636102528,30.0,current_1e-9,0.0,0.027835587895418745,0.0
1690963263347609088,30.0,current_1e-9,0.0,0.057499333928858594,0.0
1230823728796492672,30.0,current_1e-9,0.0,0.04768396415060729,0.0
6411524297547089024,30.0,current_1e-9,0.0,0.03745139945939557,0.0
2935813011016890752,30.0,current_1e-9,0.0,0.03732667619126727,0.0
1510354597152530176,30.0,current_1e-9,0.0,0.06105460274014463,0.0
263711679169833728,30.0,current_1e-9,0.0,0.03229926778491603,0.0
2203996935067479424,30.0,current_1e-9,0.0,0.10147231574576775,0.0
4637390027600793344,30.0,current_1e-9,0.0,0.04445777932812598,0.0
3326809997366173568,30.0,current_1e-9,0.0,0.05861597713763481,0.0
359891153870510208,30.0,current_1e-9,0.0,0.15861432834634895,0.002
3194157939562713472,30.0,current_1e-9,0.0,0.04982205083169132,0.0
5654914887224650240,30.0,current_1e-9,0.0,0.046737367223947814,0.0
132596261882440320,30.0,current_1e-9,0.0,0.04583047274707595,0.0
4262558915898078720,30.0,current_1e-9,0.0,0.03737155794221722,0.0
6149021149160162176,30.0,current_1e-9,0.0,0.027604513871904362,0.0
2811411825899219200,30.0,current_1e-9,0.0,0.15888653153937185,0.0315
1900800964403932800,30.0,current_1e-9,0.0,0.028373244923751702,0.0
6009934130839583488,30.0,current_1e-9,0.0,0.01964708816754021,0.0
6872322302128569344,30.0,current_1e-9,0.0,0.033778986203419646,0.0
4548634356637185792,30.0,current_1e-9,0.0,0.06973846970065824,0.0
6527091903161249152,30.0,current_1e-9,0.0,0.03384650670956823,0.0
2639759162947729408,30.0,current_1e-9,0.0,0.03143286550797024,0.0
4100927786033595648,30.0,current_1e-9,0.0,0.027036397540753553,0.0
5371882654157606912,30.0,current_1e-9,0.0,0.12549162770093455,0.0
6775009922429158272,30.0,current_1e-9,0.0,0.03633607323058753,0.0
665668979685323648,30.0,current_1e-9,0.0,0.09409619518650063,0.0
1832230956847006592,30.0,current_1e-9,0.0,0.2455815948894531,0.0
6284599664533612544,30.0,current_1e-9,0.0,0.06642172249891536,0.0
4641784775576833536,30.0,current_1e-9,0.0,0.09707148220611238,0.0
4268847611328000256,30.0,current_1e-9,0.0,2.0701222980583216,0.7065
4278176623883730176,30.0,current_1e-9,0.0,0.020242262476482246,0.0
3267929947104804096,30.0,nearterm_1e-10,0.0,0.026118831858228893,0.0
5642877846246495360,30.0,nearterm_1e-10,0.0,0.024632078126278236,0.0
6603465041679231872,30.0,nearterm_1e-10,0.0,0.12366810330114437,0.0
2046526391572691328,30.0,nearterm_1e-10,0.0,0.042917729695116834,0.0
1016789806037687424,30.0,nearterm_1e-10,0.0,0.11265979411448812,0.0
5679711000438989312,30.0,nearterm_1e-10,0.0,0.011455919535982257,0.0
2995683893041962368,30.0,nearterm_1e-10,0.0,0.040776956455317044,0.0
5953737099445742848,30.0,nearterm_1e-10,0.0,0.028596983188695174,0.0
4615401513032729088,30.0,nearterm_1e-10,0.0,0.039387222656478156,0.0
3004510772390701696,30.0,nearterm_1e-10,0.0,0.05406125258758335,0.0
4069792782145982080,30.0,nearterm_1e-10,0.0,0.06840129131393297,0.0
5814108395520777856,30.0,nearterm_1e-10,0.0,0.05982328920476461,0.0
5962272505153840896,30.0,nearterm_1e-10,0.0,0.09272927044590888,0.0
2149291627370030336,30.0,nearterm_1e-10,0.0,0.024173327501452506,0.0
1323478680316848256,30.0,nearterm_1e-10,0.0,0.041548854494595215,0.0
5260504054704228736,30.0,nearterm_1e-10,0.0,0.0949882404814617,0.0
5841541455445538432,30.0,nearterm_1e-10,0.0,0.032026656344032706,0.0
3867940039451965952,30.0,nearterm_1e-10,0.0,0.07235898764707355,0.0
87878642944408960,30.0,nearterm_1e-10,0.0,0.03503690880292242,0.0
3151482384299373696,30.0,nearterm_1e-10,0.0,0.1440270523002818,0.0
6181044017297795968,30.0,nearterm_1e-10,0.0,0.256901594135219,0.0
803645216387486720,30.0,nearterm_1e-10,0.0,0.1274402506553043,0.0
5914174364643486592,30.0,nearterm_1e-10,0.0,0.056387790083132355,0.0
4797122403959920768,30.0,nearterm_1e-10,0.0,0.08442487277505674,0.0
2575048093288905088,30.0,nearterm_1e-10,0.0,0.07983395630446674,0.0
4229058961259584256,30.0,nearterm_1e-10,0.0,0.147289490553614,0.0
4561522831932945920,30.0,nearterm_1e-10,0.0,0.10282754212187682,0.0
2208326773198648320,30.0,nearterm_1e-10,0.0,0.09645604193276792,0.0
6094128791359632256,30.0,nearterm_1e-10,0.0,0.08009187765628073,0.0
2769623267282593152,30.0,nearterm_1e-10,0.0,0.06679785015275497,0.0
5660807578058341120,30.0,nearterm_1e-10,0.0,0.054786100390247935,0.0
296496818102428544,30.0,nearterm_1e-10,0.0,0.07508477716107163,0.0
158752853233960704,30.0,nearterm_1e-10,0.0,0.01835237920223084,0.0
2259514678757235200,30.0,nearterm_1e-10,0.0,0.03140005717335264,0.0
4227855172121285760,30.0,nearterm_1e-10,0.0,0.07110023651228982,0.0
2196000977264781056,30.0,nearterm_1e-10,0.0,0.05460873416285972,0.0
1422765267499632640,30.0,nearterm_1e-10,0.0,0.05172510551292876,0.0
5351303408563334912,30.0,nearterm_1e-10,0.0,0.04831444136468615,0.0
1364263517961035648,30.0,nearterm_1e-10,0.0,0.03829344122796277,0.0
5274946414813497344,30.0,nearterm_1e-10,0.0,0.06310050870772842,0.0
3180960123537829760,30.0,nearterm_1e-10,0.0,0.09010264435691413,0.0
2757278951454094208,30.0,nearterm_1e-10,0.0,0.037878771176430966,0.0
2703346703520007168,30.0,nearterm_1e-10,0.0,0.035259867603558176,0.0
4002529127504102656,30.0,nearterm_1e-10,0.0,0.15362404316286746,0.0
5421588692928858752,30.0,nearterm_1e-10,0.0,0.027613156154354734,0.0
6050388913137070848,30.0,nearterm_1e-10,0.0,0.031956883949484635,0.003
4345060775182367232,30.0,nearterm_1e-10,0.0,0.025773469473630232,0.0
992946106114748032,30.0,nearterm_1e-10,0.0,0.07167127087710486,0.0
676792841901784192,30.0,nearterm_1e-10,0.0,0.056621778846900964,0.0
218953691837608960,30.0,nearterm_1e-10,0.0,0.04808053765701922,0.0
2482368024800833024,30.0,nearterm_1e-10,0.0,0.07024401751375589,0.0
4609966833215963392,30.0,nearterm_1e-10,0.0,0.04288823326995346,0.0
6844037812175117440,30.0,nearterm_1e-10,0.0,0.05187901308180663,0.0
6441225886185109632,30.0,nearterm_1e-10,0.0,0.05832751506931551,0.0
1275271417631701504,30.0,nearterm_1e-10,0.0,0.044501179431696895,0.0
6490173906174556416,30.0,nearterm_1e-10,0.0,0.04206529439799198,0.0
5940429538445511808,30.0,nearterm_1e-10,0.0,0.1424959067724486,0.0
3793148372312611456,30.0,nearterm_1e-10,0.0,0.05047774894937336,0.0
3138662151736925568,30.0,nearterm_1e-10,0.0,0.03234941839517944,0.0
5976199159903812736,30.0,nearterm_1e-10,0.0,0.026209340282717715,0.0
1504338722359357568,30.0,nearterm_1e-10,0.0,0.06384649931390667,0.0
1688451325954477184,30.0,nearterm_1e-10,0.0,0.08352385614128602,0.0
5889045855385067136,30.0,nearterm_1e-10,0.0,0.028960899018345997,0.0
4081754605352170496,30.0,nearterm_1e-10,0.0,0.1331774972578565,0.0015
2691146831736184576,30.0,nearterm_1e-10,0.0,0.04642185856504905,0.0
334398010409366400,30.0,nearterm_1e-10,0.0,0.05375715570244914,0.0
1383626089525174016,30.0,nearterm_1e-10,0.0,0.04533258762453423,0.0
3702063519102244480,30.0,nearterm_1e-10,0.0,0.12369723724396557,0.0
5423016683660491264,30.0,nearterm_1e-10,0.0,0.032390228706427056,0.0
2804852929801600768,30.0,nearterm_1e-10,0.0,0.16383299427990233,0.0
3114023912926376448,30.0,nearterm_1e-10,0.0,0.047071231686166094,0.0
5524591457617244928,30.0,nearterm_1e-10,0.0,0.03936148996887455,0.0
4060366016201160320,30.0,nearterm_1e-10,0.0,0.002342963856563391,0.0
6694638847956909696,30.0,nearterm_1e-10,0.0,0.040888033588830704,0.0
3039556915253606144,30.0,nearterm_1e-10,0.0,0.08903008809252447,0.0
6237927045205600000,30.0,nearterm_1e-10,0.0,0.025879573718502493,0.0
1878241773237645184,30.0,nearterm_1e-10,0.0,0.04424352191770457,0.0
4288946748293342080,30.0,nearterm_1e-10,0.0,0.3691464711395869,0.0
2337648311488015360,30.0,nearterm_1e-10,0.0,0.06953440174263602,0.0
4395214100433309184,30.0,nearterm_1e-10,0.0,0.11695860630916952,0.0
2796277112767076864,30.0,nearterm_1e-10,0.0,0.017268361563159675,0.0
6016504747910034432,30.0,nearterm_1e-10,0.0,0.02882734751891712,0.0
5166280100090122880,30.0,nearterm_1e-10,0.0,0.10864583934796414,0.0
1130573557111974912,30.0,nearterm_1e-10,0.0,0.0995821225308319,0.0
164738354017665664,30.0,nearterm_1e-10,0.0,0.005810784392661459,0.0
1761771910959772032,30.0,nearterm_1e-10,0.0,0.04487331792550559,0.0
1329848490477856768,30.0,nearterm_1e-10,0.0,0.38947067829903215,0.0005
3311535375672171776,30.0,nearterm_1e-10,0.0,0.08867796446698498,0.0
6112272348126668800,30.0,nearterm_1e-10,0.0,0.0651520196466425,0.0
6755038496304470144,30.0,nearterm_1e-10,0.0,0.05413180487663995,0.0
4283053988756001920,30.0,nearterm_1e-10,0.0,0.04639651168175378,0.0
2599647119044490496,30.0,nearterm_1e-10,0.0,0.05370966277627466,0.0
490441735713670528,30.0,nearterm_1e-10,0.0,0.04671171495441905,0.0
4934043968492272896,30.0,nearterm_1e-10,0.0,0.06727194706734062,0.0
2621100450623361280,30.0,nearterm_1e-10,0.0,0.2896344254994433,0.001
1851315420672845056,30.0,nearterm_1e-10,0.0,0.06287639226668207,0.0
5541455315986463104,30.0,nearterm_1e-10,0.0,0.028839568325744913,0.0
5976098417137532800,30.0,nearterm_1e-10,0.0,0.03771907857659992,0.0
28898090451449472,30.0,nearterm_1e-10,0.0,0.03509397622345851,0.0
6592347918267168128,30.0,nearterm_1e-10,0.0,0.07459361453264893,0.0
5887064359268864256,30.0,nearterm_1e-10,0.0,0.011459632320614617,0.0
6518913495153329920,30.0,nearterm_1e-10,0.0,0.027993317096200433,0.0
4600878063941953280,30.0,nearterm_1e-10,0.0,0.04653024846070618,0.0
992845122843798016,30.0,nearterm_1e-10,0.0,0.05241974628290849,0.0
3664521351702250752,30.0,nearterm_1e-10,0.0,0.16754562458336084,0.0
3711953493050429568,30.0,nearterm_1e-10,0.0,0.06444281142434495,0.0
5473228871432372992,30.0,nearterm_1e-10,0.0,0.04916747451012638,0.0
6752384069075512320,30.0,nearterm_1e-10,0.0,0.038766982384023534,0.0
4115513220094402048,30.0,nearterm_1e-10,0.0,0.022536344274918782,0.0
4602130957441446400,30.0,nearterm_1e-10,0.0,0.034054026416559594,0.0
377546664910219776,30.0,nearterm_1e-10,0.0,0.11363201462244692,0.0
4364333977066797056,30.0,nearterm_1e-10,0.0,0.013881105007169065,0.0
5768315046181771904,30.0,nearterm_1e-10,0.0,0.03477693342541103,0.0
123580919370477952,30.0,nearterm_1e-10,0.0,0.033765262612206186,0.0
4366334126156046976,30.0,nearterm_1e-10,0.0,0.02527647726628183,0.0
4901782819863332608,30.0,nearterm_1e-10,0.0,0.17787229024047296,0.0015
2151838817854979456,30.0,nearterm_1e-10,0.0,0.027461589254637184,0.0
1343460895402697600,30.0,nearterm_1e-10,0.0,0.10204078210357483,0.0005
6136053959995638016,30.0,nearterm_1e-10,0.0,0.036386180089841874,0.0
2221263218985851520,30.0,nearterm_1e-10,0.0,0.34719183696059563,0.5125
4162186251740404608,30.0,nearterm_1e-10,0.0,0.11634931074220142,0.0285
1678399143976755584,30.0,nearterm_1e-10,0.0,0.09859868708653462,0.0
2704125913666895104,30.0,nearterm_1e-10,0.0,0.03173213460654442,0.0
5000393997669149952,30.0,nearterm_1e-10,0.0,0.068521188693838,0.0
2491206105423269504,30.0,nearterm_1e-10,0.0,0.1224559258625476,0.0
6274538269849968512,30.0,nearterm_1e-10,0.0,0.038526865742266464,0.0
707365862223681408,30.0,nearterm_1e-10,0.0,0.03791084971217388,0.0
4735086373076351744,30.0,nearterm_1e-10,0.0,0.14631229996176748,0.0
2799316059826451328,30.0,nearterm_1e-10,0.0,0.06858066781118213,0.0
1875970079134757760,30.0,nearterm_1e-10,0.0,0.0417072696849812,0.0
1783649894544856960,30.0,nearterm_1e-10,0.0,0.03975608051277912,0.0
2554116930949289856,30.0,nearterm_1e-10,0.0,0.06241266697051029,0.0
2753295523906432384,30.0,nearterm_1e-10,0.0,0.034032011721431076,0.0
886990809110955008,30.0,nearterm_1e-10,0.0,0.0807500152111029,0.0
919018036639891968,30.0,nearterm_1e-10,0.0,0.0988187729723918,0.0
2833555985786735232,30.0,nearterm_1e-10,0.0,0.08705898972264453,0.0005
3023472056569280512,30.0,nearterm_1e-10,0.0,0.04788593202492142,0.0
868768602903736832,30.0,nearterm_1e-10,0.0,0.045713426370346526,0.0
5178460008866279808,30.0,nearterm_1e-10,0.0,0.0520633741933962,0.0
3004697238395042176,30.0,nearterm_1e-10,0.0,0.13782351138370455,0.001
2346247935526578688,30.0,nearterm_1e-10,0.0,0.04534628544608622,0.0
1933622971340170496,30.0,nearterm_1e-10,0.0,0.038456374840419597,0.0
1014188567684692224,30.0,nearterm_1e-10,0.0,0.045933990778591775,0.0
5466445022127902976,30.0,nearterm_1e-10,0.0,0.04676347052025494,0.0
6681692893110527232,30.0,nearterm_1e-10,0.0,0.05385685347207329,0.0
5185560414440293632,30.0,nearterm_1e-10,0.0,0.12100432236302416,0.0
5800349145690204288,30.0,nearterm_1e-10,0.0,0.038876496775284965,0.0
4105409399796978944,30.0,nearterm_1e-10,0.0,0.024289497328248602,0.0
4708692944344873216,30.0,nearterm_1e-10,0.0,0.032360798147735605,0.0
2027994226190382848,30.0,nearterm_1e-10,0.0,0.035964564518790466,0.0
2511654375999952640,30.0,nearterm_1e-10,0.0,0.04823536701692265,0.0
5493261389176885632,30.0,nearterm_1e-10,0.0,0.057661157202877726,0.0
2240388880151078528,30.0,nearterm_1e-10,0.0,0.03998171020789759,0.0
5658455555185799040,30.0,nearterm_1e-10,0.0,0.03068664542026027,0.0
5052502602489649664,30.0,nearterm_1e-10,0.0,0.11396180956336854,0.0
1979258613779627520,30.0,nearterm_1e-10,0.0,0.046755845061815425,0.0
446639254048922112,30.0,nearterm_1e-10,0.0,0.02574978878450406,0.0
5601915746720479104,30.0,nearterm_1e-10,0.0,0.05076030281583701,0.0
4776963682897871616,30.0,nearterm_1e-10,0.0,0.16521970554685875,0.0
3280686721529098368,30.0,nearterm_1e-10,0.0,0.03398957091257593,0.0
1285339370727734400,30.0,nearterm_1e-10,0.0,0.06044993974113004,0.0
5511484179500121088,30.0,nearterm_1e-10,0.0,0.04515425250743997,0.0
519978157091449088,30.0,nearterm_1e-10,0.0,0.022210985765904512,0.0
3855789469596668544,30.0,nearterm_1e-10,0.0,0.02360485713565402,0.0
572054498112591744,30.0,nearterm_1e-10,0.0,0.02602807370683828,0.0
357842591908022912,30.0,nearterm_1e-10,0.0,0.02797198047183398,0.0
5927844322167316352,30.0,nearterm_1e-10,0.0,0.02377179788303266,0.0
2281306105868025600,30.0,nearterm_1e-10,0.0,0.06143302685853402,0.0
6342743866636102528,30.0,nearterm_1e-10,0.0,0.027914296526445774,0.0
1690963263347609088,30.0,nearterm_1e-10,0.0,0.057939758662416393,0.0
1230823728796492672,30.0,nearterm_1e-10,0.0,0.04794037622736644,0.0
6411524297547089024,30.0,nearterm_1e-10,0.0,0.03777090548188077,0.0
2935813011016890752,30.0,nearterm_1e-10,0.0,0.03743743605533149,0.0
1510354597152530176,30.0,nearterm_1e-10,0.0,0.06150992264083928,0.0
263711679169833728,30.0,nearterm_1e-10,0.0,0.03262643493632725,0.0
2203996935067479424,30.0,nearterm_1e-10,0.0,0.10198762133597279,0.0
4637390027600793344,30.0,nearterm_1e-10,0.0,0.0448290398103544,0.0
3326809997366173568,30.0,nearterm_1e-10,0.0,0.059142740534949695,0.0
359891153870510208,30.0,nearterm_1e-10,0.0,0.1644885968562377,0.002
3194157939562713472,30.0,nearterm_1e-10,0.0,0.050207535435356894,0.0
5654914887224650240,30.0,nearterm_1e-10,0.0,0.047053034218718835,0.0
132596261882440320,30.0,nearterm_1e-10,0.0,0.04609554191102118,0.0
4262558915898078720,30.0,nearterm_1e-10,0.0,0.03773425299632406,0.0
6149021149160162176,30.0,nearterm_1e-10,0.0,0.027674069790997815,0.0
2811411825899219200,30.0,nearterm_1e-10,0.0,0.16636945078332208,0.0315
1900800964403932800,30.0,nearterm_1e-10,0.0,0.028444533631911264,0.0
6009934130839583488,30.0,nearterm_1e-10,0.0,0.019755900020971006,0.0
6872322302128569344,30.0,nearterm_1e-10,0.0,0.033944203837439735,0.0
4548634356637185792,30.0,nearterm_1e-10,0.0,0.0705247539929478,0.0
6527091903161249152,30.0,nearterm_1e-10,0.0,0.03394812377736022,0.0
2639759162947729408,30.0,nearterm_1e-10,0.0,0.03148151191407011,0.0
4100927786033595648,30.0,nearterm_1e-10,0.0,0.027277066490549125,0.0
5371882654157606912,30.0,nearterm_1e-10,0.0,0.12812092139328574,0.0
6775009922429158272,30.0,nearterm_1e-10,0.0,0.03671582771629745,0.0
665668979685323648,30.0,nearterm_1e-10,0.0,0.09641762950781134,0.0
1832230956847006592,30.0,nearterm_1e-10,0.0,0.24929897668056658,0.0
6284599664533612544,30.0,nearterm_1e-10,0.0,0.06709898206718504,0.0
4641784775576833536,30.0,nearterm_1e-10,0.0,0.09804945505102348,0.0
4268847611328000256,30.0,nearterm_1e-10,0.0,2.510312336151696,0.7065
4278176623883730176,30.0,nearterm_1e-10,0.0,0.020266824382329147,0.0
3267929947104804096,30.0,goal_1e-11,0.0,0.026124397142535085,0.0
5642877846246495360,30.0,goal_1e-11,0.0,0.024635531395269524,0.0
6603465041679231872,30.0,goal_1e-11,0.0,0.12396470272452113,0.0
2046526391572691328,30.0,goal_1e-11,0.0,0.042948551741127335,0.0
1016789806037687424,30.0,goal_1e-11,0.0,0.11286836314190306,0.0
5679711000438989312,30.0,goal_1e-11,0.0,0.011457656286202544,0.0
2995683893041962368,30.0,goal_1e-11,0.0,0.04079785924844802,0.0
5953737099445742848,30.0,goal_1e-11,0.0,0.02861193010071439,0.0
4615401513032729088,30.0,goal_1e-11,0.0,0.03939960732674244,0.0
3004510772390701696,30.0,goal_1e-11,0.0,0.05409248696658886,0.0
4069792782145982080,30.0,goal_1e-11,0.0,0.06844597578197119,0.0
5814108395520777856,30.0,goal_1e-11,0.0,0.05986599137251246,0.0
5962272505153840896,30.0,goal_1e-11,0.0,0.09286803589485933,0.0
2149291627370030336,30.0,goal_1e-11,0.0,0.024177670797167514,0.0
1323478680316848256,30.0,goal_1e-11,0.0,0.041599166268738136,0.0
5260504054704228736,30.0,goal_1e-11,0.0,0.09509585985596275,0.0
5841541455445538432,30.0,goal_1e-11,0.0,0.03204760171852897,0.0
3867940039451965952,30.0,goal_1e-11,0.0,0.07240719190536127,0.0
87878642944408960,30.0,goal_1e-11,0.0,0.03504692819929665,0.0
3151482384299373696,30.0,goal_1e-11,0.0,0.14436581289990677,0.0
6181044017297795968,30.0,goal_1e-11,0.0,0.2576407661488399,0.0
803645216387486720,30.0,goal_1e-11,0.0,0.12758723596522895,0.0
5914174364643486592,30.0,goal_1e-11,0.0,0.05645818800590902,0.0
4797122403959920768,30.0,goal_1e-11,0.0,0.08450981209335319,0.0
2575048093288905088,30.0,goal_1e-11,0.0,0.07988261521986117,0.0
4229058961259584256,30.0,goal_1e-11,0.0,0.14766141301436017,0.0
4561522831932945920,30.0,goal_1e-11,0.0,0.10296851657922276,0.0
2208326773198648320,30.0,goal_1e-11,0.0,0.09661917294645767,0.0
6094128791359632256,30.0,goal_1e-11,0.0,0.08018540916958614,0.0
2769623267282593152,30.0,goal_1e-11,0.0,0.0669105315560053,0.0
5660807578058341120,30.0,goal_1e-11,0.0,0.05482344967743002,0.0
296496818102428544,30.0,goal_1e-11,0.0,0.07516780356902514,0.0
158752853233960704,30.0,goal_1e-11,0.0,0.018354591762759196,0.0
2259514678757235200,30.0,goal_1e-11,0.0,0.03140973976952831,0.0
4227855172121285760,30.0,goal_1e-11,0.0,0.0711462262934877,0.0
2196000977264781056,30.0,goal_1e-11,0.0,0.0546379720289184,0.0
1422765267499632640,30.0,goal_1e-11,0.0,0.051764841186715885,0.0
5351303408563334912,30.0,goal_1e-11,0.0,0.04833971915876047,0.0
1364263517961035648,30.0,goal_1e-11,0.0,0.03830669686408695,0.0
5274946414813497344,30.0,goal_1e-11,0.0,0.06312314073396885,0.0
3180960123537829760,30.0,goal_1e-11,0.0,0.09023352839758574,0.0
2757278951454094208,30.0,goal_1e-11,0.0,0.03788954584206391,0.0
2703346703520007168,30.0,goal_1e-11,0.0,0.03527464192299853,0.0
4002529127504102656,30.0,goal_1e-11,0.0,0.1539489218364289,0.0
5421588692928858752,30.0,goal_1e-11,0.0,0.02761976804129394,0.0
6050388913137070848,30.0,goal_1e-11,0.0,0.031979999090764155,0.003
4345060775182367232,30.0,goal_1e-11,0.0,0.025780187286991933,0.0
992946106114748032,30.0,goal_1e-11,0.0,0.07169656044542431,0.0
676792841901784192,30.0,goal_1e-11,0.0,0.056704476435622014,0.0
218953691837608960,30.0,goal_1e-11,0.0,0.048127087370926636,0.0
2482368024800833024,30.0,goal_1e-11,0.0,0.07033919787812591,0.0
4609966833215963392,30.0,goal_1e-11,0.0,0.04289664116697905,0.0
6844037812175117440,30.0,goal_1e-11,0.0,0.05197124055595576,0.0
6441225886185109632,30.0,goal_1e-11,0.0,0.058388052307037266,0.0
1275271417631701504,30.0,goal_1e-11,0.0,0.04451931340188534,0.0
6490173906174556416,30.0,goal_1e-11,0.0,0.04208753478114344,0.0
5940429538445511808,30.0,goal_1e-11,0.0,0.14268089484442506,0.0
3793148372312611456,30.0,goal_1e-11,0.0,0.050494904100480784,0.0
3138662151736925568,30.0,goal_1e-11,0.0,0.03235743923481561,0.0
5976199159903812736,30.0,goal_1e-11,0.0,0.02622551985289713,0.0
1504338722359357568,30.0,goal_1e-11,0.0,0.06394035432559306,0.0
1688451325954477184,30.0,goal_1e-11,0.0,0.08359285690723553,0.0
5889045855385067136,30.0,goal_1e-11,0.0,0.02896754758673203,0.0
4081754605352170496,30.0,goal_1e-11,0.0,0.1336043469613352,0.0015
2691146831736184576,30.0,goal_1e-11,0.0,0.04643665946602749,0.0
334398010409366400,30.0,goal_1e-11,0.0,0.05383388782815853,0.0
1383626089525174016,30.0,goal_1e-11,0.0,0.045363598356335376,0.0
3702063519102244480,30.0,goal_1e-11,0.0,0.1239250355590007,0.0
5423016683660491264,30.0,goal_1e-11,0.0,0.03239886099401317,0.0
2804852929801600768,30.0,goal_1e-11,0.0,0.16399620426369274,0.0
3114023912926376448,30.0,goal_1e-11,0.0,0.04713751602274628,0.0
5524591457617244928,30.0,goal_1e-11,0.0,0.03937238717606865,0.0
4060366016201160320,30.0,goal_1e-11,0.0,0.002343014129495283,0.0
6694638847956909696,30.0,goal_1e-11,0.0,0.04093355422648371,0.0
3039556915253606144,30.0,goal_1e-11,0.0,0.08912958944335116,0.0
6237927045205600000,30.0,goal_1e-11,0.0,0.02589362830156723,0.0
1878241773237645184,30.0,goal_1e-11,0.0,0.04426125054215266,0.0
4288946748293342080,30.0,goal_1e-11,0.0,0.37040310381954256,0.0
2337648311488015360,30.0,goal_1e-11,0.0,0.06957730121424513,0.0
4395214100433309184,30.0,goal_1e-11,0.0,0.11716274860848025,0.0
2796277112767076864,30.0,goal_1e-11,0.0,0.017270817165874974,0.0
6016504747910034432,30.0,goal_1e-11,0.0,0.02883082082616636,0.0
5166280100090122880,30.0,goal_1e-11,0.0,0.10883998135180196,0.0
1130573557111974912,30.0,goal_1e-11,0.0,0.09970896122352814,0.0
164738354017665664,30.0,goal_1e-11,0.0,0.005810983756547412,0.0
1761771910959772032,30.0,goal_1e-11,0.0,0.044884265155714385,0.0
1329848490477856768,30.0,goal_1e-11,0.0,0.39059641572080556,0.0005
3311535375672171776,30.0,goal_1e-11,0.0,0.0887751835286747,0.0
6112272348126668800,30.0,goal_1e-11,0.0,0.06520054523603815,0.0
6755038496304470144,30.0,goal_1e-11,0.0,0.05416848189449446,0.0
4283053988756001920,30.0,goal_1e-11,0.0,0.04643887930702969,0.0
2599647119044490496,30.0,goal_1e-11,0.0,0.053738106058281915,0.0
490441735713670528,30.0,goal_1e-11,0.0,0.046759675155002525,0.0
4934043968492272896,30.0,goal_1e-11,0.0,0.0674034084140108,0.0
2621100450623361280,30.0,goal_1e-11,0.0,0.2907434527462431,0.001
1851315420672845056,30.0,goal_1e-11,0.0,0.06290360269759923,0.0
5541455315986463104,30.0,goal_1e-11,0.0,0.028845655988123213,0.0
5976098417137532800,30.0,goal_1e-11,0.0,0.03773695740823595,0.0
28898090451449472,30.0,goal_1e-11,0.0,0.03510493801119394,0.0
6592347918267168128,30.0,goal_1e-11,0.0,0.07466283605650302,0.0
5887064359268864256,30.0,goal_1e-11,0.0,0.011461235249878174,0.0
6518913495153329920,30.0,goal_1e-11,0.0,0.027998998696972626,0.0
4600878063941953280,30.0,goal_1e-11,0.0,0.04654185898256573,0.0
992845122843798016,30.0,goal_1e-11,0.0,0.05244400121831252,0.0
3664521351702250752,30.0,goal_1e-11,0.0,0.1678728896624197,0.0
3711953493050429568,30.0,goal_1e-11,0.0,0.06446569469993405,0.0
5473228871432372992,30.0,goal_1e-11,0.0,0.04918198032096189,0.0
6752384069075512320,30.0,goal_1e-11,0.0,0.03878427919808769,0.0
4115513220094402048,30.0,goal_1e-11,0.0,0.022539911172194615,0.0
4602130957441446400,30.0,goal_1e-11,0.0,0.03406248780170321,0.0
377546664910219776,30.0,goal_1e-11,0.0,0.11371676604837425,0.0
4364333977066797056,30.0,goal_1e-11,0.0,0.013882007721182277,0.0
5768315046181771904,30.0,goal_1e-11,0.0,0.03479771312705966,0.0
123580919370477952,30.0,goal_1e-11,0.0,0.0337735481982082,0.0
4366334126156046976,30.0,goal_1e-11,0.0,0.025288929824510163,0.0
4901782819863332608,30.0,goal_1e-11,0.0,0.17845255479970756,0.0015
2151838817854979456,30.0,goal_1e-11,0.0,0.027465472926395392,0.0
1343460895402697600,30.0,goal_1e-11,0.0,0.10232033998874672,0.0005
6136053959995638016,30.0,goal_1e-11,0.0,0.03639731363640533,0.0
2221263218985851520,30.0,goal_1e-11,0.0,0.3505224762769349,0.5125
4162186251740404608,30.0,goal_1e-11,0.0,0.11673378347906803,0.0285
1678399143976755584,30.0,goal_1e-11,0.0,0.09868213200489975,0.0
2704125913666895104,30.0,goal_1e-11,0.0,0.031739466946235896,0.0
5000393997669149952,30.0,goal_1e-11,0.0,0.06856793845231314,0.0
2491206105423269504,30.0,goal_1e-11,0.0,0.12257166764641961,0.0
6274538269849968512,30.0,goal_1e-11,0.0,0.038561966997049564,0.0
707365862223681408,30.0,goal_1e-11,0.0,0.03793061989264744,0.0
4735086373076351744,30.0,goal_1e-11,0.0,0.1467060453672255,0.0
2799316059826451328,30.0,goal_1e-11,0.0,0.068639256425275,0.0
1875970079134757760,30.0,goal_1e-11,0.0,0.04173369808370771,0.0
1783649894544856960,30.0,goal_1e-11,0.0,0.039768072691854985,0.0
2554116930949289856,30.0,goal_1e-11,0.0,0.062433226503706085,0.0
2753295523906432384,30.0,goal_1e-11,0.0,0.03404733845581138,0.0
886990809110955008,30.0,goal_1e-11,0.0,0.08093337031214248,0.0
919018036639891968,30.0,goal_1e-11,0.0,0.09892315277220316,0.0
2833555985786735232,30.0,goal_1e-11,0.0,0.08724666680415084,0.0005
3023472056569280512,30.0,goal_1e-11,0.0,0.047938965051735706,0.0
868768602903736832,30.0,goal_1e-11,0.0,0.04574460380763192,0.0
5178460008866279808,30.0,goal_1e-11,0.0,0.05208759982036257,0.0
3004697238395042176,30.0,goal_1e-11,0.0,0.1382718257054573,0.001
2346247935526578688,30.0,goal_1e-11,0.0,0.045399978320608055,0.0
1933622971340170496,30.0,goal_1e-11,0.0,0.03846671159588964,0.0
1014188567684692224,30.0,goal_1e-11,0.0,0.04596967743601653,0.0
5466445022127902976,30.0,goal_1e-11,0.0,0.046789875063100214,0.0
6681692893110527232,30.0,goal_1e-11,0.0,0.053883082115322424,0.0
5185560414440293632,30.0,goal_1e-11,0.0,0.12111743786179711,0.0
5800349145690204288,30.0,goal_1e-11,0.0,0.038901382918333643,0.0
4105409399796978944,30.0,goal_1e-11,0.0,0.02429345935298191,0.0
4708692944344873216,30.0,goal_1e-11,0.0,0.0323691043938514,0.0
2027994226190382848,30.0,goal_1e-11,0.0,0.03597822299697939,0.0
2511654375999952640,30.0,goal_1e-11,0.0,0.048252135103370196,0.0
5493261389176885632,30.0,goal_1e-11,0.0,0.05768742089134426,0.0
2240388880151078528,30.0,goal_1e-11,0.0,0.04003079938311136,0.0
5658455555185799040,30.0,goal_1e-11,0.0,0.030702199482300997,0.0
5052502602489649664,30.0,goal_1e-11,0.0,0.11408841136099943,0.0
1979258613779627520,30.0,goal_1e-11,0.0,0.04680200544386412,0.0
446639254048922112,30.0,goal_1e-11,0.0,0.025756279312623295,0.0
5601915746720479104,30.0,goal_1e-11,0.0,0.05079031158678335,0.0
4776963682897871616,30.0,goal_1e-11,0.0,0.1654724948076867,0.0
3280686721529098368,30.0,goal_1e-11,0.0,0.034007200632904785,0.0
1285339370727734400,30.0,goal_1e-11,0.0,0.06046746062694004,0.0
5511484179500121088,30.0,goal_1e-11,0.0,0.045166608280758774,0.0
519978157091449088,30.0,goal_1e-11,0.0,0.0222148998563722,0.0
3855789469596668544,30.0,goal_1e-11,0.0,0.023607676581638617,0.0
572054498112591744,30.0,goal_1e-11,0.0,0.026033130316043842,0.0
357842591908022912,30.0,goal_1e-11,0.0,0.027977374493318743,0.0
5927844322167316352,30.0,goal_1e-11,0.0,0.02377447995646746,0.0
2281306105868025600,30.0,goal_1e-11,0.0,0.061455416817781036,0.0
6342743866636102528,30.0,goal_1e-11,0.0,0.02792218949878216,0.0
1690963263347609088,30.0,goal_1e-11,0.0,0.05798410160185946,0.0
1230823728796492672,30.0,goal_1e-11,0.0,0.047966150537874466,0.0
6411524297547089024,30.0,goal_1e-11,0.0,0.03780301697227814,0.0
2935813011016890752,30.0,goal_1e-11,0.0,0.037448546347202016,0.0
1510354597152530176,30.0,goal_1e-11,0.0,0.06155577662857827,0.0
263711679169833728,30.0,goal_1e-11,0.0,0.03265923139380433,0.0
2203996935067479424,30.0,goal_1e-11,0.0,0.10203943790728535,0.0
4637390027600793344,30.0,goal_1e-11,0.0,0.04486639023734983,0.0
3326809997366173568,30.0,goal_1e-11,0.0,0.05919580982794549,0.0
359891153870510208,30.0,goal_1e-11,0.0,0.1650888674230919,0.002
3194157939562713472,30.0,goal_1e-11,0.0,0.050246327848507674,0.0
5654914887224650240,30.0,goal_1e-11,0.0,0.04708478280574544,0.0
132596261882440320,30.0,goal_1e-11,0.0,0.04612218604903152,0.0
4262558915898078720,30.0,goal_1e-11,0.0,0.03777070830188013,0.0
6149021149160162176,30.0,goal_1e-11,0.0,0.02768104336257775,0.0
2811411825899219200,30.0,goal_1e-11,0.0,0.16713065294116417,0.0315
1900800964403932800,30.0,goal_1e-11,0.0,0.028451680863192063,0.0
6009934130839583488,30.0,goal_1e-11,0.0,0.01976680516879712,0.0
6872322302128569344,30.0,goal_1e-11,0.0,0.033960796361387775,0.0
4548634356637185792,30.0,goal_1e-11,0.0,0.07060409324500813,0.0
6527091903161249152,30.0,goal_1e-11,0.0,0.033958316369834415,0.0
2639759162947729408,30.0,goal_1e-11,0.0,0.03148638490917442,0.0
4100927786033595648,30.0,goal_1e-11,0.0,0.027301182465716906,0.0
5371882654157606912,30.0,goal_1e-11,0.0,0.12838813931681256,0.0
6775009922429158272,30.0,goal_1e-11,0.0,0.036753931925000524,0.0
665668979685323648,30.0,goal_1e-11,0.0,0.09665246611982613,0.0
1832230956847006592,30.0,goal_1e-11,0.0,0.24967659046836363,0.0
6284599664533612544,30.0,goal_1e-11,0.0,0.06716727429470079,0.0
4641784775576833536,30.0,goal_1e-11,0.0,0.09814820881089943,0.0
4268847611328000256,30.0,goal_1e-11,0.0,2.5605016908918485,0.7065
4278176623883730176,30.0,goal_1e-11,0.0,0.02026928380918013,0.0
3267929947104804096,50.0,current_1e-9,0.0,0.07138639832099056,0.0
5642877846246495360,50.0,current_1e-9,0.0,0.06754111497263278,0.0
6603465041679231872,50.0,current_1e-9,0.0,0.31084626039877955,0.05
2046526391572691328,50.0,current_1e-9,0.0,0.11500842531119827,0.0
1016789806037687424,50.0,current_1e-9,0.0,0.2877737111953045,0.0075
5679711000438989312,50.0,current_1e-9,0.0,0.031544518098585834,0.0
2995683893041962368,50.0,current_1e-9,0.0,0.1100476004200534,0.0
5953737099445742848,50.0,current_1e-9,0.0,0.07752055769295842,0.0
4615401513032729088,50.0,current_1e-9,0.0,0.10699001547445332,0.0
3004510772390701696,50.0,current_1e-9,0.0,0.14482261593867912,0.0
4069792782145982080,50.0,current_1e-9,0.0,0.18202436558322693,0.0
5814108395520777856,50.0,current_1e-9,0.0,0.15984550463145428,0.0
5962272505153840896,50.0,current_1e-9,0.0,0.23962209396582762,0.0035
2149291627370030336,50.0,current_1e-9,0.0,0.06603542247938039,0.0
1323478680316848256,50.0,current_1e-9,0.0,0.11016071899793493,0.0055
5260504054704228736,50.0,current_1e-9,0.0,0.24778221149502622,0.0
5841541455445538432,50.0,current_1e-9,0.0,0.08643647145666,0.0
3867940039451965952,50.0,current_1e-9,0.0,0.19200128004258432,0.0
87878642944408960,50.0,current_1e-9,0.0,0.09522799012554634,0.0
3151482384299373696,50.0,current_1e-9,0.0,0.35869134483491566,0.027
6181044017297795968,50.0,current_1e-9,0.0,0.6173503418117655,0.0565
803645216387486720,50.0,current_1e-9,0.0,0.3288901825641466,0.0
5914174364643486592,50.0,current_1e-9,0.0,0.14857967412904996,0.006
4797122403959920768,50.0,current_1e-9,0.0,0.22102366260801978,0.0
2575048093288905088,50.0,current_1e-9,0.0,0.21123373585897537,0.0
4229058961259584256,50.0,current_1e-9,0.0,0.367069100700745,0.0435
4561522831932945920,50.0,current_1e-9,0.0,0.2660219452739959,0.0035
2208326773198648320,50.0,current_1e-9,0.0,0.2482998409005041,0.006
6094128791359632256,50.0,current_1e-9,0.0,0.20974868668629978,0.0065
2769623267282593152,50.0,current_1e-9,0.0,0.17358393726280638,0.0195
5660807578058341120,50.0,current_1e-9,0.0,0.14651377732826631,0.0
296496818102428544,50.0,current_1e-9,0.0,0.19769772402921404,0.0
158752853233960704,50.0,current_1e-9,0.0,0.050318065318402286,0.0
2259514678757235200,50.0,current_1e-9,0.0,0.08543842367432977,0.0
4227855172121285760,50.0,current_1e-9,0.0,0.18937636351397932,0.0
2196000977264781056,50.0,current_1e-9,0.0,0.14648440436080631,0.0
1422765267499632640,50.0,current_1e-9,0.0,0.1381215644722204,0.0
5351303408563334912,50.0,current_1e-9,0.0,0.13002594698060646,0.026
1364263517961035648,50.0,current_1e-9,0.0,0.10393821402691253,0.0
5274946414813497344,50.0,current_1e-9,0.0,0.16912885790136364,0.0
3180960123537829760,50.0,current_1e-9,0.0,0.23338943105797,0.0055
2757278951454094208,50.0,current_1e-9,0.0,0.10249143627077478,0.0
2703346703520007168,50.0,current_1e-9,0.0,0.0955692886049105,0.0
4002529127504102656,50.0,current_1e-9,0.0,0.3847202473338773,0.0195
5421588692928858752,50.0,current_1e-9,0.0,0.07542499867570482,0.0
6050388913137070848,50.0,current_1e-9,0.0,0.08613267945774163,0.2045
4345060775182367232,50.0,current_1e-9,0.0,0.0703502803099109,0.0
992946106114748032,50.0,current_1e-9,0.0,0.19099365942562319,0.0
676792841901784192,50.0,current_1e-9,0.0,0.14863582584632884,0.013
218953691837608960,50.0,current_1e-9,0.0,0.12792964317668404,0.0
2482368024800833024,50.0,current_1e-9,0.0,0.18382245065931102,0.0025
4609966833215963392,50.0,current_1e-9,0.0,0.11638880995744663,0.0
6844037812175117440,50.0,current_1e-9,0.0,0.13512106432881069,0.049
6441225886185109632,50.0,current_1e-9,0.0,0.1533518455185919,0.0
1275271417631701504,50.0,current_1e-9,0.0,0.12021498707103288,0.0
6490173906174556416,50.0,current_1e-9,0.0,0.1133366283117729,0.0
5940429538445511808,50.0,current_1e-9,0.0,0.3654710621097593,0.0
3793148372312611456,50.0,current_1e-9,0.0,0.13620250759588448,0.0
3138662151736925568,50.0,current_1e-9,0.0,0.0880870120535084,0.0
5976199159903812736,50.0,current_1e-9,0.0,0.07078540884968995,0.0
1504338722359357568,50.0,current_1e-9,0.0,0.16674358398083355,0.0055
1688451325954477184,50.0,current_1e-9,0.0,0.22048347531644907,0.0
5889045855385067136,50.0,current_1e-9,0.0,0.07904242689353497,0.0
4081754605352170496,50.0,current_1e-9,0.0,0.3266157755842868,0.2095
2691146831736184576,50.0,current_1e-9,0.0,0.12572053415633416,0.0
334398010409366400,50.0,current_1e-9,0.0,0.14135056263527165,0.006
1383626089525174016,50.0,current_1e-9,0.0,0.12133724202528183,0.0
3702063519102244480,50.0,current_1e-9,0.0,0.31423751738426625,0.0085
5423016683660491264,50.0,current_1e-9,0.0,0.08812572050091091,0.0
2804852929801600768,50.0,current_1e-9,0.0,0.416738174416992,0.002
3114023912926376448,50.0,current_1e-9,0.0,0.1240533085183089,0.009
5524591457617244928,50.0,current_1e-9,0.0,0.10651625017518686,0.0
4060366016201160320,50.0,current_1e-9,0.0,0.0064978390672575815,0.0
6694638847956909696,50.0,current_1e-9,0.0,0.10880888126497751,0.003
3039556915253606144,50.0,current_1e-9,0.0,0.23241920629710638,0.0005
6237927045205600000,50.0,current_1e-9,0.0,0.06983521163456419,0.0015
1878241773237645184,50.0,current_1e-9,0.0,0.11906464152260825,0.0
4288946748293342080,50.0,current_1e-9,0.0,0.8587631522602219,0.0925
2337648311488015360,50.0,current_1e-9,0.0,0.18390355247894966,0.0
4395214100433309184,50.0,current_1e-9,0.0,0.2986851343305656,0.0435
2796277112767076864,50.0,current_1e-9,0.0,0.047452535565597635,0.0
6016504747910034432,50.0,current_1e-9,0.0,0.07894093122656601,0.0
5166280100090122880,50.0,current_1e-9,0.0,0.2785079770591881,0.0085
1130573557111974912,50.0,current_1e-9,0.0,0.2583594365083625,0.0
164738354017665664,50.0,current_1e-9,0.0,0.016081485945981945,0.0
1761771910959772032,50.0,current_1e-9,0.0,0.12136072777812124,0.0
1329848490477856768,50.0,current_1e-9,0.0,0.9098175594238676,0.1125
3311535375672171776,50.0,current_1e-9,0.0,0.22938771404293862,0.008
6112272348126668800,50.0,current_1e-9,0.0,0.173111763630415,0.0
6755038496304470144,50.0,current_1e-9,0.0,0.1446529276134184,0.0
4283053988756001920,50.0,current_1e-9,0.0,0.1233939639932508,0.0
2599647119044490496,50.0,current_1e-9,0.0,0.14422215860148763,0.0
490441735713670528,50.0,current_1e-9,0.0,0.12427981267293998,0.0
4934043968492272896,50.0,current_1e-9,0.0,0.17348990048263363,0.047
2621100450623361280,50.0,current_1e-9,0.0,0.6760290782500726,0.1705
1851315420672845056,50.0,current_1e-9,0.0,0.16861461485565177,0.0
5541455315986463104,50.0,current_1e-9,0.0,0.07866444546618796,0.0
5976098417137532800,50.0,current_1e-9,0.0,0.10203156526558539,0.0
28898090451449472,50.0,current_1e-9,0.0,0.09513839401098848,0.0
6592347918267168128,50.0,current_1e-9,0.0,0.1969195719336185,0.0
5887064359268864256,50.0,current_1e-9,0.0,0.03157145209517383,0.0
6518913495153329920,50.0,current_1e-9,0.0,0.07639740486330238,0.0
4600878063941953280,50.0,current_1e-9,0.0,0.12607526704812966,0.0
992845122843798016,50.0,current_1e-9,0.0,0.1407505925335686,0.0
3664521351702250752,50.0,current_1e-9,0.0,0.4170897610478271,0.0075
3711953493050429568,50.0,current_1e-9,0.0,0.1728281855540759,0.0
5473228871432372992,50.0,current_1e-9,0.0,0.13293294036866082,0.0
6752384069075512320,50.0,current_1e-9,0.0,0.10473139592775545,0.0
4115513220094402048,50.0,current_1e-9,0.0,0.061769907852105024,0.0
4602130957441446400,50.0,current_1e-9,0.0,0.09269259661122144,0.0
377546664910219776,50.0,current_1e-9,0.0,0.29582811103929807,0.001
4364333977066797056,50.0,current_1e-9,0.0,0.03825983644569196,0.0
5768315046181771904,50.0,current_1e-9,0.0,0.09397591539018928,0.0
123580919370477952,50.0,current_1e-9,0.0,0.0920384480069591,0.0
4366334126156046976,50.0,current_1e-9,0.0,0.06864129369761636,0.0
4901782819863332608,50.0,current_1e-9,0.0,0.43004581530324937,0.142
2151838817854979456,50.0,current_1e-9,0.0,0.07504326254767271,0.0
1343460895402697600,50.0,current_1e-9,0.0,0.25599535836869564,0.1135
6136053959995638016,50.0,current_1e-9,0.0,0.0987057254283881,0.0
2221263218985851520,50.0,current_1e-9,0.0,0.6949934670480151,0.8415
4162186251740404608,50.0,current_1e-9,0.0,0.28574222531920224,0.4725
1678399143976755584,50.0,current_1e-9,0.0,0.2592027789365069,0.0
2704125913666895104,50.0,current_1e-9,0.0,0.08631774933998547,0.0
5000393997669149952,50.0,current_1e-9,0.0,0.182441776097198,0.0
2491206105423269504,50.0,current_1e-9,0.0,0.3172955047367774,0.001
6274538269849968512,50.0,current_1e-9,0.0,0.10309393564070578,0.0
707365862223681408,50.0,current_1e-9,0.0,0.10221018999229624,0.0
4735086373076351744,50.0,current_1e-9,0.0,0.36232532801276707,0.063
2799316059826451328,50.0,current_1e-9,0.0,0.18173109766314813,0.0
1875970079134757760,50.0,current_1e-9,0.0,0.1122891362411022,0.0
1783649894544856960,50.0,current_1e-9,0.0,0.10787182470075286,0.0
2554116930949289856,50.0,current_1e-9,0.0,0.16768812577402661,0.0
2753295523906432384,50.0,current_1e-9,0.0,0.09213229361733508,0.0
886990809110955008,50.0,current_1e-9,0.0,0.20589548459496984,0.079
919018036639891968,50.0,current_1e-9,0.0,0.2573620540907408,0.0
2833555985786735232,50.0,current_1e-9,0.0,0.22185324353762934,0.0535
3023472056569280512,50.0,current_1e-9,0.0,0.1271600773337632,0.0
868768602903736832,50.0,current_1e-9,0.0,0.12269854148395398,0.0
5178460008866279808,50.0,current_1e-9,0.0,0.14013237548809618,0.0
3004697238395042176,50.0,current_1e-9,0.0,0.33644774286618157,0.1485
2346247935526578688,50.0,current_1e-9,0.0,0.1202506530387158,0.0305
1933622971340170496,50.0,current_1e-9,0.0,0.10445506279491426,0.0
1014188567684692224,50.0,current_1e-9,0.0,0.12280973696287234,0.0
5466445022127902976,50.0,current_1e-9,0.0,0.12576652599738428,0.0
6681692893110527232,50.0,current_1e-9,0.0,0.14351720146055622,0.0
5185560414440293632,50.0,current_1e-9,0.0,0.31421089538559693,0.0
5800349145690204288,50.0,current_1e-9,0.0,0.1046414626343405,0.0
4105409399796978944,50.0,current_1e-9,0.0,0.06652135684836304,0.0
4708692944344873216,50.0,current_1e-9,0.0,0.08811116267307771,0.0
2027994226190382848,50.0,current_1e-9,0.0,0.09754592166755441,0.0
2511654375999952640,50.0,current_1e-9,0.0,0.13025060566326718,0.0
5493261389176885632,50.0,current_1e-9,0.0,0.15462147473598647,0.0
2240388880151078528,50.0,current_1e-9,0.0,0.10546482578779051,0.008
5658455555185799040,50.0,current_1e-9,0.0,0.08317863928906172,0.0
5052502602489649664,50.0,current_1e-9,0.0,0.29566750099941635,0.002
1979258613779627520,50.0,current_1e-9,0.0,0.12434095193713622,0.0
446639254048922112,50.0,current_1e-9,0.0,0.07030177564597252,0.0
5601915746720479104,50.0,current_1e-9,0.0,0.136312780579687,0.0
4776963682897871616,50.0,current_1e-9,0.0,0.4191170044810733,0.0365
3280686721529098368,50.0,current_1e-9,0.0,0.09180956852584739,0.0
1285339370727734400,50.0,current_1e-9,0.0,0.16251665654044353,0.0
5511484179500121088,50.0,current_1e-9,0.0,0.12233262768441217,0.0
519978157091449088,50.0,current_1e-9,0.0,0.06080074107068178,0.0
3855789469596668544,50.0,current_1e-9,0.0,0.06464623868414901,0.0
572054498112591744,50.0,current_1e-9,0.0,0.0711820788001563,0.0
357842591908022912,50.0,current_1e-9,0.0,0.07625243908975053,0.0
5927844322167316352,50.0,current_1e-9,0.0,0.06521436991820201,0.0
2281306105868025600,50.0,current_1e-9,0.0,0.1649180701454322,0.0
6342743866636102528,50.0,current_1e-9,0.0,0.07601513851939762,0.0
1690963263347609088,50.0,current_1e-9,0.0,0.15397499257546668,0.0
1230823728796492672,50.0,current_1e-9,0.0,0.1290366919647994,0.0
6411524297547089024,50.0,current_1e-9,0.0,0.10104841060921659,0.0
2935813011016890752,50.0,current_1e-9,0.0,0.1017136114472603,0.0
1510354597152530176,50.0,current_1e-9,0.0,0.16392097521329416,0.0
263711679169833728,50.0,current_1e-9,0.0,0.08706451006470672,0.0065
2203996935067479424,50.0,current_1e-9,0.0,0.26903572851470176,0.0
4637390027600793344,50.0,current_1e-9,0.0,0.11986680892634653,0.0
3326809997366173568,50.0,current_1e-9,0.0,0.15703295302357248,0.0
359891153870510208,50.0,current_1e-9,0.0,0.39638784760156126,0.1855
3194157939562713472,50.0,current_1e-9,0.0,0.13382791614029285,0.0
5654914887224650240,50.0,current_1e-9,0.0,0.12535637616051626,0.0
132596261882440320,50.0,current_1e-9,0.0,0.12372995764684333,0.0
4262558915898078720,50.0,current_1e-9,0.0,0.10091813687453578,0.001
6149021149160162176,50.0,current_1e-9,0.0,0.07553008610399786,0.0
2811411825899219200,50.0,current_1e-9,0.0,0.3904989337565768,0.398
1900800964403932800,50.0,current_1e-9,0.0,0.0776212304023071,0.0
6009934130839583488,50.0,current_1e-9,0.0,0.053679652965299314,0.0005
6872322302128569344,50.0,current_1e-9,0.0,0.09195496536926605,0.0
4548634356637185792,50.0,current_1e-9,0.0,0.18550681373512243,0.0
6527091903161249152,50.0,current_1e-9,0.0,0.0920831497457543,0.0
2639759162947729408,50.0,current_1e-9,0.0,0.08588461829571889,0.0
4100927786033595648,50.0,current_1e-9,0.0,0.07334936427704467,0.004
5371882654157606912,50.0,current_1e-9,0.0,0.32412607293690066,0.019
6775009922429158272,50.0,current_1e-9,0.0,0.09786466127420579,0.005
665668979685323648,50.0,current_1e-9,0.0,0.24261644636998222,0.0645
1832230956847006592,50.0,current_1e-9,0.0,0.6159079123921629,0.015
6284599664533612544,50.0,current_1e-9,0.0,0.17639596532637672,0.0
4641784775576833536,50.0,current_1e-9,0.0,0.25591166850486213,0.0
4268847611328000256,50.0,current_1e-9,0.016,3.5842499009804936,0.9145
4278176623883730176,50.0,current_1e-9,0.0,0.05548878384760403,0.0
3267929947104804096,50.0,nearterm_1e-10,0.0,0.07180069877234407,0.0
5642877846246495360,50.0,nearterm_1e-10,0.0,0.06779947707512476,0.0
6603465041679231872,50.0,nearterm_1e-10,0.0,0.33071389978012034,0.05
2046526391572691328,50.0,nearterm_1e-10,0.0,0.11724968253110864,0.0
1016789806037687424,50.0,nearterm_1e-10,0.0,0.3018732119871233,0.0075
5679711000438989312,50.0,nearterm_1e-10,0.0,0.03167630440443418,0.0
2995683893041962368,50.0,nearterm_1e-10,0.0,0.11157491048280409,0.0
5953737099445742848,50.0,nearterm_1e-10,0.0,0.07863020192150609,0.0
4615401513032729088,50.0,nearterm_1e-10,0.0,0.10790020540715438,0.0
3004510772390701696,50.0,nearterm_1e-10,0.0,0.14706394870940925,0.0
4069792782145982080,50.0,nearterm_1e-10,0.0,0.18518001045255583,0.0
5814108395520777856,50.0,nearterm_1e-10,0.0,0.16290834523409314,0.0
5962272505153840896,50.0,nearterm_1e-10,0.0,0.24914560291253532,0.0035
2149291627370030336,50.0,nearterm_1e-10,0.0,0.06635797221478965,0.0
1323478680316848256,50.0,nearterm_1e-10,0.0,0.11387776094543861,0.0055
5260504054704228736,50.0,nearterm_1e-10,0.0,0.2551720817317745,0.0
5841541455445538432,50.0,nearterm_1e-10,0.0,0.08798763491660529,0.0
3867940039451965952,50.0,nearterm_1e-10,0.0,0.1953855717528987,0.0
87878642944408960,50.0,nearterm_1e-10,0.0,0.09596538221916229,0.0
3151482384299373696,50.0,nearterm_1e-10,0.0,0.3808081488261894,0.027
6181044017297795968,50.0,nearterm_1e-10,0.0,0.6612574179959152,0.0565
803645216387486720,50.0,nearterm_1e-10,0.0,0.3386819824407638,0.0
5914174364643486592,50.0,nearterm_1e-10,0.0,0.1536430335240992,0.006
4797122403959920768,50.0,nearterm_1e-10,0.0,0.22689305328699386,0.0
2575048093288905088,50.0,nearterm_1e-10,0.0,0.2146156982058403,0.0
4229058961259584256,50.0,nearterm_1e-10,0.0,0.3914231413491102,0.0435
4561522831932945920,50.0,nearterm_1e-10,0.0,0.275620729130453,0.0035
2208326773198648320,50.0,nearterm_1e-10,0.0,0.25948111969595844,0.006
6094128791359632256,50.0,nearterm_1e-10,0.0,0.21627314450350094,0.0065
2769623267282593152,50.0,nearterm_1e-10,0.0,0.1816398945764796,0.0195
5660807578058341120,50.0,nearterm_1e-10,0.0,0.1491961624227468,0.0
296496818102428544,50.0,nearterm_1e-10,0.0,0.20354616156263744,0.0
158752853233960704,50.0,nearterm_1e-10,0.0,0.050483741112553354,0.0
2259514678757235200,50.0,nearterm_1e-10,0.0,0.08615400141633399,0.0
4227855172121285760,50.0,nearterm_1e-10,0.0,0.19262868156665466,0.0
2196000977264781056,50.0,nearterm_1e-10,0.0,0.14858490338330477,0.0
1422765267499632640,50.0,nearterm_1e-10,0.0,0.14098439445302358,0.0
5351303408563334912,50.0,nearterm_1e-10,0.0,0.13185844717355577,0.026
1364263517961035648,50.0,nearterm_1e-10,0.0,0.10491223553082817,0.0
5274946414813497344,50.0,nearterm_1e-10,0.0,0.17073530522287847,0.0
3180960123537829760,50.0,nearterm_1e-10,0.0,0.24241375209385502,0.0055
2757278951454094208,50.0,nearterm_1e-10,0.0,0.10327533922977947,0.0
2703346703520007168,50.0,nearterm_1e-10,0.0,0.09665615242513667,0.0
4002529127504102656,50.0,nearterm_1e-10,0.0,0.4057489750081845,0.0195
5421588692928858752,50.0,nearterm_1e-10,0.0,0.07591706758464802,0.0
6050388913137070848,50.0,nearterm_1e-10,0.0,0.08784733977350043,0.2045
4345060775182367232,50.0,nearterm_1e-10,0.0,0.07085004376964579,0.0
992946106114748032,50.0,nearterm_1e-10,0.0,0.19276275898878784,0.0
676792841901784192,50.0,nearterm_1e-10,0.0,0.154640210794424,0.013
218953691837608960,50.0,nearterm_1e-10,0.0,0.13130682580190928,0.0
2482368024800833024,50.0,nearterm_1e-10,0.0,0.19054920778940249,0.0025
4609966833215963392,50.0,nearterm_1e-10,0.0,0.1170015085072173,0.0
6844037812175117440,50.0,nearterm_1e-10,0.0,0.14194929069747558,0.049
6441225886185109632,50.0,nearterm_1e-10,0.0,0.1576399140858454,0.0
1275271417631701504,50.0,nearterm_1e-10,0.0,0.121534321610242,0.0
6490173906174556416,50.0,nearterm_1e-10,0.0,0.11495573655943062,0.0
5940429538445511808,50.0,nearterm_1e-10,0.0,0.37761797814636244,0.0
3793148372312611456,50.0,nearterm_1e-10,0.0,0.13744190943433648,0.0
3138662151736925568,50.0,nearterm_1e-10,0.0,0.08867881452053757,0.0
5976199159903812736,50.0,nearterm_1e-10,0.0,0.07198664581848271,0.0
1504338722359357568,50.0,nearterm_1e-10,0.0,0.17344331691222933,0.0055
1688451325954477184,50.0,nearterm_1e-10,0.0,0.22529128620887667,0.0
5889045855385067136,50.0,nearterm_1e-10,0.0,0.07953578238052067,0.0
4081754605352170496,50.0,nearterm_1e-10,0.0,0.35511323981562987,0.2095
2691146831736184576,50.0,nearterm_1e-10,0.0,0.12679893717099228,0.0
334398010409366400,50.0,nearterm_1e-10,0.0,0.14694057660105017,0.006
1383626089525174016,50.0,nearterm_1e-10,0.0,0.12358216222038143,0.0
3702063519102244480,50.0,nearterm_1e-10,0.0,0.32943551371033686,0.0085
5423016683660491264,50.0,nearterm_1e-10,0.0,0.0887619753775998,0.0
2804852929801600768,50.0,nearterm_1e-10,0.0,0.4271430965986227,0.002
3114023912926376448,50.0,nearterm_1e-10,0.0,0.12894563878798226,0.009
5524591457617244928,50.0,nearterm_1e-10,0.0,0.10730890160485086,0.0
4060366016201160320,50.0,nearterm_1e-10,0.0,0.006501704495269187,0.0
6694638847956909696,50.0,nearterm_1e-10,0.0,0.11217217965789471,0.003
3039556915253606144,50.0,nearterm_1e-10,0.0,0.23927615718569634,0.0005
6237927045205600000,50.0,nearterm_1e-10,0.0,0.07087460532106692,0.0015
1878241773237645184,50.0,nearterm_1e-10,0.0,0.12034768258496453,0.0
4288946748293342080,50.0,nearterm_1e-10,0.0,0.9281919654740216,0.0925
2337648311488015360,50.0,nearterm_1e-10,0.0,0.18690111185977631,0.0
4395214100433309184,50.0,nearterm_1e-10,0.0,0.3123763379872846,0.0435
2796277112767076864,50.0,nearterm_1e-10,0.0,0.04763751225051966,0.0
6016504747910034432,50.0,nearterm_1e-10,0.0,0.07919948939075129,0.0
5166280100090122880,50.0,nearterm_1e-10,0.0,0.291690999326966,0.0085
1130573557111974912,50.0,nearterm_1e-10,0.0,0.26700877456036565,0.0
164738354017665664,50.0,nearterm_1e-10,0.0,0.016096729780148908,0.0
1761771910959772032,50.0,nearterm_1e-10,0.0,0.12215305482424495,0.0
1329848490477856768,50.0,nearterm_1e-10,0.0,0.9714661186529607,0.1125
3311535375672171776,50.0,nearterm_1e-10,0.0,0.23602924360807778,0.008
6112272348126668800,50.0,nearterm_1e-10,0.0,0.17654526275939586,0.0
6755038496304470144,50.0,nearterm_1e-10,0.0,0.1472814919589528,0.0
4283053988756001920,50.0,nearterm_1e-10,0.0,0.12646196573943785,0.0
2599647119044490496,50.0,nearterm_1e-10,0.0,0.1462694907241509,0.0
490441735713670528,50.0,nearterm_1e-10,0.0,0.12777144122146464,0.0
4934043968492272896,50.0,nearterm_1e-10,0.0,0.18295411359586822,0.047
2621100450623361280,50.0,nearterm_1e-10,0.0,0.740376758232202,0.1705
1851315420672845056,50.0,nearterm_1e-10,0.0,0.17055371110198042,0.0
5541455315986463104,50.0,nearterm_1e-10,0.0,0.07911501727874912,0.0
5976098417137532800,50.0,nearterm_1e-10,0.0,0.10334341687575233,0.0
28898090451449472,50.0,nearterm_1e-10,0.0,0.0959412635951172,0.0
6592347918267168128,50.0,nearterm_1e-10,0.0,0.2017777026785773,0.0
5887064359268864256,50.0,nearterm_1e-10,0.0,0.03169315219188107,0.0
6518913495153329920,50.0,nearterm_1e-10,0.0,0.07681854318301305,0.0
4600878063941953280,50.0,nearterm_1e-10,0.0,0.12691974351812066,0.0
992845122843798016,50.0,nearterm_1e-10,0.0,0.14249163136914933,0.0
3664521351702250752,50.0,nearterm_1e-10,0.0,0.43789263964529346,0.0075
3711953493050429568,50.0,nearterm_1e-10,0.0,0.17445746862099373,0.0
5473228871432372992,50.0,nearterm_1e-10,0.0,0.13398369763967252,0.0
6752384069075512320,50.0,nearterm_1e-10,0.0,0.10599477509675573,0.0
4115513220094402048,50.0,nearterm_1e-10,0.0,0.062036798174896844,0.0
4602130957441446400,50.0,nearterm_1e-10,0.0,0.09331632447751811,0.0
377546664910219776,50.0,nearterm_1e-10,0.0,0.301528481242525,0.001
4364333977066797056,50.0,nearterm_1e-10,0.0,0.038328144548369206,0.0
5768315046181771904,50.0,nearterm_1e-10,0.0,0.09551056290538908,0.0
123580919370477952,50.0,nearterm_1e-10,0.0,0.092651274068674,0.0
4366334126156046976,50.0,nearterm_1e-10,0.0,0.0695693992517953,0.0
4901782819863332608,50.0,nearterm_1e-10,0.0,0.46679919184362534,0.142
2151838817854979456,50.0,nearterm_1e-10,0.0,0.07533120048925175,0.0
1343460895402697600,50.0,nearterm_1e-10,0.0,0.2754556514191953,0.1135
6136053959995638016,50.0,nearterm_1e-10,0.0,0.0995214081255893,0.0
2221263218985851520,50.0,nearterm_1e-10,0.0,0.8839132981063988,0.8415
4162186251740404608,50.0,nearterm_1e-10,0.0,0.31240286584507315,0.4725
1678399143976755584,50.0,nearterm_1e-10,0.0,0.2649434956488114,0.0
2704125913666895104,50.0,nearterm_1e-10,0.0,0.08685736810708948,0.0
5000393997669149952,50.0,nearterm_1e-10,0.0,0.18575322770914937,0.0
2491206105423269504,50.0,nearterm_1e-10,0.0,0.32502343767065445,0.001
6274538269849968512,50.0,nearterm_1e-10,0.0,0.10567824833710264,0.0
707365862223681408,50.0,nearterm_1e-10,0.0,0.10365380844360385,0.0
4735086373076351744,50.0,nearterm_1e-10,0.0,0.3880865811191183,0.063
2799316059826451328,50.0,nearterm_1e-10,0.0,0.18587269373786167,0.0
1875970079134757760,50.0,nearterm_1e-10,0.0,0.11422247560212737,0.0
1783649894544856960,50.0,nearterm_1e-10,0.0,0.10875002339295685,0.0
2554116930949289856,50.0,nearterm_1e-10,0.0,0.16915364289190496,0.0
2753295523906432384,50.0,nearterm_1e-10,0.0,0.09325937155625692,0.0
886990809110955008,50.0,nearterm_1e-10,0.0,0.21893927181944486,0.079
919018036639891968,50.0,nearterm_1e-10,0.0,0.26447873420812446,0.0
2833555985786735232,50.0,nearterm_1e-10,0.0,0.23499072946456215,0.0535
3023472056569280512,50.0,nearterm_1e-10,0.0,0.13102710618886987,0.0
868768602903736832,50.0,nearterm_1e-10,0.0,0.1249647889004699,0.0
5178460008866279808,50.0,nearterm_1e-10,0.0,0.141881833631203,0.0
3004697238395042176,50.0,nearterm_1e-10,0.0,0.3663823230029108,0.1485
2346247935526578688,50.0,nearterm_1e-10,0.0,0.12418918972863986,0.0305
1933622971340170496,50.0,nearterm_1e-10,0.0,0.10521286836513723,0.0
1014188567684692224,50.0,nearterm_1e-10,0.0,0.12539717316234467,0.0
5466445022127902976,50.0,nearterm_1e-10,0.0,0.12768209075374562,0.0
6681692893110527232,50.0,nearterm_1e-10,0.0,0.1453766273762338,0.0
5185560414440293632,50.0,nearterm_1e-10,0.0,0.32176984644709034,0.0
5800349145690204288,50.0,nearterm_1e-10,0.0,0.1064638426166884,0.0
4105409399796978944,50.0,nearterm_1e-10,0.0,0.06681716756991006,0.0
4708692944344873216,50.0,nearterm_1e-10,0.0,0.08872425220886838,0.0
2027994226190382848,50.0,nearterm_1e-10,0.0,0.09854978970127531,0.0
2511654375999952640,50.0,nearterm_1e-10,0.0,0.13146486332463428,0.0
5493261389176885632,50.0,nearterm_1e-10,0.0,0.1564971448133207,0.0
2240388880151078528,50.0,nearterm_1e-10,0.0,0.10907437150894958,0.008
5658455555185799040,50.0,nearterm_1e-10,0.0,0.08433135553723403,0.0
5052502602489649664,50.0,nearterm_1e-10,0.0,0.30419490351178813,0.002
1979258613779627520,50.0,nearterm_1e-10,0.0,0.12769263216261972,0.0
446639254048922112,50.0,nearterm_1e-10,0.0,0.07078462476623938,0.0
5601915746720479104,50.0,nearterm_1e-10,0.0,0.13848285275613872,0.0
4776963682897871616,50.0,nearterm_1e-10,0.0,0.4353851517045886,0.0365
3280686721529098368,50.0,nearterm_1e-10,0.0,0.09310428633835664,0.0
1285339370727734400,50.0,nearterm_1e-10,0.0,0.16376693001289805,0.0
5511484179500121088,50.0,nearterm_1e-10,0.0,0.1232321417204269,0.0
519978157091449088,50.0,nearterm_1e-10,0.0,0.06109291462664751,0.0
3855789469596668544,50.0,nearterm_1e-10,0.0,0.06485637102136695,0.0
572054498112591744,50.0,nearterm_1e-10,0.0,0.07155874641276035,0.0
357842591908022912,50.0,nearterm_1e-10,0.0,0.07665111304985914,0.0
5927844322167316352,50.0,nearterm_1e-10,0.0,0.06541503353698847,0.0
2281306105868025600,50.0,nearterm_1e-10,0.0,0.16651367807739315,0.0
6342743866636102528,50.0,nearterm_1e-10,0.0,0.07659915535582419,0.0
1690963263347609088,50.0,nearterm_1e-10,0.0,0.15712687881874093,0.0
1230823728796492672,50.0,nearterm_1e-10,0.0,0.1309062771260412,0.0
6411524297547089024,50.0,nearterm_1e-10,0.0,0.10340277221772891,0.0
2935813011016890752,50.0,nearterm_1e-10,0.0,0.102530062262034,0.0
1510354597152530176,50.0,nearterm_1e-10,0.0,0.1671896631775554,0.0
263711679169833728,50.0,nearterm_1e-10,0.0,0.08950489178873364,0.0065
2203996935067479424,50.0,nearterm_1e-10,0.0,0.2725764799176142,0.0
4637390027600793344,50.0,nearterm_1e-10,0.0,0.12258700676115952,0.0
3326809997366173568,50.0,nearterm_1e-10,0.0,0.160822295538604,0.0
359891153870510208,50.0,nearterm_1e-10,0.0,0.4351891940074616,0.1855
3194157939562713472,50.0,nearterm_1e-10,0.0,0.13661370167208986,0.0
5654914887224650240,50.0,nearterm_1e-10,0.0,0.127635494224488,0.0
132596261882440320,50.0,nearterm_1e-10,0.0,0.12565732821495815,0.0
4262558915898078720,50.0,nearterm_1e-10,0.0,0.10361119617270378,0.001
6149021149160162176,50.0,nearterm_1e-10,0.0,0.07604826984147109,0.0
2811411825899219200,50.0,nearterm_1e-10,0.0,0.4405839082076026,0.398
1900800964403932800,50.0,nearterm_1e-10,0.0,0.07815197786400493,0.0
6009934130839583488,50.0,nearterm_1e-10,0.0,0.05450149504375261,0.0005
6872322302128569344,50.0,nearterm_1e-10,0.0,0.09317964617406055,0.0
4548634356637185792,50.0,nearterm_1e-10,0.0,0.19110322051398862,0.0
6527091903161249152,50.0,nearterm_1e-10,0.0,0.09283052565905926,0.0
2639759162947729408,50.0,nearterm_1e-10,0.0,0.0862442919781528,0.0
4100927786033595648,50.0,nearterm_1e-10,0.0,0.0751642882464813,0.004
5371882654157606912,50.0,nearterm_1e-10,0.0,0.3419520523631323,0.019
6775009922429158272,50.0,nearterm_1e-10,0.0,0.10068648232900933,0.005
665668979685323648,50.0,nearterm_1e-10,0.0,0.2588453662933435,0.0645
1832230956847006592,50.0,nearterm_1e-10,0.0,0.6385685091103915,0.015
6284599664533612544,50.0,nearterm_1e-10,0.0,0.1812004699601842,0.0
4641784775576833536,50.0,nearterm_1e-10,0.0,0.2626645271118501,0.0
4268847611328000256,50.0,nearterm_1e-10,0.0785,5.060814641311321,0.9145
4278176623883730176,50.0,nearterm_1e-10,0.0,0.055672052422753936,0.0
3267929947104804096,50.0,goal_1e-11,0.0,0.07184237571715736,0.0
5642877846246495360,50.0,goal_1e-11,0.0,0.06782542103238873,0.0
6603465041679231872,50.0,goal_1e-11,0.0,0.33278532981222725,0.05
2046526391572691328,50.0,goal_1e-11,0.0,0.11747711339636334,0.0
1016789806037687424,50.0,goal_1e-11,0.0,0.30333596262209056,0.0075
5679711000438989312,50.0,goal_1e-11,0.0,0.031689532517073744,0.0
2995683893041962368,50.0,goal_1e-11,0.0,0.11172955633600244,0.0
5953737099445742848,50.0,goal_1e-11,0.0,0.07874237990675274,0.0
4615401513032729088,50.0,goal_1e-11,0.0,0.10799202822916731,0.0
3004510772390701696,50.0,goal_1e-11,0.0,0.14729138263546224,0.0
4069792782145982080,50.0,goal_1e-11,0.0,0.1855009262076826,0.0
5814108395520777856,50.0,goal_1e-11,0.0,0.16322004258647976,0.0
5962272505153840896,50.0,goal_1e-11,0.0,0.25012690132080007,0.0035
2149291627370030336,50.0,goal_1e-11,0.0,0.06639039161826654,0.0
1323478680316848256,50.0,goal_1e-11,0.0,0.11425352129521094,0.0055
5260504054704228736,50.0,goal_1e-11,0.0,0.2559309087069292,0.0
5841541455445538432,50.0,goal_1e-11,0.0,0.08814455878625808,0.0
3867940039451965952,50.0,goal_1e-11,0.0,0.19572984747117186,0.0
87878642944408960,50.0,goal_1e-11,0.0,0.0960397095768183,0.0
3151482384299373696,50.0,goal_1e-11,0.0,0.3831162249533622,0.027
6181044017297795968,50.0,goal_1e-11,0.0,0.665914797826967,0.0565
803645216387486720,50.0,goal_1e-11,0.0,0.33968915093085855,0.0
5914174364643486592,50.0,goal_1e-11,0.0,0.15415945734095715,0.006
4797122403959920768,50.0,goal_1e-11,0.0,0.2274940136145602,0.0
2575048093288905088,50.0,goal_1e-11,0.0,0.21495938817083637,0.0
4229058961259584256,50.0,goal_1e-11,0.0,0.3939758432293784,0.0435
4561522831932945920,50.0,goal_1e-11,0.0,0.2766097347713272,0.0035
2208326773198648320,50.0,goal_1e-11,0.0,0.2606371230955587,0.006
6094128791359632256,50.0,goal_1e-11,0.0,0.2169424625185264,0.0065
2769623267282593152,50.0,goal_1e-11,0.0,0.18246341437789204,0.0195
5660807578058341120,50.0,goal_1e-11,0.0,0.14946887276106652,0.0
296496818102428544,50.0,goal_1e-11,0.0,0.20414529143637336,0.0
158752853233960704,50.0,goal_1e-11,0.0,0.05050036687018457,0.0
2259514678757235200,50.0,goal_1e-11,0.0,0.08622614935443264,0.0
4227855172121285760,50.0,goal_1e-11,0.0,0.19295941224757968,0.0
2196000977264781056,50.0,goal_1e-11,0.0,0.14879786520304294,0.0
1422765267499632640,50.0,goal_1e-11,0.0,0.1412754838851212,0.0
5351303408563334912,50.0,goal_1e-11,0.0,0.13204413396635628,0.026
1364263517961035648,50.0,goal_1e-11,0.0,0.10501055810731444,0.0
5274946414813497344,50.0,goal_1e-11,0.0,0.17089758146860878,0.0
3180960123537829760,50.0,goal_1e-11,0.0,0.24334231309537807,0.0055
2757278951454094208,50.0,goal_1e-11,0.0,0.10335434766407016,0.0
2703346703520007168,50.0,goal_1e-11,0.0,0.0967659937873811,0.0
4002529127504102656,50.0,goal_1e-11,0.0,0.4079439529174143,0.0195
5421588692928858752,50.0,goal_1e-11,0.0,0.07596660192723294,0.0
6050388913137070848,50.0,goal_1e-11,0.0,0.08802084566956714,0.2045
4345060775182367232,50.0,goal_1e-11,0.0,0.07090036921438449,0.0
992946106114748032,50.0,goal_1e-11,0.0,0.1929414379379857,0.0
676792841901784192,50.0,goal_1e-11,0.0,0.1552515239235247,0.013
218953691837608960,50.0,goal_1e-11,0.0,0.1316503772441715,0.0
2482368024800833024,50.0,goal_1e-11,0.0,0.1912390103004056,0.0025
4609966833215963392,50.0,goal_1e-11,0.0,0.11706313559861879,0.0
6844037812175117440,50.0,goal_1e-11,0.0,0.14263675291883607,0.049
6441225886185109632,50.0,goal_1e-11,0.0,0.15807696407613053,0.0
1275271417631701504,50.0,goal_1e-11,0.0,0.12166769949793783,0.0
6490173906174556416,50.0,goal_1e-11,0.0,0.1151197414608368,0.0
5940429538445511808,50.0,goal_1e-11,0.0,0.3788707904604487,0.0
3793148372312611456,50.0,goal_1e-11,0.0,0.1375670324695559,0.0
3138662151736925568,50.0,goal_1e-11,0.0,0.0887384112833851,0.0
5976199159903812736,50.0,goal_1e-11,0.0,0.07210791494076116,0.0
1504338722359357568,50.0,goal_1e-11,0.0,0.17412813139144528,0.0055
1688451325954477184,50.0,goal_1e-11,0.0,0.22578201882892776,0.0
5889045855385067136,50.0,goal_1e-11,0.0,0.07958543530019528,0.0
4081754605352170496,50.0,goal_1e-11,0.0,0.35808993368755127,0.2095
2691146831736184576,50.0,goal_1e-11,0.0,0.126907754323979,0.0
334398010409366400,50.0,goal_1e-11,0.0,0.1475091991852766,0.006
1383626089525174016,50.0,goal_1e-11,0.0,0.1238099815371848,0.0
3702063519102244480,50.0,goal_1e-11,0.0,0.3310138058707462,0.0085
5423016683660491264,50.0,goal_1e-11,0.0,0.08882606861734117,0.0
2804852929801600768,50.0,goal_1e-11,0.0,0.4282101005926538,0.002
3114023912926376448,50.0,goal_1e-11,0.0,0.12944023958918255,0.009
5524591457617244928,50.0,goal_1e-11,0.0,0.10738878154495322,0.0
4060366016201160320,50.0,goal_1e-11,0.0,0.006502091272524261,0.0
6694638847956909696,50.0,goal_1e-11,0.0,0.11251262702404408,0.003
3039556915253606144,50.0,goal_1e-11,0.0,0.23997927244725725,0.0005
6237927045205600000,50.0,goal_1e-11,0.0,0.07097950305894406,0.0015
1878241773237645184,50.0,goal_1e-11,0.0,0.1204773759790071,0.0
4288946748293342080,50.0,goal_1e-11,0.0,0.9356194757488787,0.0925
2337648311488015360,50.0,goal_1e-11,0.0,0.18720567993205395,0.0
4395214100433309184,50.0,goal_1e-11,0.0,0.3137966651232919,0.0435
2796277112767076864,50.0,goal_1e-11,0.0,0.047656085284511034,0.0
6016504747910034432,50.0,goal_1e-11,0.0,0.0792254403489145,0.0
5166280100090122880,50.0,goal_1e-11,0.0,0.2930577973003426,0.0085
1130573557111974912,50.0,goal_1e-11,0.0,0.2678990086749527,0.0
164738354017665664,50.0,goal_1e-11,0.0,0.016098255745281235,0.0
1761771910959772032,50.0,goal_1e-11,0.0,0.12223284549185276,0.0
1329848490477856768,50.0,goal_1e-11,0.0,0.9780087910961077,0.1125
3311535375672171776,50.0,goal_1e-11,0.0,0.2367099990160013,0.008
6112272348126668800,50.0,goal_1e-11,0.0,0.1768949288119237,0.0
6755038496304470144,50.0,goal_1e-11,0.0,0.14754870786248972,0.0
4283053988756001920,50.0,goal_1e-11,0.0,0.12677388848323062,0.0
2599647119044490496,50.0,goal_1e-11,0.0,0.14647705460299587,0.0
490441735713670528,50.0,goal_1e-11,0.0,0.12812677761104133,0.0
4934043968492272896,50.0,goal_1e-11,0.0,0.18391785920370748,0.047
2621100450623361280,50.0,goal_1e-11,0.0,0.7472824822638088,0.1705
1851315420672845056,50.0,goal_1e-11,0.0,0.17074995747206734,0.0
5541455315986463104,50.0,goal_1e-11,0.0,0.07916034737511984,0.0
5976098417137532800,50.0,goal_1e-11,0.0,0.10347613827957489,0.0
28898090451449472,50.0,goal_1e-11,0.0,0.09602223337207658,0.0
6592347918267168128,50.0,goal_1e-11,0.0,0.2022743350095384,0.0
5887064359268864256,50.0,goal_1e-11,0.0,0.03170536688555815,0.0
6518913495153329920,50.0,goal_1e-11,0.0,0.07686089996659863,0.0
4600878063941953280,50.0,goal_1e-11,0.0,0.12700480520624938,0.0
992845122843798016,50.0,goal_1e-11,0.0,0.14266788345663883,0.0
3664521351702250752,50.0,goal_1e-11,0.0,0.4400615025126529,0.0075
3711953493050429568,50.0,goal_1e-11,0.0,0.1746220559040465,0.0
5473228871432372992,50.0,goal_1e-11,0.0,0.1340896640015817,0.0
6752384069075512320,50.0,goal_1e-11,0.0,0.10612251372106994,0.0
4115513220094402048,50.0,goal_1e-11,0.0,0.062063609209947176,0.0
4602130957441446400,50.0,goal_1e-11,0.0,0.09337913739726895,0.0
377546664910219776,50.0,goal_1e-11,0.0,0.3021098216331887,0.001
4364333977066797056,50.0,goal_1e-11,0.0,0.038334988977982404,0.0
5768315046181771904,50.0,goal_1e-11,0.0,0.09566597699977812,0.0
123580919370477952,50.0,goal_1e-11,0.0,0.09271298603895514,0.0
4366334126156046976,50.0,goal_1e-11,0.0,0.06966311806044621,0.0
4901782819863332608,50.0,goal_1e-11,0.0,0.4706827999162191,0.142
2151838817854979456,50.0,goal_1e-11,0.0,0.07536011564967074,0.0
1343460895402697600,50.0,goal_1e-11,0.0,0.2774659495038579,0.1135
6136053959995638016,50.0,goal_1e-11,0.0,0.09960366735783015,0.0
2221263218985851520,50.0,goal_1e-11,0.0,0.9049467145772576,0.8415
4162186251740404608,50.0,goal_1e-11,0.0,0.31514372131455415,0.4725
1678399143976755584,50.0,goal_1e-11,0.0,0.2655300733384332,0.0
2704125913666895104,50.0,goal_1e-11,0.0,0.0869116827492227,0.0
5000393997669149952,50.0,goal_1e-11,0.0,0.18609014630101545,0.0
2491206105423269504,50.0,goal_1e-11,0.0,0.32581498715773366,0.001
6274538269849968512,50.0,goal_1e-11,0.0,0.10594032077316043,0.0
707365862223681408,50.0,goal_1e-11,0.0,0.10379992041322349,0.0
4735086373076351744,50.0,goal_1e-11,0.0,0.39078640026441397,0.063
2799316059826451328,50.0,goal_1e-11,0.0,0.18629527502449675,0.0
1875970079134757760,50.0,goal_1e-11,0.0,0.11441855334634146,0.0
1783649894544856960,50.0,goal_1e-11,0.0,0.10883858726482103,0.0
2554116930949289856,50.0,goal_1e-11,0.0,0.16930156880142597,0.0
2753295523906432384,50.0,goal_1e-11,0.0,0.0933733256796681,0.0
886990809110955008,50.0,goal_1e-11,0.0,0.2202730490746702,0.079
919018036639891968,50.0,goal_1e-11,0.0,0.2652087224585752,0.0
2833555985786735232,50.0,goal_1e-11,0.0,0.2363402544983151,0.0535
3023472056569280512,50.0,goal_1e-11,0.0,0.13142058522439984,0.0
868768602903736832,50.0,goal_1e-11,0.0,0.12519497155390205,0.0
5178460008866279808,50.0,goal_1e-11,0.0,0.1420589542839075,0.0
3004697238395042176,50.0,goal_1e-11,0.0,0.36950582042987196,0.1485
2346247935526578688,50.0,goal_1e-11,0.0,0.12458893527949347,0.0305
1933622971340170496,50.0,goal_1e-11,0.0,0.10528923099731224,0.0
1014188567684692224,50.0,goal_1e-11,0.0,0.12566011345608447,0.0
5466445022127902976,50.0,goal_1e-11,0.0,0.12787630904687597,0.0
6681692893110527232,50.0,goal_1e-11,0.0,0.1455649368276506,0.0
5185560414440293632,50.0,goal_1e-11,0.0,0.3225437733303047,0.0
5800349145690204288,50.0,goal_1e-11,0.0,0.10664857421288017,0.0
4105409399796978944,50.0,goal_1e-11,0.0,0.06684688952401702,0.0
4708692944344873216,50.0,goal_1e-11,0.0,0.08878600119002775,0.0
2027994226190382848,50.0,goal_1e-11,0.0,0.09865118558095173,0.0
2511654375999952640,50.0,goal_1e-11,0.0,0.131587465345545,0.0
5493261389176885632,50.0,goal_1e-11,0.0,0.15668703281714563,0.0
2240388880151078528,50.0,goal_1e-11,0.0,0.10943839380139352,0.008
5658455555185799040,50.0,goal_1e-11,0.0,0.0844478938738061,0.0
5052502602489649664,50.0,goal_1e-11,0.0,0.30507076350960255,0.002
1979258613779627520,50.0,goal_1e-11,0.0,0.1280333374452675,0.0
446639254048922112,50.0,goal_1e-11,0.0,0.07083323785728453,0.0
5601915746720479104,50.0,goal_1e-11,0.0,0.13870303754154875,0.0
4776963682897871616,50.0,goal_1e-11,0.0,0.4370713041903597,0.0365
3280686721529098368,50.0,goal_1e-11,0.0,0.09323524625451278,0.0
1285339370727734400,50.0,goal_1e-11,0.0,0.16389300578833013,0.0
5511484179500121088,50.0,goal_1e-11,0.0,0.12332280183787069,0.0
519978157091449088,50.0,goal_1e-11,0.0,0.061122279506867244,0.0
3855789469596668544,50.0,goal_1e-11,0.0,0.06487745979807084,0.0
572054498112591744,50.0,goal_1e-11,0.0,0.07159662215582932,0.0
357842591908022912,50.0,goal_1e-11,0.0,0.07669119982651736,0.0
5927844322167316352,50.0,goal_1e-11,0.0,0.06543516861036597,0.0
2281306105868025600,50.0,goal_1e-11,0.0,0.16667488512570452,0.0
6342743866636102528,50.0,goal_1e-11,0.0,0.07665799740422728,0.0
1690963263347609088,50.0,goal_1e-11,0.0,0.1574476751064407,0.0
1230823728796492672,50.0,goal_1e-11,0.0,0.13109580180634745,0.0
6411524297547089024,50.0,goal_1e-11,0.0,0.10364138058327622,0.0
2935813011016890752,50.0,goal_1e-11,0.0,0.10261238226163522,0.0
1510354597152530176,50.0,goal_1e-11,0.0,0.16752256082253789,0.0
263711679169833728,50.0,goal_1e-11,0.0,0.08975062616983524,0.0065
2203996935067479424,50.0,goal_1e-11,0.0,0.2729355175253666,0.0
4637390027600793344,50.0,goal_1e-11,0.0,0.12286339527152808,0.0
3326809997366173568,50.0,goal_1e-11,0.0,0.16120860946958887,0.0
359891153870510208,50.0,goal_1e-11,0.0,0.43928183845109536,0.1855
3194157939562713472,50.0,goal_1e-11,0.0,0.13689690760650472,0.0
5654914887224650240,50.0,goal_1e-11,0.0,0.12786688679050423,0.0
132596261882440320,50.0,goal_1e-11,0.0,0.12585269981624958,0.0
4262558915898078720,50.0,goal_1e-11,0.0,0.10388424389746422,0.001
6149021149160162176,50.0,goal_1e-11,0.0,0.07610044906722502,0.0
2811411825899219200,50.0,goal_1e-11,0.0,0.4458370713671909,0.398
1900800964403932800,50.0,goal_1e-11,0.0,0.07820542047180142,0.0
6009934130839583488,50.0,goal_1e-11,0.0,0.0545841765398966,0.0005
6872322302128569344,50.0,goal_1e-11,0.0,0.09330352009286287,0.0
4548634356637185792,50.0,goal_1e-11,0.0,0.19167597804906983,0.0
6527091903161249152,50.0,goal_1e-11,0.0,0.0929058700535156,0.0
2639759162947729408,50.0,goal_1e-11,0.0,0.08628042476090354,0.0
4100927786033595648,50.0,goal_1e-11,0.0,0.07534685050421291,0.004
5371882654157606912,50.0,goal_1e-11,0.0,0.3438073086837221,0.019
6775009922429158272,50.0,goal_1e-11,0.0,0.10097130868413905,0.005
665668979685323648,50.0,goal_1e-11,0.0,0.26051877614964064,0.0645
1832230956847006592,50.0,goal_1e-11,0.0,0.640917090168505,0.015
6284599664533612544,50.0,goal_1e-11,0.0,0.18169139173932525,0.0
4641784775576833536,50.0,goal_1e-11,0.0,0.26335659371902975,0.0
4268847611328000256,50.0,goal_1e-11,0.0855,5.2376841364326365,0.9145
4278176623883730176,50.0,goal_1e-11,0.0,0.055690444514780946,0.0
3267929947104804096,80.0,current_1e-9,0.0,0.1769890527290681,0.0
5642877846246495360,80.0,current_1e-9,0.0,0.16833989882610115,0.0
6603465041679231872,80.0,current_1e-9,0.0,0.6811253521829788,0.4765
2046526391572691328,80.0,current_1e-9,0.0,0.2765115029264861,0.0095
1016789806037687424,80.0,current_1e-9,0.0,0.6447096279225512,0.2225
5679711000438989312,80.0,current_1e-9,0.0,0.07939271404397072,0.001
2995683893041962368,80.0,current_1e-9,0.0,0.26726671139659763,0.0005
5953737099445742848,80.0,current_1e-9,0.0,0.1899560821167994,0.017
4615401513032729088,80.0,current_1e-9,0.0,0.26228674126389206,0.0
3004510772390701696,80.0,current_1e-9,0.0,0.34731342452572417,0.002
4069792782145982080,80.0,current_1e-9,0.0,0.43157187824143456,0.031
5814108395520777856,80.0,current_1e-9,0.0,0.38181330465857016,0.0065
5962272505153840896,80.0,current_1e-9,0.0,0.545821472114817,0.1625
2149291627370030336,80.0,current_1e-9,0.0,0.16364268623908781,0.0
1323478680316848256,80.0,current_1e-9,0.0,0.2606852730257423,0.2025
5260504054704228736,80.0,current_1e-9,0.0,0.5712661697962693,0.0785
5841541455445538432,80.0,current_1e-9,0.0,0.2103246395342558,0.046
3867940039451965952,80.0,current_1e-9,0.0,0.45357284792694397,0.005
87878642944408960,80.0,current_1e-9,0.0,0.23389614938690836,0.0
3151482384299373696,80.0,current_1e-9,0.0,0.7784174075336773,0.3865
6181044017297795968,80.0,current_1e-9,0.0,1.2829952766552055,0.4905
803645216387486720,80.0,current_1e-9,0.0,0.7460955766889622,0.0455
5914174364643486592,80.0,current_1e-9,0.0,0.34805957493389184,0.2165
4797122403959920768,80.0,current_1e-9,0.0,0.5127255805952495,0.0445
2575048093288905088,80.0,current_1e-9,0.0,0.49677599828135827,0.014
4229058961259584256,80.0,current_1e-9,0.0,0.7957727446198113,0.454
4561522831932945920,80.0,current_1e-9,0.0,0.6064040816707433,0.159
2208326773198648320,80.0,current_1e-9,0.0,0.5622309693355616,0.2355
6094128791359632256,80.0,current_1e-9,0.0,0.4867494184417585,0.215
2769623267282593152,80.0,current_1e-9,0.0,0.3981800536984755,0.3215
5660807578058341120,80.0,current_1e-9,0.0,0.3505036970138218,0.0035
296496818102428544,80.0,current_1e-9,0.0,0.4619790758123726,0.035
158752853233960704,80.0,current_1e-9,0.0,0.12563211872088106,0.0
2259514678757235200,80.0,current_1e-9,0.0,0.21026472615557917,0.0
4227855172121285760,80.0,current_1e-9,0.0,0.4494328390314405,0.0195
2196000977264781056,80.0,current_1e-9,0.0,0.35193764380935266,0.004
1422765267499632640,80.0,current_1e-9,0.0,0.32992932445022677,0.007
5351303408563334912,80.0,current_1e-9,0.0,0.314223615082763,0.3635
1364263517961035648,80.0,current_1e-9,0.0,0.2545574416208026,0.0
5274946414813497344,80.0,current_1e-9,0.0,0.4050921057960398,0.002
3180960123537829760,80.0,current_1e-9,0.0,0.5332754038552089,0.1885
2757278951454094208,80.0,current_1e-9,0.0,0.24990759815483246,0.0
2703346703520007168,80.0,current_1e-9,0.0,0.2337542394484979,0.0
4002529127504102656,80.0,current_1e-9,0.0,0.8399029135399317,0.3225
5421588692928858752,80.0,current_1e-9,0.0,0.18684264828164335,0.0
6050388913137070848,80.0,current_1e-9,0.0,0.20917122564264679,0.6915
4345060775182367232,80.0,current_1e-9,0.0,0.17413100498060272,0.0
992946106114748032,80.0,current_1e-9,0.0,0.4535620210915126,0.0
676792841901784192,80.0,current_1e-9,0.0,0.34618894859235116,0.2765
218953691837608960,80.0,current_1e-9,0.0,0.30436644630266996,0.0875
2482368024800833024,80.0,current_1e-9,0.0,0.42625029617474447,0.1415
4609966833215963392,80.0,current_1e-9,0.0,0.2845458839210632,0.0
6844037812175117440,80.0,current_1e-9,0.0,0.31047710101702364,0.475
6441225886185109632,80.0,current_1e-9,0.0,0.3591369055918722,0.029
1275271417631701504,80.0,current_1e-9,0.0,0.292089248142611,0.0
6490173906174556416,80.0,current_1e-9,0.0,0.27451764229558323,0.0
5940429538445511808,80.0,current_1e-9,0.0,0.8206898251284486,0.082
3793148372312611456,80.0,current_1e-9,0.0,0.3300124195106335,0.0
3138662151736925568,80.0,current_1e-9,0.0,0.21690449502104364,0.0
5976199159903812736,80.0,current_1e-9,0.0,0.17259281472706517,0.0475
1504338722359357568,80.0,current_1e-9,0.0,0.38583254938985656,0.186
1688451325954477184,80.0,current_1e-9,0.0,0.5164545275144021,0.0055
5889045855385067136,80.0,current_1e-9,0.0,0.1954610992081682,0.0
4081754605352170496,80.0,current_1e-9,0.0,0.6922540290082089,0.6915
2691146831736184576,80.0,current_1e-9,0.0,0.30641109237281466,0.0
334398010409366400,80.0,current_1e-9,0.0,0.33010854109061677,0.2375
1383626089525174016,80.0,current_1e-9,0.0,0.2914004851595222,0.0045
3702063519102244480,80.0,current_1e-9,0.0,0.6997449603741536,0.256
5423016683660491264,80.0,current_1e-9,0.0,0.21674182621715715,0.0
2804852929801600768,80.0,current_1e-9,0.0,0.9274691208151937,0.0945
3114023912926376448,80.0,current_1e-9,0.0,0.2906610821557424,0.2885
5524591457617244928,80.0,current_1e-9,0.0,0.2597170635061542,0.0
4060366016201160320,80.0,current_1e-9,0.0,0.016578919845887326,0.0025
6694638847956909696,80.0,current_1e-9,0.0,0.2589331103433449,0.1445
3039556915253606144,80.0,current_1e-9,0.0,0.5366776436428201,0.0575
6237927045205600000,80.0,current_1e-9,0.0,0.17043038832965401,0.1085
1878241773237645184,80.0,current_1e-9,0.0,0.2884342614884201,0.0
4288946748293342080,80.0,current_1e-9,0.0,1.723835061371502,0.5735
2337648311488015360,80.0,current_1e-9,0.0,0.43372672304846166,0.001
4395214100433309184,80.0,current_1e-9,0.0,0.6691564430611429,0.445
2796277112767076864,80.0,current_1e-9,0.0,0.11885570581057214,0.0
6016504747910034432,80.0,current_1e-9,0.0,0.1961316293071745,0.0
5166280100090122880,80.0,current_1e-9,0.0,0.6266532886560915,0.199
1130573557111974912,80.0,current_1e-9,0.0,0.5911581061687284,0.064
164738354017665664,80.0,current_1e-9,0.0,0.04084225100720146,0.0
1761771910959772032,80.0,current_1e-9,0.0,0.2951002730186766,0.0
1329848490477856768,80.0,current_1e-9,0.0,1.8353876448501256,0.6125
3311535375672171776,80.0,current_1e-9,0.0,0.5262943731327625,0.205
6112272348126668800,80.0,current_1e-9,0.0,0.4098911967343881,0.006
6755038496304470144,80.0,current_1e-9,0.0,0.34568123470065415,0.0035
4283053988756001920,80.0,current_1e-9,0.0,0.2938122852630827,0.05
2599647119044490496,80.0,current_1e-9,0.0,0.3469572009730952,0.002
490441735713670528,80.0,current_1e-9,0.0,0.2955770324075303,0.065
4934043968492272896,80.0,current_1e-9,0.0,0.39332794565031415,0.454
2621100450623361280,80.0,current_1e-9,0.0,1.3613017876430098,0.6475
1851315420672845056,80.0,current_1e-9,0.0,0.40412915610784506,0.0
5541455315986463104,80.0,current_1e-9,0.0,0.19430869212751245,0.0
5976098417137532800,80.0,current_1e-9,0.0,0.24872271837301624,0.009
28898090451449472,80.0,current_1e-9,0.0,0.23280094193601988,0.0
6592347918267168128,80.0,current_1e-9,0.0,0.46186006258157736,0.0165
5887064359268864256,80.0,current_1e-9,0.0,0.07952761241397346,0.0185
6518913495153329920,80.0,current_1e-9,0.0,0.18894451462562287,0.0
4600878063941953280,80.0,current_1e-9,0.0,0.30746029978762957,0.0
992845122843798016,80.0,current_1e-9,0.0,0.33869078664231134,0.0035
3664521351702250752,80.0,current_1e-9,0.0,0.9062153315695637,0.229
3711953493050429568,80.0,current_1e-9,0.0,0.4146931509356022,0.0
5473228871432372992,80.0,current_1e-9,0.0,0.32296275841815364,0.0
6752384069075512320,80.0,current_1e-9,0.0,0.25478739593484606,0.0005
4115513220094402048,80.0,current_1e-9,0.0,0.15390897879447255,0.0
4602130957441446400,80.0,current_1e-9,0.0,0.22810755102548166,0.0
377546664910219776,80.0,current_1e-9,0.0,0.6802265721177051,0.0485
4364333977066797056,80.0,current_1e-9,0.0,0.0963338868202884,0.0
5768315046181771904,80.0,current_1e-9,0.0,0.22899420261329004,0.0075
123580919370477952,80.0,current_1e-9,0.0,0.22698644245732819,0.0
4366334126156046976,80.0,current_1e-9,0.0,0.16872568461656742,0.04
4901782819863332608,80.0,current_1e-9,0.0,0.8990782370900468,0.6235
2151838817854979456,80.0,current_1e-9,0.0,0.18589900106219698,0.0
1343460895402697600,80.0,current_1e-9,0.0,0.5580052493984846,0.6115
6136053959995638016,80.0,current_1e-9,0.0,0.24158822337209368,0.0
2221263218985851520,80.0,current_1e-9,0.0,1.17799455207414,0.9435
4162186251740404608,80.0,current_1e-9,0.0,0.6039278623790981,0.8315
1678399143976755584,80.0,current_1e-9,0.0,0.6026476197034895,0.0175
2704125913666895104,80.0,current_1e-9,0.0,0.21231764272328638,0.0
5000393997669149952,80.0,current_1e-9,0.0,0.4329713925478452,0.005
2491206105423269504,80.0,current_1e-9,0.0,0.7239279138301687,0.0725
6274538269849968512,80.0,current_1e-9,0.0,0.24747322628495494,0.0705
707365862223681408,80.0,current_1e-9,0.0,0.24802955432318288,0.011
4735086373076351744,80.0,current_1e-9,0.0,0.779618005800849,0.501
2799316059826451328,80.0,current_1e-9,0.0,0.428702576319752,0.019
1875970079134757760,80.0,current_1e-9,0.0,0.27180522918657934,0.0035
1783649894544856960,80.0,current_1e-9,0.0,0.26392365090513464,0.0
2554116930949289856,80.0,current_1e-9,0.0,0.4028887539196031,0.0
2753295523906432384,80.0,current_1e-9,0.0,0.2251086800807094,0.0
886990809110955008,80.0,current_1e-9,0.0,0.4589845344631335,0.538
919018036639891968,80.0,current_1e-9,0.0,0.5921526332257661,0.044
2833555985786735232,80.0,current_1e-9,0.0,0.49508955327329934,0.494
3023472056569280512,80.0,current_1e-9,0.0,0.30157166591627516,0.09
868768602903736832,80.0,current_1e-9,0.0,0.295538673651395,0.004
5178460008866279808,80.0,current_1e-9,0.0,0.3383773156782449,0.002
3004697238395042176,80.0,current_1e-9,0.0,0.709789656771354,0.6365
2346247935526578688,80.0,current_1e-9,0.0,0.2846254783885098,0.4125
1933622971340170496,80.0,current_1e-9,0.0,0.2559528538441174,0.0
1014188567684692224,80.0,current_1e-9,0.0,0.29428841728918215,0.0085
5466445022127902976,80.0,current_1e-9,0.0,0.30367882198051355,0.0135
6681692893110527232,80.0,current_1e-9,0.0,0.34259456920880815,0.0005
5185560414440293632,80.0,current_1e-9,0.0,0.7176970156039884,0.0685
5800349145690204288,80.0,current_1e-9,0.0,0.2533369388482095,0.026
4105409399796978944,80.0,current_1e-9,0.0,0.16547574498387493,0.0
4708692944344873216,80.0,current_1e-9,0.0,0.21696131806845984,0.0
2027994226190382848,80.0,current_1e-9,0.0,0.23872936043111248,0.0
2511654375999952640,80.0,current_1e-9,0.0,0.31600858637860896,0.0
5493261389176885632,80.0,current_1e-9,0.0,0.3709109808056647,0.003
2240388880151078528,80.0,current_1e-9,0.0,0.24820893846069528,0.2175
5658455555185799040,80.0,current_1e-9,0.0,0.20373173978805292,0.0055
5052502602489649664,80.0,current_1e-9,0.0,0.6753281639763136,0.086
1979258613779627520,80.0,current_1e-9,0.0,0.29555327875065646,0.0605
446639254048922112,80.0,current_1e-9,0.0,0.17403607541446559,0.001
5601915746720479104,80.0,current_1e-9,0.0,0.3282586094974629,0.005
4776963682897871616,80.0,current_1e-9,0.0,0.9275699661822496,0.417
3280686721529098368,80.0,current_1e-9,0.0,0.22355139380733272,0.003
1285339370727734400,80.0,current_1e-9,0.0,0.39109494812778595,0.0
5511484179500121088,80.0,current_1e-9,0.0,0.2983481134204383,0.0
519978157091449088,80.0,current_1e-9,0.0,0.1511988597168658,0.0
3855789469596668544,80.0,current_1e-9,0.0,0.16081897685467714,0.0
572054498112591744,80.0,current_1e-9,0.0,0.17664796043069805,0.0
357842591908022912,80.0,current_1e-9,0.0,0.1883010926611819,0.0
5927844322167316352,80.0,current_1e-9,0.0,0.16265261525441627,0.0
2281306105868025600,80.0,current_1e-9,0.0,0.3959058739079238,0.0005
6342743866636102528,80.0,current_1e-9,0.0,0.1873609402242381,0.0
1690963263347609088,80.0,current_1e-9,0.0,0.36517712850964557,0.0055
1230823728796492672,80.0,current_1e-9,0.0,0.3118216393212746,0.0
6411524297547089024,80.0,current_1e-9,0.0,0.24255566062472067,0.038
2935813011016890752,80.0,current_1e-9,0.0,0.24944291555272602,0.0
1510354597152530176,80.0,current_1e-9,0.0,0.38977232538537676,0.024
263711679169833728,80.0,current_1e-9,0.0,0.20832118333810673,0.1915
2203996935067479424,80.0,current_1e-9,0.0,0.6277198038787064,0.015
4637390027600793344,80.0,current_1e-9,0.0,0.28727881545071626,0.0265
3326809997366173568,80.0,current_1e-9,0.0,0.3717748536188259,0.018
359891153870510208,80.0,current_1e-9,0.0,0.8223423287197484,0.661
3194157939562713472,80.0,current_1e-9,0.0,0.3190069992827422,0.0155
5654914887224650240,80.0,current_1e-9,0.0,0.29961172229797617,0.047
132596261882440320,80.0,current_1e-9,0.0,0.29807115540198426,0.003
4262558915898078720,80.0,current_1e-9,0.0,0.24209184688008786,0.0915
6149021149160162176,80.0,current_1e-9,0.0,0.18684950902018044,0.0
2811411825899219200,80.0,current_1e-9,0.0,0.7803305609161238,0.816
1900800964403932800,80.0,current_1e-9,0.0,0.19192364635739712,0.0
6009934130839583488,80.0,current_1e-9,0.0,0.13218815834552936,0.102
6872322302128569344,80.0,current_1e-9,0.0,0.22485913534929086,0.008
4548634356637185792,80.0,current_1e-9,0.0,0.43324196165148415,0.0485
6527091903161249152,80.0,current_1e-9,0.0,0.2255652518733756,0.0
2639759162947729408,80.0,current_1e-9,0.0,0.21200028506271282,0.0
4100927786033595648,80.0,current_1e-9,0.0,0.1775761714128447,0.215
5371882654157606912,80.0,current_1e-9,0.0,0.716704075553018,0.324
6775009922429158272,80.0,current_1e-9,0.0,0.2335406887252998,0.1545
665668979685323648,80.0,current_1e-9,0.0,0.5328282878668815,0.524
1832230956847006592,80.0,current_1e-9,0.0,1.3195971155782982,0.2855
6284599664533612544,80.0,current_1e-9,0.0,0.41261774810500607,0.063
4641784775576833536,80.0,current_1e-9,0.0,0.5905004925488081,0.0325
4268847611328000256,80.0,current_1e-9,0.1305,5.117393721920624,0.971
4278176623883730176,80.0,current_1e-9,0.0,0.13804291874290964,0.0
3267929947104804096,80.0,nearterm_1e-10,0.0,0.17950830854370428,0.0
5642877846246495360,80.0,nearterm_1e-10,0.0,0.16992338409786067,0.0
6603465041679231872,80.0,nearterm_1e-10,0.0,0.7832175121617545,0.4765
2046526391572691328,80.0,nearterm_1e-10,0.0,0.28964878666779814,0.0095
1016789806037687424,80.0,nearterm_1e-10,0.0,0.7182448693827702,0.2225
5679711000438989312,80.0,nearterm_1e-10,0.0,0.08022640154408876,0.001
2995683893041962368,80.0,nearterm_1e-10,0.0,0.2762593549950483,0.0005
5953737099445742848,80.0,nearterm_1e-10,0.0,0.19669253839013043,0.017
4615401513032729088,80.0,nearterm_1e-10,0.0,0.26768181421622195,0.0
3004510772390701696,80.0,nearterm_1e-10,0.0,0.3601067011577311,0.002
4069792782145982080,80.0,nearterm_1e-10,0.0,0.4490714229773738,0.031
5814108395520777856,80.0,nearterm_1e-10,0.0,0.3992455241338927,0.0065
5962272505153840896,80.0,nearterm_1e-10,0.0,0.596794701936392,0.1625
2149291627370030336,80.0,nearterm_1e-10,0.0,0.1656018366880743,0.0
1323478680316848256,80.0,nearterm_1e-10,0.0,0.2830069605926916,0.2025
5260504054704228736,80.0,nearterm_1e-10,0.0,0.6106604925273352,0.0785
5841541455445538432,80.0,nearterm_1e-10,0.0,0.2196996018897584,0.046
3867940039451965952,80.0,nearterm_1e-10,0.0,0.4722292583469709,0.005
87878642944408960,80.0,nearterm_1e-10,0.0,0.2382952171232065,0.0
3151482384299373696,80.0,nearterm_1e-10,0.0,0.8889450251168917,0.3865
6181044017297795968,80.0,nearterm_1e-10,0.0,1.4759187163688672,0.4905
803645216387486720,80.0,nearterm_1e-10,0.0,0.7957933396007343,0.0455
5914174364643486592,80.0,nearterm_1e-10,0.0,0.3771304421362282,0.2165
4797122403959920768,80.0,nearterm_1e-10,0.0,0.5443982823969977,0.0445
2575048093288905088,80.0,nearterm_1e-10,0.0,0.5151413294653877,0.014
4229058961259584256,80.0,nearterm_1e-10,0.0,0.9169603481594556,0.454
4561522831932945920,80.0,nearterm_1e-10,0.0,0.6569873187768571,0.159
2208326773198648320,80.0,nearterm_1e-10,0.0,0.6217592431970677,0.2355
6094128791359632256,80.0,nearterm_1e-10,0.0,0.5224299965555278,0.215
2769623267282593152,80.0,nearterm_1e-10,0.0,0.44386048621086227,0.3215
5660807578058341120,80.0,nearterm_1e-10,0.0,0.3658256565639002,0.0035
296496818102428544,80.0,nearterm_1e-10,0.0,0.4943242173074126,0.035
158752853233960704,80.0,nearterm_1e-10,0.0,0.12665672777141646,0.0
2259514678757235200,80.0,nearterm_1e-10,0.0,0.2145623901106174,0.0
4227855172121285760,80.0,nearterm_1e-10,0.0,0.4674755947704148,0.0195
2196000977264781056,80.0,nearterm_1e-10,0.0,0.3639416773662799,0.004
1422765267499632640,80.0,nearterm_1e-10,0.0,0.34640386601944156,0.007
5351303408563334912,80.0,nearterm_1e-10,0.0,0.32486366798854355,0.3635
1364263517961035648,80.0,nearterm_1e-10,0.0,0.2603334489742692,0.0
5274946414813497344,80.0,nearterm_1e-10,0.0,0.41407381859146597,0.002
3180960123537829760,80.0,nearterm_1e-10,0.0,0.5818497439006586,0.1885
2757278951454094208,80.0,nearterm_1e-10,0.0,0.25450839001754333,0.0
2703346703520007168,80.0,nearterm_1e-10,0.0,0.2402299437795583,0.0
4002529127504102656,80.0,nearterm_1e-10,0.0,0.9431512019074678,0.3225
5421588692928858752,80.0,nearterm_1e-10,0.0,0.18983351454106878,0.0
6050388913137070848,80.0,nearterm_1e-10,0.0,0.2195581543223044,0.6915
4345060775182367232,80.0,nearterm_1e-10,0.0,0.17717110895947086,0.0
992946106114748032,80.0,nearterm_1e-10,0.0,0.46326722596319153,0.0
676792841901784192,80.0,nearterm_1e-10,0.0,0.38110959971055486,0.2765
218953691837608960,80.0,nearterm_1e-10,0.0,0.32409399055142,0.0875
2482368024800833024,80.0,nearterm_1e-10,0.0,0.46381455100517754,0.1415
4609966833215963392,80.0,nearterm_1e-10,0.0,0.2881246795425417,0.0
6844037812175117440,80.0,nearterm_1e-10,0.0,0.35116413846182154,0.475
6441225886185109632,80.0,nearterm_1e-10,0.0,0.38343838377610046,0.029
1275271417631701504,80.0,nearterm_1e-10,0.0,0.2997855870977768,0.0
6490173906174556416,80.0,nearterm_1e-10,0.0,0.2839981119091747,0.0
5940429538445511808,80.0,nearterm_1e-10,0.0,0.8808887798728057,0.082
3793148372312611456,80.0,nearterm_1e-10,0.0,0.33714901144696685,0.0
3138662151736925568,80.0,nearterm_1e-10,0.0,0.22044465978858502,0.0
5976199159903812736,80.0,nearterm_1e-10,0.0,0.17991706235593505,0.0475
1504338722359357568,80.0,nearterm_1e-10,0.0,0.42394909817360665,0.186
1688451325954477184,80.0,nearterm_1e-10,0.0,0.542556161344509,0.0055
5889045855385067136,80.0,nearterm_1e-10,0.0,0.19844309960938744,0.0
4081754605352170496,80.0,nearterm_1e-10,0.0,0.8378683228364152,0.6915
2691146831736184576,80.0,nearterm_1e-10,0.0,0.3126992806311658,0.0
334398010409366400,80.0,nearterm_1e-10,0.0,0.3628246913933828,0.2375
1383626089525174016,80.0,nearterm_1e-10,0.0,0.30450122243495453,0.0045
3702063519102244480,80.0,nearterm_1e-10,0.0,0.777657581525296,0.256
5423016683660491264,80.0,nearterm_1e-10,0.0,0.22054427888354217,0.0
2804852929801600768,80.0,nearterm_1e-10,0.0,0.9774576419124104,0.0945
3114023912926376448,80.0,nearterm_1e-10,0.0,0.319887810701299,0.2885
5524591457617244928,80.0,nearterm_1e-10,0.0,0.26436260903516096,0.0
4060366016201160320,80.0,nearterm_1e-10,0.0,0.016604051369348432,0.0025
6694638847956909696,80.0,nearterm_1e-10,0.0,0.2791222472156305,0.1445
3039556915253606144,80.0,nearterm_1e-10,0.0,0.5735010711191216,0.0575
6237927045205600000,80.0,nearterm_1e-10,0.0,0.17677229041641213,0.1085
1878241773237645184,80.0,nearterm_1e-10,0.0,0.2959174854425617,0.0
4288946748293342080,80.0,nearterm_1e-10,0.0,2.0036691512548694,0.5735
2337648311488015360,80.0,nearterm_1e-10,0.0,0.45029609623516503,0.001
4395214100433309184,80.0,nearterm_1e-10,0.0,0.7397357651524177,0.445
2796277112767076864,80.0,nearterm_1e-10,0.0,0.12000691787577827,0.0
6016504747910034432,80.0,nearterm_1e-10,0.0,0.19769928606277126,0.0
5166280100090122880,80.0,nearterm_1e-10,0.0,0.695677257040243,0.199
1130573557111974912,80.0,nearterm_1e-10,0.0,0.6367940908256315,0.064
164738354017665664,80.0,nearterm_1e-10,0.0,0.04094013586031402,0.0
1761771910959772032,80.0,nearterm_1e-10,0.0,0.29968383631824436,0.0
1329848490477856768,80.0,nearterm_1e-10,0.0,2.081187920783379,0.6125
3311535375672171776,80.0,nearterm_1e-10,0.0,0.5619541176275862,0.205
6112272348126668800,80.0,nearterm_1e-10,0.0,0.42904733503208226,0.006
6755038496304470144,80.0,nearterm_1e-10,0.0,0.36066326198566717,0.0035
4283053988756001920,80.0,nearterm_1e-10,0.0,0.3117556965701086,0.05
2599647119044490496,80.0,nearterm_1e-10,0.0,0.35867676598632636,0.002
490441735713670528,80.0,nearterm_1e-10,0.0,0.3160422266902857,0.065
4934043968492272896,80.0,nearterm_1e-10,0.0,0.4474748122890669,0.454
2621100450623361280,80.0,nearterm_1e-10,0.0,1.6377498992363972,0.6475
1851315420672845056,80.0,nearterm_1e-10,0.0,0.4150154437299478,0.0
5541455315986463104,80.0,nearterm_1e-10,0.0,0.19702206468396008,0.0
5976098417137532800,80.0,nearterm_1e-10,0.0,0.2564977746768211,0.009
28898090451449472,80.0,nearterm_1e-10,0.0,0.2375625293446033,0.0
6592347918267168128,80.0,nearterm_1e-10,0.0,0.48860823234184675,0.0165
5887064359268864256,80.0,nearterm_1e-10,0.0,0.08029801616758422,0.0185
6518913495153329920,80.0,nearterm_1e-10,0.0,0.1914899077155595,0.0
4600878063941953280,80.0,nearterm_1e-10,0.0,0.3123753424769499,0.0
992845122843798016,80.0,nearterm_1e-10,0.0,0.34864487852239223,0.0035
3664521351702250752,80.0,nearterm_1e-10,0.0,1.0064844924941716,0.229
3711953493050429568,80.0,nearterm_1e-10,0.0,0.42384631248776256,0.0
5473228871432372992,80.0,nearterm_1e-10,0.0,0.32903109227158517,0.0
6752384069075512320,80.0,nearterm_1e-10,0.0,0.2622319694255041,0.0005
4115513220094402048,80.0,nearterm_1e-10,0.0,0.15554716899094634,0.0
4602130957441446400,80.0,nearterm_1e-10,0.0,0.23183386314738294,0.0
377546664910219776,80.0,nearterm_1e-10,0.0,0.7096673737515039,0.0485
4364333977066797056,80.0,nearterm_1e-10,0.0,0.09676273064337938,0.0
5768315046181771904,80.0,nearterm_1e-10,0.0,0.2382086249613598,0.0075
123580919370477952,80.0,nearterm_1e-10,0.0,0.23066168187442132,0.0
4366334126156046976,80.0,nearterm_1e-10,0.0,0.17440199493197714,0.04
4901782819863332608,80.0,nearterm_1e-10,0.0,1.0749767351772828,0.6235
2151838817854979456,80.0,nearterm_1e-10,0.0,0.18763839176957728,0.0
1343460895402697600,80.0,nearterm_1e-10,0.0,0.6631060129226275,0.6115
6136053959995638016,80.0,nearterm_1e-10,0.0,0.2464153608983697,0.0
2221263218985851520,80.0,nearterm_1e-10,0.0015,1.9322626632652964,0.9435
4162186251740404608,80.0,nearterm_1e-10,0.0,0.7459614141937397,0.8315
1678399143976755584,80.0,nearterm_1e-10,0.0,0.633083728024076,0.0175
2704125913666895104,80.0,nearterm_1e-10,0.0,0.2155412730135054,0.0
5000393997669149952,80.0,nearterm_1e-10,0.0,0.4514152795000748,0.005
2491206105423269504,80.0,nearterm_1e-10,0.0,0.7633409538279641,0.0725
6274538269849968512,80.0,nearterm_1e-10,0.0,0.26291871586236715,0.0705
707365862223681408,80.0,nearterm_1e-10,0.0,0.2565507744949614,0.011
4735086373076351744,80.0,nearterm_1e-10,0.0,0.9080576563839081,0.501
2799316059826451328,80.0,nearterm_1e-10,0.0,0.45176839894371684,0.019
1875970079134757760,80.0,nearterm_1e-10,0.0,0.2832103968247211,0.0035
1783649894544856960,80.0,nearterm_1e-10,0.0,0.26910141949697003,0.0
2554116930949289856,80.0,nearterm_1e-10,0.0,0.41111788232319746,0.0
2753295523906432384,80.0,nearterm_1e-10,0.0,0.23183991895853204,0.0
886990809110955008,80.0,nearterm_1e-10,0.0,0.5319889478411414,0.538
919018036639891968,80.0,nearterm_1e-10,0.0,0.6296896931775354,0.044
2833555985786735232,80.0,nearterm_1e-10,0.0,0.5673335361886529,0.494
3023472056569280512,80.0,nearterm_1e-10,0.0,0.3242911731170189,0.09
868768602903736832,80.0,nearterm_1e-10,0.0,0.3087716123549947,0.004
5178460008866279808,80.0,nearterm_1e-10,0.0,0.34844636075744245,0.002
3004697238395042176,80.0,nearterm_1e-10,0.0,0.8627663003384057,0.6365
2346247935526578688,80.0,nearterm_1e-10,0.0,0.3079970997647622,0.4125
1933622971340170496,80.0,nearterm_1e-10,0.0,0.2604271229161958,0.0
1014188567684692224,80.0,nearterm_1e-10,0.0,0.30938231424397933,0.0085
5466445022127902976,80.0,nearterm_1e-10,0.0,0.31482055990372415,0.0135
6681692893110527232,80.0,nearterm_1e-10,0.0,0.35314584363553897,0.0005
5185560414440293632,80.0,nearterm_1e-10,0.0,0.756175091066957,0.0685
5800349145690204288,80.0,nearterm_1e-10,0.0,0.26413290496656505,0.026
4105409399796978944,80.0,nearterm_1e-10,0.0,0.16728335454271248,0.0
4708692944344873216,80.0,nearterm_1e-10,0.0,0.22063187402354373,0.0
2027994226190382848,80.0,nearterm_1e-10,0.0,0.24469366988093394,0.0
2511654375999952640,80.0,nearterm_1e-10,0.0,0.3230294404102785,0.0
5493261389176885632,80.0,nearterm_1e-10,0.0,0.38150989245258915,0.003
2240388880151078528,80.0,nearterm_1e-10,0.0,0.26990019866608295,0.2175
5658455555185799040,80.0,nearterm_1e-10,0.0,0.21070407132752142,0.0055
5052502602489649664,80.0,nearterm_1e-10,0.0,0.7193257103128562,0.086
1979258613779627520,80.0,nearterm_1e-10,0.0,0.3151503281407571,0.0605
446639254048922112,80.0,nearterm_1e-10,0.0,0.17697058098895768,0.001
5601915746720479104,80.0,nearterm_1e-10,0.0,0.3407973691663857,0.005
4776963682897871616,80.0,nearterm_1e-10,0.0,1.0059369081549154,0.417
3280686721529098368,80.0,nearterm_1e-10,0.0,0.23127443117888033,0.003
1285339370727734400,80.0,nearterm_1e-10,0.0,0.3981398234327415,0.0
5511484179500121088,80.0,nearterm_1e-10,0.0,0.303593132665875,0.0
519978157091449088,80.0,nearterm_1e-10,0.0,0.15298707418257435,0.0
3855789469596668544,80.0,nearterm_1e-10,0.0,0.1621012953077937,0.0
572054498112591744,80.0,nearterm_1e-10,0.0,0.17894040691523128,0.0
357842591908022912,80.0,nearterm_1e-10,0.0,0.19070382014355974,0.0
5927844322167316352,80.0,nearterm_1e-10,0.0,0.16388263927492425,0.0
2281306105868025600,80.0,nearterm_1e-10,0.0,0.4048721914692576,0.0005
6342743866636102528,80.0,nearterm_1e-10,0.0,0.19088019552961538,0.0
1690963263347609088,80.0,nearterm_1e-10,0.0,0.3829723000177512,0.0055
1230823728796492672,80.0,nearterm_1e-10,0.0,0.32267260950278714,0.0
6411524297547089024,80.0,nearterm_1e-10,0.0,0.2565746031071019,0.038
2935813011016890752,80.0,nearterm_1e-10,0.0,0.25428541693320084,0.0
1510354597152530176,80.0,nearterm_1e-10,0.0,0.40816887030618826,0.024
263711679169833728,80.0,nearterm_1e-10,0.0,0.22322513383240805,0.1915
2203996935067479424,80.0,nearterm_1e-10,0.0,0.6462963072817343,0.015
4637390027600793344,80.0,nearterm_1e-10,0.0,0.303254159477328,0.0265
3326809997366173568,80.0,nearterm_1e-10,0.0,0.3932503012686321,0.018
359891153870510208,80.0,nearterm_1e-10,0.0,1.0115694446100603,0.661
3194157939562713472,80.0,nearterm_1e-10,0.0,0.3350097913047052,0.0155
5654914887224650240,80.0,nearterm_1e-10,0.0,0.3128010027692193,0.047
132596261882440320,80.0,nearterm_1e-10,0.0,0.3092673524815111,0.003
4262558915898078720,80.0,nearterm_1e-10,0.0,0.2582729871316277,0.0915
6149021149160162176,80.0,nearterm_1e-10,0.0,0.1899913087862011,0.0
2811411825899219200,80.0,nearterm_1e-10,0.0,1.0270854605226987,0.816
1900800964403932800,80.0,nearterm_1e-10,0.0,0.19513510311015153,0.0
6009934130839583488,80.0,nearterm_1e-10,0.0,0.13731756876636877,0.102
6872322302128569344,80.0,nearterm_1e-10,0.0,0.23220149012340197,0.008
4548634356637185792,80.0,nearterm_1e-10,0.0,0.4643937666354385,0.0485
6527091903161249152,80.0,nearterm_1e-10,0.0,0.23000985348247274,0.0
2639759162947729408,80.0,nearterm_1e-10,0.0,0.21415168225005812,0.0
4100927786033595648,80.0,nearterm_1e-10,0.0,0.1888403698925903,0.215
5371882654157606912,80.0,nearterm_1e-10,0.0,0.8078686065202351,0.324
6775009922429158272,80.0,nearterm_1e-10,0.0,0.25058124205253307,0.1545
665668979685323648,80.0,nearterm_1e-10,0.0,0.6206293648753899,0.524
1832230956847006592,80.0,nearterm_1e-10,0.0,1.419591362747585,0.2855
6284599664533612544,80.0,nearterm_1e-10,0.0,0.4394547383181772,0.063
4641784775576833536,80.0,nearterm_1e-10,0.0,0.6262435487825337,0.0325
4268847611328000256,80.0,nearterm_1e-10,0.389,8.87901858517593,0.971
4278176623883730176,80.0,nearterm_1e-10,0.0,0.13916372524715082,0.0
3267929947104804096,80.0,goal_1e-11,0.0,0.17976383882196592,0.0
5642877846246495360,80.0,goal_1e-11,0.0,0.17008332746159197,0.0
6603465041679231872,80.0,goal_1e-11,0.0,0.7943689307539584,0.4765
2046526391572691328,80.0,goal_1e-11,0.0,0.29100786054544187,0.0095
1016789806037687424,80.0,goal_1e-11,0.0,0.7261919450157054,0.2225
5679711000438989312,80.0,goal_1e-11,0.0,0.08031054687441212,0.001
2995683893041962368,80.0,goal_1e-11,0.0,0.2771849865061383,0.0005
5953737099445742848,80.0,goal_1e-11,0.0,0.19738389249960553,0.017
4615401513032729088,80.0,goal_1e-11,0.0,0.2682325194485355,0.0
3004510772390701696,80.0,goal_1e-11,0.0,0.36142909312257326,0.002
4069792782145982080,80.0,goal_1e-11,0.0,0.4508875978515969,0.031
5814108395520777856,80.0,goal_1e-11,0.0,0.40105880525413934,0.0065
5962272505153840896,80.0,goal_1e-11,0.0,0.6022329270776295,0.1625
2149291627370030336,80.0,goal_1e-11,0.0,0.16580015914482893,0.0
1323478680316848256,80.0,goal_1e-11,0.0,0.2853036298193242,0.2025
5260504054704228736,80.0,goal_1e-11,0.0,0.6148295292607345,0.0785
5841541455445538432,80.0,goal_1e-11,0.0,0.2206633321092631,0.046
3867940039451965952,80.0,goal_1e-11,0.0,0.474166791022135,0.005
87878642944408960,80.0,goal_1e-11,0.0,0.23874344538997622,0.0
3151482384299373696,80.0,goal_1e-11,0.0,0.9010174616771133,0.3865
6181044017297795968,80.0,goal_1e-11,0.0,1.4973917687993925,0.4905
803645216387486720,80.0,goal_1e-11,0.0,0.8010580728373592,0.0455
5914174364643486592,80.0,goal_1e-11,0.0,0.380173071373088,0.2165
4797122403959920768,80.0,goal_1e-11,0.0,0.5477316330977963,0.0445
2575048093288905088,80.0,goal_1e-11,0.0,0.5170437920560143,0.014
4229058961259584256,80.0,goal_1e-11,0.0,0.9302984163911117,0.454
4561522831932945920,80.0,goal_1e-11,0.0,0.6623759181704352,0.159
2208326773198648320,80.0,goal_1e-11,0.0,0.6281540812887626,0.2355
6094128791359632256,80.0,goal_1e-11,0.0,0.5262025374729635,0.215
2769623267282593152,80.0,goal_1e-11,0.0,0.448673188390924,0.3215
5660807578058341120,80.0,goal_1e-11,0.0,0.3674161997894262,0.0035
296496818102428544,80.0,goal_1e-11,0.0,0.4977343222663219,0.035
158752853233960704,80.0,goal_1e-11,0.0,0.12676007006928636,0.0
2259514678757235200,80.0,goal_1e-11,0.0,0.2150005891773731,0.0
4227855172121285760,80.0,goal_1e-11,0.0,0.469347815130214,0.0195
2196000977264781056,80.0,goal_1e-11,0.0,0.36518013709935676,0.004
1422765267499632640,80.0,goal_1e-11,0.0,0.34811486151571974,0.007
5351303408563334912,80.0,goal_1e-11,0.0,0.3259604228521306,0.3635
1364263517961035648,80.0,goal_1e-11,0.0,0.2609238788745955,0.0
5274946414813497344,80.0,goal_1e-11,0.0,0.41499256679957375,0.002
3180960123537829760,80.0,goal_1e-11,0.0,0.5870165916675627,0.1885
2757278951454094208,80.0,goal_1e-11,0.0,0.25497701038918713,0.0
2703346703520007168,80.0,goal_1e-11,0.0,0.2408937703811008,0.0
4002529127504102656,80.0,goal_1e-11,0.0,0.9543999475514543,0.3225
5421588692928858752,80.0,goal_1e-11,0.0,0.19013737894752863,0.0
6050388913137070848,80.0,goal_1e-11,0.0,0.22062670575930032,0.6915
4345060775182367232,80.0,goal_1e-11,0.0,0.1774802260350516,0.0
992946106114748032,80.0,goal_1e-11,0.0,0.4642594799847631,0.0
676792841901784192,80.0,goal_1e-11,0.0,0.3847572293968199,0.2765
218953691837608960,80.0,goal_1e-11,0.0,0.3261470661276893,0.0875
2482368024800833024,80.0,goal_1e-11,0.0,0.4677885540863615,0.1415
4609966833215963392,80.0,goal_1e-11,0.0,0.288487425431369,0.0
6844037812175117440,80.0,goal_1e-11,0.0,0.3553398298600148,0.475
6441225886185109632,80.0,goal_1e-11,0.0,0.3859766706190251,0.029
1275271417631701504,80.0,goal_1e-11,0.0,0.3005747951185111,0.0
6490173906174556416,80.0,goal_1e-11,0.0,0.28497474984628945,0.0
5940429538445511808,80.0,goal_1e-11,0.0,0.8872921831166418,0.082
3793148372312611456,80.0,goal_1e-11,0.0,0.3378783473729661,0.0
3138662151736925568,80.0,goal_1e-11,0.0,0.22080459155469073,0.0
5976199159903812736,80.0,goal_1e-11,0.0,0.1806665807509925,0.0475
1504338722359357568,80.0,goal_1e-11,0.0,0.42796112275192527,0.186
1688451325954477184,80.0,goal_1e-11,0.0,0.5452847148684953,0.0055
5889045855385067136,80.0,goal_1e-11,0.0,0.19874588537381993,0.0
4081754605352170496,80.0,goal_1e-11,0.0,0.853955802692605,0.6915
2691146831736184576,80.0,goal_1e-11,0.0,0.3133413133486676,0.0
334398010409366400,80.0,goal_1e-11,0.0,0.36623659141980464,0.2375
1383626089525174016,80.0,goal_1e-11,0.0,0.3058567278825833,0.0045
3702063519102244480,80.0,goal_1e-11,0.0,0.7860840367367786,0.256
5423016683660491264,80.0,goal_1e-11,0.0,0.2209311565517317,0.0
2804852929801600768,80.0,goal_1e-11,0.0,0.9827135032744325,0.0945
3114023912926376448,80.0,goal_1e-11,0.0,0.32289948026815884,0.2885
5524591457617244928,80.0,goal_1e-11,0.0,0.2648356242868936,0.0
4060366016201160320,80.0,goal_1e-11,0.0,0.016606568395669548,0.0025
6694638847956909696,80.0,goal_1e-11,0.0,0.28120362038490754,0.1445
3039556915253606144,80.0,goal_1e-11,0.0,0.5773876754162636,0.0575
6237927045205600000,80.0,goal_1e-11,0.0,0.17742084243614945,0.1085
1878241773237645184,80.0,goal_1e-11,0.0,0.2966847744535744,0.0
4288946748293342080,80.0,goal_1e-11,0.0,2.0349628508446442,0.5735
2337648311488015360,80.0,goal_1e-11,0.0,0.45201307486889164,0.001
4395214100433309184,80.0,goal_1e-11,0.0,0.7473539369217254,0.445
2796277112767076864,80.0,goal_1e-11,0.0,0.12012318743214508,0.0
6016504747910034432,80.0,goal_1e-11,0.0,0.19785743298942982,0.0
5166280100090122880,80.0,goal_1e-11,0.0,0.7031254520976588,0.199
1130573557111974912,80.0,goal_1e-11,0.0,0.6416450108822221,0.064
164738354017665664,80.0,goal_1e-11,0.0,0.04094994988634276,0.0
1761771910959772032,80.0,goal_1e-11,0.0,0.3001496814675164,0.0
1329848490477856768,80.0,goal_1e-11,0.0,2.108291315858447,0.6125
3311535375672171776,80.0,goal_1e-11,0.0,0.5657167758319642,0.205
6112272348126668800,80.0,goal_1e-11,0.0,0.4310421174507846,0.006
6755038496304470144,80.0,goal_1e-11,0.0,0.3622182638782648,0.0035
4283053988756001920,80.0,goal_1e-11,0.0,0.3136208496538342,0.05
2599647119044490496,80.0,goal_1e-11,0.0,0.3598857813882237,0.002
490441735713670528,80.0,goal_1e-11,0.0,0.3181743070634862,0.065
4934043968492272896,80.0,goal_1e-11,0.0,0.4531559248193486,0.454
2621100450623361280,80.0,goal_1e-11,0.0,1.669155403088272,0.6475
1851315420672845056,80.0,goal_1e-11,0.0,0.4161336540422771,0.0
5541455315986463104,80.0,goal_1e-11,0.0,0.19729733062744834,0.0
5976098417137532800,80.0,goal_1e-11,0.0,0.2572966627128807,0.009
28898090451449472,80.0,goal_1e-11,0.0,0.23804826861579437,0.0
6592347918267168128,80.0,goal_1e-11,0.0,0.4914154305435006,0.0165
5887064359268864256,80.0,goal_1e-11,0.0,0.08037575889986448,0.0185
6518913495153329920,80.0,goal_1e-11,0.0,0.19174796791512216,0.0
4600878063941953280,80.0,goal_1e-11,0.0,0.3128751484931055,0.0
992845122843798016,80.0,goal_1e-11,0.0,0.34966851262045645,0.0035
3664521351702250752,80.0,goal_1e-11,0.0,1.0173731305184148,0.229
3711953493050429568,80.0,goal_1e-11,0.0,0.4247826833033029,0.0
5473228871432372992,80.0,goal_1e-11,0.0,0.32964979147892093,0.0
6752384069075512320,80.0,goal_1e-11,0.0,0.26299577105229766,0.0005
4115513220094402048,80.0,goal_1e-11,0.0,0.15571280012317446,0.0
4602130957441446400,80.0,goal_1e-11,0.0,0.23221273238837387,0.0
377546664910219776,80.0,goal_1e-11,0.0,0.7127352053277916,0.0485
4364333977066797056,80.0,goal_1e-11,0.0,0.09680582602315087,0.0
5768315046181771904,80.0,goal_1e-11,0.0,0.23915788192402546,0.0075
123580919370477952,80.0,goal_1e-11,0.0,0.23103531430964364,0.0
4366334126156046976,80.0,goal_1e-11,0.0,0.1749830628392867,0.04
4901782819863332608,80.0,goal_1e-11,0.0,1.0946528233539174,0.6235
2151838817854979456,80.0,goal_1e-11,0.0,0.18781408879931075,0.0
1343460895402697600,80.0,goal_1e-11,0.0,0.6744852478555768,0.6115
6136053959995638016,80.0,goal_1e-11,0.0,0.24690771818855803,0.0
2221263218985851520,80.0,goal_1e-11,0.0015,2.030276565504738,0.9435
4162186251740404608,80.0,goal_1e-11,0.0,0.7613288177570905,0.8315
1678399143976755584,80.0,goal_1e-11,0.0,0.6362695290993415,0.0175
2704125913666895104,80.0,goal_1e-11,0.0,0.21586864906609982,0.0
5000393997669149952,80.0,goal_1e-11,0.0,0.45333152026964146,0.005
2491206105423269504,80.0,goal_1e-11,0.0,0.7674826681716808,0.0725
6274538269849968512,80.0,goal_1e-11,0.0,0.2645157262198298,0.0705
707365862223681408,80.0,goal_1e-11,0.0,0.2574271884680105,0.011
4735086373076351744,80.0,goal_1e-11,0.0,0.9222127300598988,0.501
2799316059826451328,80.0,goal_1e-11,0.0,0.45417996515656567,0.019
1875970079134757760,80.0,goal_1e-11,0.0,0.284388768903582,0.0035
1783649894544856960,80.0,goal_1e-11,0.0,0.2696294796767105,0.0
2554116930949289856,80.0,goal_1e-11,0.0,0.41195821083767337,0.0
2753295523906432384,80.0,goal_1e-11,0.0,0.23253072207220696,0.0
886990809110955008,80.0,goal_1e-11,0.0,0.5397251783087347,0.538
919018036639891968,80.0,goal_1e-11,0.0,0.6336511660641937,0.044
2833555985786735232,80.0,goal_1e-11,0.0,0.5750391078862471,0.494
3023472056569280512,80.0,goal_1e-11,0.0,0.326658213288857,0.09
868768602903736832,80.0,goal_1e-11,0.0,0.31014325485788796,0.004
5178460008866279808,80.0,goal_1e-11,0.0,0.3494820182364133,0.002
3004697238395042176,80.0,goal_1e-11,0.0,0.8796429399533982,0.6365
2346247935526578688,80.0,goal_1e-11,0.0,0.3104208284004999,0.4125
1933622971340170496,80.0,goal_1e-11,0.0,0.26088261529182055,0.0
1014188567684692224,80.0,goal_1e-11,0.0,0.3109488366068597,0.0085
5466445022127902976,80.0,goal_1e-11,0.0,0.31597062769327694,0.0135
6681692893110527232,80.0,goal_1e-11,0.0,0.35423200892384443,0.0005
5185560414440293632,80.0,goal_1e-11,0.0,0.7602145020704438,0.0685
5800349145690204288,80.0,goal_1e-11,0.0,0.2652472975398282,0.026
4105409399796978944,80.0,goal_1e-11,0.0,0.1674661917598018,0.0
4708692944344873216,80.0,goal_1e-11,0.0,0.22100518359815688,0.0
2027994226190382848,80.0,goal_1e-11,0.0,0.2453042303781226,0.0
2511654375999952640,80.0,goal_1e-11,0.0,0.32374723709158193,0.0
5493261389176885632,80.0,goal_1e-11,0.0,0.382599550682683,0.003
2240388880151078528,80.0,goal_1e-11,0.0,0.27212247012299495,0.2175
5658455555185799040,80.0,goal_1e-11,0.0,0.21141963816347034,0.0055
5052502602489649664,80.0,goal_1e-11,0.0,0.7239766602587319,0.086
1979258613779627520,80.0,goal_1e-11,0.0,0.3171864911417999,0.0605
446639254048922112,80.0,goal_1e-11,0.0,0.17726881782975262,0.001
5601915746720479104,80.0,goal_1e-11,0.0,0.3420935267425214,0.005
4776963682897871616,80.0,goal_1e-11,0.0,1.0143399021939263,0.417
3280686721529098368,80.0,goal_1e-11,0.0,0.2320678054965845,0.003
1285339370727734400,80.0,goal_1e-11,0.0,0.3988577034466084,0.0
5511484179500121088,80.0,goal_1e-11,0.0,0.3041272436794528,0.0
519978157091449088,80.0,goal_1e-11,0.0,0.1531680806073824,0.0
3855789469596668544,80.0,goal_1e-11,0.0,0.16223064152438088,0.0
572054498112591744,80.0,goal_1e-11,0.0,0.17917270864768495,0.0
357842591908022912,80.0,goal_1e-11,0.0,0.19094726376866952,0.0
5927844322167316352,80.0,goal_1e-11,0.0,0.1640066600299336,0.0
2281306105868025600,80.0,goal_1e-11,0.0,0.4057897365338052,0.0005
6342743866636102528,80.0,goal_1e-11,0.0,0.19123846087014862,0.0
1690963263347609088,80.0,goal_1e-11,0.0,0.38482386474527697,0.0055
1230823728796492672,80.0,goal_1e-11,0.0,0.32379213003052937,0.0
6411524297547089024,80.0,goal_1e-11,0.0,0.2580219346921329,0.038
2935813011016890752,80.0,goal_1e-11,0.0,0.25477908478699723,0.0
1510354597152530176,80.0,goal_1e-11,0.0,0.4100848874382832,0.024
263711679169833728,80.0,goal_1e-11,0.0,0.22474449450244527,0.1915
2203996935067479424,80.0,goal_1e-11,0.0,0.6482097140019207,0.015
4637390027600793344,80.0,goal_1e-11,0.0,0.30491199330979984,0.0265
3326809997366173568,80.0,goal_1e-11,0.0,0.39549279607408494,0.018
359891153870510208,80.0,goal_1e-11,0.0,1.0327829617721427,0.661
3194157939562713472,80.0,goal_1e-11,0.0,0.33667135416838784,0.0155
5654914887224650240,80.0,goal_1e-11,0.0,0.31416695401642414,0.047
132596261882440320,80.0,goal_1e-11,0.0,0.31042252099617873,0.003
4262558915898078720,80.0,goal_1e-11,0.0,0.25994606403952725,0.0915
6149021149160162176,80.0,goal_1e-11,0.0,0.19031073319735567,0.0
2811411825899219200,80.0,goal_1e-11,0.0,1.0550288424184575,0.816
1900800964403932800,80.0,goal_1e-11,0.0,0.19546156874267331,0.0
6009934130839583488,80.0,goal_1e-11,0.0,0.13783832709047006,0.102
6872322302128569344,80.0,goal_1e-11,0.0,0.23295571354583905,0.008
4548634356637185792,80.0,goal_1e-11,0.0,0.46767317955129833,0.0485
6527091903161249152,80.0,goal_1e-11,0.0,0.23046287595091752,0.0
2639759162947729408,80.0,goal_1e-11,0.0,0.21436917258114216,0.0
4100927786033595648,80.0,goal_1e-11,0.0,0.1899853533656601,0.215
5371882654157606912,80.0,goal_1e-11,0.0,0.8177735655138187,0.324
6775009922429158272,80.0,goal_1e-11,0.0,0.2523267799703881,0.1545
665668979685323648,80.0,goal_1e-11,0.0,0.630084206377696,0.524
1832230956847006592,80.0,goal_1e-11,0.0,1.4302669433703246,0.2855
6284599664533612544,80.0,goal_1e-11,0.0,0.44227123055344725,0.063
4641784775576833536,80.0,goal_1e-11,0.0,0.6300092096861137,0.0325
4268847611328000256,80.0,goal_1e-11,0.4205,9.357378039328957,0.971
4278176623883730176,80.0,goal_1e-11,0.0,0.13927677425000012,0.0
3267929947104804096,120.0,current_1e-9,0.0,0.37571761757411104,0.01
5642877846246495360,120.0,current_1e-9,0.0,0.3604020226154068,0.0
6603465041679231872,120.0,current_1e-9,0.0,1.2001401189853114,0.7875
2046526391572691328,120.0,current_1e-9,0.0,0.5579981853348015,0.1935
1016789806037687424,120.0,current_1e-9,0.0,1.1756291033779471,0.6785
5679711000438989312,120.0,current_1e-9,0.0,0.17291281819492837,0.068
2995683893041962368,120.0,current_1e-9,0.0,0.5482843880833344,0.0565
5953737099445742848,120.0,current_1e-9,0.0,0.3945126130509218,0.244
4615401513032729088,120.0,current_1e-9,0.0,0.5463470094031793,0.045
3004510772390701696,120.0,current_1e-9,0.0,0.7002214847401765,0.075
4069792782145982080,120.0,current_1e-9,0.0,0.8563541340111256,0.319
5814108395520777856,120.0,current_1e-9,0.0,0.7633309643018046,0.1695
5962272505153840896,120.0,current_1e-9,0.0,1.0196791447576614,0.6085
2149291627370030336,120.0,current_1e-9,0.0,0.34788907047351886,0.0045
1323478680316848256,120.0,current_1e-9,0.0,0.5075751492776375,0.628
5260504054704228736,120.0,current_1e-9,0.0,1.0893959646896192,0.489
5841541455445538432,120.0,current_1e-9,0.0,0.43132221502738344,0.3685
3867940039451965952,120.0,current_1e-9,0.0,0.8968118861347327,0.1615
87878642944408960,120.0,current_1e-9,0.0,0.4894930119825303,0.025
3151482384299373696,120.0,current_1e-9,0.0,1.3656158419684101,0.751
6181044017297795968,120.0,current_1e-9,0.0,2.1690611958773554,0.803
803645216387486720,120.0,current_1e-9,0.0,1.3988791601743957,0.392
5914174364643486592,120.0,current_1e-9,0.0,0.6713214019007916,0.6675
4797122403959920768,120.0,current_1e-9,0.0,0.987306097673955,0.426
2575048093288905088,120.0,current_1e-9,0.0,0.978524525451191,0.2315
4229058961259584256,120.0,current_1e-9,0.0,1.3891793882952412,0.783
4561522831932945920,120.0,current_1e-9,0.0,1.1372429704179368,0.571
2208326773198648320,120.0,current_1e-9,0.0,1.0388496716341524,0.6645
6094128791359632256,120.0,current_1e-9,0.0,0.9335542988252176,0.6425
2769623267282593152,120.0,current_1e-9,0.0,0.7408880997625303,0.7055
5660807578058341120,120.0,current_1e-9,0.0,0.7028379848045453,0.122
296496818102428544,120.0,current_1e-9,0.0,0.8929979380102141,0.3615
158752853233960704,120.0,current_1e-9,0.0,0.270661671868045,0.0295
2259514678757235200,120.0,current_1e-9,0.0,0.44098461940977324,0.0115
4227855172121285760,120.0,current_1e-9,0.0,0.8924125915963848,0.301
2196000977264781056,120.0,current_1e-9,0.0,0.7116152853511379,0.0685
1422765267499632640,120.0,current_1e-9,0.0,0.659357868694528,0.187
5351303408563334912,120.0,current_1e-9,0.0,0.6402745048427647,0.7525
1364263517961035648,120.0,current_1e-9,0.0,0.5293768853793833,0.0295
5274946414813497344,120.0,current_1e-9,0.0,0.8182927999831524,0.0815
3180960123537829760,120.0,current_1e-9,0.0,0.9998086198206846,0.607
2757278951454094208,120.0,current_1e-9,0.0,0.5186667780551838,0.035
2703346703520007168,120.0,current_1e-9,0.0,0.4850226581556041,0.0365
4002529127504102656,120.0,current_1e-9,0.0,1.4913621775858605,0.7085
5421588692928858752,120.0,current_1e-9,0.0,0.3959283564786108,0.008
6050388913137070848,120.0,current_1e-9,0.0,0.42695325992810196,0.868
4345060775182367232,120.0,current_1e-9,0.0,0.3686716839811132,0.018
992946106114748032,120.0,current_1e-9,0.0,0.9081318827014213,0.042
676792841901784192,120.0,current_1e-9,0.0,0.6581136775358201,0.691
218953691837608960,120.0,current_1e-9,0.0,0.602531942228137,0.4855
2482368024800833024,120.0,current_1e-9,0.0,0.8121629592064267,0.5715
4609966833215963392,120.0,current_1e-9,0.0,0.5919503752431687,0.0015
6844037812175117440,120.0,current_1e-9,0.0,0.5722218124866475,0.798
6441225886185109632,120.0,current_1e-9,0.0,0.6988400163251487,0.3385
1275271417631701504,120.0,current_1e-9,0.0,0.6004883121302285,0.031
6490173906174556416,120.0,current_1e-9,0.0,0.5611867487962207,0.0485
5940429538445511808,120.0,current_1e-9,0.0,1.5187699846898466,0.48
3793148372312611456,120.0,current_1e-9,0.0,0.6766453221644895,0.0175
3138662151736925568,120.0,current_1e-9,0.0,0.4556336209232167,0.0065
5976199159903812736,120.0,current_1e-9,0.0,0.3556960880120463,0.395
1504338722359357568,120.0,current_1e-9,0.0,0.7302578210468771,0.644
1688451325954477184,120.0,current_1e-9,0.0,1.0072116863437195,0.148
5889045855385067136,120.0,current_1e-9,0.0,0.41322522658610006,0.0205
4081754605352170496,120.0,current_1e-9,0.0,1.1583510214979933,0.884
2691146831736184576,120.0,current_1e-9,0.0,0.6329417962319686,0.0265
334398010409366400,120.0,current_1e-9,0.0,0.6299059300563525,0.6915
1383626089525174016,120.0,current_1e-9,0.0,0.5882552088708781,0.1245
3702063519102244480,120.0,current_1e-9,0.0,1.2706425638996568,0.6625
5423016683660491264,120.0,current_1e-9,0.0,0.4545693208408127,0.0035
2804852929801600768,120.0,current_1e-9,0.0,1.714913473935295,0.491
3114023912926376448,120.0,current_1e-9,0.0,0.5555455374052065,0.696
5524591457617244928,120.0,current_1e-9,0.0,0.5388116991517513,0.0085
4060366016201160320,120.0,current_1e-9,0.0,0.037051883796307805,0.068
6694638847956909696,120.0,current_1e-9,0.0,0.5091889638900423,0.554
3039556915253606144,120.0,current_1e-9,0.0,1.0255555272571584,0.437
6237927045205600000,120.0,current_1e-9,0.0,0.35314569793652284,0.514
1878241773237645184,120.0,current_1e-9,0.0,0.5924688534866348,0.049
4288946748293342080,120.0,current_1e-9,0.0,2.829575073087005,0.8325
2337648311488015360,120.0,current_1e-9,0.0,0.8592097904638075,0.0855
4395214100433309184,120.0,current_1e-9,0.0,1.2243059854581197,0.7755
2796277112767076864,120.0,current_1e-9,0.0,0.2566662786025846,0.072
6016504747910034432,120.0,current_1e-9,0.0,0.4178409812758942,0.0
5166280100090122880,120.0,current_1e-9,0.0,1.1486788631015346,0.649
1130573557111974912,120.0,current_1e-9,0.0,1.1152657507557533,0.4475
164738354017665664,120.0,current_1e-9,0.0,0.09048173820590469,0.0005
1761771910959772032,120.0,current_1e-9,0.0,0.6094941216399699,0.0135
1329848490477856768,120.0,current_1e-9,0.0005,3.049369760217498,0.8515
3311535375672171776,120.0,current_1e-9,0.0,1.0026666591538003,0.631
6112272348126668800,120.0,current_1e-9,0.0,0.8111380608060338,0.1735
6755038496304470144,120.0,current_1e-9,0.0,0.6926455306975341,0.126
4283053988756001920,120.0,current_1e-9,0.0,0.5836809335247007,0.3785
2599647119044490496,120.0,current_1e-9,0.0,0.7024584319946514,0.0775
490441735713670528,120.0,current_1e-9,0.0,0.5835206058225498,0.4565
4934043968492272896,120.0,current_1e-9,0.0,0.7153973103206969,0.7925
2621100450623361280,120.0,current_1e-9,0.0,2.2105294948716616,0.86
1851315420672845056,120.0,current_1e-9,0.0,0.815299672766256,0.0665
5541455315986463104,120.0,current_1e-9,0.0,0.41048515139273445,0.0065
5976098417137532800,120.0,current_1e-9,0.0,0.5130293243627625,0.211
28898090451449472,120.0,current_1e-9,0.0,0.4849114774461403,0.032
6592347918267168128,120.0,current_1e-9,0.0,0.9005801645814477,0.2665
5887064359268864256,120.0,current_1e-9,0.0,0.17343324221306555,0.2605
6518913495153329920,120.0,current_1e-9,0.0,0.400071193373842,0.003
4600878063941953280,120.0,current_1e-9,0.0,0.6367418074918917,0.0035
992845122843798016,120.0,current_1e-9,0.0,0.68766256435072,0.1095
3664521351702250752,120.0,current_1e-9,0.0,1.6110697497100337,0.6655
3711953493050429568,120.0,current_1e-9,0.0,0.8393952330317076,0.0365
5473228871432372992,120.0,current_1e-9,0.0,0.664788181853635,0.013
6752384069075512320,120.0,current_1e-9,0.0,0.524870698260604,0.0345
4115513220094402048,120.0,current_1e-9,0.0,0.3294640865448523,0.0055
4602130957441446400,120.0,current_1e-9,0.0,0.47879758671708594,0.003
377546664910219776,120.0,current_1e-9,0.0,1.3040608559652964,0.382
4364333977066797056,120.0,current_1e-9,0.0,0.21008375141846658,0.0
5768315046181771904,120.0,current_1e-9,0.0,0.4709372662972551,0.1835
123580919370477952,120.0,current_1e-9,0.0,0.4774611075530321,0.014
4366334126156046976,120.0,current_1e-9,0.0,0.3522157186244361,0.369
4901782819863332608,120.0,current_1e-9,0.0,1.5011985656673255,0.8425
2151838817854979456,120.0,current_1e-9,0.0,0.3948776370942778,0.0
1343460895402697600,120.0,current_1e-9,0.0,0.961061663820779,0.8525
6136053959995638016,120.0,current_1e-9,0.0,0.503017672856356,0.0215
2221263218985851520,120.0,current_1e-9,0.0025,1.557521286344978,0.975
4162186251740404608,120.0,current_1e-9,0.0,0.9940214611561641,0.93
1678399143976755584,120.0,current_1e-9,0.0,1.1643494642446521,0.2485
2704125913666895104,120.0,current_1e-9,0.0,0.4460094005844228,0.012
5000393997669149952,120.0,current_1e-9,0.0,0.8593858049190056,0.1495
2491206105423269504,120.0,current_1e-9,0.0,1.3710626306024551,0.457
6274538269849968512,120.0,current_1e-9,0.0,0.49530636124562766,0.45
707365862223681408,120.0,current_1e-9,0.0,0.508794348120001,0.207
4735086373076351744,120.0,current_1e-9,0.0,1.3460106600979598,0.8045
2799316059826451328,120.0,current_1e-9,0.0,0.8425947951236551,0.2475
1875970079134757760,120.0,current_1e-9,0.0,0.5536183905764303,0.1045
1783649894544856960,120.0,current_1e-9,0.0,0.5486683805411696,0.018
2554116930949289856,120.0,current_1e-9,0.0,0.8167779372356977,0.017
2753295523906432384,120.0,current_1e-9,0.0,0.46659068297964823,0.0405
886990809110955008,120.0,current_1e-9,0.0,0.8144247755454174,0.823
919018036639891968,120.0,current_1e-9,0.0,1.1289479976411487,0.371
2833555985786735232,120.0,current_1e-9,0.0,0.8859549596178793,0.8105
3023472056569280512,120.0,current_1e-9,0.0,0.5918446542189655,0.495
868768602903736832,120.0,current_1e-9,0.0,0.5977884534228833,0.1135
5178460008866279808,120.0,current_1e-9,0.0,0.6891317406897524,0.084
3004697238395042176,120.0,current_1e-9,0.0,1.180820185274601,0.8575
2346247935526578688,120.0,current_1e-9,0.0,0.5555356714339879,0.767
1933622971340170496,120.0,current_1e-9,0.0,0.5334353810186978,0.0195
1014188567684692224,120.0,current_1e-9,0.0,0.5906288212238063,0.19
5466445022127902976,120.0,current_1e-9,0.0,0.6177193373073432,0.2445
6681692893110527232,120.0,current_1e-9,0.0,0.6910286682546887,0.0655
5185560414440293632,120.0,current_1e-9,0.0,1.3600104124351862,0.437
5800349145690204288,120.0,current_1e-9,0.0,0.5164308722530675,0.294
4105409399796978944,120.0,current_1e-9,0.0,0.35325898112112986,0.008
4708692944344873216,120.0,current_1e-9,0.0,0.45568670194368793,0.0295
2027994226190382848,120.0,current_1e-9,0.0,0.49594456857385605,0.021
2511654375999952640,120.0,current_1e-9,0.0,0.6490573854351833,0.028
5493261389176885632,120.0,current_1e-9,0.0,0.7494459526121786,0.085
2240388880151078528,120.0,current_1e-9,0.0,0.4806364934850094,0.67
5658455555185799040,120.0,current_1e-9,0.0,0.4229547586874314,0.1435
5052502602489649664,120.0,current_1e-9,0.0,1.2756470104592663,0.4875
1979258613779627520,120.0,current_1e-9,0.0,0.5839592409023562,0.4145
446639254048922112,120.0,current_1e-9,0.0,0.36846588383900997,0.048
5601915746720479104,120.0,current_1e-9,0.0,0.6648276540300867,0.1095
4776963682897871616,120.0,current_1e-9,0.0,1.6869107619294363,0.772
3280686721529098368,120.0,current_1e-9,0.0,0.46076416489544597,0.1185
1285339370727734400,120.0,current_1e-9,0.0,0.7954127121475649,0.039
5511484179500121088,120.0,current_1e-9,0.0,0.617688849917538,0.0205
519978157091449088,120.0,current_1e-9,0.0,0.3228503974412696,0.001
3855789469596668544,120.0,current_1e-9,0.0,0.3439359966041136,0.0
572054498112591744,120.0,current_1e-9,0.0,0.3755974360035319,0.0005
357842591908022912,120.0,current_1e-9,0.0,0.39827315793868945,0.0015
5927844322167316352,120.0,current_1e-9,0.0,0.34882360456359973,0.0
2281306105868025600,120.0,current_1e-9,0.0,0.8015573627445954,0.036
6342743866636102528,120.0,current_1e-9,0.0,0.39423229918364705,0.0095
1690963263347609088,120.0,current_1e-9,0.0,0.7244869751204298,0.1685
1230823728796492672,120.0,current_1e-9,0.0,0.6348901857364014,0.0395
6411524297547089024,120.0,current_1e-9,0.0,0.48678639198420287,0.356
2935813011016890752,120.0,current_1e-9,0.0,0.5202370283762602,0.0115
1510354597152530176,120.0,current_1e-9,0.0,0.7743517230288971,0.282
263711679169833728,120.0,current_1e-9,0.0,0.4137507632339499,0.6465
2203996935067479424,120.0,current_1e-9,0.0,1.2250001697451953,0.2095
4637390027600793344,120.0,current_1e-9,0.0,0.5756128190929811,0.292
3326809997366173568,120.0,current_1e-9,0.0,0.7329913620577656,0.2575
359891153870510208,120.0,current_1e-9,0.0,1.3460516659557364,0.8675
3194157939562713472,120.0,current_1e-9,0.0,0.636503480157436,0.263
5654914887224650240,120.0,current_1e-9,0.0,0.6025033906753235,0.4
132596261882440320,120.0,current_1e-9,0.0,0.6050404875953607,0.1175
4262558915898078720,120.0,current_1e-9,0.0,0.483217174858107,0.517
6149021149160162176,120.0,current_1e-9,0.0,0.3951374883749894,0.007
2811411825899219200,120.0,current_1e-9,0.0,1.2053314586888526,0.9285
1900800964403932800,120.0,current_1e-9,0.0,0.405437934557193,0.008
6009934130839583488,120.0,current_1e-9,0.0,0.2761407871760133,0.5285
6872322302128569344,120.0,current_1e-9,0.0,0.4657320284114396,0.161
4548634356637185792,120.0,current_1e-9,0.0,0.8370783354472783,0.4145
6527091903161249152,120.0,current_1e-9,0.0,0.47081355231395494,0.0125
2639759162947729408,120.0,current_1e-9,0.0,0.4475903404120279,0.0
4100927786033595648,120.0,current_1e-9,0.0,0.3587440265772965,0.6305
5371882654157606912,120.0,current_1e-9,0.0,1.284592799843162,0.73
6775009922429158272,120.0,current_1e-9,0.0,0.46181990911972,0.594
665668979685323648,120.0,current_1e-9,0.0,0.9335338763341208,0.828
1832230956847006592,120.0,current_1e-9,0.0,2.338355946323615,0.6995
6284599664533612544,120.0,current_1e-9,0.0,0.8020955422240399,0.443
4641784775576833536,120.0,current_1e-9,0.0,1.1300755742466002,0.3635
4268847611328000256,120.0,current_1e-9,0.2145,6.254665344407082,0.9885
4278176623883730176,120.0,current_1e-9,0.0,0.29561267182051715,0.0
3267929947104804096,120.0,nearterm_1e-10,0.0,0.3868945492213193,0.01
5642877846246495360,120.0,nearterm_1e-10,0.0,0.36749856501032413,0.0
6603465041679231872,120.0,nearterm_1e-10,0.0,1.5589727394809365,0.7875
2046526391572691328,120.0,nearterm_1e-10,0.0,0.6133396258972319,0.1935
1016789806037687424,120.0,nearterm_1e-10,0.0,1.439950009582139,0.6785
5679711000438989312,120.0,nearterm_1e-10,0.0,0.1768647568727437,0.068
2995683893041962368,120.0,nearterm_1e-10,0.0,0.5862794534007094,0.0565
5953737099445742848,120.0,nearterm_1e-10,0.0,0.424307637411095,0.244
4615401513032729088,120.0,nearterm_1e-10,0.0,0.5692964139560206,0.045
3004510772390701696,120.0,nearterm_1e-10,0.0,0.7520140905840751,0.075
4069792782145982080,120.0,nearterm_1e-10,0.0,0.9244691936902775,0.319
5814108395520777856,120.0,nearterm_1e-10,0.0,0.8333042063251924,0.1695
5962272505153840896,120.0,nearterm_1e-10,0.0,1.2096521788954715,0.6085
2149291627370030336,120.0,nearterm_1e-10,0.0,0.3566171974040968,0.0045
1323478680316848256,120.0,nearterm_1e-10,0.0,0.6039488091907335,0.628
5260504054704228736,120.0,nearterm_1e-10,0.0,1.235271668224706,0.489
5841541455445538432,120.0,nearterm_1e-10,0.0,0.4725052587674552,0.3685
3867940039451965952,120.0,nearterm_1e-10,0.0,0.9690418276394805,0.1615
87878642944408960,120.0,nearterm_1e-10,0.0,0.5084678433938445,0.025
3151482384299373696,120.0,nearterm_1e-10,0.0,1.744991387205625,0.751
6181044017297795968,120.0,nearterm_1e-10,0.0,2.7513089166956677,0.803
803645216387486720,120.0,nearterm_1e-10,0.0,1.5723900746636443,0.392
5914174364643486592,120.0,nearterm_1e-10,0.0,0.7895616254801369,0.6675
4797122403959920768,120.0,nearterm_1e-10,0.0,1.1067025006304683,0.426
2575048093288905088,120.0,nearterm_1e-10,0.0,1.0484001802656424,0.2315
4229058961259584256,120.0,nearterm_1e-10,0.0,1.8004458538889183,0.783
4561522831932945920,120.0,nearterm_1e-10,0.0,1.3220241982258016,0.571
2208326773198648320,120.0,nearterm_1e-10,0.0,1.2583248994369596,0.6645
6094128791359632256,120.0,nearterm_1e-10,0.0,1.069787129646831,0.6425
2769623267282593152,120.0,nearterm_1e-10,0.0,0.9222308635815689,0.7055
5660807578058341120,120.0,nearterm_1e-10,0.0,0.7648423643885326,0.122
296496818102428544,120.0,nearterm_1e-10,0.0,1.0179463358373086,0.3615
158752853233960704,120.0,nearterm_1e-10,0.0,0.275360053345413,0.0295
2259514678757235200,120.0,nearterm_1e-10,0.0,0.45970790288653507,0.0115
4227855172121285760,120.0,nearterm_1e-10,0.0,0.9625147129888534,0.301
2196000977264781056,120.0,nearterm_1e-10,0.0,0.7602869217407039,0.0685
1422765267499632640,120.0,nearterm_1e-10,0.0,0.7268492912540809,0.187
5351303408563334912,120.0,nearterm_1e-10,0.0,0.684328411468449,0.7525
1364263517961035648,120.0,nearterm_1e-10,0.0,0.5539800189778495,0.0295
5274946414813497344,120.0,nearterm_1e-10,0.0,0.8537324243850396,0.0815
3180960123537829760,120.0,nearterm_1e-10,0.0,1.181961145221018,0.607
2757278951454094208,120.0,nearterm_1e-10,0.0,0.538192970513197,0.035
2703346703520007168,120.0,nearterm_1e-10,0.0,0.5128625055000354,0.0365
4002529127504102656,120.0,nearterm_1e-10,0.0,1.839226536429078,0.7085
5421588692928858752,120.0,nearterm_1e-10,0.0,0.4091739377189745,0.008
6050388913137070848,120.0,nearterm_1e-10,0.0,0.47264391708894526,0.868
4345060775182367232,120.0,nearterm_1e-10,0.0,0.3821867779785577,0.018
992946106114748032,120.0,nearterm_1e-10,0.0,0.9457315756839448,0.042
676792841901784192,120.0,nearterm_1e-10,0.0,0.8015732064563749,0.691
218953691837608960,120.0,nearterm_1e-10,0.0,0.6849734517511368,0.4855
2482368024800833024,120.0,nearterm_1e-10,0.0,0.9592877233048098,0.5715
4609966833215963392,120.0,nearterm_1e-10,0.0,0.6069276763827955,0.0015
6844037812175117440,120.0,nearterm_1e-10,0.0,0.7427295499185028,0.798
6441225886185109632,120.0,nearterm_1e-10,0.0,0.7970408409560608,0.3385
1275271417631701504,120.0,nearterm_1e-10,0.0,0.6325590642627453,0.031
6490173906174556416,120.0,nearterm_1e-10,0.0,0.6009885402736624,0.0485
5940429538445511808,120.0,nearterm_1e-10,0.0,1.7236593588383502,0.48
3793148372312611456,120.0,nearterm_1e-10,0.0,0.7058722347334387,0.0175
3138662151736925568,120.0,nearterm_1e-10,0.0,0.47096741960285937,0.0065
5976199159903812736,120.0,nearterm_1e-10,0.0,0.38851085025498927,0.395
1504338722359357568,120.0,nearterm_1e-10,0.0,0.8831269931347691,0.644
1688451325954477184,120.0,nearterm_1e-10,0.0,1.1060128638659816,0.148
5889045855385067136,120.0,nearterm_1e-10,0.0,0.4263373791314466,0.0205
4081754605352170496,120.0,nearterm_1e-10,0.0,1.6606581335941144,0.884
2691146831736184576,120.0,nearterm_1e-10,0.0,0.6590779721455681,0.0265
334398010409366400,120.0,nearterm_1e-10,0.0,0.7655590417270066,0.6915
1383626089525174016,120.0,nearterm_1e-10,0.0,0.6431631571940566,0.1245
3702063519102244480,120.0,nearterm_1e-10,0.0,1.54549019657941,0.6625
5423016683660491264,120.0,nearterm_1e-10,0.0,0.4710464173801104,0.0035
2804852929801600768,120.0,nearterm_1e-10,0.0,1.8808158147369085,0.491
3114023912926376448,120.0,nearterm_1e-10,0.0,0.6800310576290449,0.696
5524591457617244928,120.0,nearterm_1e-10,0.0,0.5584411049049821,0.0085
4060366016201160320,120.0,nearterm_1e-10,0.0,0.037177101705262214,0.068
6694638847956909696,120.0,nearterm_1e-10,0.0,0.596345156706923,0.554
3039556915253606144,120.0,nearterm_1e-10,0.0,1.163543414570491,0.437
6237927045205600000,120.0,nearterm_1e-10,0.0,0.38166306840753594,0.514
1878241773237645184,120.0,nearterm_1e-10,0.0,0.6237872005020026,0.049
4288946748293342080,120.0,nearterm_1e-10,0.001,3.613211007757689,0.8325
2337648311488015360,120.0,nearterm_1e-10,0.0,0.9239901653397451,0.0855
4395214100433309184,120.0,nearterm_1e-10,0.0,1.4747196626546144,0.7755
2796277112767076864,120.0,nearterm_1e-10,0.0,0.261966323200931,0.072
6016504747910034432,120.0,nearterm_1e-10,0.0,0.4247493036381262,0.0
5166280100090122880,120.0,nearterm_1e-10,0.0,1.3975147597237896,0.649
1130573557111974912,120.0,nearterm_1e-10,0.0,1.2822055122529588,0.4475
164738354017665664,120.0,nearterm_1e-10,0.0,0.0909583842804236,0.0005
1761771910959772032,120.0,nearterm_1e-10,0.0,0.6284943150765999,0.0135
1329848490477856768,120.0,nearterm_1e-10,0.007,3.7334447504484634,0.8515
3311535375672171776,120.0,nearterm_1e-10,0.0,1.1367770434797357,0.631
6112272348126668800,120.0,nearterm_1e-10,0.0,0.8864057790117211,0.1735
6755038496304470144,120.0,nearterm_1e-10,0.0,0.7532367945227109,0.126
4283053988756001920,120.0,nearterm_1e-10,0.0,0.6589115884937102,0.3785
2599647119044490496,120.0,nearterm_1e-10,0.0,0.7500264143894233,0.0775
490441735713670528,120.0,nearterm_1e-10,0.0,0.669148109555867,0.4565
4934043968492272896,120.0,nearterm_1e-10,0.0,0.9313010462643364,0.7925
2621100450623361280,120.0,nearterm_1e-10,0.0,3.024556101479496,0.86
1851315420672845056,120.0,nearterm_1e-10,0.0,0.8583471177799765,0.0665
5541455315986463104,120.0,nearterm_1e-10,0.0,0.42238248659258354,0.0065
5976098417137532800,120.0,nearterm_1e-10,0.0,0.5461622496151092,0.211
28898090451449472,120.0,nearterm_1e-10,0.0,0.5053330274197986,0.032
6592347918267168128,120.0,nearterm_1e-10,0.0,1.0036325278358158,0.2665
5887064359268864256,120.0,nearterm_1e-10,0.0,0.17708539566204584,0.2605
6518913495153329920,120.0,nearterm_1e-10,0.0,0.41129967703899206,0.003
4600878063941953280,120.0,nearterm_1e-10,0.0,0.6571774536818552,0.0035
992845122843798016,120.0,nearterm_1e-10,0.0,0.7282019701287662,0.1095
3664521351702250752,120.0,nearterm_1e-10,0.0,1.9436679511909882,0.6655
3711953493050429568,120.0,nearterm_1e-10,0.0,0.8755919331382713,0.0365
5473228871432372992,120.0,nearterm_1e-10,0.0,0.6897339805697413,0.013
6752384069075512320,120.0,nearterm_1e-10,0.0,0.5564610730900169,0.0345
4115513220094402048,120.0,nearterm_1e-10,0.0,0.33683893477219906,0.0055
4602130957441446400,120.0,nearterm_1e-10,0.0,0.4949049459965056,0.003
377546664910219776,120.0,nearterm_1e-10,0.0,1.4092746945573413,0.382
4364333977066797056,120.0,nearterm_1e-10,0.0,0.21209009425233882,0.0
5768315046181771904,120.0,nearterm_1e-10,0.0,0.5109043277426671,0.1835
123580919370477952,120.0,nearterm_1e-10,0.0,0.49337910672734425,0.014
4366334126156046976,120.0,nearterm_1e-10,0.0,0.3776416084305441,0.369
4901782819863332608,120.0,nearterm_1e-10,0.0,2.0728172377525236,0.8425
2151838817854979456,120.0,nearterm_1e-10,0.0,0.40254666166737435,0.0
1343460895402697600,120.0,nearterm_1e-10,0.0,1.3461954766358226,0.8525
6136053959995638016,120.0,nearterm_1e-10,0.0,0.523632703438593,0.0215
2221263218985851520,120.0,nearterm_1e-10,0.0265,3.4911140757878236,0.975
4162186251740404608,120.0,nearterm_1e-10,0.0,1.499258795911253,0.93
1678399143976755584,120.0,nearterm_1e-10,0.0,1.2759788072412535,0.2485
2704125913666895104,120.0,nearterm_1e-10,0.0,0.45999408975708445,0.012
5000393997669149952,120.0,nearterm_1e-10,0.0,0.9314515972736949,0.1495
2491206105423269504,120.0,nearterm_1e-10,0.0,1.5098319800186673,0.457
6274538269849968512,120.0,nearterm_1e-10,0.0,0.5618294269259744,0.45
707365862223681408,120.0,nearterm_1e-10,0.0,0.5450886397814925,0.207
4735086373076351744,120.0,nearterm_1e-10,0.0,1.7826357010800542,0.8045
2799316059826451328,120.0,nearterm_1e-10,0.0,0.9327982439909761,0.2475
1875970079134757760,120.0,nearterm_1e-10,0.0,0.6018269992452672,0.1045
1783649894544856960,120.0,nearterm_1e-10,0.0,0.5705903532348915,0.018
2554116930949289856,120.0,nearterm_1e-10,0.0,0.8493872385696918,0.017
2753295523906432384,120.0,nearterm_1e-10,0.0,0.4956973735489353,0.0405
886990809110955008,120.0,nearterm_1e-10,0.0,1.0958095270404333,0.823
919018036639891968,120.0,nearterm_1e-10,0.0,1.2662710065167753,0.371
2833555985786735232,120.0,nearterm_1e-10,0.0,1.1607942201827113,0.8105
3023472056569280512,120.0,nearterm_1e-10,0.0,0.6870707821304733,0.495
868768602903736832,120.0,nearterm_1e-10,0.0,0.6529803934168666,0.1135
5178460008866279808,120.0,nearterm_1e-10,0.0,0.730276575106271,0.084
3004697238395042176,120.0,nearterm_1e-10,0.0,1.7070398184566082,0.8575
2346247935526578688,120.0,nearterm_1e-10,0.0,0.6547926772025566,0.767
1933622971340170496,120.0,nearterm_1e-10,0.0,0.5524148774733123,0.0195
1014188567684692224,120.0,nearterm_1e-10,0.0,0.6536370928670406,0.19
5466445022127902976,120.0,nearterm_1e-10,0.0,0.6640035832484512,0.2445
6681692893110527232,120.0,nearterm_1e-10,0.0,0.7338882802549095,0.0655
5185560414440293632,120.0,nearterm_1e-10,0.0,1.4952433167661157,0.437
5800349145690204288,120.0,nearterm_1e-10,0.0,0.5624963428310541,0.294
4105409399796978944,120.0,nearterm_1e-10,0.0,0.36133726573458524,0.008
4708692944344873216,120.0,nearterm_1e-10,0.0,0.47160218467020004,0.0295
2027994226190382848,120.0,nearterm_1e-10,0.0,0.5214711850905513,0.021
2511654375999952640,120.0,nearterm_1e-10,0.0,0.6780034623943534,0.028
5493261389176885632,120.0,nearterm_1e-10,0.0,0.7918114237754644,0.085
2240388880151078528,120.0,nearterm_1e-10,0.0,0.5748839461857386,0.67
5658455555185799040,120.0,nearterm_1e-10,0.0,0.453615429546692,0.1435
5052502602489649664,120.0,nearterm_1e-10,0.0,1.432439115789413,0.4875
1979258613779627520,120.0,nearterm_1e-10,0.0,0.6660036896152883,0.4145
446639254048922112,120.0,nearterm_1e-10,0.0,0.38147894678882166,0.048
5601915746720479104,120.0,nearterm_1e-10,0.0,0.7163601081491746,0.1095
4776963682897871616,120.0,nearterm_1e-10,0.0,1.9453155867122887,0.772
3280686721529098368,120.0,nearterm_1e-10,0.0,0.4942032852602686,0.1185
1285339370727734400,120.0,nearterm_1e-10,0.0,0.823465180807381,0.039
5511484179500121088,120.0,nearterm_1e-10,0.0,0.6395478026606536,0.0205
519978157091449088,120.0,nearterm_1e-10,0.0,0.3308848257846192,0.001
3855789469596668544,120.0,nearterm_1e-10,0.0,0.34967707860121255,0.0
572054498112591744,120.0,nearterm_1e-10,0.0,0.38577940049395054,0.0005
357842591908022912,120.0,nearterm_1e-10,0.0,0.40885208479953433,0.0015
5927844322167316352,120.0,nearterm_1e-10,0.0,0.35434651132582073,0.0
2281306105868025600,120.0,nearterm_1e-10,0.0,0.8371236533254205,0.036
6342743866636102528,120.0,nearterm_1e-10,0.0,0.40968700701040517,0.0095
1690963263347609088,120.0,nearterm_1e-10,0.0,0.7957803790274358,0.1685
1230823728796492672,120.0,nearterm_1e-10,0.0,0.67972832892212,0.0395
6411524297547089024,120.0,nearterm_1e-10,0.0,0.5471918309743332,0.356
2935813011016890752,120.0,nearterm_1e-10,0.0,0.5409023516886491,0.0115
1510354597152530176,120.0,nearterm_1e-10,0.0,0.8471208965451401,0.282
263711679169833728,120.0,nearterm_1e-10,0.0,0.48016971129974056,0.6465
2203996935067479424,120.0,nearterm_1e-10,0.0,1.2926118613805573,0.2095
4637390027600793344,120.0,nearterm_1e-10,0.0,0.6428658528161443,0.292
3326809997366173568,120.0,nearterm_1e-10,0.0,0.8190630220069325,0.2575
359891153870510208,120.0,nearterm_1e-10,0.0,1.9661613381025405,0.8675
3194157939562713472,120.0,nearterm_1e-10,0.0,0.7021377399979328,0.263
5654914887224650240,120.0,nearterm_1e-10,0.0,0.6572626361710888,0.4
132596261882440320,120.0,nearterm_1e-10,0.0,0.6516563981484069,0.1175
4262558915898078720,120.0,nearterm_1e-10,0.0,0.5532771559567891,0.517
6149021149160162176,120.0,nearterm_1e-10,0.0,0.40900782471355146,0.007
2811411825899219200,120.0,nearterm_1e-10,0.0,2.001694823593256,0.9285
1900800964403932800,120.0,nearterm_1e-10,0.0,0.4195631240783272,0.008
6009934130839583488,120.0,nearterm_1e-10,0.0,0.2998687163720182,0.5285
6872322302128569344,120.0,nearterm_1e-10,0.0,0.49754787184775784,0.161
4548634356637185792,120.0,nearterm_1e-10,0.0,0.9589601751621601,0.4145
6527091903161249152,120.0,nearterm_1e-10,0.0,0.48998577574232444,0.0125
2639759162947729408,120.0,nearterm_1e-10,0.0,0.45692498837099743,0.0
4100927786033595648,120.0,nearterm_1e-10,0.0,0.4099992999697014,0.6305
5371882654157606912,120.0,nearterm_1e-10,0.0,1.6045581981281012,0.73
6775009922429158272,120.0,nearterm_1e-10,0.0,0.5363629303438435,0.594
665668979685323648,120.0,nearterm_1e-10,0.0,1.25977260221302,0.828
1832230956847006592,120.0,nearterm_1e-10,0.0,2.642467532886626,0.6995
6284599664533612544,120.0,nearterm_1e-10,0.0,0.9079456946529494,0.443
4641784775576833536,120.0,nearterm_1e-10,0.0,1.2613129805191865,0.3635
4268847611328000256,120.0,nearterm_1e-10,0.594,13.737416832346215,0.9885
4278176623883730176,120.0,nearterm_1e-10,0.0,0.3006720909875229,0.0
3267929947104804096,120.0,goal_1e-11,0.0,0.38804450118437805,0.01
5642877846246495360,120.0,goal_1e-11,0.0,0.36822271824560837,0.0
6603465041679231872,120.0,goal_1e-11,0.0,1.6009231402652426,0.7875
2046526391572691328,120.0,goal_1e-11,0.0,0.6192488409597139,0.1935
1016789806037687424,120.0,goal_1e-11,0.0,1.4701756387089213,0.6785
5679711000438989312,120.0,goal_1e-11,0.0,0.17726778341997393,0.068
2995683893041962368,120.0,goal_1e-11,0.0,0.5902952515497731,0.0565
5953737099445742848,120.0,goal_1e-11,0.0,0.4274459297645317,0.244
4615401513032729088,120.0,goal_1e-11,0.0,0.5716840559748121,0.045
3004510772390701696,120.0,goal_1e-11,0.0,0.7575207604637895,0.075
4069792782145982080,120.0,goal_1e-11,0.0,0.9317499270177554,0.319
5814108395520777856,120.0,goal_1e-11,0.0,0.8408244978872409,0.1695
5962272505153840896,120.0,goal_1e-11,0.0,1.2309599325620484,0.6085
2149291627370030336,120.0,goal_1e-11,0.0,0.3575118598153517,0.0045
1323478680316848256,120.0,goal_1e-11,0.0,0.6142569779651987,0.628
5260504054704228736,120.0,goal_1e-11,0.0,1.2513514786314746,0.489
5841541455445538432,120.0,goal_1e-11,0.0,0.4768586432616532,0.3685
3867940039451965952,120.0,goal_1e-11,0.0,0.9767699096702875,0.1615
87878642944408960,120.0,goal_1e-11,0.0,0.5104362288643567,0.025
3151482384299373696,120.0,goal_1e-11,0.0,1.789109722201111,0.751
6181044017297795968,120.0,goal_1e-11,0.0,2.819368387853295,0.803
803645216387486720,120.0,goal_1e-11,0.0,1.5914395006733362,0.392
5914174364643486592,120.0,goal_1e-11,0.0,0.8024934920146084,0.6675
4797122403959920768,120.0,goal_1e-11,0.0,1.119760523661832,0.426
2575048093288905088,120.0,goal_1e-11,0.0,1.0558369340174143,0.2315
4229058961259584256,120.0,goal_1e-11,0.0,1.8487624940765564,0.783
4561522831932945920,120.0,goal_1e-11,0.0,1.3426114682477706,0.571
2208326773198648320,120.0,goal_1e-11,0.0,1.283237943456471,0.6645
6094128791359632256,120.0,goal_1e-11,0.0,1.0848235193645497,0.6425
2769623267282593152,120.0,goal_1e-11,0.0,0.9424261020325048,0.7055
5660807578058341120,120.0,goal_1e-11,0.0,0.7714869592923022,0.122
296496818102428544,120.0,goal_1e-11,0.0,1.0316735698458879,0.3615
158752853233960704,120.0,goal_1e-11,0.0,0.2758383018794442,0.0295
2259514678757235200,120.0,goal_1e-11,0.0,0.46165339250668513,0.0115
4227855172121285760,120.0,goal_1e-11,0.0,0.9700024103545974,0.301
2196000977264781056,120.0,goal_1e-11,0.0,0.7654439180392372,0.0685
1422765267499632640,120.0,goal_1e-11,0.0,0.7340954162234844,0.187
5351303408563334912,120.0,goal_1e-11,0.0,0.688992459286153,0.7525
1364263517961035648,120.0,goal_1e-11,0.0,0.556546789144156,0.0295
5274946414813497344,120.0,goal_1e-11,0.0,0.8574261325986335,0.0815
3180960123537829760,120.0,goal_1e-11,0.0,1.202287641867274,0.607
2757278951454094208,120.0,goal_1e-11,0.0,0.5402169027079267,0.035
2703346703520007168,120.0,goal_1e-11,0.0,0.5157840367453758,0.0365
4002529127504102656,120.0,goal_1e-11,0.0,1.879190208811558,0.7085
5421588692928858752,120.0,goal_1e-11,0.0,0.4105410778716716,0.008
6050388913137070848,120.0,goal_1e-11,0.0,0.4774838616344185,0.868
4345060775182367232,120.0,goal_1e-11,0.0,0.38358425603942786,0.018
992946106114748032,120.0,goal_1e-11,0.0,0.949645874400167,0.042
676792841901784192,120.0,goal_1e-11,0.0,0.817304826821164,0.691
218953691837608960,120.0,goal_1e-11,0.0,0.6938875976116828,0.4855
2482368024800833024,120.0,goal_1e-11,0.0,0.9756238482213879,0.5715
4609966833215963392,120.0,goal_1e-11,0.0,0.6084647684021195,0.0015
6844037812175117440,120.0,goal_1e-11,0.0,0.7612684794130448,0.798
6441225886185109632,120.0,goal_1e-11,0.0,0.8077133456704503,0.3385
1275271417631701504,120.0,goal_1e-11,0.0,0.6359224519502752,0.031
6490173906174556416,120.0,goal_1e-11,0.0,0.6052011731238426,0.0485
5940429538445511808,120.0,goal_1e-11,0.0,1.7462580729135446,0.48
3793148372312611456,120.0,goal_1e-11,0.0,0.7089164265608197,0.0175
3138662151736925568,120.0,goal_1e-11,0.0,0.47255166125323705,0.0065
5976199159903812736,120.0,goal_1e-11,0.0,0.39195459839865127,0.395
1504338722359357568,120.0,goal_1e-11,0.0,0.9000590573991638,0.644
1688451325954477184,120.0,goal_1e-11,0.0,1.1166874126881956,0.148
5889045855385067136,120.0,goal_1e-11,0.0,0.4276890193233669,0.0205
4081754605352170496,120.0,goal_1e-11,0.0,1.721774679518012,0.884
2691146831736184576,120.0,goal_1e-11,0.0,0.6617965614310339,0.0265
334398010409366400,120.0,goal_1e-11,0.0,0.7804076006943567,0.6915
1383626089525174016,120.0,goal_1e-11,0.0,0.6490247356884132,0.1245
3702063519102244480,120.0,goal_1e-11,0.0,1.5768497156387717,0.6625
5423016683660491264,120.0,goal_1e-11,0.0,0.4727512659182336,0.0035
2804852929801600768,120.0,goal_1e-11,0.0,1.8987662050898813,0.491
3114023912926376448,120.0,goal_1e-11,0.0,0.6934449374022336,0.696
5524591457617244928,120.0,goal_1e-11,0.0,0.5604738430356171,0.0085
4060366016201160320,120.0,goal_1e-11,0.0,0.037189666307710964,0.068
6694638847956909696,120.0,goal_1e-11,0.0,0.605667083827116,0.554
3039556915253606144,120.0,goal_1e-11,0.0,1.178704454589916,0.437
6237927045205600000,120.0,goal_1e-11,0.0,0.38465002985875146,0.514
1878241773237645184,120.0,goal_1e-11,0.0,0.6270725204483886,0.049
4288946748293342080,120.0,goal_1e-11,0.0015,3.704014293370066,0.8325
2337648311488015360,120.0,goal_1e-11,0.0,0.9309006242473843,0.0855
4395214100433309184,120.0,goal_1e-11,0.0,1.5031918165965448,0.7755
2796277112767076864,120.0,goal_1e-11,0.0,0.262507313964526,0.072
6016504747910034432,120.0,goal_1e-11,0.0,0.4254523305789297,0.0
5166280100090122880,120.0,goal_1e-11,0.0,1.4258717362747735,0.649
1130573557111974912,120.0,goal_1e-11,0.0,1.3007344180729628,0.4475
164738354017665664,120.0,goal_1e-11,0.0,0.09100631970282089,0.0005
1761771910959772032,120.0,goal_1e-11,0.0,0.6304541645824447,0.0135
1329848490477856768,120.0,goal_1e-11,0.008,3.8109670722767124,0.8515
3311535375672171776,120.0,goal_1e-11,0.0,1.15151258871901,0.631
6112272348126668800,120.0,goal_1e-11,0.0,0.8945046138574775,0.1735
6755038496304470144,120.0,goal_1e-11,0.0,0.7597296637612244,0.126
4283053988756001920,120.0,goal_1e-11,0.0,0.6670253129967938,0.3785
2599647119044490496,120.0,goal_1e-11,0.0,0.7550660524731411,0.0775
490441735713670528,120.0,goal_1e-11,0.0,0.678430064591517,0.4565
4934043968492272896,120.0,goal_1e-11,0.0,0.955484057832932,0.7925
2621100450623361280,120.0,goal_1e-11,0.0005,3.1230269463168026,0.86
1851315420672845056,120.0,goal_1e-11,0.0,0.8628674466263303,0.0665
5541455315986463104,120.0,goal_1e-11,0.0,0.4236068482232721,0.0065
5976098417137532800,120.0,goal_1e-11,0.0,0.5496533881545599,0.211
28898090451449472,120.0,goal_1e-11,0.0,0.5074561599177188,0.032
6592347918267168128,120.0,goal_1e-11,0.0,1.0148607722571572,0.2665
5887064359268864256,120.0,goal_1e-11,0.0,0.1774576939984661,0.2605
6518913495153329920,120.0,goal_1e-11,0.0,0.41245385670080803,0.003
4600878063941953280,120.0,goal_1e-11,0.0,0.6592872169775988,0.0035
992845122843798016,120.0,goal_1e-11,0.0,0.7324739832199384,0.1095
3664521351702250752,120.0,goal_1e-11,0.0,1.9815629507257144,0.6655
3711953493050429568,120.0,goal_1e-11,0.0,0.8793645902704157,0.0365
5473228871432372992,120.0,goal_1e-11,0.0,0.6923212735812323,0.013
6752384069075512320,120.0,goal_1e-11,0.0,0.5597803445424312,0.0345
4115513220094402048,120.0,goal_1e-11,0.0,0.3375930665110407,0.0055
4602130957441446400,120.0,goal_1e-11,0.0,0.49656905742633384,0.003
377546664910219776,120.0,goal_1e-11,0.0,1.4205427420767478,0.382
4364333977066797056,120.0,goal_1e-11,0.0,0.21229280988192228,0.0
5768315046181771904,120.0,goal_1e-11,0.0,0.5151408371333475,0.1835
123580919370477952,120.0,goal_1e-11,0.0,0.4950231278501704,0.014
4366334126156046976,120.0,goal_1e-11,0.0,0.3803078591010015,0.369
4901782819863332608,120.0,goal_1e-11,0.0,2.1420777429439934,0.8425
2151838817854979456,120.0,goal_1e-11,0.0,0.4033292056147578,0.0
1343460895402697600,120.0,goal_1e-11,0.0,1.3917787440019942,0.8525
6136053959995638016,120.0,goal_1e-11,0.0,0.525775187518155,0.0215
2221263218985851520,120.0,goal_1e-11,0.0385,3.8109024253821,0.975
4162186251740404608,120.0,goal_1e-11,0.0,1.560356181998893,0.93
1678399143976755584,120.0,goal_1e-11,0.0,1.2880383363882324,0.2485
2704125913666895104,120.0,goal_1e-11,0.0,0.46143588452249923,0.012
5000393997669149952,120.0,goal_1e-11,0.0,0.9391683463842373,0.1495
2491206105423269504,120.0,goal_1e-11,0.0,1.5248866375296202,0.457
6274538269849968512,120.0,goal_1e-11,0.0,0.5689498509815494,0.45
707365862223681408,120.0,goal_1e-11,0.0,0.5489212374221277,0.207
4735086373076351744,120.0,goal_1e-11,0.0,1.8343048499730976,0.8045
2799316059826451328,120.0,goal_1e-11,0.0,0.9425687600738203,0.2475
1875970079134757760,120.0,goal_1e-11,0.0,0.6069584626473138,0.1045
1783649894544856960,120.0,goal_1e-11,0.0,0.5728672583943376,0.018
2554116930949289856,120.0,goal_1e-11,0.0,0.852775694554088,0.017
2753295523906432384,120.0,goal_1e-11,0.0,0.4987598104181304,0.0405
886990809110955008,120.0,goal_1e-11,0.0,1.1279646126600495,0.823
919018036639891968,120.0,goal_1e-11,0.0,1.2813179882357577,0.371
2833555985786735232,120.0,goal_1e-11,0.0,1.192249255004449,0.8105
3023472056569280512,120.0,goal_1e-11,0.0,0.6974086582194556,0.495
868768602903736832,120.0,goal_1e-11,0.0,0.6588891310848686,0.1135
5178460008866279808,120.0,goal_1e-11,0.0,0.7346125619788317,0.084
3004697238395042176,120.0,goal_1e-11,0.0,1.7710157620813203,0.8575
2346247935526578688,120.0,goal_1e-11,0.0,0.6655186134338509,0.767
1933622971340170496,120.0,goal_1e-11,0.0,0.5543794975340106,0.0195
1014188567684692224,120.0,goal_1e-11,0.0,0.6604022575539061,0.19
5466445022127902976,120.0,goal_1e-11,0.0,0.6689180685599188,0.2445
6681692893110527232,120.0,goal_1e-11,0.0,0.7384143214866602,0.0655
5185560414440293632,120.0,goal_1e-11,0.0,1.5098895928534741,0.437
5800349145690204288,120.0,goal_1e-11,0.0,0.567395637294775,0.294
4105409399796978944,120.0,goal_1e-11,0.0,0.3621639274922984,0.008
4708692944344873216,120.0,goal_1e-11,0.0,0.4732475245893781,0.0295
2027994226190382848,120.0,goal_1e-11,0.0,0.5241425387799103,0.021
2511654375999952640,120.0,goal_1e-11,0.0,0.6810215845304213,0.028
5493261389176885632,120.0,goal_1e-11,0.0,0.7962693103069225,0.085
2240388880151078528,120.0,goal_1e-11,0.0,0.5849216373937913,0.67
5658455555185799040,120.0,goal_1e-11,0.0,0.45684364367502567,0.1435
5052502602489649664,120.0,goal_1e-11,0.0,1.4496273920916969,0.4875
1979258613779627520,120.0,goal_1e-11,0.0,0.6748527914498973,0.4145
446639254048922112,120.0,goal_1e-11,0.0,0.3828230546072948,0.048
5601915746720479104,120.0,goal_1e-11,0.0,0.7218430844261504,0.1095
4776963682897871616,120.0,goal_1e-11,0.0,1.974080793701537,0.772
3280686721529098368,120.0,goal_1e-11,0.0,0.4977296157024123,0.1185
1285339370727734400,120.0,goal_1e-11,0.0,0.8263693877157089,0.039
5511484179500121088,120.0,goal_1e-11,0.0,0.6418106290034545,0.0205
519978157091449088,120.0,goal_1e-11,0.0,0.33170835336490834,0.001
3855789469596668544,120.0,goal_1e-11,0.0,0.3502613686553309,0.0
572054498112591744,120.0,goal_1e-11,0.0,0.3868250157388201,0.0005
357842591908022912,120.0,goal_1e-11,0.0,0.40993814821898705,0.0015
5927844322167316352,120.0,goal_1e-11,0.0,0.3549081171175851,0.0
2281306105868025600,120.0,goal_1e-11,0.0,0.8408338483962126,0.036
6342743866636102528,120.0,goal_1e-11,0.0,0.4112885038582094,0.0095
1690963263347609088,120.0,goal_1e-11,0.0,0.8034525292364817,0.1685
1230823728796492672,120.0,goal_1e-11,0.0,0.6844830863525495,0.0395
6411524297547089024,120.0,goal_1e-11,0.0,0.5536379085899321,0.356
2935813011016890752,120.0,goal_1e-11,0.0,0.543047439522619,0.0115
1510354597152530176,120.0,goal_1e-11,0.0,0.8549530829897795,0.282
263711679169833728,120.0,goal_1e-11,0.0,0.4871466442835416,0.6465
2203996935067479424,120.0,goal_1e-11,0.0,1.2997220148172186,0.2095
4637390027600793344,120.0,goal_1e-11,0.0,0.6500921988887075,0.292
3326809997366173568,120.0,goal_1e-11,0.0,0.8283854193535222,0.2575
359891153870510208,120.0,goal_1e-11,0.0,2.042725420932558,0.8675
3194157939562713472,120.0,goal_1e-11,0.0,0.7091841119625426,0.263
5654914887224650240,120.0,goal_1e-11,0.0,0.6631169393397538,0.4
132596261882440320,120.0,goal_1e-11,0.0,0.6566033749427996,0.1175
4262558915898078720,120.0,goal_1e-11,0.0,0.5607861466012782,0.517
6149021149160162176,120.0,goal_1e-11,0.0,0.41044138948368214,0.007
2811411825899219200,120.0,goal_1e-11,0.0005,2.10605348862612,0.9285
1900800964403932800,120.0,goal_1e-11,0.0,0.42102247272099635,0.008
6009934130839583488,120.0,goal_1e-11,0.0,0.3023220563423992,0.5285
6872322302128569344,120.0,goal_1e-11,0.0,0.5009009107095851,0.161
4548634356637185792,120.0,goal_1e-11,0.0,0.9723446465334782,0.4145
6527091903161249152,120.0,goal_1e-11,0.0,0.4919762658437835,0.0125
2639759162947729408,120.0,goal_1e-11,0.0,0.45787875549510626,0.0
4100927786033595648,120.0,goal_1e-11,0.0,0.415343745375312,0.6305
5371882654157606912,120.0,goal_1e-11,0.0,1.641398227906771,0.73
6775009922429158272,120.0,goal_1e-11,0.0,0.5442467569627562,0.594
665668979685323648,120.0,goal_1e-11,0.0,1.2978475436311445,0.828
1832230956847006592,120.0,goal_1e-11,0.0,2.675849971528861,0.6995
6284599664533612544,120.0,goal_1e-11,0.0,0.9195089191594796,0.443
4641784775576833536,120.0,goal_1e-11,0.0,1.2756547318987734,0.3635
4268847611328000256,120.0,goal_1e-11,0.6435,14.799827768965887,0.9885
4278176623883730176,120.0,goal_1e-11,0.0,0.30118705886993613,0.0
3267929947104804096,200.0,current_1e-9,0.0,0.9016718080826074,0.3025
5642877846246495360,200.0,current_1e-9,0.0,0.880704804495397,0.06
6603465041679231872,200.0,current_1e-9,0.0025,2.0192429191387857,0.9305
2046526391572691328,200.0,current_1e-9,0.0,1.195143389161772,0.7105
1016789806037687424,200.0,current_1e-9,0.0005,2.1091711051677695,0.908
5679711000438989312,200.0,current_1e-9,0.0,0.4388977725335551,0.5745
2995683893041962368,200.0,current_1e-9,0.0,1.2210535642384148,0.5535
5953737099445742848,200.0,current_1e-9,0.0,0.8929512392302238,0.7395
4615401513032729088,200.0,current_1e-9,0.0,1.2598582274577406,0.53
3004510772390701696,200.0,current_1e-9,0.0,1.516747428330657,0.5975
4069792782145982080,200.0,current_1e-9,0.0,1.8093128926072257,0.7835
5814108395520777856,200.0,current_1e-9,0.0,1.6194748720645233,0.6995
5962272505153840896,200.0,current_1e-9,0.0,1.906243518138377,0.8785
2149291627370030336,200.0,current_1e-9,0.0,0.8410307326484451,0.2355
1323478680316848256,200.0,current_1e-9,0.0,0.9786946599335895,0.882
5260504054704228736,200.0,current_1e-9,0.0,2.138326657406157,0.853
5841541455445538432,200.0,current_1e-9,0.0,0.9458720051235912,0.796
3867940039451965952,200.0,current_1e-9,0.0,1.886145859711944,0.682
87878642944408960,200.0,current_1e-9,0.0,1.141387449869117,0.411
3151482384299373696,200.0,current_1e-9,0.002,2.3108904260627297,0.9235
6181044017297795968,200.0,current_1e-9,0.028,3.589589119099629,0.929
803645216387486720,200.0,current_1e-9,0.0,2.7058304358400007,0.804
5914174364643486592,200.0,current_1e-9,0.0,1.2989818150739654,0.892
4797122403959920768,200.0,current_1e-9,0.0,1.972222697152708,0.8125
2575048093288905088,200.0,current_1e-9,0.0,2.056128501262794,0.733
4229058961259584256,200.0,current_1e-9,0.0025,2.326854430433682,0.9295
4561522831932945920,200.0,current_1e-9,0.0,2.1608742639989975,0.8635
2208326773198648320,200.0,current_1e-9,0.0,1.8984681097525231,0.8975
6094128791359632256,200.0,current_1e-9,0.0,1.8322982302556379,0.8835
2769623267282593152,200.0,current_1e-9,0.0,1.3302822556455918,0.9055
5660807578058341120,200.0,current_1e-9,0.0,1.500618845236385,0.6675
296496818102428544,200.0,current_1e-9,0.0,1.7725294493183752,0.793
158752853233960704,200.0,current_1e-9,0.0,0.6737892122847443,0.4335
2259514678757235200,200.0,current_1e-9,0.0,1.0308412006058456,0.361
4227855172121285760,200.0,current_1e-9,0.0,1.8867460942802474,0.7565
2196000977264781056,200.0,current_1e-9,0.0,1.551505195789472,0.552
1422765267499632640,200.0,current_1e-9,0.0,1.391021459351538,0.701
5351303408563334912,200.0,current_1e-9,0.0,1.4114709657702236,0.9155
1364263517961035648,200.0,current_1e-9,0.0,1.2157346080528557,0.444
5274946414813497344,200.0,current_1e-9,0.0,1.7995179600096058,0.5845
3180960123537829760,200.0,current_1e-9,0.0,1.8781826137798676,0.8825
2757278951454094208,200.0,current_1e-9,0.0,1.1966735427671604,0.4535
2703346703520007168,200.0,current_1e-9,0.0,1.105930208163069,0.4575
4002529127504102656,200.0,current_1e-9,0.0035,2.603215178377092,0.9025
5421588692928858752,200.0,current_1e-9,0.0,0.9452364131381621,0.2765
6050388913137070848,200.0,current_1e-9,0.0,0.9229121301576645,0.955
4345060775182367232,200.0,current_1e-9,0.0,0.8789433629038724,0.403
992946106114748032,200.0,current_1e-9,0.0,1.976806386920993,0.5145
676792841901784192,200.0,current_1e-9,0.0,1.2219661689031676,0.8995
218953691837608960,200.0,current_1e-9,0.0,1.2307973508174401,0.8495
2482368024800833024,200.0,current_1e-9,0.0,1.5512974984803072,0.8615
4609966833215963392,200.0,current_1e-9,0.0,1.3720391536709857,0.1335
6844037812175117440,200.0,current_1e-9,0.0,0.982178180837737,0.93
6441225886185109632,200.0,current_1e-9,0.0,1.3970210910438037,0.796
1275271417631701504,200.0,current_1e-9,0.0,1.35053132558398,0.4375
6490173906174556416,200.0,current_1e-9,0.0,1.2427697044779589,0.505
5940429538445511808,200.0,current_1e-9,0.0,2.882367641112184,0.851
3793148372312611456,200.0,current_1e-9,0.0,1.521452236280961,0.371
3138662151736925568,200.0,current_1e-9,0.0,1.0715062031242346,0.2895
5976199159903812736,200.0,current_1e-9,0.0,0.7879595017697447,0.824
1504338722359357568,200.0,current_1e-9,0.0,1.3605524316588198,0.8885
1688451325954477184,200.0,current_1e-9,0.0,2.063132691318696,0.675
5889045855385067136,200.0,current_1e-9,0.0,0.983550802209179,0.3915
4081754605352170496,200.0,current_1e-9,0.004,1.779788864206339,0.963
2691146831736184576,200.0,current_1e-9,0.0,1.439716837005925,0.4135
334398010409366400,200.0,current_1e-9,0.0,1.1755762993107401,0.9025
1383626089525174016,200.0,current_1e-9,0.0,1.2655208347041815,0.6275
3702063519102244480,200.0,current_1e-9,0.0,2.2804521108303195,0.892
5423016683660491264,200.0,current_1e-9,0.0,1.065923058149804,0.2335
2804852929801600768,200.0,current_1e-9,0.0005,3.3082476143981343,0.8415
3114023912926376448,200.0,current_1e-9,0.0,1.028817046824557,0.9035
5524591457617244928,200.0,current_1e-9,0.0,1.2414456384223427,0.274
4060366016201160320,200.0,current_1e-9,0.0,0.10082033406140846,0.5395
6694638847956909696,200.0,current_1e-9,0.0,1.00549420005678,0.875
3039556915253606144,200.0,current_1e-9,0.0,2.01614077433184,0.8145
6237927045205600000,200.0,current_1e-9,0.0,0.795706923355735,0.851
1878241773237645184,200.0,current_1e-9,0.0,1.3343510519112443,0.541
4288946748293342080,200.0,current_1e-9,0.0755,4.559594255594566,0.9485
2337648311488015360,200.0,current_1e-9,0.0,1.819712898358667,0.5915
4395214100433309184,200.0,current_1e-9,0.002,2.225838655211804,0.9235
2796277112767076864,200.0,current_1e-9,0.0,0.6392274618612535,0.5845
6016504747910034432,200.0,current_1e-9,0.0,1.0120434728333043,0.0435
5166280100090122880,200.0,current_1e-9,0.0,2.0789455844138165,0.8885
1130573557111974912,200.0,current_1e-9,0.0,2.1466306701568567,0.8365
164738354017665664,200.0,current_1e-9,0.0,0.24045154531356383,0.1375
1761771910959772032,200.0,current_1e-9,0.0,1.3956639630192456,0.2995
1329848490477856768,200.0,current_1e-9,0.1025,5.057911194160513,0.9505
3311535375672171776,200.0,current_1e-9,0.0,1.9675236340247584,0.879
6112272348126668800,200.0,current_1e-9,0.0,1.6981580365979607,0.6915
6755038496304470144,200.0,current_1e-9,0.0,1.4787511086517884,0.65
4283053988756001920,200.0,current_1e-9,0.0,1.2037060512853268,0.805
2599647119044490496,200.0,current_1e-9,0.0,1.5344697313549631,0.579
490441735713670528,200.0,current_1e-9,0.0,1.1804399572542936,0.8245
4934043968492272896,200.0,current_1e-9,0.0,1.220396811996827,0.9325
2621100450623361280,200.0,current_1e-9,0.03,3.422670152548302,0.9545
1851315420672845056,200.0,current_1e-9,0.0,1.7816844491119688,0.569
5541455315986463104,200.0,current_1e-9,0.0,0.9779396611852716,0.318
5976098417137532800,200.0,current_1e-9,0.0,1.1544500716477377,0.6955
28898090451449472,200.0,current_1e-9,0.0,1.1216623766008955,0.4575
6592347918267168128,200.0,current_1e-9,0.0,1.8310682486892056,0.7595
5887064359268864256,200.0,current_1e-9,0.0,0.44145359266532663,0.767
6518913495153329920,200.0,current_1e-9,0.0,0.9576533526794241,0.222
4600878063941953280,200.0,current_1e-9,0.0,1.4605402651216133,0.186
992845122843798016,200.0,current_1e-9,0.0,1.516403972581399,0.6395
3664521351702250752,200.0,current_1e-9,0.005,2.850155469818739,0.9
3711953493050429568,200.0,current_1e-9,0.0,1.8495003628661202,0.4775
5473228871432372992,200.0,current_1e-9,0.0,1.5068107086872573,0.317
6752384069075512320,200.0,current_1e-9,0.0,1.1825605635252328,0.4685
4115513220094402048,200.0,current_1e-9,0.0,0.8054065750038336,0.2265
4602130957441446400,200.0,current_1e-9,0.0,1.1242155997398313,0.1995
377546664910219776,200.0,current_1e-9,0.0,2.636757294717001,0.793
4364333977066797056,200.0,current_1e-9,0.0,0.5366590721607363,0.0495
5768315046181771904,200.0,current_1e-9,0.0,1.0436843010848138,0.7035
123580919370477952,200.0,current_1e-9,0.0,1.1235194493649392,0.396
4366334126156046976,200.0,current_1e-9,0.0,0.805399601938381,0.815
4901782819863332608,200.0,current_1e-9,0.006,2.3541068838033525,0.9555
2151838817854979456,200.0,current_1e-9,0.0,0.9535823931444776,0.063
1343460895402697600,200.0,current_1e-9,0.001,1.5180253011935165,0.957
6136053959995638016,200.0,current_1e-9,0.0,1.1626800892357683,0.4225
2221263218985851520,200.0,current_1e-9,0.0055,1.8612690968256178,0.9895
4162186251740404608,200.0,current_1e-9,0.001,1.466585706249197,0.976
1678399143976755584,200.0,current_1e-9,0.0,2.3586727238264626,0.76
2704125913666895104,200.0,current_1e-9,0.0,1.0515406652453285,0.3275
5000393997669149952,200.0,current_1e-9,0.0,1.8120315356809003,0.6685
2491206105423269504,200.0,current_1e-9,0.0,2.7095621201063294,0.8415
6274538269849968512,200.0,current_1e-9,0.0,1.0253348123231731,0.833
707365862223681408,200.0,current_1e-9,0.0,1.133270031302763,0.716
4735086373076351744,200.0,current_1e-9,0.005,2.207241320268278,0.9315
2799316059826451328,200.0,current_1e-9,0.0,1.735793063489582,0.7475
1875970079134757760,200.0,current_1e-9,0.0,1.208169778234805,0.6105
1783649894544856960,200.0,current_1e-9,0.0,1.2634475488540902,0.3685
2554116930949289856,200.0,current_1e-9,0.0,1.80689370650534,0.4205
2753295523906432384,200.0,current_1e-9,0.0,1.0607691349909083,0.505
886990809110955008,200.0,current_1e-9,0.0005,1.3379750082315442,0.942
919018036639891968,200.0,current_1e-9,0.0,2.228025698666308,0.79
2833555985786735232,200.0,current_1e-9,0.0,1.4921674841450616,0.936
3023472056569280512,200.0,current_1e-9,0.0,1.1780879556195982,0.851
868768602903736832,200.0,current_1e-9,0.0,1.2892289895729008,0.644
5178460008866279808,200.0,current_1e-9,0.0,1.523198838260135,0.584
3004697238395042176,200.0,current_1e-9,0.0035,1.7986665151870316,0.958
2346247935526578688,200.0,current_1e-9,0.0,1.0848139788741695,0.9175
1933622971340170496,200.0,current_1e-9,0.0,1.2353835908126216,0.3535
1014188567684692224,200.0,current_1e-9,0.0,1.2504656799330756,0.705
5466445022127902976,200.0,current_1e-9,0.0,1.3548712311912108,0.742
6681692893110527232,200.0,current_1e-9,0.0,1.511716575832166,0.5625
5185560414440293632,200.0,current_1e-9,0.0,2.690459522616026,0.8205
5800349145690204288,200.0,current_1e-9,0.0,1.1279774851327773,0.7675
4105409399796978944,200.0,current_1e-9,0.0,0.8586524267451537,0.27
4708692944344873216,200.0,current_1e-9,0.0,1.0707407416871417,0.439
2027994226190382848,200.0,current_1e-9,0.0,1.1358631676241893,0.379
2511654375999952640,200.0,current_1e-9,0.0,1.4633017392185357,0.4335
5493261389176885632,200.0,current_1e-9,0.0,1.6404362688365066,0.598
2240388880151078528,200.0,current_1e-9,0.0,0.916816120509984,0.9015
5658455555185799040,200.0,current_1e-9,0.0,0.9581582708386963,0.6585
5052502602489649664,200.0,current_1e-9,0.0,2.488820185711192,0.8405
1979258613779627520,200.0,current_1e-9,0.0,1.1864102876809026,0.817
446639254048922112,200.0,current_1e-9,0.0,0.8783669390948482,0.524
5601915746720479104,200.0,current_1e-9,0.0,1.446552351697631,0.6375
4776963682897871616,200.0,current_1e-9,0.006,3.121004286002056,0.923
3280686721529098368,200.0,current_1e-9,0.0,1.0336070098449905,0.6635
1285339370727734400,200.0,current_1e-9,0.0,1.7714150492169938,0.4765
5511484179500121088,200.0,current_1e-9,0.0,1.4146242635464779,0.3955
519978157091449088,200.0,current_1e-9,0.0,0.7859112818382971,0.1755
3855789469596668544,200.0,current_1e-9,0.0,0.8421637359200947,0.0225
572054498112591744,200.0,current_1e-9,0.0,0.904758860912423,0.1655
357842591908022912,200.0,current_1e-9,0.0,0.9530892421454962,0.2005
5927844322167316352,200.0,current_1e-9,0.0,0.857137346224336,0.036
2281306105868025600,200.0,current_1e-9,0.0,1.7672842371239907,0.4905
6342743866636102528,200.0,current_1e-9,0.0,0.9294132123633354,0.3335
1690963263347609088,200.0,current_1e-9,0.0,1.518644970262228,0.695
1230823728796492672,200.0,current_1e-9,0.0,1.396417369503783,0.506
6411524297547089024,200.0,current_1e-9,0.0,1.0184462320011187,0.788
2935813011016890752,200.0,current_1e-9,0.0,1.2042965389977094,0.3045
1510354597152530176,200.0,current_1e-9,0.0,1.6270877918205142,0.751
263711679169833728,200.0,current_1e-9,0.0,0.8299604894285335,0.882
2203996935067479424,200.0,current_1e-9,0.0,2.5548040482048626,0.722
4637390027600793344,200.0,current_1e-9,0.0,1.2082115879361712,0.769
3326809997366173568,200.0,current_1e-9,0.0,1.5073890747019911,0.752
359891153870510208,200.0,current_1e-9,0.0055,2.024740368716692,0.9585
3194157939562713472,200.0,current_1e-9,0.0,1.3403372845115595,0.7385
5654914887224650240,200.0,current_1e-9,0.0,1.2927329101133695,0.814
132596261882440320,200.0,current_1e-9,0.0,1.322832248230923,0.6125
4262558915898078720,200.0,current_1e-9,0.0,0.9898290462868913,0.856
6149021149160162176,200.0,current_1e-9,0.0,0.939606811340766,0.253
2811411825899219200,200.0,current_1e-9,0.0025,1.6614098383503495,0.972
1900800964403932800,200.0,current_1e-9,0.0,0.9620243183347871,0.2775
6009934130839583488,200.0,current_1e-9,0.0,0.6251995774581863,0.857
6872322302128569344,200.0,current_1e-9,0.0,1.0530596012339906,0.6915
4548634356637185792,200.0,current_1e-9,0.0,1.6557233212163127,0.818
6527091903161249152,200.0,current_1e-9,0.0,1.0943389448847327,0.3415
2639759162947729408,200.0,current_1e-9,0.0,1.067415101918031,0.0695
4100927786033595648,200.0,current_1e-9,0.0,0.7430843402280763,0.8935
5371882654157606912,200.0,current_1e-9,0.0015,2.242912830695652,0.916
6775009922429158272,200.0,current_1e-9,0.0,0.9219403217981622,0.8625
665668979685323648,200.0,current_1e-9,0.0,1.5231951137716255,0.9435
1832230956847006592,200.0,current_1e-9,0.0365,4.260308602975618,0.9035
6284599664533612544,200.0,current_1e-9,0.0,1.6107568755760977,0.8205
4641784775576833536,200.0,current_1e-9,0.0,2.245575830151575,0.8015
4268847611328000256,200.0,current_1e-9,0.2655,7.2105179087419415,0.995
4278176623883730176,200.0,current_1e-9,0.0,0.7279017489024452,0.082
3267929947104804096,200.0,nearterm_1e-10,0.0,0.9644276308714214,0.3025
5642877846246495360,200.0,nearterm_1e-10,0.0,0.9211292416433384,0.06
6603465041679231872,200.0,nearterm_1e-10,0.0145,3.3630046010177885,0.9305
2046526391572691328,200.0,nearterm_1e-10,0.0,1.4770388249955675,0.7105
1016789806037687424,200.0,nearterm_1e-10,0.0045,3.14670060646906,0.908
5679711000438989312,200.0,nearterm_1e-10,0.0,0.4644999825626825,0.5745
2995683893041962368,200.0,nearterm_1e-10,0.0,1.415493165961678,0.5535
5953737099445742848,200.0,nearterm_1e-10,0.0,1.058382853022798,0.7395
4615401513032729088,200.0,nearterm_1e-10,0.0,1.378196966351888,0.53
3004510772390701696,200.0,nearterm_1e-10,0.0,1.7636022669363118,0.5975
4069792782145982080,200.0,nearterm_1e-10,0.0,2.1150601109090412,0.7835
5814108395520777856,200.0,nearterm_1e-10,0.0,1.946465220592114,0.6995
5962272505153840896,200.0,nearterm_1e-10,0.001,2.695778509449047,0.8785
2149291627370030336,200.0,nearterm_1e-10,0.0,0.8907906897317246,0.2355
1323478680316848256,200.0,nearterm_1e-10,0.0,1.469293486011842,0.882
5260504054704228736,200.0,nearterm_1e-10,0.0,2.743986893238722,0.853
5841541455445538432,200.0,nearterm_1e-10,0.0,1.1710144029221712,0.796
3867940039451965952,200.0,nearterm_1e-10,0.0,2.2074930227802905,0.682
87878642944408960,200.0,nearterm_1e-10,0.0,1.2420758811736494,0.411
3151482384299373696,200.0,nearterm_1e-10,0.0155,3.704079048552945,0.9235
6181044017297795968,200.0,nearterm_1e-10,0.106,5.469804784706118,0.929
803645216387486720,200.0,nearterm_1e-10,0.0,3.373855637263852,0.804
5914174364643486592,200.0,nearterm_1e-10,0.0,1.8553464379918436,0.892
4797122403959920768,200.0,nearterm_1e-10,0.0,2.4828191156019757,0.8125
2575048093288905088,200.0,nearterm_1e-10,0.0,2.359592037747288,0.733
4229058961259584256,200.0,nearterm_1e-10,0.0255,3.809663272987813,0.9295
4561522831932945920,200.0,nearterm_1e-10,0.0,2.912227907291677,0.8635
2208326773198648320,200.0,nearterm_1e-10,0.001,2.7912852451348797,0.8975
6094128791359632256,200.0,nearterm_1e-10,0.0,2.4208772412590895,0.8835
2769623267282593152,200.0,nearterm_1e-10,0.0005,2.1316853144407593,0.9055
5660807578058341120,200.0,nearterm_1e-10,0.0,1.7955823975828291,0.6675
296496818102428544,200.0,nearterm_1e-10,0.0,2.3213145963856454,0.793
158752853233960704,200.0,nearterm_1e-10,0.0,0.7021069196564327,0.4335
2259514678757235200,200.0,nearterm_1e-10,0.0,1.1323903587061697,0.361
4227855172121285760,200.0,nearterm_1e-10,0.0,2.1993273894535634,0.7565
2196000977264781056,200.0,nearterm_1e-10,0.0,1.783974152206798,0.552
1422765267499632640,200.0,nearterm_1e-10,0.0,1.7190393509171458,0.701
5351303408563334912,200.0,nearterm_1e-10,0.0,1.628804752659918,0.9155
1364263517961035648,200.0,nearterm_1e-10,0.0,1.3430797700771264,0.444
5274946414813497344,200.0,nearterm_1e-10,0.0,1.9620234915695076,0.5845
3180960123537829760,200.0,nearterm_1e-10,0.0,2.6423395907859772,0.8825
2757278951454094208,200.0,nearterm_1e-10,0.0,1.2984333154190113,0.4535
2703346703520007168,200.0,nearterm_1e-10,0.0,1.2528689762901486,0.4575
4002529127504102656,200.0,nearterm_1e-10,0.0145,3.8693295510375676,0.9025
5421588692928858752,200.0,nearterm_1e-10,0.0,1.019080046676776,0.2765
6050388913137070848,200.0,nearterm_1e-10,0.0,1.1720123382220378,0.955
4345060775182367232,200.0,nearterm_1e-10,0.0,0.9552302389776773,0.403
992946106114748032,200.0,nearterm_1e-10,0.0,2.145388800205339,0.5145
676792841901784192,200.0,nearterm_1e-10,0.0,1.8921670418931444,0.8995
218953691837608960,200.0,nearterm_1e-10,0.0,1.6400104707406944,0.8495
2482368024800833024,200.0,nearterm_1e-10,0.0,2.204649779493028,0.8615
4609966833215963392,200.0,nearterm_1e-10,0.0,1.4475684957905242,0.1335
6844037812175117440,200.0,nearterm_1e-10,0.0,1.7674319000735332,0.93
6441225886185109632,200.0,nearterm_1e-10,0.0,1.8621530041152454,0.796
1275271417631701504,200.0,nearterm_1e-10,0.0,1.510492936842404,0.4375
6490173906174556416,200.0,nearterm_1e-10,0.0,1.444575830750684,0.505
5940429538445511808,200.0,nearterm_1e-10,0.0035,3.649128581677864,0.851
3793148372312611456,200.0,nearterm_1e-10,0.0,1.6632823298393513,0.371
3138662151736925568,200.0,nearterm_1e-10,0.0,1.1537916560835968,0.2895
5976199159903812736,200.0,nearterm_1e-10,0.0,0.9751890882656143,0.824
1504338722359357568,200.0,nearterm_1e-10,0.0,2.055409462921265,0.8885
1688451325954477184,200.0,nearterm_1e-10,0.0,2.4876110849966517,0.675
5889045855385067136,200.0,nearterm_1e-10,0.0,1.0559326931705677,0.3915
4081754605352170496,200.0,nearterm_1e-10,0.024,3.548301865393027,0.963
2691146831736184576,200.0,nearterm_1e-10,0.0,1.5692812599572998,0.4135
334398010409366400,200.0,nearterm_1e-10,0.0,1.8185040028660902,0.9025
1383626089525174016,200.0,nearterm_1e-10,0.0,1.5424934165630897,0.6275
3702063519102244480,200.0,nearterm_1e-10,0.0045,3.337454934562839,0.892
5423016683660491264,200.0,nearterm_1e-10,0.0,1.15471180201948,0.2335
2804852929801600768,200.0,nearterm_1e-10,0.0035,3.913620439973816,0.8415
3114023912926376448,200.0,nearterm_1e-10,0.0,1.638134036381227,0.9035
5524591457617244928,200.0,nearterm_1e-10,0.0,1.3425229137771517,0.274
4060366016201160320,200.0,nearterm_1e-10,0.0,0.10174137664639274,0.5395
6694638847956909696,200.0,nearterm_1e-10,0.0,1.4530819470120198,0.875
3039556915253606144,200.0,nearterm_1e-10,0.0,2.600539153969543,0.8145
6237927045205600000,200.0,nearterm_1e-10,0.0,0.9596950348414757,0.851
1878241773237645184,200.0,nearterm_1e-10,0.0,1.4921261380937854,0.541
4288946748293342080,200.0,nearterm_1e-10,0.231,6.926041907863435,0.9485
2337648311488015360,200.0,nearterm_1e-10,0.0,2.1134423764909798,0.5915
4395214100433309184,200.0,nearterm_1e-10,0.009,3.1976209330837118,0.9235
2796277112767076864,200.0,nearterm_1e-10,0.0,0.6712875122389368,0.5845
6016504747910034432,200.0,nearterm_1e-10,0.0,1.0501408300531074,0.0435
5166280100090122880,200.0,nearterm_1e-10,0.002,3.0602761476148443,0.8885
1130573557111974912,200.0,nearterm_1e-10,0.0,2.828354610515695,0.8365
164738354017665664,200.0,nearterm_1e-10,0.0,0.24375478678804882,0.1375
1761771910959772032,200.0,nearterm_1e-10,0.0,1.4905552287429071,0.2995
1329848490477856768,200.0,nearterm_1e-10,0.2395,7.132138392870448,0.9505
3311535375672171776,200.0,nearterm_1e-10,0.0005,2.5385300443008862,0.879
6112272348126668800,200.0,nearterm_1e-10,0.0,2.0405807344535916,0.6915
6755038496304470144,200.0,nearterm_1e-10,0.0,1.767461806808952,0.65
4283053988756001920,200.0,nearterm_1e-10,0.0,1.579913256996059,0.805
2599647119044490496,200.0,nearterm_1e-10,0.0,1.7620670117598416,0.579
490441735713670528,200.0,nearterm_1e-10,0.0,1.604263056269586,0.8245
4934043968492272896,200.0,nearterm_1e-10,0.001,2.1554295504199783,0.9325
2621100450623361280,200.0,nearterm_1e-10,0.165,5.935622042323402,0.9545
1851315420672845056,200.0,nearterm_1e-10,0.0,1.979276533680946,0.569
5541455315986463104,200.0,nearterm_1e-10,0.0,1.0434841822340941,0.318
5976098417137532800,200.0,nearterm_1e-10,0.0,1.326495055928358,0.6955
28898090451449472,200.0,nearterm_1e-10,0.0,1.2293314285226262,0.4575
6592347918267168128,200.0,nearterm_1e-10,0.0,2.2842014960107893,0.7595
5887064359268864256,200.0,nearterm_1e-10,0.0,0.46505475606664437,0.767
6518913495153329920,200.0,nearterm_1e-10,0.0,1.0201842721481587,0.222
4600878063941953280,200.0,nearterm_1e-10,0.0,1.5621580968524678,0.186
992845122843798016,200.0,nearterm_1e-10,0.0,1.7122284743527352,0.6395
3664521351702250752,200.0,nearterm_1e-10,0.0255,4.047714818080906,0.9
3711953493050429568,200.0,nearterm_1e-10,0.0,2.015044197353922,0.4775
5473228871432372992,200.0,nearterm_1e-10,0.0,1.628602426317605,0.317
6752384069075512320,200.0,nearterm_1e-10,0.0,1.3462666628574689,0.4685
4115513220094402048,200.0,nearterm_1e-10,0.0,0.8480064067276819,0.2265
4602130957441446400,200.0,nearterm_1e-10,0.0,1.2101377435784406,0.1995
377546664910219776,200.0,nearterm_1e-10,0.0,3.055241422396678,0.793
4364333977066797056,200.0,nearterm_1e-10,0.0,0.5492769037025953,0.0495
5768315046181771904,200.0,nearterm_1e-10,0.0,1.256777879338389,0.7035
123580919370477952,200.0,nearterm_1e-10,0.0,1.2083903188179843,0.396
4366334126156046976,200.0,nearterm_1e-10,0.0,0.9505447591628409,0.815
4901782819863332608,200.0,nearterm_1e-10,0.0595,4.28085111432406,0.9555
2151838817854979456,200.0,nearterm_1e-10,0.0,0.996296122677019,0.063
1343460895402697600,200.0,nearterm_1e-10,0.0075,2.975646787083845,0.957
6136053959995638016,200.0,nearterm_1e-10,0.0,1.2706012834425078,0.4225
2221263218985851520,200.0,nearterm_1e-10,0.225,6.481632117947755,0.9895
4162186251740404608,200.0,nearterm_1e-10,0.0185,3.2557899972333946,0.976
1678399143976755584,200.0,nearterm_1e-10,0.0,2.816988866971582,0.76
2704125913666895104,200.0,nearterm_1e-10,0.0,1.127073247414851,0.3275
5000393997669149952,200.0,nearterm_1e-10,0.0,2.136199708392911,0.6685
2491206105423269504,200.0,nearterm_1e-10,0.0,3.2510758491039913,0.8415
6274538269849968512,200.0,nearterm_1e-10,0.0,1.3719671044791193,0.833
707365862223681408,200.0,nearterm_1e-10,0.0,1.3223968046127421,0.716
4735086373076351744,200.0,nearterm_1e-10,0.0215,3.772503540892939,0.9315
2799316059826451328,200.0,nearterm_1e-10,0.0,2.141852948295882,0.7475
1875970079134757760,200.0,nearterm_1e-10,0.0,1.453982309171983,0.6105
1783649894544856960,200.0,nearterm_1e-10,0.0,1.3760733564156535,0.3685
2554116930949289856,200.0,nearterm_1e-10,0.0,1.9573816940041704,0.4205
2753295523906432384,200.0,nearterm_1e-10,0.0,1.2161463259517673,0.505
886990809110955008,200.0,nearterm_1e-10,0.0045,2.487144584937876,0.942
919018036639891968,200.0,nearterm_1e-10,0.0,2.7903540877856896,0.79
2833555985786735232,200.0,nearterm_1e-10,0.004,2.6143220995784904,0.936
3023472056569280512,200.0,nearterm_1e-10,0.0,1.6477928830068318,0.851
868768602903736832,200.0,nearterm_1e-10,0.0,1.5645058457590313,0.644
5178460008866279808,200.0,nearterm_1e-10,0.0,1.7217297699972978,0.584
3004697238395042176,200.0,nearterm_1e-10,0.0215,3.637042037378931,0.958
2346247935526578688,200.0,nearterm_1e-10,0.0,1.5805082758287627,0.9175
1933622971340170496,200.0,nearterm_1e-10,0.0,1.3332353282172689,0.3535
1014188567684692224,200.0,nearterm_1e-10,0.0,1.5651869480341003,0.705
5466445022127902976,200.0,nearterm_1e-10,0.0,1.584945146110092,0.742
6681692893110527232,200.0,nearterm_1e-10,0.0,1.7186860137492705,0.5625
5185560414440293632,200.0,nearterm_1e-10,0.0,3.2178935975841627,0.8205
5800349145690204288,200.0,nearterm_1e-10,0.0,1.3675817513741721,0.7675
4105409399796978944,200.0,nearterm_1e-10,0.0,0.9046065205986015,0.27
4708692944344873216,200.0,nearterm_1e-10,0.0,1.1562892333881492,0.439
2027994226190382848,200.0,nearterm_1e-10,0.0,1.269656324428623,0.379
2511654375999952640,200.0,nearterm_1e-10,0.0,1.6055890471574246,0.4335
5493261389176885632,200.0,nearterm_1e-10,0.0,1.8385641996416393,0.598
2240388880151078528,200.0,nearterm_1e-10,0.0,1.4003310013816859,0.9015
5658455555185799040,200.0,nearterm_1e-10,0.0,1.1265883412147104,0.6585
5052502602489649664,200.0,nearterm_1e-10,0.0,3.10944417300809,0.8405
1979258613779627520,200.0,nearterm_1e-10,0.0,1.5949597465035656,0.817
446639254048922112,200.0,nearterm_1e-10,0.0,0.9514132057289262,0.524
5601915746720479104,200.0,nearterm_1e-10,0.0,1.6977794960647263,0.6375
4776963682897871616,200.0,nearterm_1e-10,0.0265,4.050408197113904,0.923
3280686721529098368,200.0,nearterm_1e-10,0.0,1.2134385407172494,0.6635
1285339370727734400,200.0,nearterm_1e-10,0.0,1.90174432436064,0.4765
5511484179500121088,200.0,nearterm_1e-10,0.0,1.5238196070007042,0.3955
519978157091449088,200.0,nearterm_1e-10,0.0,0.8323101556245369,0.1755
3855789469596668544,200.0,nearterm_1e-10,0.0,0.8750659258703944,0.0225
572054498112591744,200.0,nearterm_1e-10,0.0,0.9619911581075516,0.1655
357842591908022912,200.0,nearterm_1e-10,0.0,1.0119265377287388,0.2005
5927844322167316352,200.0,nearterm_1e-10,0.0,0.8888417083779784,0.036
2281306105868025600,200.0,nearterm_1e-10,0.0,1.9316505864821076,0.4905
6342743866636102528,200.0,nearterm_1e-10,0.0,1.0150179473742456,0.3335
1690963263347609088,200.0,nearterm_1e-10,0.0,1.8538550021588722,0.695
1230823728796492672,200.0,nearterm_1e-10,0.0,1.6167832085623692,0.506
6411524297547089024,200.0,nearterm_1e-10,0.0,1.336012349021682,0.788
2935813011016890752,200.0,nearterm_1e-10,0.0,1.311937374467184,0.3045
1510354597152530176,200.0,nearterm_1e-10,0.0,1.960411064516171,0.751
263711679169833728,200.0,nearterm_1e-10,0.0,1.1914593581454007,0.882
2203996935067479424,200.0,nearterm_1e-10,0.0,2.8303294674266564,0.722
4637390027600793344,200.0,nearterm_1e-10,0.0,1.5476126193281843,0.769
3326809997366173568,200.0,nearterm_1e-10,0.0,1.910122215361368,0.752
359891153870510208,200.0,nearterm_1e-10,0.051,4.086489042002615,0.9585
3194157939562713472,200.0,nearterm_1e-10,0.0,1.6606118523021294,0.7385
5654914887224650240,200.0,nearterm_1e-10,0.0,1.5654816611793876,0.814
132596261882440320,200.0,nearterm_1e-10,0.0,1.556299976880682,0.6125
4262558915898078720,200.0,nearterm_1e-10,0.0,1.3556344418726143,0.856
6149021149160162176,200.0,nearterm_1e-10,0.0,1.0165686418320903,0.253
2811411825899219200,200.0,nearterm_1e-10,0.048,4.144660075171815,0.972
1900800964403932800,200.0,nearterm_1e-10,0.0,1.0398906646180968,0.2775
6009934130839583488,200.0,nearterm_1e-10,0.0,0.769006361751118,0.857
6872322302128569344,200.0,nearterm_1e-10,0.0,1.2230549360176908,0.6915
4548634356637185792,200.0,nearterm_1e-10,0.0,2.2023731733638594,0.818
6527091903161249152,200.0,nearterm_1e-10,0.0,1.1967671269633977,0.3415
2639759162947729408,200.0,nearterm_1e-10,0.0,1.1178249909939506,0.0695
4100927786033595648,200.0,nearterm_1e-10,0.0,1.0341428946682363,0.8935
5371882654157606912,200.0,nearterm_1e-10,0.011,3.455347512808031,0.916
6775009922429158272,200.0,nearterm_1e-10,0.0,1.3158126941016333,0.8625
665668979685323648,200.0,nearterm_1e-10,0.0035,2.799767808075462,0.9435
1832230956847006592,200.0,nearterm_1e-10,0.074,5.269024994148414,0.9035
6284599664533612544,200.0,nearterm_1e-10,0.0,2.0923419608644647,0.8205
4641784775576833536,200.0,nearterm_1e-10,0.0,2.7858180210078656,0.8015
4268847611328000256,200.0,nearterm_1e-10,0.7485,22.586252398690828,0.995
4278176623883730176,200.0,nearterm_1e-10,0.0,0.7576687065963913,0.082
3267929947104804096,200.0,goal_1e-11,0.0,0.9710917003644154,0.3025
5642877846246495360,200.0,goal_1e-11,0.0,0.9253498402550758,0.06
6603465041679231872,200.0,goal_1e-11,0.017,3.5440560452298953,0.9305
2046526391572691328,200.0,goal_1e-11,0.0,1.5092506605505709,0.7105
1016789806037687424,200.0,goal_1e-11,0.0045,3.278459416389496,0.908
5679711000438989312,200.0,goal_1e-11,0.0,0.4671824298030449,0.5745
2995683893041962368,200.0,goal_1e-11,0.0,1.4371559306302284,0.5535
5953737099445742848,200.0,goal_1e-11,0.0,1.0768732757306998,0.7395
4615401513032729088,200.0,goal_1e-11,0.0,1.390980263744652,0.53
3004510772390701696,200.0,goal_1e-11,0.0,1.7912223478299316,0.5975
4069792782145982080,200.0,goal_1e-11,0.0,2.149406482472914,0.7835
5814108395520777856,200.0,goal_1e-11,0.0,1.9836951826821319,0.6995
5962272505153840896,200.0,goal_1e-11,0.001,2.7930957090723685,0.8785
2149291627370030336,200.0,goal_1e-11,0.0,0.8960391792561221,0.2355
1323478680316848256,200.0,goal_1e-11,0.0,1.528967790810468,0.882
5260504054704228736,200.0,goal_1e-11,0.0,2.815155592257761,0.853
5841541455445538432,200.0,goal_1e-11,0.0,1.196472038080756,0.796
3867940039451965952,200.0,goal_1e-11,0.0,2.2435819651970017,0.682
87878642944408960,200.0,goal_1e-11,0.0,1.2529114572230091,0.411
3151482384299373696,200.0,goal_1e-11,0.0185,3.887075247492339,0.9235
6181044017297795968,200.0,goal_1e-11,0.1165,5.704516470949067,0.929
803645216387486720,200.0,goal_1e-11,0.0,3.450572344819513,0.804
5914174364643486592,200.0,goal_1e-11,0.0,1.9231876938121084,0.892
4797122403959920768,200.0,goal_1e-11,0.0,2.5423328021775116,0.8125
2575048093288905088,200.0,goal_1e-11,0.0,2.3932769535146274,0.733
4229058961259584256,200.0,goal_1e-11,0.03,4.006828570428432,0.9295
4561522831932945920,200.0,goal_1e-11,0.0,3.0023727898104853,0.8635
2208326773198648320,200.0,goal_1e-11,0.0025,2.904028047976336,0.8975
6094128791359632256,200.0,goal_1e-11,0.0,2.490964350479203,0.8835
2769623267282593152,200.0,goal_1e-11,0.001,2.235358837160574,0.9055
5660807578058341120,200.0,goal_1e-11,0.0,1.8291064355619855,0.6675
296496818102428544,200.0,goal_1e-11,0.0,2.3861996140223254,0.793
158752853233960704,200.0,goal_1e-11,0.0,0.7050539086040578,0.4335
2259514678757235200,200.0,goal_1e-11,0.0,1.1433739764330326,0.361
4227855172121285760,200.0,goal_1e-11,0.0,2.234310947620863,0.7565
2196000977264781056,200.0,goal_1e-11,0.0,1.809807208486407,0.552
1422765267499632640,200.0,goal_1e-11,0.0,1.7566718550066196,0.701
5351303408563334912,200.0,goal_1e-11,0.0,1.6529898170355277,0.9155
1364263517961035648,200.0,goal_1e-11,0.0,1.356912438946804,0.444
5274946414813497344,200.0,goal_1e-11,0.0,1.9795099529253166,0.5845
3180960123537829760,200.0,goal_1e-11,0.0,2.735844486667287,0.8825
2757278951454094208,200.0,goal_1e-11,0.0,1.3093657640058622,0.4535
2703346703520007168,200.0,goal_1e-11,0.0,1.2690483582110699,0.4575
4002529127504102656,200.0,goal_1e-11,0.0165,4.02807742450282,0.9025
5421588692928858752,200.0,goal_1e-11,0.0,1.0269685262732182,0.2765
6050388913137070848,200.0,goal_1e-11,0.0,1.2004239357474342,0.955
4345060775182367232,200.0,goal_1e-11,0.0,0.963419897465034,0.403
992946106114748032,200.0,goal_1e-11,0.0,2.163476337229646,0.5145
676792841901784192,200.0,goal_1e-11,0.0,1.976412689306072,0.8995
218953691837608960,200.0,goal_1e-11,0.0,1.6883429893070543,0.8495
2482368024800833024,200.0,goal_1e-11,0.0,2.2849948706536862,0.8615
4609966833215963392,200.0,goal_1e-11,0.0,1.455511092473746,0.1335
6844037812175117440,200.0,goal_1e-11,0.0,1.8728535079988708,0.93
6441225886185109632,200.0,goal_1e-11,0.0,1.917346224253231,0.796
1275271417631701504,200.0,goal_1e-11,0.0,1.527992190103415,0.4375
6490173906174556416,200.0,goal_1e-11,0.0,1.4671106236717688,0.505
5940429538445511808,200.0,goal_1e-11,0.004,3.737619909581993,0.851
3793148372312611456,200.0,goal_1e-11,0.0,1.678576193544318,0.371
3138662151736925568,200.0,goal_1e-11,0.0,1.1625860022819492,0.2895
5976199159903812736,200.0,goal_1e-11,0.0,0.9962127375185429,0.824
1504338722359357568,200.0,goal_1e-11,0.0,2.1428741206082704,0.8885
1688451325954477184,200.0,goal_1e-11,0.0,2.5358782315190584,0.675
5889045855385067136,200.0,goal_1e-11,0.0,1.0636434030349937,0.3915
4081754605352170496,200.0,goal_1e-11,0.0295,3.81762137033084,0.963
2691146831736184576,200.0,goal_1e-11,0.0,1.5832348423899663,0.4135
334398010409366400,200.0,goal_1e-11,0.0,1.8993375564505464,0.9025
1383626089525174016,200.0,goal_1e-11,0.0,1.574000151413176,0.6275
3702063519102244480,200.0,goal_1e-11,0.006,3.4698005390699516,0.892
5423016683660491264,200.0,goal_1e-11,0.0,1.1642317957310584,0.2335
2804852929801600768,200.0,goal_1e-11,0.0035,3.981136906172881,0.8415
3114023912926376448,200.0,goal_1e-11,0.0,1.714523254279892,0.9035
5524591457617244928,200.0,goal_1e-11,0.0,1.353349260480957,0.274
4060366016201160320,200.0,goal_1e-11,0.0,0.10183431991374113,0.5395
6694638847956909696,200.0,goal_1e-11,0.0,1.50665177908843,0.875
3039556915253606144,200.0,goal_1e-11,0.0,2.6692179015463675,0.8145
6237927045205600000,200.0,goal_1e-11,0.0,0.9779444554551933,0.851
1878241773237645184,200.0,goal_1e-11,0.0,1.5094193158745721,0.541
4288946748293342080,200.0,goal_1e-11,0.257,7.210642662244716,0.9485
2337648311488015360,200.0,goal_1e-11,0.0,2.1463585763403326,0.5915
4395214100433309184,200.0,goal_1e-11,0.0095,3.318286938900593,0.9235
2796277112767076864,200.0,goal_1e-11,0.0,0.6746448571650598,0.5845
6016504747910034432,200.0,goal_1e-11,0.0,1.0540922300405604,0.0435
5166280100090122880,200.0,goal_1e-11,0.0025,3.1837075310953113,0.8885
1130573557111974912,200.0,goal_1e-11,0.0,2.9095140708702063,0.8365
164738354017665664,200.0,goal_1e-11,0.0,0.2440898908792874,0.1375
1761771910959772032,200.0,goal_1e-11,0.0,1.5006306004191687,0.2995
1329848490477856768,200.0,goal_1e-11,0.26,7.370508913951635,0.9505
3311535375672171776,200.0,goal_1e-11,0.0005,2.605749243214571,0.879
6112272348126668800,200.0,goal_1e-11,0.0,2.079581101114305,0.6915
6755038496304470144,200.0,goal_1e-11,0.0,1.8003035082527488,0.65
4283053988756001920,200.0,goal_1e-11,0.0,1.6240478450263187,0.805
2599647119044490496,200.0,goal_1e-11,0.0,1.7873716929619363,0.579
490441735713670528,200.0,goal_1e-11,0.0,1.6547681182431377,0.8245
4934043968492272896,200.0,goal_1e-11,0.0015,2.2827954230026215,0.9325
2621100450623361280,200.0,goal_1e-11,0.1825,6.273981622248508,0.9545
1851315420672845056,200.0,goal_1e-11,0.0,2.0008177751918885,0.569
5541455315986463104,200.0,goal_1e-11,0.0,1.0504444942086562,0.318
5976098417137532800,200.0,goal_1e-11,0.0,1.3455682979069985,0.6955
28898090451449472,200.0,goal_1e-11,0.0,1.2409677931556318,0.4575
6592347918267168128,200.0,goal_1e-11,0.0,2.3367834861986894,0.7595
5887064359268864256,200.0,goal_1e-11,0.0,0.467524821609021,0.767
6518913495153329920,200.0,goal_1e-11,0.0,1.0268097139768142,0.222
4600878063941953280,200.0,goal_1e-11,0.0,1.5729537549954111,0.186
992845122843798016,200.0,goal_1e-11,0.0,1.7338124922412874,0.6395
3664521351702250752,200.0,goal_1e-11,0.0295,4.19421080931828,0.9
3711953493050429568,200.0,goal_1e-11,0.0,2.0328429311099345,0.4775
5473228871432372992,200.0,goal_1e-11,0.0,1.6416414923799876,0.317
6752384069075512320,200.0,goal_1e-11,0.0,1.364319364642216,0.4685
4115513220094402048,200.0,goal_1e-11,0.0,0.8524772468262743,0.2265
4602130957441446400,200.0,goal_1e-11,0.0,1.2193133824664364,0.1995
377546664910219776,200.0,goal_1e-11,0.0,3.1016716305605914,0.793
4364333977066797056,200.0,goal_1e-11,0.0,0.5505695367387996,0.0495
5768315046181771904,200.0,goal_1e-11,0.0,1.2808047883405118,0.7035
123580919370477952,200.0,goal_1e-11,0.0,1.217445390682158,0.396
4366334126156046976,200.0,goal_1e-11,0.0,0.9666747479154653,0.815
4901782819863332608,200.0,goal_1e-11,0.0705,4.555679052829237,0.9555
2151838817854979456,200.0,goal_1e-11,0.0,1.0007540783478075,0.063
1343460895402697600,200.0,goal_1e-11,0.0125,3.1921401907467253,0.957
6136053959995638016,200.0,goal_1e-11,0.0,1.2822550220357691,0.4225
2221263218985851520,200.0,goal_1e-11,0.309,7.671595741673936,0.9895
4162186251740404608,200.0,goal_1e-11,0.026,3.544937668180163,0.976
1678399143976755584,200.0,goal_1e-11,0.0,2.868745129727236,0.76
2704125913666895104,200.0,goal_1e-11,0.0,1.1351149589307548,0.3275
5000393997669149952,200.0,goal_1e-11,0.0,2.1726820591591123,0.6685
2491206105423269504,200.0,goal_1e-11,0.0,3.3122414633654844,0.8415
6274538269849968512,200.0,goal_1e-11,0.0,1.4125509898982678,0.833
707365862223681408,200.0,goal_1e-11,0.0,1.3434834813861767,0.716
4735086373076351744,200.0,goal_1e-11,0.0265,3.9867760199208027,0.9315
2799316059826451328,200.0,goal_1e-11,0.0,2.188615380983694,0.7475
1875970079134757760,200.0,goal_1e-11,0.0,1.4817750683118207,0.6105
1783649894544856960,200.0,goal_1e-11,0.0,1.3882009826787403,0.3685
2554116930949289856,200.0,goal_1e-11,0.0,1.9734931723168598,0.4205
2753295523906432384,200.0,goal_1e-11,0.0,1.2333713195781923,0.505
886990809110955008,200.0,goal_1e-11,0.005,2.649818788697938,0.942
919018036639891968,200.0,goal_1e-11,0.0,2.855522234812126,0.79
2833555985786735232,200.0,goal_1e-11,0.005,2.768826750817723,0.936
3023472056569280512,200.0,goal_1e-11,0.0,1.704326375231811,0.851
868768602903736832,200.0,goal_1e-11,0.0,1.5959353855465452,0.644
5178460008866279808,200.0,goal_1e-11,0.0,1.7435850226258618,0.584
3004697238395042176,200.0,goal_1e-11,0.0305,3.9182999809263164,0.958
2346247935526578688,200.0,goal_1e-11,0.0,1.6407363856321378,0.9175
1933622971340170496,200.0,goal_1e-11,0.0,1.3437069519015685,0.3535
1014188567684692224,200.0,goal_1e-11,0.0,1.6014765086619422,0.705
5466445022127902976,200.0,goal_1e-11,0.0,1.610739104285823,0.742
6681692893110527232,200.0,goal_1e-11,0.0,1.7415990146317704,0.5625
5185560414440293632,200.0,goal_1e-11,0.0,3.2773408799152883,0.8205
5800349145690204288,200.0,goal_1e-11,0.0,1.394749429245895,0.7675
4105409399796978944,200.0,goal_1e-11,0.0,0.9094341826897425,0.27
4708692944344873216,200.0,goal_1e-11,0.0,1.1654425908985282,0.439
2027994226190382848,200.0,goal_1e-11,0.0,1.2843036966454755,0.379
2511654375999952640,200.0,goal_1e-11,0.0,1.620979379173058,0.4335
5493261389176885632,200.0,goal_1e-11,0.0,1.8602741046154165,0.598
2240388880151078528,200.0,goal_1e-11,0.0,1.4595355290321035,0.9015
5658455555185799040,200.0,goal_1e-11,0.0,1.1453569535677224,0.6585
5052502602489649664,200.0,goal_1e-11,0.0,3.180953731390323,0.8405
1979258613779627520,200.0,goal_1e-11,0.0,1.6431863576467949,0.817
446639254048922112,200.0,goal_1e-11,0.0,0.959233873220078,0.524
5601915746720479104,200.0,goal_1e-11,0.0,1.7259868195770587,0.6375
4776963682897871616,200.0,goal_1e-11,0.0295,4.158382077471062,0.923
3280686721529098368,200.0,goal_1e-11,0.0,1.2335241666444146,0.6635
1285339370727734400,200.0,goal_1e-11,0.0,1.9156139152366563,0.4765
5511484179500121088,200.0,goal_1e-11,0.0,1.5354838790380485,0.3955
519978157091449088,200.0,goal_1e-11,0.0,0.8372062036631359,0.1755
3855789469596668544,200.0,goal_1e-11,0.0,0.8784837822845557,0.0225
572054498112591744,200.0,goal_1e-11,0.0,0.9680450634288154,0.1655
357842591908022912,200.0,goal_1e-11,0.0,1.0181451681304439,0.2005
5927844322167316352,200.0,goal_1e-11,0.0,0.8921289761697951,0.036
2281306105868025600,200.0,goal_1e-11,0.0,1.949376118861938,0.4905
6342743866636102528,200.0,goal_1e-11,0.0,1.0242446185241252,0.3335
1690963263347609088,200.0,goal_1e-11,0.0,1.8922751122002393,0.695
1230823728796492672,200.0,goal_1e-11,0.0,1.6413819831474443,0.506
6411524297547089024,200.0,goal_1e-11,0.0,1.372907391686459,0.788
2935813011016890752,200.0,goal_1e-11,0.0,1.3235241670024949,0.3045
1510354597152530176,200.0,goal_1e-11,0.0,1.9984222194838919,0.751
263711679169833728,200.0,goal_1e-11,0.0,1.2338855309465866,0.882
2203996935067479424,200.0,goal_1e-11,0.0,2.86012486701481,0.722
4637390027600793344,200.0,goal_1e-11,0.0,1.5869789744481322,0.769
3326809997366173568,200.0,goal_1e-11,0.0,1.9569476955186496,0.752
359891153870510208,200.0,goal_1e-11,0.067,4.402003433779837,0.9585
3194157939562713472,200.0,goal_1e-11,0.0,1.6974106457074236,0.7385
5654914887224650240,200.0,goal_1e-11,0.0,1.5965758012435258,0.814
132596261882440320,200.0,goal_1e-11,0.0,1.58248367356072,0.6125
4262558915898078720,200.0,goal_1e-11,0.0,1.398839105578781,0.856
6149021149160162176,200.0,goal_1e-11,0.0,1.0248127829753015,0.253
2811411825899219200,200.0,goal_1e-11,0.069,4.597474428430304,0.972
1900800964403932800,200.0,goal_1e-11,0.0,1.0482222365956217,0.2775
6009934130839583488,200.0,goal_1e-11,0.0,0.7847674935923444,0.857
6872322302128569344,200.0,goal_1e-11,0.0,1.2419653319905075,0.6915
4548634356637185792,200.0,goal_1e-11,0.0,2.267531773332624,0.818
6527091903161249152,200.0,goal_1e-11,0.0,1.2078181129696255,0.3415
2639759162947729408,200.0,goal_1e-11,0.0,1.1230947306039052,0.0695
4100927786033595648,200.0,goal_1e-11,0.0,1.0676187316431747,0.8935
5371882654157606912,200.0,goal_1e-11,0.012,3.610662750942982,0.916
6775009922429158272,200.0,goal_1e-11,0.0,1.362219484423848,0.8625
665668979685323648,200.0,goal_1e-11,0.0045,2.9825067629867617,0.9435
1832230956847006592,200.0,goal_1e-11,0.0795,5.38174422700053,0.9035
6284599664533612544,200.0,goal_1e-11,0.0,2.149109118860315,0.8205
4641784775576833536,200.0,goal_1e-11,0.0,2.84818152439131,0.8015
4268847611328000256,200.0,goal_1e-11,0.8295,25.4972045490117,0.995
4278176623883730176,200.0,goal_1e-11,0.0,0.760765163140051,0.082
3267929947104804096,300.0,current_1e-9,0.0,1.6598472432605553,0.6945
5642877846246495360,300.0,current_1e-9,0.0,1.6569816024117596,0.424
6603465041679231872,300.0,current_1e-9,0.015,2.6123235855351137,0.9685
2046526391572691328,300.0,current_1e-9,0.0,1.911366216334322,0.8875
1016789806037687424,300.0,current_1e-9,0.0125,2.8886100409258035,0.9585
5679711000438989312,300.0,current_1e-9,0.0,0.8580311161171793,0.834
2995683893041962368,300.0,current_1e-9,0.0,2.0580940615634344,0.8195
5953737099445742848,300.0,current_1e-9,0.0,1.5075236940481802,0.898
4615401513032729088,300.0,current_1e-9,0.0,2.2242251278691247,0.8255
3004510772390701696,300.0,current_1e-9,0.0,2.506364311287761,0.846
4069792782145982080,300.0,current_1e-9,0.008,2.936757353159292,0.907
5814108395520777856,300.0,current_1e-9,0.0015,2.6078985273798865,0.8825
5962272505153840896,300.0,current_1e-9,0.009,2.702429666973997,0.9475
2149291627370030336,300.0,current_1e-9,0.0,1.565642675826627,0.6585
1323478680316848256,300.0,current_1e-9,0.0005,1.3662178691214732,0.9475
5260504054704228736,300.0,current_1e-9,0.01,3.2155622253599057,0.939
5841541455445538432,300.0,current_1e-9,0.0,1.531335632138358,0.923
3867940039451965952,300.0,current_1e-9,0.002,3.0514830406454374,0.868
87878642944408960,300.0,current_1e-9,0.0,2.0380592726236717,0.7765
3151482384299373696,300.0,current_1e-9,0.0225,3.0275896702481924,0.971
6181044017297795968,300.0,current_1e-9,0.098,4.726794849095821,0.965
803645216387486720,300.0,current_1e-9,0.045,4.078042099104475,0.9185
5914174364643486592,300.0,current_1e-9,0.002,1.8573953317040206,0.956
4797122403959920768,300.0,current_1e-9,0.013,3.01418996522442,0.924
2575048093288905088,300.0,current_1e-9,0.007,3.3475483496478424,0.8965
4229058961259584256,300.0,current_1e-9,0.025,3.02010224985413,0.9705
4561522831932945920,300.0,current_1e-9,0.0205,3.139277254028856,0.943
2208326773198648320,300.0,current_1e-9,0.0145,2.632156745219585,0.9565
6094128791359632256,300.0,current_1e-9,0.0065,2.724296090471439,0.952
2769623267282593152,300.0,current_1e-9,0.0035,1.774675979661948,0.9595
5660807578058341120,300.0,current_1e-9,0.0,2.430408848279377,0.87
296496818102428544,300.0,current_1e-9,0.002,2.658277766515698,0.9085
158752853233960704,300.0,current_1e-9,0.0,1.296291627744461,0.771
2259514678757235200,300.0,current_1e-9,0.0,1.839477609292042,0.763
4227855172121285760,300.0,current_1e-9,0.004,3.065758187863661,0.9045
2196000977264781056,300.0,current_1e-9,0.0,2.585229066966125,0.818
1422765267499632640,300.0,current_1e-9,0.0,2.2055579705609816,0.8705
5351303408563334912,300.0,current_1e-9,0.0035,2.366346449832128,0.9665
1364263517961035648,300.0,current_1e-9,0.0,2.132898347163746,0.779
5274946414813497344,300.0,current_1e-9,0.0,3.0701418375746816,0.844
3180960123537829760,300.0,current_1e-9,0.012,2.6711057600464647,0.953
2757278951454094208,300.0,current_1e-9,0.0,2.12377559634606,0.791
2703346703520007168,300.0,current_1e-9,0.0,1.913370667545648,0.787
4002529127504102656,300.0,current_1e-9,0.034,3.52747461292528,0.9575
5421588692928858752,300.0,current_1e-9,0.0,1.726882794071581,0.686
6050388913137070848,300.0,current_1e-9,0.001,1.4636736198691478,0.979
4345060775182367232,300.0,current_1e-9,0.0,1.6011938713224865,0.7625
992946106114748032,300.0,current_1e-9,0.0,3.3554825026979502,0.8095
676792841901784192,300.0,current_1e-9,0.0015,1.6669876833769026,0.957
218953691837608960,300.0,current_1e-9,0.0015,1.8569220947328517,0.938
2482368024800833024,300.0,current_1e-9,0.006,2.2145226209812283,0.952
4609966833215963392,300.0,current_1e-9,0.0,2.4590219184069912,0.5665
6844037812175117440,300.0,current_1e-9,0.0,1.2434802202972273,0.969
6441225886185109632,300.0,current_1e-9,0.003,2.084680004520158,0.919
1275271417631701504,300.0,current_1e-9,0.0,2.322545421931815,0.782
6490173906174556416,300.0,current_1e-9,0.0,2.0847486614187676,0.8135
5940429538445511808,300.0,current_1e-9,0.0615,4.2776999937019795,0.939
3793148372312611456,300.0,current_1e-9,0.0,2.6354046373090574,0.7465
3138662151736925568,300.0,current_1e-9,0.0,1.9339932232803831,0.693
5976199159903812736,300.0,current_1e-9,0.0,1.283084132803188,0.9305
1504338722359357568,300.0,current_1e-9,0.003,1.8780246091042225,0.9505
1688451325954477184,300.0,current_1e-9,0.006,3.248417823350723,0.873
5889045855385067136,300.0,current_1e-9,0.0,1.795364265063482,0.763
4081754605352170496,300.0,current_1e-9,0.0095,2.148268359992092,0.984
2691146831736184576,300.0,current_1e-9,0.0,2.517141857179912,0.783
334398010409366400,300.0,current_1e-9,0.0005,1.6075524731894102,0.9555
1383626089525174016,300.0,current_1e-9,0.0,2.0420865309309435,0.87
3702063519102244480,300.0,current_1e-9,0.022,3.1421275833179316,0.9505
5423016683660491264,300.0,current_1e-9,0.0,1.916503906087295,0.654
2804852929801600768,300.0,current_1e-9,0.092,5.07024269719288,0.9305
3114023912926376448,300.0,current_1e-9,0.0005,1.3854507283568591,0.9555
5524591457617244928,300.0,current_1e-9,0.0,2.2014187509012233,0.6935
4060366016201160320,300.0,current_1e-9,0.0,0.21861273917120286,0.8235
6694638847956909696,300.0,current_1e-9,0.001,1.439167807666426,0.949
3039556915253606144,300.0,current_1e-9,0.0105,3.026171689749489,0.9165
6237927045205600000,300.0,current_1e-9,0.0,1.326922118757182,0.9405
1878241773237645184,300.0,current_1e-9,0.0,2.2993881694425746,0.814
4288946748293342080,300.0,current_1e-9,0.1805,5.933603305799582,0.974
2337648311488015360,300.0,current_1e-9,0.0,2.966801880703294,0.838
4395214100433309184,300.0,current_1e-9,0.0235,3.103023457099993,0.9725
2796277112767076864,300.0,current_1e-9,0.0,1.226105063235754,0.831
6016504747910034432,300.0,current_1e-9,0.0,1.8914161438527186,0.349
5166280100090122880,300.0,current_1e-9,0.017,2.8693582433405225,0.9535
1130573557111974912,300.0,current_1e-9,0.017,3.1651324829085388,0.927
164738354017665664,300.0,current_1e-9,0.0,0.5033128292625152,0.5525
1761771910959772032,300.0,current_1e-9,0.0,2.4716919835684967,0.6915
1329848490477856768,300.0,current_1e-9,0.2385,6.79789845036416,0.977
3311535375672171776,300.0,current_1e-9,0.0105,2.9502598865638823,0.945
6112272348126668800,300.0,current_1e-9,0.0015,2.712903218289557,0.8675
6755038496304470144,300.0,current_1e-9,0.0,2.3965838891320335,0.865
4283053988756001920,300.0,current_1e-9,0.0005,1.836550326103666,0.923
2599647119044490496,300.0,current_1e-9,0.0,2.561683942022796,0.8435
490441735713670528,300.0,current_1e-9,0.0015,1.7580145449629268,0.929
4934043968492272896,300.0,current_1e-9,0.0035,1.5551827938635712,0.9715
2621100450623361280,300.0,current_1e-9,0.082,4.2603934355630955,0.9825
1851315420672845056,300.0,current_1e-9,0.0,3.0084421869994786,0.841
5541455315986463104,300.0,current_1e-9,0.0,1.7911479234431045,0.742
5976098417137532800,300.0,current_1e-9,0.0,1.9668284806636334,0.8825
28898090451449472,300.0,current_1e-9,0.0,1.9864237552977386,0.773
6592347918267168128,300.0,current_1e-9,0.0015,2.8357626880896807,0.904
5887064359268864256,300.0,current_1e-9,0.0,0.8665283024764647,0.901
6518913495153329920,300.0,current_1e-9,0.0,1.7619473201287632,0.6355
4600878063941953280,300.0,current_1e-9,0.0,2.585116311171896,0.632
992845122843798016,300.0,current_1e-9,0.0,2.5646793631912304,0.854
3664521351702250752,300.0,current_1e-9,0.0525,3.9395377545898134,0.953
3711953493050429568,300.0,current_1e-9,0.0,3.1585102922719135,0.7975
5473228871432372992,300.0,current_1e-9,0.0,2.634796127407802,0.722
6752384069075512320,300.0,current_1e-9,0.0,2.024330787833847,0.7775
4115513220094402048,300.0,current_1e-9,0.0,1.5150661453661758,0.6455
4602130957441446400,300.0,current_1e-9,0.0,2.0258026180608697,0.644
377546664910219776,300.0,current_1e-9,0.0425,4.178372029574452,0.92
4364333977066797056,300.0,current_1e-9,0.0,1.0656450047261337,0.391
5768315046181771904,300.0,current_1e-9,0.0,1.7245944539268674,0.875
123580919370477952,300.0,current_1e-9,0.0,2.0271680648387123,0.762
4366334126156046976,300.0,current_1e-9,0.0,1.3718522095197796,0.926
4901782819863332608,300.0,current_1e-9,0.025,2.9153237115920163,0.9795
2151838817854979456,300.0,current_1e-9,0.0,1.7781443314505563,0.427
1343460895402697600,300.0,current_1e-9,0.0035,1.8496368782133583,0.9775
6136053959995638016,300.0,current_1e-9,0.0,2.0598197254222628,0.7675
2221263218985851520,300.0,current_1e-9,0.01,1.982171498696884,0.996
4162186251740404608,300.0,current_1e-9,0.005,1.7142799202922117,0.9895
1678399143976755584,300.0,current_1e-9,0.024,3.702504242420375,0.9095
2704125913666895104,300.0,current_1e-9,0.0,1.9060187435736173,0.7235
5000393997669149952,300.0,current_1e-9,0.0035,2.927253920096437,0.874
2491206105423269504,300.0,current_1e-9,0.051,4.188065433288737,0.937
6274538269849968512,300.0,current_1e-9,0.0,1.5522556886653673,0.9295
707365862223681408,300.0,current_1e-9,0.0,1.9053292695805604,0.876
4735086373076351744,300.0,current_1e-9,0.017,2.8125929038250677,0.975
2799316059826451328,300.0,current_1e-9,0.004,2.7182579247928187,0.8945
1875970079134757760,300.0,current_1e-9,0.0,1.9773510918637411,0.8465
1783649894544856960,300.0,current_1e-9,0.0,2.232323411089463,0.7545
2554116930949289856,300.0,current_1e-9,0.0,3.101019753403987,0.7545
2753295523906432384,300.0,current_1e-9,0.0,1.8235699733419406,0.815
886990809110955008,300.0,current_1e-9,0.0035,1.6656065729924212,0.974
919018036639891968,300.0,current_1e-9,0.0215,3.389306329826751,0.914
2833555985786735232,300.0,current_1e-9,0.006,1.9020797377886565,0.9695
3023472056569280512,300.0,current_1e-9,0.0015,1.7200601601662127,0.9375
868768602903736832,300.0,current_1e-9,0.0,2.0890721035961377,0.8625
5178460008866279808,300.0,current_1e-9,0.0,2.577283492427654,0.83
3004697238395042176,300.0,current_1e-9,0.008,2.1597764590309,0.9805
2346247935526578688,300.0,current_1e-9,0.0005,1.5430667157792664,0.965
1933622971340170496,300.0,current_1e-9,0.0,2.1988154158104347,0.7335
1014188567684692224,300.0,current_1e-9,0.0,1.9764479219805002,0.8885
5466445022127902976,300.0,current_1e-9,0.0,2.252304596218391,0.908
6681692893110527232,300.0,current_1e-9,0.0,2.538282643011108,0.831
5185560414440293632,300.0,current_1e-9,0.048,4.164888503596596,0.93
5800349145690204288,300.0,current_1e-9,0.0,1.8415242967100065,0.9015
4105409399796978944,300.0,current_1e-9,0.0,1.6059010332192574,0.691
4708692944344873216,300.0,current_1e-9,0.0,1.9293133925303358,0.7755
2027994226190382848,300.0,current_1e-9,0.0,1.981920528034841,0.774
2511654375999952640,300.0,current_1e-9,0.0,2.5376118339266855,0.784
5493261389176885632,300.0,current_1e-9,0.0,2.7655809482457676,0.845
2240388880151078528,300.0,current_1e-9,0.0,1.2657000173848896,0.9605
5658455555185799040,300.0,current_1e-9,0.0,1.6241962384460336,0.8645
5052502602489649664,300.0,current_1e-9,0.0345,3.7650824418380213,0.9365
1979258613779627520,300.0,current_1e-9,0.0005,1.776836982634665,0.924
446639254048922112,300.0,current_1e-9,0.0,1.601307271465762,0.805
5601915746720479104,300.0,current_1e-9,0.0,2.388454321168787,0.8585
4776963682897871616,300.0,current_1e-9,0.08,4.534799584181975,0.965
3280686721529098368,300.0,current_1e-9,0.0,1.742316811921919,0.861
1285339370727734400,300.0,current_1e-9,0.0,3.0628285200370025,0.795
5511484179500121088,300.0,current_1e-9,0.0,2.4961798797311956,0.7565
519978157091449088,300.0,current_1e-9,0.0,1.47155409901674,0.5955
3855789469596668544,300.0,current_1e-9,0.0,1.5931743585145524,0.328
572054498112591744,300.0,current_1e-9,0.0,1.6738016363034622,0.6115
357842591908022912,300.0,current_1e-9,0.0,1.7558541038203945,0.614
5927844322167316352,300.0,current_1e-9,0.0,1.6260815317677255,0.362
2281306105868025600,300.0,current_1e-9,0.0,3.018369450159269,0.794
6342743866636102528,300.0,current_1e-9,0.0,1.6752771595298375,0.7335
1690963263347609088,300.0,current_1e-9,0.0005,2.4126041034008114,0.866
1230823728796492672,300.0,current_1e-9,0.0,2.3348647578821278,0.81
6411524297547089024,300.0,current_1e-9,0.0,1.5637393509180204,0.919
2935813011016890752,300.0,current_1e-9,0.0,2.1365009290728487,0.703
1510354597152530176,300.0,current_1e-9,0.0025,2.6021427561208683,0.8945
263711679169833728,300.0,current_1e-9,0.001,1.196018850324926,0.9615
2203996935067479424,300.0,current_1e-9,0.034,4.184441487390621,0.901
4637390027600793344,300.0,current_1e-9,0.0,1.880589953327455,0.9045
3326809997366173568,300.0,current_1e-9,0.0,2.3321343646931645,0.891
359891153870510208,300.0,current_1e-9,0.0135,2.4224226371903677,0.979
3194157939562713472,300.0,current_1e-9,0.0,2.120781742699004,0.8925
5654914887224650240,300.0,current_1e-9,0.002,2.089900642350417,0.9185
132596261882440320,300.0,current_1e-9,0.0,2.189040607940114,0.838
4262558915898078720,300.0,current_1e-9,0.0005,1.475817941578457,0.939
6149021149160162176,300.0,current_1e-9,0.0,1.70924608577579,0.696
2811411825899219200,300.0,current_1e-9,0.0065,1.8825355063782385,0.988
1900800964403932800,300.0,current_1e-9,0.0,1.747090857609523,0.685
6009934130839583488,300.0,current_1e-9,0.0,1.032033707845957,0.9315
6872322302128569344,300.0,current_1e-9,0.0,1.7923977118132868,0.875
4548634356637185792,300.0,current_1e-9,0.0085,2.4632276706008214,0.923
6527091903161249152,300.0,current_1e-9,0.0,1.9478083710974423,0.7225
2639759162947729408,300.0,current_1e-9,0.0,1.9658478976220621,0.4585
4100927786033595648,300.0,current_1e-9,0.0,1.1002532888989727,0.9535
5371882654157606912,300.0,current_1e-9,0.02,3.0067359325320724,0.9625
6775009922429158272,300.0,current_1e-9,0.0005,1.329984955729543,0.948
665668979685323648,300.0,current_1e-9,0.003,1.9027042810639758,0.9735
1832230956847006592,300.0,current_1e-9,0.1895,6.2402538898751585,0.9565
6284599664533612544,300.0,current_1e-9,0.004,2.4373398547932337,0.928
4641784775576833536,300.0,current_1e-9,0.0155,3.440760936361597,0.92
4268847611328000256,300.0,current_1e-9,0.2835,7.621153244693866,0.9985
4278176623883730176,300.0,current_1e-9,0.0,1.3875148428584825,0.486
3267929947104804096,300.0,nearterm_1e-10,0.0,1.869426847615561,0.6945
5642877846246495360,300.0,nearterm_1e-10,0.0,1.7933123279621654,0.424
6603465041679231872,300.0,nearterm_1e-10,0.1495,5.69012209073942,0.9685
2046526391572691328,300.0,nearterm_1e-10,0.0005,2.7597119209031287,0.8875
1016789806037687424,300.0,nearterm_1e-10,0.117,5.393917314010723,0.9585
5679711000438989312,300.0,nearterm_1e-10,0.0,0.9579224255761587,0.834
2995683893041962368,300.0,nearterm_1e-10,0.0,2.6518454505872917,0.8195
5953737099445742848,300.0,nearterm_1e-10,0.0,2.047038516963123,0.898
4615401513032729088,300.0,nearterm_1e-10,0.0,2.588106274240985,0.8255
3004510772390701696,300.0,nearterm_1e-10,0.0,3.2189607566818603,0.846
4069792782145982080,300.0,nearterm_1e-10,0.017,3.781991340244248,0.907
5814108395520777856,300.0,nearterm_1e-10,0.004,3.53213864680671,0.8825
5962272505153840896,300.0,nearterm_1e-10,0.0595,4.69877759458939,0.9475
2149291627370030336,300.0,nearterm_1e-10,0.0,1.7347404810937015,0.6585
1323478680316848256,300.0,nearterm_1e-10,0.006,2.7511009188316713,0.9475
5260504054704228736,300.0,nearterm_1e-10,0.063,4.780820240489895,0.939
5841541455445538432,300.0,nearterm_1e-10,0.001,2.2479271522004165,0.923
3867940039451965952,300.0,nearterm_1e-10,0.009,3.9326464256074196,0.868
87878642944408960,300.0,nearterm_1e-10,0.0,2.3556776342193952,0.7765
3151482384299373696,300.0,nearterm_1e-10,0.183,6.212800467285822,0.971
6181044017297795968,300.0,nearterm_1e-10,0.376,8.82715929220023,0.965
803645216387486720,300.0,nearterm_1e-10,0.1245,5.737868545001751,0.9185
5914174364643486592,300.0,nearterm_1e-10,0.019,3.3749228909427123,0.956
4797122403959920768,300.0,nearterm_1e-10,0.0515,4.365192620261206,0.924
2575048093288905088,300.0,nearterm_1e-10,0.0235,4.167550150523811,0.8965
4229058961259584256,300.0,nearterm_1e-10,0.1975,6.366441002196156,0.9705
4561522831932945920,300.0,nearterm_1e-10,0.09,5.0376385634623455,0.943
2208326773198648320,300.0,nearterm_1e-10,0.0805,4.8403156234879505,0.9565
6094128791359632256,300.0,nearterm_1e-10,0.0435,4.274571080193002,0.952
2769623267282593152,300.0,nearterm_1e-10,0.0415,3.805307766757589,0.9595
5660807578058341120,300.0,nearterm_1e-10,0.0,3.2775741156261846,0.87
296496818102428544,300.0,nearterm_1e-10,0.025,4.122033408194721,0.9085
158752853233960704,300.0,nearterm_1e-10,0.0,1.3978763522263997,0.771
2259514678757235200,300.0,nearterm_1e-10,0.0,2.167147980663252,0.763
4227855172121285760,300.0,nearterm_1e-10,0.0165,3.9239948186172753,0.9045
2196000977264781056,300.0,nearterm_1e-10,0.0,3.257295161905724,0.818
1422765267499632640,300.0,nearterm_1e-10,0.0045,3.158520723628353,0.8705
5351303408563334912,300.0,nearterm_1e-10,0.009,3.00985207352659,0.9665
1364263517961035648,300.0,nearterm_1e-10,0.0,2.526039383677029,0.779
5274946414813497344,300.0,nearterm_1e-10,0.0015,3.5268091836314697,0.844
3180960123537829760,300.0,nearterm_1e-10,0.0685,4.617590126708528,0.953
2757278951454094208,300.0,nearterm_1e-10,0.0,2.441666356129753,0.791
2703346703520007168,300.0,nearterm_1e-10,0.0,2.374873707963745,0.787
4002529127504102656,300.0,nearterm_1e-10,0.2095,6.467303768736436,0.9575
5421588692928858752,300.0,nearterm_1e-10,0.0,1.9709566040692068,0.686
6050388913137070848,300.0,nearterm_1e-10,0.0025,2.248449832767715,0.979
4345060775182367232,300.0,nearterm_1e-10,0.0,1.85713784150571,0.7625
992946106114748032,300.0,nearterm_1e-10,0.0,3.821909413341753,0.8095
676792841901784192,300.0,nearterm_1e-10,0.0205,3.4397829752816564,0.957
218953691837608960,300.0,nearterm_1e-10,0.005,3.0384315022528257,0.938
2482368024800833024,300.0,nearterm_1e-10,0.0295,3.9324484126851815,0.952
4609966833215963392,300.0,nearterm_1e-10,0.0,2.687231629646756,0.5665
6844037812175117440,300.0,nearterm_1e-10,0.023,3.2145222993284723,0.969
6441225886185109632,300.0,nearterm_1e-10,0.011,3.3853957429919994,0.919
1275271417631701504,300.0,nearterm_1e-10,0.0,2.801289353631711,0.782
6490173906174556416,300.0,nearterm_1e-10,0.0,2.696588414124669,0.8135
5940429538445511808,300.0,nearterm_1e-10,0.166,6.151423217429165,0.939
3793148372312611456,300.0,nearterm_1e-10,0.0,3.0510851429009214,0.7465
3138662151736925568,300.0,nearterm_1e-10,0.0,2.196974621233532,0.693
5976199159903812736,300.0,nearterm_1e-10,0.0,1.90213609732343,0.9305
1504338722359357568,300.0,nearterm_1e-10,0.024,3.698875524254102,0.9505
1688451325954477184,300.0,nearterm_1e-10,0.0255,4.381748438733142,0.873
5889045855385067136,300.0,nearterm_1e-10,0.0,2.033069344420823,0.763
4081754605352170496,300.0,nearterm_1e-10,0.1725,5.913898731811739,0.984
2691146831736184576,300.0,nearterm_1e-10,0.0,2.90264607593466,0.783
334398010409366400,300.0,nearterm_1e-10,0.0165,3.324287235880475,0.9555
1383626089525174016,300.0,nearterm_1e-10,0.0,2.8706267140173445,0.87
3702063519102244480,300.0,nearterm_1e-10,0.1335,5.677820908800541,0.9505
5423016683660491264,300.0,nearterm_1e-10,0.0,2.201833350828684,0.654
2804852929801600768,300.0,nearterm_1e-10,0.1845,6.541408340139113,0.9305
3114023912926376448,300.0,nearterm_1e-10,0.009,3.02935686491102,0.9555
5524591457617244928,300.0,nearterm_1e-10,0.0,2.5133937039318854,0.6935
4060366016201160320,300.0,nearterm_1e-10,0.0,0.22290266412403303,0.8235
6694638847956909696,300.0,nearterm_1e-10,0.0055,2.7268811146465612,0.949
3039556915253606144,300.0,nearterm_1e-10,0.0495,4.555442102582587,0.9165
6237927045205600000,300.0,nearterm_1e-10,0.0,1.876675192515536,0.9405
1878241773237645184,300.0,nearterm_1e-10,0.0,2.7755756612282,0.814
4288946748293342080,300.0,nearterm_1e-10,0.5005,10.959524944604636,0.974
2337648311488015360,300.0,nearterm_1e-10,0.004,3.7845635221952563,0.838
4395214100433309184,300.0,nearterm_1e-10,0.1325,5.457350681808417,0.9725
2796277112767076864,300.0,nearterm_1e-10,0.0,1.3414886348871204,0.831
6016504747910034432,300.0,nearterm_1e-10,0.0,2.0159215388725054,0.349
5166280100090122880,300.0,nearterm_1e-10,0.116,5.253468546146863,0.9535
1130573557111974912,300.0,nearterm_1e-10,0.071,4.901567786202705,0.927
164738354017665664,300.0,nearterm_1e-10,0.0,0.5174269086459945,0.5525
1761771910959772032,300.0,nearterm_1e-10,0.0,2.7574752685604738,0.6915
1329848490477856768,300.0,nearterm_1e-10,0.5295,11.290537830251454,0.977
3311535375672171776,300.0,nearterm_1e-10,0.0575,4.449094581356566,0.945
6112272348126668800,300.0,nearterm_1e-10,0.0055,3.6648386369568664,0.8675
6755038496304470144,300.0,nearterm_1e-10,0.002,3.2273927835769354,0.865
4283053988756001920,300.0,nearterm_1e-10,0.0045,2.9337087353802924,0.923
2599647119044490496,300.0,nearterm_1e-10,0.0,3.2209841041627123,0.8435
490441735713670528,300.0,nearterm_1e-10,0.005,2.9724014158844785,0.929
4934043968492272896,300.0,nearterm_1e-10,0.044,3.833646758655652,0.9715
2621100450623361280,300.0,nearterm_1e-10,0.4185,9.466393004275218,0.9825
1851315420672845056,300.0,nearterm_1e-10,0.0005,3.563581335367774,0.841
5541455315986463104,300.0,nearterm_1e-10,0.0,2.0060531395053633,0.742
5976098417137532800,300.0,nearterm_1e-10,0.0,2.4991763119328736,0.8825
28898090451449472,300.0,nearterm_1e-10,0.0,2.325113465180948,0.773
6592347918267168128,300.0,nearterm_1e-10,0.0185,4.057394954462365,0.904
5887064359268864256,300.0,nearterm_1e-10,0.0,0.9581829953545025,0.901
6518913495153329920,300.0,nearterm_1e-10,0.0,1.9688297487607178,0.6355
4600878063941953280,300.0,nearterm_1e-10,0.0,2.8882002770041226,0.632
992845122843798016,300.0,nearterm_1e-10,0.0,3.137028642693738,0.854
3664521351702250752,300.0,nearterm_1e-10,0.227,6.734575539717711,0.953
3711953493050429568,300.0,nearterm_1e-10,0.0,3.6212234457027934,0.7975
5473228871432372992,300.0,nearterm_1e-10,0.0,2.9932461801735144,0.722
6752384069075512320,300.0,nearterm_1e-10,0.0,2.5317110665023357,0.7775
4115513220094402048,300.0,nearterm_1e-10,0.0,1.6612439076486725,0.6455
4602130957441446400,300.0,nearterm_1e-10,0.0,2.298299251692759,0.644
377546664910219776,300.0,nearterm_1e-10,0.094,5.246479411983442,0.92
4364333977066797056,300.0,nearterm_1e-10,0.0,1.1131829366967732,0.391
5768315046181771904,300.0,nearterm_1e-10,0.0,2.3925110158549185,0.875
123580919370477952,300.0,nearterm_1e-10,0.0,2.2959771908176108,0.762
4366334126156046976,300.0,nearterm_1e-10,0.0,1.858626833163964,0.926
4901782819863332608,300.0,nearterm_1e-10,0.2575,7.017789745015254,0.9795
2151838817854979456,300.0,nearterm_1e-10,0.0,1.9196494623498388,0.427
1343460895402697600,300.0,nearterm_1e-10,0.112,5.078145923323791,0.9775
6136053959995638016,300.0,nearterm_1e-10,0.0,2.39726910297405,0.7675
2221263218985851520,300.0,nearterm_1e-10,0.405,9.543997444649587,0.996
4162186251740404608,300.0,nearterm_1e-10,0.143,5.446956664032894,0.9895
1678399143976755584,300.0,nearterm_1e-10,0.063,4.892001199973239,0.9095
2704125913666895104,300.0,nearterm_1e-10,0.0,2.1493286489165055,0.7235
5000393997669149952,300.0,nearterm_1e-10,0.012,3.8222939205987205,0.874
2491206105423269504,300.0,nearterm_1e-10,0.1095,5.550870658756047,0.937
6274538269849968512,300.0,nearterm_1e-10,0.0035,2.5884674876352465,0.9295
707365862223681408,300.0,nearterm_1e-10,0.0,2.4918075625333147,0.876
4735086373076351744,300.0,nearterm_1e-10,0.2055,6.296750310430869,0.975
2799316059826451328,300.0,nearterm_1e-10,0.0165,3.8334991580176068,0.8945
1875970079134757760,300.0,nearterm_1e-10,0.0,2.7208148576894584,0.8465
1783649894544856960,300.0,nearterm_1e-10,0.0,2.5781587908971035,0.7545
2554116930949289856,300.0,nearterm_1e-10,0.0,3.5256350661272893,0.7545
2753295523906432384,300.0,nearterm_1e-10,0.0,2.315656987970241,0.815
886990809110955008,300.0,nearterm_1e-10,0.062,4.343315119306964,0.974
919018036639891968,300.0,nearterm_1e-10,0.0695,4.837897625085694,0.914
2833555985786735232,300.0,nearterm_1e-10,0.077,4.554480021933016,0.9695
3023472056569280512,300.0,nearterm_1e-10,0.0095,3.0501412956109664,0.9375
868768602903736832,300.0,nearterm_1e-10,0.0,2.9057292614397143,0.8625
5178460008866279808,300.0,nearterm_1e-10,0.0,3.1558106640382158,0.83
3004697238395042176,300.0,nearterm_1e-10,0.1895,6.045484423033106,0.9805
2346247935526578688,300.0,nearterm_1e-10,0.007,2.9391028679864,0.965
1933622971340170496,300.0,nearterm_1e-10,0.0,2.500407481710267,0.7335
1014188567684692224,300.0,nearterm_1e-10,0.0005,2.906080989312313,0.8885
5466445022127902976,300.0,nearterm_1e-10,0.0015,2.937555661466685,0.908
6681692893110527232,300.0,nearterm_1e-10,0.0,3.143707189778933,0.831
5185560414440293632,300.0,nearterm_1e-10,0.1075,5.4936123333022335,0.93
5800349145690204288,300.0,nearterm_1e-10,0.0015,2.577725682925861,0.9015
4105409399796978944,300.0,nearterm_1e-10,0.0,1.7611108295814937,0.691
4708692944344873216,300.0,nearterm_1e-10,0.0,2.2033040250767044,0.7755
2027994226190382848,300.0,nearterm_1e-10,0.0,2.400362227708552,0.774
2511654375999952640,300.0,nearterm_1e-10,0.0,2.959166073578784,0.784
5493261389176885632,300.0,nearterm_1e-10,0.0,3.330668296651907,0.845
2240388880151078528,300.0,nearterm_1e-10,0.0085,2.6287933166980313,0.9605
5658455555185799040,300.0,nearterm_1e-10,0.0,2.1689935588871783,0.8645
5052502602489649664,300.0,nearterm_1e-10,0.1005,5.332340037720139,0.9365
1979258613779627520,300.0,nearterm_1e-10,0.007,2.956729396028614,0.924
446639254048922112,300.0,nearterm_1e-10,0.0,1.8453602072873176,0.805
5601915746720479104,300.0,nearterm_1e-10,0.0,3.1247999826721435,0.8585
4776963682897871616,300.0,nearterm_1e-10,0.2365,6.748021527851319,0.965
3280686721529098368,300.0,nearterm_1e-10,0.0,2.315055310662332,0.861
1285339370727734400,300.0,nearterm_1e-10,0.0,3.4321835248336527,0.795
5511484179500121088,300.0,nearterm_1e-10,0.0,2.823621870165061,0.7565
519978157091449088,300.0,nearterm_1e-10,0.0,1.6309999681924852,0.5955
3855789469596668544,300.0,nearterm_1e-10,0.0,1.705146477846431,0.328
572054498112591744,300.0,nearterm_1e-10,0.0,1.8649250671418092,0.6115
357842591908022912,300.0,nearterm_1e-10,0.0,1.950656090824045,0.614
5927844322167316352,300.0,nearterm_1e-10,0.0,1.734064842484014,0.362
2281306105868025600,300.0,nearterm_1e-10,0.0,3.482929881636386,0.794
6342743866636102528,300.0,nearterm_1e-10,0.0,1.95810529412806,0.7335
1690963263347609088,300.0,nearterm_1e-10,0.006,3.364916451416414,0.866
1230823728796492672,300.0,nearterm_1e-10,0.0,2.985341484431658,0.81
6411524297547089024,300.0,nearterm_1e-10,0.003,2.5264061540776184,0.919
2935813011016890752,300.0,nearterm_1e-10,0.0,2.4713496597232387,0.703
1510354597152530176,300.0,nearterm_1e-10,0.013,3.5330845479158968,0.8945
263711679169833728,300.0,nearterm_1e-10,0.003,2.2813776008838342,0.9615
2203996935067479424,300.0,nearterm_1e-10,0.055,4.897869705498301,0.901
4637390027600793344,300.0,nearterm_1e-10,0.003,2.8837747128514155,0.9045
3326809997366173568,300.0,nearterm_1e-10,0.007,3.4635389412888635,0.891
359891153870510208,300.0,nearterm_1e-10,0.235,6.688587971910657,0.979
3194157939562713472,300.0,nearterm_1e-10,0.0035,3.053977103833283,0.8925
5654914887224650240,300.0,nearterm_1e-10,0.0045,2.9001499963755695,0.9185
132596261882440320,300.0,nearterm_1e-10,0.0,2.889111029108958,0.838
4262558915898078720,300.0,nearterm_1e-10,0.004,2.56181216331754,0.939
6149021149160162176,300.0,nearterm_1e-10,0.0,1.9627869340447381,0.696
2811411825899219200,300.0,nearterm_1e-10,0.2365,6.6704895940491955,0.988
1900800964403932800,300.0,nearterm_1e-10,0.0,2.002400334108684,0.685
6009934130839583488,300.0,nearterm_1e-10,0.0,1.5349793842370572,0.9315
6872322302128569344,300.0,nearterm_1e-10,0.0,2.330346945165685,0.875
4548634356637185792,300.0,nearterm_1e-10,0.031,3.936755287702742,0.923
6527091903161249152,300.0,nearterm_1e-10,0.0,2.2742419122761968,0.7225
2639759162947729408,300.0,nearterm_1e-10,0.0,2.1281176945729565,0.4585
4100927786033595648,300.0,nearterm_1e-10,0.0015,2.014070515000448,0.9535
5371882654157606912,300.0,nearterm_1e-10,0.149,5.854377685739068,0.9625
6775009922429158272,300.0,nearterm_1e-10,0.003,2.4914356671766327,0.948
665668979685323648,300.0,nearterm_1e-10,0.087,4.817556005607974,0.9735
1832230956847006592,300.0,nearterm_1e-10,0.3575,8.568642486555522,0.9565
6284599664533612544,300.0,nearterm_1e-10,0.0185,3.7548706085879786,0.928
4641784775576833536,300.0,nearterm_1e-10,0.071,4.839229283494596,0.92
4268847611328000256,300.0,nearterm_1e-10,0.798,32.03794125798349,0.9985
4278176623883730176,300.0,nearterm_1e-10,0.0,1.4922360470118707,0.486
3267929947104804096,300.0,goal_1e-11,0.0,1.892450308524024,0.6945
5642877846246495360,300.0,goal_1e-11,0.0,1.8079028095624057,0.424
6603465041679231872,300.0,goal_1e-11,0.1855,6.186253822199094,0.9685
2046526391572691328,300.0,goal_1e-11,0.0005,2.8649140060167206,0.8875
1016789806037687424,300.0,goal_1e-11,0.1335,5.754163346311036,0.9585
5679711000438989312,300.0,goal_1e-11,0.0,0.968784110611035,0.834
2995683893041962368,300.0,goal_1e-11,0.0,2.721575068632988,0.8195
5953737099445742848,300.0,goal_1e-11,0.0,2.112016274895591,0.898
4615401513032729088,300.0,goal_1e-11,0.0,2.6287553642663206,0.8255
3004510772390701696,300.0,goal_1e-11,0.0,3.3023432232405647,0.846
4069792782145982080,300.0,goal_1e-11,0.02,3.8807532648781113,0.907
5814108395520777856,300.0,goal_1e-11,0.0045,3.64289502755921,0.8825
5962272505153840896,300.0,goal_1e-11,0.0715,4.973645768905549,0.9475
2149291627370030336,300.0,goal_1e-11,0.0,1.7531519128126303,0.6585
1323478680316848256,300.0,goal_1e-11,0.008,2.95946565649708,0.9475
5260504054704228736,300.0,goal_1e-11,0.07,4.975396923791982,0.939
5841541455445538432,300.0,goal_1e-11,0.001,2.3369370283237676,0.923
3867940039451965952,300.0,goal_1e-11,0.0095,4.035154916382508,0.868
87878642944408960,300.0,goal_1e-11,0.0,2.391054799016866,0.7765
3151482384299373696,300.0,goal_1e-11,0.221,6.6998003884641495,0.971
6181044017297795968,300.0,goal_1e-11,0.412,9.38050718730553,0.965
803645216387486720,300.0,goal_1e-11,0.1395,5.933601552105991,0.9185
5914174364643486592,300.0,goal_1e-11,0.023,3.591042821963211,0.956
4797122403959920768,300.0,goal_1e-11,0.0555,4.532032008901984,0.924
2575048093288905088,300.0,goal_1e-11,0.026,4.261011031846185,0.8965
4229058961259584256,300.0,goal_1e-11,0.239,6.884882847621236,0.9705
4561522831932945920,300.0,goal_1e-11,0.102,5.283397656789637,0.943
2208326773198648320,300.0,goal_1e-11,0.097,5.1571731270709185,0.9565
6094128791359632256,300.0,goal_1e-11,0.053,4.474747551808378,0.952
2769623267282593152,300.0,goal_1e-11,0.048,4.131032154491579,0.9595
5660807578058341120,300.0,goal_1e-11,0.0005,3.379424889749568,0.87
296496818102428544,300.0,goal_1e-11,0.033,4.309091343121622,0.9085
158752853233960704,300.0,goal_1e-11,0.0,1.4087325826549206,0.771
2259514678757235200,300.0,goal_1e-11,0.0,2.204057152838079,0.763
4227855172121285760,300.0,goal_1e-11,0.0185,4.0232694548274095,0.9045
2196000977264781056,300.0,goal_1e-11,0.0,3.3349481523863105,0.818
1422765267499632640,300.0,goal_1e-11,0.0045,3.2762432336700194,0.8705
5351303408563334912,300.0,goal_1e-11,0.01,3.08469453033623,0.9665
1364263517961035648,300.0,goal_1e-11,0.0,2.570342068189394,0.779
5274946414813497344,300.0,goal_1e-11,0.002,3.5770048819897267,0.844
3180960123537829760,300.0,goal_1e-11,0.079,4.883761184929706,0.953
2757278951454094208,300.0,goal_1e-11,0.0,2.476993797681983,0.791
2703346703520007168,300.0,goal_1e-11,0.0,2.4282160330213873,0.787
4002529127504102656,300.0,goal_1e-11,0.2355,6.87538720948479,0.9575
5421588692928858752,300.0,goal_1e-11,0.0,1.9979796506334815,0.686
6050388913137070848,300.0,goal_1e-11,0.0025,2.348333023922616,0.979
4345060775182367232,300.0,goal_1e-11,0.0,1.8857648409558496,0.7625
992946106114748032,300.0,goal_1e-11,0.001,3.8728713662822427,0.8095
676792841901784192,300.0,goal_1e-11,0.0245,3.7130146383593665,0.957
218953691837608960,300.0,goal_1e-11,0.008,3.1956480385387285,0.938
2482368024800833024,300.0,goal_1e-11,0.037,4.172988756767923,0.952
4609966833215963392,300.0,goal_1e-11,0.0,2.711725957403236,0.5665
6844037812175117440,300.0,goal_1e-11,0.03,3.5785393353895225,0.969
6441225886185109632,300.0,goal_1e-11,0.013,3.5585449461533716,0.919
1275271417631701504,300.0,goal_1e-11,0.0,2.8555760510771235,0.782
6490173906174556416,300.0,goal_1e-11,0.0,2.768684483048607,0.8135
5940429538445511808,300.0,goal_1e-11,0.184,6.374183462728774,0.939
3793148372312611456,300.0,goal_1e-11,0.0,3.0971129030273246,0.7465
3138662151736925568,300.0,goal_1e-11,0.0,2.2260318461972655,0.693
5976199159903812736,300.0,goal_1e-11,0.0,1.9794051053141997,0.9305
1504338722359357568,300.0,goal_1e-11,0.0295,3.973297872310264,0.9505
1688451325954477184,300.0,goal_1e-11,0.0275,4.515555179111066,0.873
5889045855385067136,300.0,goal_1e-11,0.0,2.0592685533917447,0.763
4081754605352170496,300.0,goal_1e-11,0.225,6.668782943298493,0.984
2691146831736184576,300.0,goal_1e-11,0.0,2.945335083995715,0.783
334398010409366400,300.0,goal_1e-11,0.0225,3.5899789444650305,0.9555
1383626089525174016,300.0,goal_1e-11,0.0,2.9717969936020507,0.87
3702063519102244480,300.0,goal_1e-11,0.157,6.031110623503267,0.9505
5423016683660491264,300.0,goal_1e-11,0.0,2.2335270243370227,0.654
2804852929801600768,300.0,goal_1e-11,0.1975,6.706294783683836,0.9305
3114023912926376448,300.0,goal_1e-11,0.0125,3.2919662749914185,0.9555
5524591457617244928,300.0,goal_1e-11,0.0,2.5478475801469727,0.6935
4060366016201160320,300.0,goal_1e-11,0.0,0.2233398571896543,0.8235
6694638847956909696,300.0,goal_1e-11,0.0055,2.911939546942665,0.949
3039556915253606144,300.0,goal_1e-11,0.0525,4.747272842455095,0.9165
6237927045205600000,300.0,goal_1e-11,0.0005,1.9435517294869138,0.9405
1878241773237645184,300.0,goal_1e-11,0.0,2.8298180247909936,0.814
4288946748293342080,300.0,goal_1e-11,0.542,11.597806484900953,0.974
2337648311488015360,300.0,goal_1e-11,0.005,3.8797452475896725,0.838
4395214100433309184,300.0,goal_1e-11,0.155,5.780061195545175,0.9725
2796277112767076864,300.0,goal_1e-11,0.0,1.3539532640997687,0.831
6016504747910034432,300.0,goal_1e-11,0.0,2.0290897217285346,0.349
5166280100090122880,300.0,goal_1e-11,0.1315,5.59004827167918,0.9535
1130573557111974912,300.0,goal_1e-11,0.08,5.122941577195232,0.927
164738354017665664,300.0,goal_1e-11,0.0,0.5188784600158151,0.5525
1761771910959772032,300.0,goal_1e-11,0.0,2.7885802728813713,0.6915
1329848490477856768,300.0,goal_1e-11,0.558,11.815775586248794,0.977
3311535375672171776,300.0,goal_1e-11,0.0635,4.638322160252281,0.945
6112272348126668800,300.0,goal_1e-11,0.007,3.7788599853794205,0.8675
6755038496304470144,300.0,goal_1e-11,0.002,3.3274713899570108,0.865
4283053988756001920,300.0,goal_1e-11,0.0055,3.077791797585388,0.923
2599647119044490496,300.0,goal_1e-11,0.0,3.297307870731377,0.8435
490441735713670528,300.0,goal_1e-11,0.0065,3.137507428348549,0.929
4934043968492272896,300.0,goal_1e-11,0.057,4.243140215449994,0.9715
2621100450623361280,300.0,goal_1e-11,0.4735,10.27210777705466,0.9825
1851315420672845056,300.0,goal_1e-11,0.0005,3.6256675728061616,0.841
5541455315986463104,300.0,goal_1e-11,0.0,2.0296296484943364,0.742
5976098417137532800,300.0,goal_1e-11,0.0,2.5613045058053676,0.8825
28898090451449472,300.0,goal_1e-11,0.0,2.363101789823528,0.773
6592347918267168128,300.0,goal_1e-11,0.0205,4.2074756715762645,0.904
5887064359268864256,300.0,goal_1e-11,0.0,0.9681256200747118,0.901
6518913495153329920,300.0,goal_1e-11,0.0,1.9914465275047204,0.6355
4600878063941953280,300.0,goal_1e-11,0.0,2.9211359463846693,0.632
992845122843798016,300.0,goal_1e-11,0.0,3.2024996893211144,0.854
3664521351702250752,300.0,goal_1e-11,0.248,7.103482855039175,0.953
3711953493050429568,300.0,goal_1e-11,0.0,3.6719368352642165,0.7975
5473228871432372992,300.0,goal_1e-11,0.0,3.032579098590175,0.722
6752384069075512320,300.0,goal_1e-11,0.0,2.590438359722397,0.7775
4115513220094402048,300.0,goal_1e-11,0.0,1.6770378267962518,0.6455
4602130957441446400,300.0,goal_1e-11,0.0,2.3283204580049697,0.644
377546664910219776,300.0,goal_1e-11,0.1025,5.366590703767053,0.92
4364333977066797056,300.0,goal_1e-11,0.0,1.1181423626230331,0.391
5768315046181771904,300.0,goal_1e-11,0.0,2.473583221815806,0.875
123580919370477952,300.0,goal_1e-11,0.0,2.325548369989521,0.762
4366334126156046976,300.0,goal_1e-11,0.0,1.9171095139647432,0.926
4901782819863332608,300.0,goal_1e-11,0.3045,7.734084912218657,0.9795
2151838817854979456,300.0,goal_1e-11,0.0,1.9347737003238612,0.427
1343460895402697600,300.0,goal_1e-11,0.154,5.71866511234148,0.9775
6136053959995638016,300.0,goal_1e-11,0.0,2.4350556023375467,0.7675
2221263218985851520,300.0,goal_1e-11,0.575,12.549314420859435,0.996
4162186251740404608,300.0,goal_1e-11,0.203,6.305242787119771,0.9895
1678399143976755584,300.0,goal_1e-11,0.069,5.029839061824378,0.9095
2704125913666895104,300.0,goal_1e-11,0.0,2.1760798433650805,0.7235
5000393997669149952,300.0,goal_1e-11,0.0145,3.9269482414710364,0.874
2491206105423269504,300.0,goal_1e-11,0.12,5.707701615749053,0.937
6274538269849968512,300.0,goal_1e-11,0.004,2.7272746730334148,0.9295
707365862223681408,300.0,goal_1e-11,0.0005,2.5611093743569056,0.876
4735086373076351744,300.0,goal_1e-11,0.241,6.869519439580008,0.975
2799316059826451328,300.0,goal_1e-11,0.02,3.9694880182104373,0.8945
1875970079134757760,300.0,goal_1e-11,0.0,2.810652351134549,0.8465
1783649894544856960,300.0,goal_1e-11,0.0,2.6166018251410015,0.7545
2554116930949289856,300.0,goal_1e-11,0.0,3.5719766377315874,0.7545
2753295523906432384,300.0,goal_1e-11,0.0,2.3733096939337397,0.815
886990809110955008,300.0,goal_1e-11,0.088,4.849642452509703,0.974
919018036639891968,300.0,goal_1e-11,0.0775,5.013470366808159,0.914
2833555985786735232,300.0,goal_1e-11,0.0935,5.022694155223683,0.9695
3023472056569280512,300.0,goal_1e-11,0.012,3.2359961055421333,0.9375
868768602903736832,300.0,goal_1e-11,0.0,3.0055825392039215,0.8625
5178460008866279808,300.0,goal_1e-11,0.0,3.221760576944539,0.83
3004697238395042176,300.0,goal_1e-11,0.2455,6.834759021884029,0.9805
2346247935526578688,300.0,goal_1e-11,0.008,3.142440687822986,0.965
1933622971340170496,300.0,goal_1e-11,0.0,2.5336634965892335,0.7335
1014188567684692224,300.0,goal_1e-11,0.0005,3.02286543506061,0.8885
5466445022127902976,300.0,goal_1e-11,0.0015,3.0184893876897627,0.908
6681692893110527232,300.0,goal_1e-11,0.0,3.213498828102604,0.831
5185560414440293632,300.0,goal_1e-11,0.118,5.64628064305529,0.93
5800349145690204288,300.0,goal_1e-11,0.0015,2.6677839781803763,0.9015
4105409399796978944,300.0,goal_1e-11,0.0,1.777891291451049,0.691
4708692944344873216,300.0,goal_1e-11,0.0,2.233633938364378,0.7755
2027994226190382848,300.0,goal_1e-11,0.0,2.4482547983544998,0.774
2511654375999952640,300.0,goal_1e-11,0.0,3.006125421412143,0.784
5493261389176885632,300.0,goal_1e-11,0.0,3.3945029468764467,0.845
2240388880151078528,300.0,goal_1e-11,0.0105,2.839873940059181,0.9605
5658455555185799040,300.0,goal_1e-11,0.0,2.2339531679644953,0.8645
5052502602489649664,300.0,goal_1e-11,0.115,5.519249248286623,0.9365
1979258613779627520,300.0,goal_1e-11,0.007,3.1150191464479393,0.924
446639254048922112,300.0,goal_1e-11,0.0,1.872535235698335,0.805
5601915746720479104,300.0,goal_1e-11,0.0015,3.211678576915149,0.8585
4776963682897871616,300.0,goal_1e-11,0.256,7.012401711904497,0.965
3280686721529098368,300.0,goal_1e-11,0.0,2.3834556973758363,0.861
1285339370727734400,300.0,goal_1e-11,0.0,3.472217780378217,0.795
5511484179500121088,300.0,goal_1e-11,0.0,2.859516468902531,0.7565
519978157091449088,300.0,goal_1e-11,0.0,1.6483911033432783,0.5955
3855789469596668544,300.0,goal_1e-11,0.0,1.7170454184711161,0.328
572054498112591744,300.0,goal_1e-11,0.0,1.885792723107089,0.6115
357842591908022912,300.0,goal_1e-11,0.0,1.9718816784445334,0.614
5927844322167316352,300.0,goal_1e-11,0.0,1.7455064726744516,0.362
2281306105868025600,300.0,goal_1e-11,0.0,3.5341874407908707,0.794
6342743866636102528,300.0,goal_1e-11,0.0,1.9899143137523214,0.7335
1690963263347609088,300.0,goal_1e-11,0.0075,3.4811218648025797,0.866
1230823728796492672,300.0,goal_1e-11,0.0,3.061374456970554,0.81
6411524297547089024,300.0,goal_1e-11,0.0035,2.6533205093369805,0.919
2935813011016890752,300.0,goal_1e-11,0.0,2.5086259218515963,0.703
1510354597152530176,300.0,goal_1e-11,0.014,3.645089405971654,0.8945
263711679169833728,300.0,goal_1e-11,0.004,2.4368511031938334,0.9615
2203996935067479424,300.0,goal_1e-11,0.0575,4.975626231065351,0.901
4637390027600793344,300.0,goal_1e-11,0.0045,3.0120597622919734,0.9045
3326809997366173568,300.0,goal_1e-11,0.0085,3.605914871110004,0.891
359891153870510208,300.0,goal_1e-11,0.2925,7.537293914619216,0.979
3194157939562713472,300.0,goal_1e-11,0.0055,3.1698957467844258,0.8925
5654914887224650240,300.0,goal_1e-11,0.005,2.9992438450234107,0.9185
132596261882440320,300.0,goal_1e-11,0.0,2.9721299933096597,0.838
4262558915898078720,300.0,goal_1e-11,0.005,2.710790206561685,0.939
6149021149160162176,300.0,goal_1e-11,0.0,1.9909854634821453,0.696
2811411825899219200,300.0,goal_1e-11,0.3355,7.934236594371451,0.988
1900800964403932800,300.0,goal_1e-11,0.0,2.0307352756327974,0.685
6009934130839583488,300.0,goal_1e-11,0.0,1.596470345477268,0.9315
6872322302128569344,300.0,goal_1e-11,0.0,2.393846267881011,0.875
4548634356637185792,300.0,goal_1e-11,0.038,4.12988373514258,0.923
6527091903161249152,300.0,goal_1e-11,0.0,2.310824631642423,0.7225
2639759162947729408,300.0,goal_1e-11,0.0,2.145471889639338,0.4585
4100927786033595648,300.0,goal_1e-11,0.002,2.1407707334676185,0.9535
5371882654157606912,300.0,goal_1e-11,0.1885,6.269283763991234,0.9625
6775009922429158272,300.0,goal_1e-11,0.0045,2.6565058535270656,0.948
665668979685323648,300.0,goal_1e-11,0.122,5.3614999345406265,0.9735
1832230956847006592,300.0,goal_1e-11,0.3725,8.826879304568712,0.9565
6284599664533612544,300.0,goal_1e-11,0.022,3.924033993279102,0.928
4641784775576833536,300.0,goal_1e-11,0.077,5.007637335641187,0.92
4268847611328000256,300.0,goal_1e-11,0.894,38.66751766024705,0.9985
4278176623883730176,300.0,goal_1e-11,0.0,1.5034144218694137,0.486
3267929947104804096,500.0,current_1e-9,0.0105,3.1453576109492216,0.902
5642877846246495360,500.0,current_1e-9,0.0,3.2694472436337443,0.8195
6603465041679231872,500.0,current_1e-9,0.034,3.1129074481521215,0.987
2046526391572691328,500.0,current_1e-9,0.014,2.856948876722786,0.958
1016789806037687424,500.0,current_1e-9,0.0505,3.6494579339496847,0.984
5679711000438989312,500.0,current_1e-9,0.0005,1.7478978730044172,0.941
2995683893041962368,500.0,current_1e-9,0.029,3.368762759389916,0.942
5953737099445742848,500.0,current_1e-9,0.0085,2.4045804963287365,0.967
4615401513032729088,500.0,current_1e-9,0.041,3.9839052164579467,0.944
3004510772390701696,500.0,current_1e-9,0.062,4.048630877623873,0.9475
4069792782145982080,500.0,current_1e-9,0.106,4.67525075361827,0.9675
5814108395520777856,500.0,current_1e-9,0.0565,4.034959039394324,0.9625
5962272505153840896,500.0,current_1e-9,0.0415,3.5405367545446595,0.9825
2149291627370030336,500.0,current_1e-9,0.0035,3.0272531258888433,0.887
1323478680316848256,500.0,current_1e-9,0.0015,1.7035170438183869,0.9815
5260504054704228736,500.0,current_1e-9,0.093,4.5774957217692,0.977
5841541455445538432,500.0,current_1e-9,0.0085,2.285302703773218,0.972
3867940039451965952,500.0,current_1e-9,0.1,4.842991039118035,0.9555
87878642944408960,500.0,current_1e-9,0.0235,3.701109400488612,0.9285
3151482384299373696,500.0,current_1e-9,0.0585,3.6740749270499764,0.99
6181044017297795968,500.0,current_1e-9,0.1725,5.8349649879136765,0.9875
803645216387486720,500.0,current_1e-9,0.185,5.924804118700498,0.97
5914174364643486592,500.0,current_1e-9,0.0185,2.4094407304860836,0.989
4797122403959920768,500.0,current_1e-9,0.082,4.379320404998768,0.974
2575048093288905088,500.0,current_1e-9,0.138,5.421821831944734,0.966
4229058961259584256,500.0,current_1e-9,0.057,3.6228083801222692,0.992
4561522831932945920,500.0,current_1e-9,0.082,4.263908711510289,0.977
2208326773198648320,500.0,current_1e-9,0.0445,3.359700760731214,0.9835
6094128791359632256,500.0,current_1e-9,0.055,3.7789792137280953,0.9845
2769623267282593152,500.0,current_1e-9,0.011,2.1474079380078352,0.988
5660807578058341120,500.0,current_1e-9,0.039,3.783517957019826,0.954
296496818102428544,500.0,current_1e-9,0.0505,3.7184583820686674,0.9695
158752853233960704,500.0,current_1e-9,0.0035,2.6329423312883646,0.9255
2259514678757235200,500.0,current_1e-9,0.015,3.307201248267926,0.929
4227855172121285760,500.0,current_1e-9,0.107,4.895661679546916,0.9645
2196000977264781056,500.0,current_1e-9,0.06,4.24001868802822,0.9345
1422765267499632640,500.0,current_1e-9,0.0295,3.291954667442191,0.953
5351303408563334912,500.0,current_1e-9,0.048,3.882063444029947,0.986
1364263517961035648,500.0,current_1e-9,0.0365,3.7656134739274174,0.9275
5274946414813497344,500.0,current_1e-9,0.128,5.362252598018853,0.9465
3180960123537829760,500.0,current_1e-9,0.048,3.5079205643152904,0.9845
2757278951454094208,500.0,current_1e-9,0.0365,3.845675422519985,0.9345
2703346703520007168,500.0,current_1e-9,0.0155,3.2597739443643974,0.9295
4002529127504102656,500.0,current_1e-9,0.091,4.447230566442431,0.9835
5421588692928858752,500.0,current_1e-9,0.01,3.2260987002825563,0.898
6050388913137070848,500.0,current_1e-9,0.0075,2.1159100639631268,0.9915
4345060775182367232,500.0,current_1e-9,0.0055,2.9601577203251237,0.9265
992946106114748032,500.0,current_1e-9,0.1355,5.857564026113188,0.9315
676792841901784192,500.0,current_1e-9,0.0075,2.0495945888590876,0.9845
218953691837608960,500.0,current_1e-9,0.013,2.556605936283593,0.9795
2482368024800833024,500.0,current_1e-9,0.023,2.8919124036446258,0.9815
4609966833215963392,500.0,current_1e-9,0.041,4.593087974019136,0.8735
6844037812175117440,500.0,current_1e-9,0.002,1.4273873401391868,0.9925
6441225886185109632,500.0,current_1e-9,0.0205,2.8643352257194903,0.9685
1275271417631701504,500.0,current_1e-9,0.0435,3.992658779427371,0.9315
6490173906174556416,500.0,current_1e-9,0.019,3.394176451765761,0.9335
5940429538445511808,500.0,current_1e-9,0.1985,6.099661411901283,0.977
3793148372312611456,500.0,current_1e-9,0.066,4.64821331081023,0.9165
3138662151736925568,500.0,current_1e-9,0.015,3.5792025552597933,0.9035
5976199159903812736,500.0,current_1e-9,0.003,1.911566884526167,0.976
1504338722359357568,500.0,current_1e-9,0.009,2.350813751424157,0.979
1688451325954477184,500.0,current_1e-9,0.1075,4.951413307793963,0.9585
5889045855385067136,500.0,current_1e-9,0.0145,3.3644266833969687,0.916
4081754605352170496,500.0,current_1e-9,0.0135,2.4123088350302275,0.994
2691146831736184576,500.0,current_1e-9,0.0625,4.486058070100573,0.9365
334398010409366400,500.0,current_1e-9,0.0045,1.9782402122399358,0.984
1383626089525174016,500.0,current_1e-9,0.0175,3.106901439618485,0.953
3702063519102244480,500.0,current_1e-9,0.0705,4.012956209441458,0.9845
5423016683660491264,500.0,current_1e-9,0.008,3.513954608728565,0.8865
2804852929801600768,500.0,current_1e-9,0.2915,7.713994303021561,0.974
3114023912926376448,500.0,current_1e-9,0.003,1.6725410323911358,0.987
5524591457617244928,500.0,current_1e-9,0.0275,3.9944926968574834,0.9055
4060366016201160320,500.0,current_1e-9,0.0,0.5499099024336926,0.937
6694638847956909696,500.0,current_1e-9,0.0055,1.8408273848411734,0.981
3039556915253606144,500.0,current_1e-9,0.071,4.282343769121899,0.9675
6237927045205600000,500.0,current_1e-9,0.004,2.0511532113687,0.9755
1878241773237645184,500.0,current_1e-9,0.04,3.9608782891875407,0.9405
4288946748293342080,500.0,current_1e-9,0.267,7.269096275647936,0.9895
2337648311488015360,500.0,current_1e-9,0.091,4.759878435004874,0.947
4395214100433309184,500.0,current_1e-9,0.0745,4.0138005246255455,0.989
2796277112767076864,500.0,current_1e-9,0.003,2.465227822339901,0.9345
6016504747910034432,500.0,current_1e-9,0.0,3.725598569299507,0.803
5166280100090122880,500.0,current_1e-9,0.055,3.6537547461722926,0.988
1130573557111974912,500.0,current_1e-9,0.0835,4.389063217177754,0.973
164738354017665664,500.0,current_1e-9,0.0,1.17911218474741,0.8495
1761771910959772032,500.0,current_1e-9,0.0555,4.526708767448889,0.905
1329848490477856768,500.0,current_1e-9,0.3395,8.685676478592649,0.9935
3311535375672171776,500.0,current_1e-9,0.075,4.172986968711219,0.977
6112272348126668800,500.0,current_1e-9,0.0675,4.178481968559916,0.9545
6755038496304470144,500.0,current_1e-9,0.045,3.736343452794662,0.9555
4283053988756001920,500.0,current_1e-9,0.0125,2.5658136520964154,0.98
2599647119044490496,500.0,current_1e-9,0.0625,4.213599431822239,0.9445
490441735713670528,500.0,current_1e-9,0.009,2.3775302283855817,0.9745
4934043968492272896,500.0,current_1e-9,0.005,1.805345217472799,0.989
2621100450623361280,500.0,current_1e-9,0.1265,4.9662797594521875,0.995
1851315420672845056,500.0,current_1e-9,0.1135,5.1369840150029,0.954
5541455315986463104,500.0,current_1e-9,0.0105,3.3872703174196523,0.9175
5976098417137532800,500.0,current_1e-9,0.026,3.2690761033906885,0.9615
28898090451449472,500.0,current_1e-9,0.0225,3.5578763648868152,0.923
6592347918267168128,500.0,current_1e-9,0.0685,4.175080947396798,0.9615
5887064359268864256,500.0,current_1e-9,0.0025,1.783741079210722,0.966
6518913495153329920,500.0,current_1e-9,0.0065,3.349536417579313,0.8905
4600878063941953280,500.0,current_1e-9,0.046,4.725797007564864,0.884
992845122843798016,500.0,current_1e-9,0.0575,4.320371252012759,0.945
3664521351702250752,500.0,current_1e-9,0.128,5.111944566046146,0.983
3711953493050429568,500.0,current_1e-9,0.124,5.525512554935747,0.9375
5473228871432372992,500.0,current_1e-9,0.062,4.728349634258992,0.9105
6752384069075512320,500.0,current_1e-9,0.021,3.4034700594635456,0.922
4115513220094402048,500.0,current_1e-9,0.0015,2.97470071571232,0.881
4602130957441446400,500.0,current_1e-9,0.0125,3.743674170008508,0.886
377546664910219776,500.0,current_1e-9,0.236,6.596913856486611,0.9715
4364333977066797056,500.0,current_1e-9,0.0,2.282765997640824,0.8055
5768315046181771904,500.0,current_1e-9,0.0085,2.6816693091954216,0.9535
123580919370477952,500.0,current_1e-9,0.023,3.752932686456827,0.927
4366334126156046976,500.0,current_1e-9,0.0095,2.2030806168802117,0.973
4901782819863332608,500.0,current_1e-9,0.049,3.3621614935112047,0.992
2151838817854979456,500.0,current_1e-9,0.0005,3.480760858537779,0.8225
1343460895402697600,500.0,current_1e-9,0.005,2.082186622559352,0.9925
6136053959995638016,500.0,current_1e-9,0.0225,3.70216605899897,0.924
2221263218985851520,500.0,current_1e-9,0.0105,2.0507728649033505,0.9995
4162186251740404608,500.0,current_1e-9,0.006,1.875443179392649,0.9975
1678399143976755584,500.0,current_1e-9,0.162,5.679565428718828,0.975
2704125913666895104,500.0,current_1e-9,0.015,3.5544254046452206,0.908
5000393997669149952,500.0,current_1e-9,0.0895,4.611599781970239,0.956
2491206105423269504,500.0,current_1e-9,0.2085,6.343801928803171,0.974
6274538269849968512,500.0,current_1e-9,0.0075,2.123438649375165,0.974
707365862223681408,500.0,current_1e-9,0.018,3.0877839043154554,0.954
4735086373076351744,500.0,current_1e-9,0.038,3.316420250206235,0.99
2799316059826451328,500.0,current_1e-9,0.0615,4.053092819743792,0.964
1875970079134757760,500.0,current_1e-9,0.0175,3.067176892887304,0.951
1783649894544856960,500.0,current_1e-9,0.035,4.015198447853028,0.9185
2554116930949289856,500.0,current_1e-9,0.105,5.468256029833704,0.9105
2753295523906432384,500.0,current_1e-9,0.013,3.0559376458980445,0.939
886990809110955008,500.0,current_1e-9,0.008,1.9017953065009137,0.988
919018036639891968,500.0,current_1e-9,0.1245,4.933349354111124,0.9685
2833555985786735232,500.0,current_1e-9,0.012,2.221400507086381,0.99
3023472056569280512,500.0,current_1e-9,0.009,2.268253664815552,0.9815
868768602903736832,500.0,current_1e-9,0.022,3.2075147578774503,0.9605
5178460008866279808,500.0,current_1e-9,0.0665,4.338857753190769,0.945
3004697238395042176,500.0,current_1e-9,0.012,2.4193252937842424,0.995
2346247935526578688,500.0,current_1e-9,0.006,1.9687634462089263,0.988
1933622971340170496,500.0,current_1e-9,0.0425,4.01131320253853,0.926
1014188567684692224,500.0,current_1e-9,0.014,2.912183729846941,0.957
5466445022127902976,500.0,current_1e-9,0.037,3.627729482052392,0.972
6681692893110527232,500.0,current_1e-9,0.057,4.225175061925399,0.937
5185560414440293632,500.0,current_1e-9,0.2055,6.327396491917283,0.9735
5800349145690204288,500.0,current_1e-9,0.017,2.829610363619708,0.964
4105409399796978944,500.0,current_1e-9,0.007,3.132707608582477,0.899
4708692944344873216,500.0,current_1e-9,0.0215,3.554686269639339,0.9305
2027994226190382848,500.0,current_1e-9,0.0155,3.4454563045915974,0.914
2511654375999952640,500.0,current_1e-9,0.0505,4.466353224563675,0.925
5493261389176885632,500.0,current_1e-9,0.086,4.678838870729094,0.9405
2240388880151078528,500.0,current_1e-9,0.0025,1.5629666107992497,0.984
5658455555185799040,500.0,current_1e-9,0.007,2.6197833689414107,0.9525
5052502602489649664,500.0,current_1e-9,0.157,5.471998841093556,0.9735
1979258613779627520,500.0,current_1e-9,0.0115,2.4213222065270825,0.976
446639254048922112,500.0,current_1e-9,0.01,2.9713554613788227,0.935
5601915746720479104,500.0,current_1e-9,0.042,3.821346537533904,0.9495
4776963682897871616,500.0,current_1e-9,0.217,6.297803963920609,0.989
3280686721529098368,500.0,current_1e-9,0.01,2.807335380495947,0.9605
1285339370727734400,500.0,current_1e-9,0.1185,5.471962836893145,0.9285
5511484179500121088,500.0,current_1e-9,0.06,4.526341587474437,0.9245
519978157091449088,500.0,current_1e-9,0.0035,2.8630904554232566,0.8805
3855789469596668544,500.0,current_1e-9,0.0,3.180268338557571,0.7805
572054498112591744,500.0,current_1e-9,0.005,3.2043234010135384,0.8845
357842591908022912,500.0,current_1e-9,0.0035,3.352272547041931,0.8825
5927844322167316352,500.0,current_1e-9,0.0,3.259532295446075,0.8105
2281306105868025600,500.0,current_1e-9,0.109,5.266836236055882,0.937
6342743866636102528,500.0,current_1e-9,0.0065,3.054459975497758,0.92
1690963263347609088,500.0,current_1e-9,0.0435,3.649843825170733,0.9465
1230823728796492672,500.0,current_1e-9,0.032,3.8146654530166835,0.936
6411524297547089024,500.0,current_1e-9,0.0095,2.1803749090441205,0.974
2935813011016890752,500.0,current_1e-9,0.0255,3.8543022165447756,0.9005
1510354597152530176,500.0,current_1e-9,0.0685,4.002338083948775,0.9675
263711679169833728,500.0,current_1e-9,0.0025,1.5302006631085692,0.985
2203996935067479424,500.0,current_1e-9,0.24,6.996473514135059,0.964
4637390027600793344,500.0,current_1e-9,0.0115,2.6971418037541626,0.967
3326809997366173568,500.0,current_1e-9,0.032,3.378047435150621,0.961
359891153870510208,500.0,current_1e-9,0.0235,2.7058274093090517,0.9905
3194157939562713472,500.0,current_1e-9,0.03,3.1543782190122345,0.9645
5654914887224650240,500.0,current_1e-9,0.029,3.206175577878787,0.969
132596261882440320,500.0,current_1e-9,0.0355,3.491262694929187,0.9535
4262558915898078720,500.0,current_1e-9,0.004,1.9765397449174873,0.9785
6149021149160162176,500.0,current_1e-9,0.007,3.1709021450647685,0.9035
2811411825899219200,500.0,current_1e-9,0.009,2.0216866805359692,0.994
1900800964403932800,500.0,current_1e-9,0.01,3.238095498321367,0.9035
6009934130839583488,500.0,current_1e-9,0.0025,1.5403626310747351,0.975
6872322302128569344,500.0,current_1e-9,0.014,2.942113181136364,0.954
4548634356637185792,500.0,current_1e-9,0.0395,3.3962629922891154,0.972
6527091903161249152,500.0,current_1e-9,0.013,3.5093882238871283,0.9125
2639759162947729408,500.0,current_1e-9,0.0035,3.791817617112494,0.8395
4100927786033595648,500.0,current_1e-9,0.001,1.4383533702237306,0.9785
5371882654157606912,500.0,current_1e-9,0.057,3.7203012507951367,0.9905
6775009922429158272,500.0,current_1e-9,0.0055,1.7111666567447459,0.987
665668979685323648,500.0,current_1e-9,0.007,2.191222627991253,0.9915
1832230956847006592,500.0,current_1e-9,0.3615,8.950199511295642,0.982
6284599664533612544,500.0,current_1e-9,0.035,3.438145575182046,0.976
4641784775576833536,500.0,current_1e-9,0.125,5.0618504645385825,0.97
4268847611328000256,500.0,current_1e-9,0.2915,7.867734359049513,0.999
4278176623883730176,500.0,current_1e-9,0.0,2.793742328702415,0.844
3267929947104804096,500.0,nearterm_1e-10,0.021,3.9136143109341366,0.902
5642877846246495360,500.0,nearterm_1e-10,0.0005,3.773555109147571,0.8195
6603465041679231872,500.0,nearterm_1e-10,0.4345,9.994565489737731,0.987
2046526391572691328,500.0,nearterm_1e-10,0.119,5.475150047582941,0.958
1016789806037687424,500.0,nearterm_1e-10,0.4245,9.688445472133676,0.984
5679711000438989312,500.0,nearterm_1e-10,0.0015,2.195789131979005,0.941
2995683893041962368,500.0,nearterm_1e-10,0.099,5.299342160708372,0.942
5953737099445742848,500.0,nearterm_1e-10,0.054,4.240536607502263,0.967
4615401513032729088,500.0,nearterm_1e-10,0.0945,5.198701499193634,0.944
3004510772390701696,500.0,nearterm_1e-10,0.1785,6.2548429353296715,0.9475
4069792782145982080,500.0,nearterm_1e-10,0.264,7.197718517847181,0.9675
5814108395520777856,500.0,nearterm_1e-10,0.2295,6.8004553943423955,0.9625
5962272505153840896,500.0,nearterm_1e-10,0.373,8.603477063742236,0.9825
2149291627370030336,500.0,nearterm_1e-10,0.0085,3.660491775763367,0.887
1323478680316848256,500.0,nearterm_1e-10,0.135,5.350717474874497,0.9815
5260504054704228736,500.0,nearterm_1e-10,0.384,8.8193759915418,0.977
5841541455445538432,500.0,nearterm_1e-10,0.075,4.596934292992775,0.972
3867940039451965952,500.0,nearterm_1e-10,0.277,7.452669729518089,0.9555
87878642944408960,500.0,nearterm_1e-10,0.0565,4.7894490239145435,0.9285
3151482384299373696,500.0,nearterm_1e-10,0.478,10.883886136355168,0.99
6181044017297795968,500.0,nearterm_1e-10,0.632,15.115255766166952,0.9875
803645216387486720,500.0,nearterm_1e-10,0.479,10.384842889395683,0.97
5914174364643486592,500.0,nearterm_1e-10,0.2135,6.42165851779721,0.989
4797122403959920768,500.0,nearterm_1e-10,0.335,8.134092827024023,0.974
2575048093288905088,500.0,nearterm_1e-10,0.3115,7.843714985316512,0.966
4229058961259584256,500.0,nearterm_1e-10,0.5005,11.102321136567243,0.992
4561522831932945920,500.0,nearterm_1e-10,0.407,9.201203955638874,0.977
2208326773198648320,500.0,nearterm_1e-10,0.3785,8.791311379294298,0.9835
6094128791359632256,500.0,nearterm_1e-10,0.338,7.9650303291139934,0.9845
2769623267282593152,500.0,nearterm_1e-10,0.266,7.014216489071501,0.988
5660807578058341120,500.0,nearterm_1e-10,0.192,6.357180783318237,0.954
296496818102428544,500.0,nearterm_1e-10,0.308,7.724291936685768,0.9695
158752853233960704,500.0,nearterm_1e-10,0.007,3.038450434702388,0.9255
2259514678757235200,500.0,nearterm_1e-10,0.0385,4.4561327320751625,0.929
4227855172121285760,500.0,nearterm_1e-10,0.2835,7.4456818891126515,0.9645
2196000977264781056,500.0,nearterm_1e-10,0.167,6.33208811861891,0.9345
1422765267499632640,500.0,nearterm_1e-10,0.164,6.155377047548967,0.953
5351303408563334912,500.0,nearterm_1e-10,0.1705,5.922509283430381,0.986
1364263517961035648,500.0,nearterm_1e-10,0.0845,5.081563160050038,0.9275
5274946414813497344,500.0,nearterm_1e-10,0.2215,6.770496808060774,0.9465
3180960123537829760,500.0,nearterm_1e-10,0.357,8.478669356501916,0.9845
2757278951454094208,500.0,nearterm_1e-10,0.0705,4.928283910450607,0.9345
2703346703520007168,500.0,nearterm_1e-10,0.0685,4.8174210284830155,0.9295
4002529127504102656,500.0,nearterm_1e-10,0.5055,11.388893800011058,0.9835
5421588692928858752,500.0,nearterm_1e-10,0.0245,4.107266496468363,0.898
6050388913137070848,500.0,nearterm_1e-10,0.0845,4.583680203905653,0.9915
4345060775182367232,500.0,nearterm_1e-10,0.019,3.8996126362226553,0.9265
992946106114748032,500.0,nearterm_1e-10,0.223,7.276354073033688,0.9315
676792841901784192,500.0,nearterm_1e-10,0.2205,6.472988264830676,0.9845
218953691837608960,500.0,nearterm_1e-10,0.167,5.929446421926361,0.9795
2482368024800833024,500.0,nearterm_1e-10,0.291,7.345951054409292,0.9815
4609966833215963392,500.0,nearterm_1e-10,0.0715,5.342077465666274,0.8735
6844037812175117440,500.0,nearterm_1e-10,0.189,5.91146484041031,0.9925
6441225886185109632,500.0,nearterm_1e-10,0.21,6.487754666966667,0.9685
1275271417631701504,500.0,nearterm_1e-10,0.1255,5.544723523181032,0.9315
6490173906174556416,500.0,nearterm_1e-10,0.11,5.369075710467174,0.9335
5940429538445511808,500.0,nearterm_1e-10,0.492,11.044688965838919,0.977
3793148372312611456,500.0,nearterm_1e-10,0.1305,5.976526652764576,0.9165
3138662151736925568,500.0,nearterm_1e-10,0.0355,4.495304578946505,0.9035
5976199159903812736,500.0,nearterm_1e-10,0.0445,3.9735717838294966,0.976
1504338722359357568,500.0,nearterm_1e-10,0.245,6.918845255517645,0.979
1688451325954477184,500.0,nearterm_1e-10,0.332,8.198206933011445,0.9585
5889045855385067136,500.0,nearterm_1e-10,0.0275,4.21800179071539,0.916
4081754605352170496,500.0,nearterm_1e-10,0.44,10.021426959270837,0.994
2691146831736184576,500.0,nearterm_1e-10,0.1215,5.734024024867819,0.9365
334398010409366400,500.0,nearterm_1e-10,0.197,6.288878201833589,0.984
1383626089525174016,500.0,nearterm_1e-10,0.136,5.674193727578669,0.953
3702063519102244480,500.0,nearterm_1e-10,0.456,10.154114100145053,0.9845
5423016683660491264,500.0,nearterm_1e-10,0.0315,4.513875638157618,0.8865
2804852929801600768,500.0,nearterm_1e-10,0.5225,11.711824027414288,0.974
3114023912926376448,500.0,nearterm_1e-10,0.175,5.769241449615052,0.987
5524591457617244928,500.0,nearterm_1e-10,0.07,5.044971810778654,0.9055
4060366016201160320,500.0,nearterm_1e-10,0.0,0.5766098219975154,0.937
6694638847956909696,500.0,nearterm_1e-10,0.144,5.341630695559861,0.981
3039556915253606144,500.0,nearterm_1e-10,0.3485,8.443898267858142,0.9675
6237927045205600000,500.0,nearterm_1e-10,0.0435,3.9409713480137616,0.9755
1878241773237645184,500.0,nearterm_1e-10,0.1045,5.51465373513518,0.9405
4288946748293342080,500.0,nearterm_1e-10,0.695,18.51914221424253,0.9895
2337648311488015360,500.0,nearterm_1e-10,0.2435,7.2165793708326085,0.947
4395214100433309184,500.0,nearterm_1e-10,0.456,9.802882611844481,0.989
2796277112767076864,500.0,nearterm_1e-10,0.0045,2.9281496055075067,0.9345
6016504747910034432,500.0,nearterm_1e-10,0.0025,4.168724587929357,0.803
5166280100090122880,500.0,nearterm_1e-10,0.433,9.459845859084702,0.988
1130573557111974912,500.0,nearterm_1e-10,0.3875,8.985108853249866,0.973
164738354017665664,500.0,nearterm_1e-10,0.0,1.2530732656031338,0.8495
1761771910959772032,500.0,nearterm_1e-10,0.094,5.466268491721159,0.905
1329848490477856768,500.0,nearterm_1e-10,0.725,19.191246287545038,0.9935
3311535375672171776,500.0,nearterm_1e-10,0.336,8.254446349096314,0.977
6112272348126668800,500.0,nearterm_1e-10,0.24,6.991992980860631,0.9545
6755038496304470144,500.0,nearterm_1e-10,0.178,6.2642746094177495,0.9555
4283053988756001920,500.0,nearterm_1e-10,0.153,5.7491117333967505,0.98
2599647119044490496,500.0,nearterm_1e-10,0.1715,6.270656789404366,0.9445
490441735713670528,500.0,nearterm_1e-10,0.16,5.78958552294497,0.9745
4934043968492272896,500.0,nearterm_1e-10,0.2595,6.943126696123642,0.989
2621100450623361280,500.0,nearterm_1e-10,0.646,15.873011630613833,0.995
1851315420672845056,500.0,nearterm_1e-10,0.2235,6.8423199477119505,0.954
5541455315986463104,500.0,nearterm_1e-10,0.023,4.157326572631291,0.9175
5976098417137532800,500.0,nearterm_1e-10,0.0905,5.029340582298402,0.9615
28898090451449472,500.0,nearterm_1e-10,0.0645,4.716397802107751,0.923
6592347918267168128,500.0,nearterm_1e-10,0.2985,7.634963557510176,0.9615
5887064359268864256,500.0,nearterm_1e-10,0.003,2.191832958290191,0.966
6518913495153329920,500.0,nearterm_1e-10,0.017,4.097688352975343,0.8905
4600878063941953280,500.0,nearterm_1e-10,0.0915,5.708891280532183,0.884
992845122843798016,500.0,nearterm_1e-10,0.161,6.130866458507435,0.945
3664521351702250752,500.0,nearterm_1e-10,0.524,11.864432451899717,0.983
3711953493050429568,500.0,nearterm_1e-10,0.2185,6.942804236140372,0.9375
5473228871432372992,500.0,nearterm_1e-10,0.122,5.878412508275131,0.9105
6752384069075512320,500.0,nearterm_1e-10,0.075,5.09186343843333,0.922
4115513220094402048,500.0,nearterm_1e-10,0.0035,3.5276266556488176,0.881
4602130957441446400,500.0,nearterm_1e-10,0.036,4.683861081761473,0.886
377546664910219776,500.0,nearterm_1e-10,0.425,9.617305276409768,0.9715
4364333977066797056,500.0,nearterm_1e-10,0.0,2.4854401895741383,0.8055
5768315046181771904,500.0,nearterm_1e-10,0.0805,4.852448344556494,0.9535
123580919370477952,500.0,nearterm_1e-10,0.05,4.679478918078487,0.927
4366334126156046976,500.0,nearterm_1e-10,0.0315,3.9084364689419964,0.973
4901782819863332608,500.0,nearterm_1e-10,0.517,11.914627341427941,0.992
2151838817854979456,500.0,nearterm_1e-10,0.002,3.9935339850210485,0.8225
1343460895402697600,500.0,nearterm_1e-10,0.375,8.773079660074934,0.9925
6136053959995638016,500.0,nearterm_1e-10,0.064,4.849677934210004,0.924
2221263218985851520,500.0,nearterm_1e-10,0.5315,13.640866766938586,0.9995
4162186251740404608,500.0,nearterm_1e-10,0.3925,9.078070889147375,0.9975
1678399143976755584,500.0,nearterm_1e-10,0.397,9.038860301147372,0.975
2704125913666895104,500.0,nearterm_1e-10,0.036,4.410855056790039,0.908
5000393997669149952,500.0,nearterm_1e-10,0.2625,7.269353007407312,0.956
2491206105423269504,500.0,nearterm_1e-10,0.46,10.10478118361031,0.974
6274538269849968512,500.0,nearterm_1e-10,0.1155,5.149329264454129,0.974
707365862223681408,500.0,nearterm_1e-10,0.0855,5.013723183091381,0.954
4735086373076351744,500.0,nearterm_1e-10,0.479,10.91350886639896,0.99
2799316059826451328,500.0,nearterm_1e-10,0.2725,7.272985816688713,0.964
1875970079134757760,500.0,nearterm_1e-10,0.1195,5.413832639120289,0.951
1783649894544856960,500.0,nearterm_1e-10,0.076,5.169181936515626,0.9185
2554116930949289856,500.0,nearterm_1e-10,0.177,6.7811627255221225,0.9105
2753295523906432384,500.0,nearterm_1e-10,0.0655,4.718870731825519,0.939
886990809110955008,500.0,nearterm_1e-10,0.315,7.6907168286715075,0.988
919018036639891968,500.0,nearterm_1e-10,0.394,8.903615392883806,0.9685
2833555985786735232,500.0,nearterm_1e-10,0.3295,8.122609759039888,0.99
3023472056569280512,500.0,nearterm_1e-10,0.174,5.915937290074924,0.9815
868768602903736832,500.0,nearterm_1e-10,0.141,5.730813842479751,0.9605
5178460008866279808,500.0,nearterm_1e-10,0.171,6.164030870560898,0.945
3004697238395042176,500.0,nearterm_1e-10,0.4415,10.200707718175973,0.995
2346247935526578688,500.0,nearterm_1e-10,0.165,5.698552461948743,0.988
1933622971340170496,500.0,nearterm_1e-10,0.076,5.023446120881237,0.926
1014188567684692224,500.0,nearterm_1e-10,0.1495,5.7198205029631675,0.957
5466445022127902976,500.0,nearterm_1e-10,0.1475,5.796941485602154,0.972
6681692893110527232,500.0,nearterm_1e-10,0.151,6.136733205406059,0.937
5185560414440293632,500.0,nearterm_1e-10,0.4525,10.003699549061505,0.9735
5800349145690204288,500.0,nearterm_1e-10,0.1105,5.171536552401875,0.964
4105409399796978944,500.0,nearterm_1e-10,0.0135,3.7087047766891357,0.899
4708692944344873216,500.0,nearterm_1e-10,0.05,4.51229787344044,0.9305
2027994226190382848,500.0,nearterm_1e-10,0.0595,4.860088513916039,0.914
2511654375999952640,500.0,nearterm_1e-10,0.126,5.825902705418051,0.925
5493261389176885632,500.0,nearterm_1e-10,0.194,6.435681149956505,0.9405
2240388880151078528,500.0,nearterm_1e-10,0.117,5.115032716254116,0.984
5658455555185799040,500.0,nearterm_1e-10,0.0545,4.469067193419128,0.9525
5052502602489649664,500.0,nearterm_1e-10,0.437,9.71942912896052,0.9735
1979258613779627520,500.0,nearterm_1e-10,0.1625,5.771365893884826,0.976
446639254048922112,500.0,nearterm_1e-10,0.034,3.865793161679351,0.935
5601915746720479104,500.0,nearterm_1e-10,0.16,6.117719391034271,0.9495
4776963682897871616,500.0,nearterm_1e-10,0.5475,11.980635638774931,0.989
3280686721529098368,500.0,nearterm_1e-10,0.0625,4.725606569076363,0.9605
1285339370727734400,500.0,nearterm_1e-10,0.185,6.617950920489725,0.9285
5511484179500121088,500.0,nearterm_1e-10,0.1135,5.595660681595329,0.9245
519978157091449088,500.0,nearterm_1e-10,0.009,3.467625900686694,0.8805
3855789469596668544,500.0,nearterm_1e-10,0.0,3.598810415350143,0.7805
572054498112591744,500.0,nearterm_1e-10,0.0195,3.9047254421017104,0.8845
357842591908022912,500.0,nearterm_1e-10,0.009,4.059010931602893,0.8825
5927844322167316352,500.0,nearterm_1e-10,0.0,3.663126473178294,0.8105
2281306105868025600,500.0,nearterm_1e-10,0.194,6.705520439607903,0.937
6342743866636102528,500.0,nearterm_1e-10,0.025,4.0747928572722225,0.92
1690963263347609088,500.0,nearterm_1e-10,0.196,6.4819216211105655,0.9465
1230823728796492672,500.0,nearterm_1e-10,0.1375,5.868738086946961,0.936
6411524297547089024,500.0,nearterm_1e-10,0.1045,5.052824321187705,0.974
2935813011016890752,500.0,nearterm_1e-10,0.0645,4.987893392092532,0.9005
1510354597152530176,500.0,nearterm_1e-10,0.241,6.762842614535192,0.9675
263711679169833728,500.0,nearterm_1e-10,0.0805,4.572180555435571,0.985
2203996935067479424,500.0,nearterm_1e-10,0.395,9.057080217928894,0.964
4637390027600793344,500.0,nearterm_1e-10,0.152,5.682510616372114,0.967
3326809997366173568,500.0,nearterm_1e-10,0.2185,6.645369944184085,0.961
359891153870510208,500.0,nearterm_1e-10,0.4795,11.182140487919776,0.9905
3194157939562713472,500.0,nearterm_1e-10,0.1725,5.959675063302534,0.9645
5654914887224650240,500.0,nearterm_1e-10,0.139,5.71287480707624,0.969
132596261882440320,500.0,nearterm_1e-10,0.1315,5.71338322357615,0.9535
4262558915898078720,500.0,nearterm_1e-10,0.1125,5.090187430812783,0.9785
6149021149160162176,500.0,nearterm_1e-10,0.0195,4.083532867912316,0.9035
2811411825899219200,500.0,nearterm_1e-10,0.459,10.63712914829531,0.994
1900800964403932800,500.0,nearterm_1e-10,0.026,4.153696746350395,0.9035
6009934130839583488,500.0,nearterm_1e-10,0.02,3.3070017421658795,0.975
6872322302128569344,500.0,nearterm_1e-10,0.075,4.746999745329856,0.954
4548634356637185792,500.0,nearterm_1e-10,0.2785,7.416472524849456,0.972
6527091903161249152,500.0,nearterm_1e-10,0.0475,4.642233632814904,0.9125
2639759162947729408,500.0,nearterm_1e-10,0.0115,4.362106695511673,0.8395
4100927786033595648,500.0,nearterm_1e-10,0.0575,4.134334358869783,0.9785
5371882654157606912,500.0,nearterm_1e-10,0.472,10.38225569835919,0.9905
6775009922429158272,500.0,nearterm_1e-10,0.108,4.938564808510147,0.987
665668979685323648,500.0,nearterm_1e-10,0.357,8.450380105880784,0.9915
1832230956847006592,500.0,nearterm_1e-10,0.635,14.975274734070767,0.982
6284599664533612544,500.0,nearterm_1e-10,0.269,7.116158769744498,0.976
4641784775576833536,500.0,nearterm_1e-10,0.377,8.92643974511166,0.97
4268847611328000256,500.0,nearterm_1e-10,0.831,46.171639559645776,0.999
4278176623883730176,500.0,nearterm_1e-10,0.0,3.2032251301038603,0.844
3267929947104804096,500.0,goal_1e-11,0.0225,4.001279969584865,0.902
5642877846246495360,500.0,goal_1e-11,0.0005,3.828874224083591,0.8195
6603465041679231872,500.0,goal_1e-11,0.528,11.550795966847408,0.987
2046526391572691328,500.0,goal_1e-11,0.1455,5.856416714866968,0.958
1016789806037687424,500.0,goal_1e-11,0.505,10.800793746666127,0.984
5679711000438989312,500.0,goal_1e-11,0.002,2.2477619130950988,0.941
2995683893041962368,500.0,goal_1e-11,0.1105,5.544781690685457,0.942
5953737099445742848,500.0,goal_1e-11,0.066,4.4962669929613615,0.967
4615401513032729088,500.0,goal_1e-11,0.1,5.338090611672147,0.944
3004510772390701696,500.0,goal_1e-11,0.2005,6.528936189503045,0.9475
4069792782145982080,500.0,goal_1e-11,0.2875,7.506547235844738,0.9675
5814108395520777856,500.0,goal_1e-11,0.259,7.158385923729648,0.9625
5962272505153840896,500.0,goal_1e-11,0.425,9.47365901481393,0.9825
2149291627370030336,500.0,goal_1e-11,0.0085,3.73200767245073,0.887
1323478680316848256,500.0,goal_1e-11,0.184,6.186842688538177,0.9815
5260504054704228736,500.0,goal_1e-11,0.424,9.405579870804168,0.977
5841541455445538432,500.0,goal_1e-11,0.0865,4.947299107947848,0.972
3867940039451965952,500.0,goal_1e-11,0.301,7.76796381184567,0.9555
87878642944408960,500.0,goal_1e-11,0.0625,4.914429054288441,0.9285
3151482384299373696,500.0,goal_1e-11,0.563,12.371869126346569,0.99
6181044017297795968,500.0,goal_1e-11,0.695,16.64500122926929,0.9875
803645216387486720,500.0,goal_1e-11,0.508,10.93700557369554,0.97
5914174364643486592,500.0,goal_1e-11,0.2645,7.200257989701826,0.989
4797122403959920768,500.0,goal_1e-11,0.365,8.648185364386407,0.974
2575048093288905088,500.0,goal_1e-11,0.3325,8.12413370158491,0.966
4229058961259584256,500.0,goal_1e-11,0.586,12.669897120211571,0.992
4561522831932945920,500.0,goal_1e-11,0.4505,9.948031489724626,0.977
2208326773198648320,500.0,goal_1e-11,0.4505,9.793621548689659,0.9835
6094128791359632256,500.0,goal_1e-11,0.376,8.599916847478896,0.9845
2769623267282593152,500.0,goal_1e-11,0.345,8.180262110700745,0.988
5660807578058341120,500.0,goal_1e-11,0.219,6.695732816260876,0.954
296496818102428544,500.0,goal_1e-11,0.349,8.32099459631355,0.9695
158752853233960704,500.0,goal_1e-11,0.007,3.0832643408568274,0.9255
2259514678757235200,500.0,goal_1e-11,0.0435,4.591772160606128,0.929
4227855172121285760,500.0,goal_1e-11,0.3045,7.750315680816293,0.9645
2196000977264781056,500.0,goal_1e-11,0.187,6.584558265405815,0.9345
1422765267499632640,500.0,goal_1e-11,0.194,6.561652091973565,0.953
5351303408563334912,500.0,goal_1e-11,0.186,6.173550210722907,0.986
1364263517961035648,500.0,goal_1e-11,0.091,5.23517159207609,0.9275
5274946414813497344,500.0,goal_1e-11,0.2345,6.925137741632078,0.9465
3180960123537829760,500.0,goal_1e-11,0.4095,9.32962703817134,0.9845
2757278951454094208,500.0,goal_1e-11,0.0725,5.052305973076503,0.9345
2703346703520007168,500.0,goal_1e-11,0.076,5.00999737116599,0.9295
4002529127504102656,500.0,goal_1e-11,0.568,12.589575856720215,0.9835
5421588692928858752,500.0,goal_1e-11,0.027,4.208706047942544,0.898
6050388913137070848,500.0,goal_1e-11,0.105,4.981860259870802,0.9915
4345060775182367232,500.0,goal_1e-11,0.021,4.010335280470018,0.9265
992946106114748032,500.0,goal_1e-11,0.2355,7.429979871390666,0.9315
676792841901784192,500.0,goal_1e-11,0.293,7.4809557341126665,0.9845
218953691837608960,500.0,goal_1e-11,0.203,6.500908794951846,0.9795
2482368024800833024,500.0,goal_1e-11,0.354,8.153204219461529,0.9815
4609966833215963392,500.0,goal_1e-11,0.0775,5.422939292775896,0.8735
6844037812175117440,500.0,goal_1e-11,0.286,7.351912325337659,0.9925
6441225886185109632,500.0,goal_1e-11,0.2415,7.095638384492497,0.9685
1275271417631701504,500.0,goal_1e-11,0.135,5.726867779513686,0.9315
6490173906174556416,500.0,goal_1e-11,0.1265,5.6219882405795145,0.9335
5940429538445511808,500.0,goal_1e-11,0.527,11.670094906847229,0.977
3793148372312611456,500.0,goal_1e-11,0.136,6.125163003301868,0.9165
3138662151736925568,500.0,goal_1e-11,0.0375,4.599735618361495,0.9035
5976199159903812736,500.0,goal_1e-11,0.059,4.3001135629898215,0.976
1504338722359357568,500.0,goal_1e-11,0.319,7.892408381694009,0.979
1688451325954477184,500.0,goal_1e-11,0.3575,8.602442447487519,0.9585
5889045855385067136,500.0,goal_1e-11,0.029,4.315396604549658,0.916
4081754605352170496,500.0,goal_1e-11,0.567,12.444547144900673,0.994
2691146831736184576,500.0,goal_1e-11,0.1285,5.874117072066496,0.9365
334398010409366400,500.0,goal_1e-11,0.2775,7.281045846949393,0.984
1383626089525174016,500.0,goal_1e-11,0.158,6.032285025435804,0.953
3702063519102244480,500.0,goal_1e-11,0.512,11.221117285502896,0.9845
5423016683660491264,500.0,goal_1e-11,0.0345,4.628966284824146,0.8865
2804852929801600768,500.0,goal_1e-11,0.5435,12.156513376985526,0.974
3114023912926376448,500.0,goal_1e-11,0.2505,6.804648695938355,0.987
5524591457617244928,500.0,goal_1e-11,0.073,5.163842934402721,0.9055
4060366016201160320,500.0,goal_1e-11,0.0,0.5793988799957273,0.937
6694638847956909696,500.0,goal_1e-11,0.184,6.072124842839573,0.981
3039556915253606144,500.0,goal_1e-11,0.386,9.035865312373465,0.9675
6237927045205600000,500.0,goal_1e-11,0.053,4.2206861048421365,0.9755
1878241773237645184,500.0,goal_1e-11,0.1155,5.698393191461545,0.9405
4288946748293342080,500.0,goal_1e-11,0.7605,20.23361344275825,0.9895
2337648311488015360,500.0,goal_1e-11,0.2625,7.514222688074104,0.947
4395214100433309184,500.0,goal_1e-11,0.5025,10.777414769054836,0.989
2796277112767076864,500.0,goal_1e-11,0.005,2.980306394539258,0.9345
6016504747910034432,500.0,goal_1e-11,0.003,4.216346590307163,0.803
5166280100090122880,500.0,goal_1e-11,0.492,10.495934787292281,0.988
1130573557111974912,500.0,goal_1e-11,0.4275,9.656203925422002,0.973
164738354017665664,500.0,goal_1e-11,0.0,1.2608957863328423,0.8495
1761771910959772032,500.0,goal_1e-11,0.1015,5.569713151178944,0.905
1329848490477856768,500.0,goal_1e-11,0.766,20.5679986892244,0.9935
3311535375672171776,500.0,goal_1e-11,0.3715,8.845670613009629,0.977
6112272348126668800,500.0,goal_1e-11,0.2655,7.3565954024937525,0.9545
6755038496304470144,500.0,goal_1e-11,0.1995,6.597549539521284,0.9555
4283053988756001920,500.0,goal_1e-11,0.191,6.275351855032052,0.98
2599647119044490496,500.0,goal_1e-11,0.188,6.519619737105557,0.9445
490441735713670528,500.0,goal_1e-11,0.2005,6.395325953548848,0.9745
4934043968492272896,500.0,goal_1e-11,0.3695,8.44321003424396,0.989
2621100450623361280,500.0,goal_1e-11,0.732,18.15485236102015,0.995
1851315420672845056,500.0,goal_1e-11,0.2345,7.034275929619501,0.954
5541455315986463104,500.0,goal_1e-11,0.0245,4.244605752042329,0.9175
5976098417137532800,500.0,goal_1e-11,0.1055,5.251032754212368,0.9615
28898090451449472,500.0,goal_1e-11,0.071,4.851425679184848,0.923
6592347918267168128,500.0,goal_1e-11,0.3275,8.104592661558026,0.9615
5887064359268864256,500.0,goal_1e-11,0.003,2.2388699268245165,0.966
6518913495153329920,500.0,goal_1e-11,0.018,4.181986754928213,0.8905
4600878063941953280,500.0,goal_1e-11,0.0945,5.816236068336132,0.884
992845122843798016,500.0,goal_1e-11,0.1705,6.345273473206009,0.945
3664521351702250752,500.0,goal_1e-11,0.58,12.924952233331833,0.983
3711953493050429568,500.0,goal_1e-11,0.23,7.09702330685455,0.9375
5473228871432372992,500.0,goal_1e-11,0.127,6.005551271849764,0.9105
6752384069075512320,500.0,goal_1e-11,0.0875,5.301034948047882,0.922
4115513220094402048,500.0,goal_1e-11,0.004,3.5893758185890676,0.881
4602130957441446400,500.0,goal_1e-11,0.04,4.790091741552633,0.886
377546664910219776,500.0,goal_1e-11,0.45,9.955143564239012,0.9715
4364333977066797056,500.0,goal_1e-11,0.0,2.5071562092943194,0.8055
5768315046181771904,500.0,goal_1e-11,0.0975,5.155919089686146,0.9535
123580919370477952,500.0,goal_1e-11,0.054,4.783928247190527,0.927
4366334126156046976,500.0,goal_1e-11,0.0395,4.148503549877407,0.973
4901782819863332608,500.0,goal_1e-11,0.6245,14.083449709710221,0.992
2151838817854979456,500.0,goal_1e-11,0.004,4.049543144670544,0.8225
1343460895402697600,500.0,goal_1e-11,0.5075,10.930459201756882,0.9925
6136053959995638016,500.0,goal_1e-11,0.068,4.982794916294451,0.924
2221263218985851520,500.0,goal_1e-11,0.761,22.04337703211138,0.9995
4162186251740404608,500.0,goal_1e-11,0.551,11.961779666772221,0.9975
1678399143976755584,500.0,goal_1e-11,0.426,9.438864054136065,0.975
2704125913666895104,500.0,goal_1e-11,0.037,4.507951789498649,0.908
5000393997669149952,500.0,goal_1e-11,0.2855,7.595380680428861,0.956
2491206105423269504,500.0,goal_1e-11,0.4805,10.545221218021908,0.974
6274538269849968512,500.0,goal_1e-11,0.153,5.686805305471205,0.974
707365862223681408,500.0,goal_1e-11,0.102,5.264701835696034,0.954
4735086373076351744,500.0,goal_1e-11,0.571,12.67717326589939,0.99
2799316059826451328,500.0,goal_1e-11,0.2985,7.706551282075025,0.964
1875970079134757760,500.0,goal_1e-11,0.138,5.734059691927923,0.951
1783649894544856960,500.0,goal_1e-11,0.0835,5.300432393283686,0.9185
2554116930949289856,500.0,goal_1e-11,0.1835,6.923570165221601,0.9105
2753295523906432384,500.0,goal_1e-11,0.0725,4.930755448450478,0.939
886990809110955008,500.0,goal_1e-11,0.427,9.484329168974993,0.988
919018036639891968,500.0,goal_1e-11,0.423,9.425274422518804,0.9685
2833555985786735232,500.0,goal_1e-11,0.4385,9.736687575155663,0.99
3023472056569280512,500.0,goal_1e-11,0.221,6.604762622670499,0.9815
868768602903736832,500.0,goal_1e-11,0.1625,6.078738150905815,0.9605
5178460008866279808,500.0,goal_1e-11,0.186,6.378678530074878,0.945
3004697238395042176,500.0,goal_1e-11,0.572,12.740511357903864,0.995
2346247935526578688,500.0,goal_1e-11,0.216,6.478589718030364,0.988
1933622971340170496,500.0,goal_1e-11,0.081,5.137496129535208,0.926
1014188567684692224,500.0,goal_1e-11,0.176,6.137045828988877,0.957
5466445022127902976,500.0,goal_1e-11,0.1695,6.073554203527718,0.972
6681692893110527232,500.0,goal_1e-11,0.1675,6.366876200416214,0.937
5185560414440293632,500.0,goal_1e-11,0.481,10.434478679042922,0.9735
5800349145690204288,500.0,goal_1e-11,0.1305,5.502536637360324,0.964
4105409399796978944,500.0,goal_1e-11,0.015,3.7729525324589757,0.899
4708692944344873216,500.0,goal_1e-11,0.059,4.621895587151832,0.9305
2027994226190382848,500.0,goal_1e-11,0.0675,5.031089095090647,0.914
2511654375999952640,500.0,goal_1e-11,0.135,5.9798854001573245,0.925
5493261389176885632,500.0,goal_1e-11,0.207,6.638487293623264,0.9405
2240388880151078528,500.0,goal_1e-11,0.1755,5.9838692918712475,0.984
5658455555185799040,500.0,goal_1e-11,0.0675,4.719088815241772,0.9525
5052502602489649664,500.0,goal_1e-11,0.4735,10.258531100870107,0.9735
1979258613779627520,500.0,goal_1e-11,0.203,6.3568197770899335,0.976
446639254048922112,500.0,goal_1e-11,0.0365,3.970531076139664,0.935
5601915746720479104,500.0,goal_1e-11,0.1755,6.408771579360223,0.9495
4776963682897871616,500.0,goal_1e-11,0.585,12.709777786909122,0.989
3280686721529098368,500.0,goal_1e-11,0.075,4.983853614407475,0.9605
1285339370727734400,500.0,goal_1e-11,0.19,6.741423701842323,0.9285
5511484179500121088,500.0,goal_1e-11,0.1205,5.714171957626091,0.9245
519978157091449088,500.0,goal_1e-11,0.009,3.5363145134170195,0.8805
3855789469596668544,500.0,goal_1e-11,0.0,3.644378062623179,0.7805
572054498112591744,500.0,goal_1e-11,0.02,3.983882338526916,0.8845
357842591908022912,500.0,goal_1e-11,0.0105,4.138417340099522,0.8825
5927844322167316352,500.0,goal_1e-11,0.0,3.7068615304501455,0.8105
2281306105868025600,500.0,goal_1e-11,0.204,6.8645502504113445,0.937
6342743866636102528,500.0,goal_1e-11,0.027,4.195935533574532,0.92
1690963263347609088,500.0,goal_1e-11,0.2255,6.866918506462365,0.9465
1230823728796492672,500.0,goal_1e-11,0.1525,6.123601038086714,0.936
6411524297547089024,500.0,goal_1e-11,0.134,5.546841074797699,0.974
2935813011016890752,500.0,goal_1e-11,0.068,5.117802764285578,0.9005
1510354597152530176,500.0,goal_1e-11,0.2685,7.125134811938445,0.9675
263711679169833728,500.0,goal_1e-11,0.1255,5.2324357090153235,0.985
2203996935067479424,500.0,goal_1e-11,0.4155,9.27528759050942,0.964
4637390027600793344,500.0,goal_1e-11,0.184,6.147715881491633,0.967
3326809997366173568,500.0,goal_1e-11,0.249,7.124590607986819,0.961
359891153870510208,500.0,goal_1e-11,0.607,13.823037964257056,0.9905
3194157939562713472,500.0,goal_1e-11,0.1985,6.364413263191254,0.9645
5654914887224650240,500.0,goal_1e-11,0.1595,6.060486409601599,0.969
132596261882440320,500.0,goal_1e-11,0.1485,6.001836504865956,0.9535
4262558915898078720,500.0,goal_1e-11,0.148,5.673590718653355,0.9785
6149021149160162176,500.0,goal_1e-11,0.022,4.189542567859069,0.9035
2811411825899219200,500.0,goal_1e-11,0.641,14.619463776188917,0.994
1900800964403932800,500.0,goal_1e-11,0.028,4.259621947903373,0.9035
6009934130839583488,500.0,goal_1e-11,0.026,3.5905003171372836,0.975
6872322302128569344,500.0,goal_1e-11,0.085,4.982310826212052,0.954
4548634356637185792,500.0,goal_1e-11,0.325,8.051727822154445,0.972
6527091903161249152,500.0,goal_1e-11,0.0525,4.774615751581337,0.9125
2639759162947729408,500.0,goal_1e-11,0.0115,4.424203253971054,0.8395
4100927786033595648,500.0,goal_1e-11,0.0805,4.6963160784359115,0.9785
5371882654157606912,500.0,goal_1e-11,0.553,11.643986887012355,0.9905
6775009922429158272,500.0,goal_1e-11,0.1505,5.616686911780752,0.987
665668979685323648,500.0,goal_1e-11,0.478,10.294181904429651,0.9915
1832230956847006592,500.0,goal_1e-11,0.663,15.645385912522816,0.982
6284599664533612544,500.0,goal_1e-11,0.309,7.675128578812682,0.976
4641784775576833536,500.0,goal_1e-11,0.413,9.426015225140672,0.97
4268847611328000256,500.0,goal_1e-11,0.9385,64.60293186087809,0.999
4278176623883730176,500.0,goal_1e-11,0.0,3.2483646433476063,0.844
3267929947104804096,700.0,current_1e-9,0.069,4.413198857858124,0.95
5642877846246495360,700.0,current_1e-9,0.0655,4.764579598789214,0.9175
6603465041679231872,700.0,current_1e-9,0.0455,3.297278923971414,0.993
2046526391572691328,700.0,current_1e-9,0.03,3.3614229361339305,0.977
1016789806037687424,700.0,current_1e-9,0.072,3.9649065437429005,0.993
5679711000438989312,700.0,current_1e-9,0.006,2.5295948367366465,0.9675
2995683893041962368,700.0,current_1e-9,0.0735,4.218938447607895,0.969
5953737099445742848,700.0,current_1e-9,0.0215,2.922898817768075,0.982
4615401513032729088,700.0,current_1e-9,0.1345,5.388583842778011,0.9695
3004510772390701696,700.0,current_1e-9,0.1285,5.064435936058149,0.976
4069792782145982080,700.0,current_1e-9,0.1825,5.821056482158284,0.9865
5814108395520777856,700.0,current_1e-9,0.1185,4.891567772767567,0.9815
5962272505153840896,700.0,current_1e-9,0.061,3.912746842813931,0.991
2149291627370030336,700.0,current_1e-9,0.0625,4.319673333215784,0.946
1323478680316848256,700.0,current_1e-9,0.003,1.8267081453570577,0.993
5260504054704228736,700.0,current_1e-9,0.1475,5.2980068443353305,0.9925
5841541455445538432,700.0,current_1e-9,0.018,2.6672304390114667,0.981
3867940039451965952,700.0,current_1e-9,0.1815,6.021767456864542,0.9745
87878642944408960,700.0,current_1e-9,0.117,5.045835458436381,0.964
3151482384299373696,700.0,current_1e-9,0.072,3.930485216909271,0.9955
6181044017297795968,700.0,current_1e-9,0.2025,6.299348457654322,0.993
803645216387486720,700.0,current_1e-9,0.254,6.980011267899017,0.983
5914174364643486592,700.0,current_1e-9,0.023,2.6359584743088074,0.994
4797122403959920768,700.0,current_1e-9,0.1305,5.129387219448415,0.9885
2575048093288905088,700.0,current_1e-9,0.2435,6.8748758987971295,0.9805
4229058961259584256,700.0,current_1e-9,0.069,3.850400031603379,0.995
4561522831932945920,700.0,current_1e-9,0.1225,4.805705067436642,0.9925
2208326773198648320,700.0,current_1e-9,0.057,3.6645069958329666,0.9915
6094128791359632256,700.0,current_1e-9,0.0885,4.296295480450144,0.991
2769623267282593152,700.0,current_1e-9,0.015,2.2822225713623356,0.9945
5660807578058341120,700.0,current_1e-9,0.0995,4.602044848191929,0.974
296496818102428544,700.0,current_1e-9,0.088,4.241291839866129,0.9835
158752853233960704,700.0,current_1e-9,0.0385,3.8937038206890753,0.961
2259514678757235200,700.0,current_1e-9,0.07,4.445305868008527,0.9605
4227855172121285760,700.0,current_1e-9,0.189,6.111861696890628,0.98
2196000977264781056,700.0,current_1e-9,0.13,5.367802425863029,0.964
1422765267499632640,700.0,current_1e-9,0.0655,3.8845784604743945,0.977
5351303408563334912,700.0,current_1e-9,0.1185,4.893895446367354,0.995
1364263517961035648,700.0,current_1e-9,0.1175,5.020824426378749,0.961
5274946414813497344,700.0,current_1e-9,0.2665,7.229677925615136,0.9685
3180960123537829760,700.0,current_1e-9,0.065,3.8793995009051168,0.993
2757278951454094208,700.0,current_1e-9,0.12,5.249766047933895,0.965
2703346703520007168,700.0,current_1e-9,0.0765,4.1977540880497655,0.967
4002529127504102656,700.0,current_1e-9,0.116,4.839159035020377,0.9895
5421588692928858752,700.0,current_1e-9,0.0715,4.471389051226071,0.9505
6050388913137070848,700.0,current_1e-9,0.0155,2.4247929574507117,0.996
4345060775182367232,700.0,current_1e-9,0.0525,4.049394001395567,0.964
992946106114748032,700.0,current_1e-9,0.2895,7.926914694478662,0.9635
676792841901784192,700.0,current_1e-9,0.0095,2.189156093419112,0.9925
218953691837608960,700.0,current_1e-9,0.024,2.874050600059265,0.9905
2482368024800833024,700.0,current_1e-9,0.0325,3.1801174352736927,0.9905
4609966833215963392,700.0,current_1e-9,0.2015,6.510683383393743,0.9465
6844037812175117440,700.0,current_1e-9,0.003,1.4859129112652294,0.9955
6441225886185109632,700.0,current_1e-9,0.039,3.2321703419414294,0.9865
1275271417631701504,700.0,current_1e-9,0.1415,5.229666386069652,0.967
6490173906174556416,700.0,current_1e-9,0.0795,4.239266846991706,0.965
5940429538445511808,700.0,current_1e-9,0.2565,7.107954756646776,0.9885
3793148372312611456,700.0,current_1e-9,0.1885,6.265425736440658,0.9585
3138662151736925568,700.0,current_1e-9,0.0965,4.958445340175811,0.958
5976199159903812736,700.0,current_1e-9,0.009,2.2222055611273825,0.989
1504338722359357568,700.0,current_1e-9,0.017,2.534620288695624,0.9895
1688451325954477184,700.0,current_1e-9,0.1865,5.98697110736472,0.98
5889045855385067136,700.0,current_1e-9,0.0795,4.687931018897016,0.953
4081754605352170496,700.0,current_1e-9,0.016,2.4996480112820856,0.9975
2691146831736184576,700.0,current_1e-9,0.1825,6.083783777727612,0.9675
334398010409366400,700.0,current_1e-9,0.006,2.113106781827145,0.992
1383626089525174016,700.0,current_1e-9,0.0475,3.700526354429059,0.974
3702063519102244480,700.0,current_1e-9,0.091,4.388292323997264,0.992
5423016683660491264,700.0,current_1e-9,0.089,4.8194587984411275,0.9505
2804852929801600768,700.0,current_1e-9,0.366,9.455015105833958,0.985
3114023912926376448,700.0,current_1e-9,0.004,1.7718370656975917,0.994
5524591457617244928,700.0,current_1e-9,0.1355,5.476215134473905,0.9565
4060366016201160320,700.0,current_1e-9,0.0,0.9585919402920086,0.9645
6694638847956909696,700.0,current_1e-9,0.0085,1.9936733095619135,0.993
3039556915253606144,700.0,current_1e-9,0.1215,4.936055084628082,0.986
6237927045205600000,700.0,current_1e-9,0.014,2.4353543702608413,0.99
1878241773237645184,700.0,current_1e-9,0.121,5.191895273840988,0.9755
4288946748293342080,700.0,current_1e-9,0.305,7.826712863652189,0.9955
2337648311488015360,700.0,current_1e-9,0.1685,5.963458778211605,0.972
4395214100433309184,700.0,current_1e-9,0.093,4.413559015333051,0.993
2796277112767076864,700.0,current_1e-9,0.034,3.601505262748258,0.9735
6016504747910034432,700.0,current_1e-9,0.1115,5.464560718400389,0.908
5166280100090122880,700.0,current_1e-9,0.074,3.9819198470082786,0.9935
1130573557111974912,700.0,current_1e-9,0.1265,5.004849786507292,0.9865
164738354017665664,700.0,current_1e-9,0.0,1.936764286053918,0.9285
1761771910959772032,700.0,current_1e-9,0.1865,6.301700639829564,0.948
1329848490477856768,700.0,current_1e-9,0.3735,9.563816570610781,0.9965
3311535375672171776,700.0,current_1e-9,0.1155,4.8156412817530505,0.987
6112272348126668800,700.0,current_1e-9,0.1315,5.066973271881367,0.976
6755038496304470144,700.0,current_1e-9,0.101,4.550593628869118,0.98
4283053988756001920,700.0,current_1e-9,0.0315,2.9067619199172423,0.988
2599647119044490496,700.0,current_1e-9,0.142,5.345538519600186,0.9695
490441735713670528,700.0,current_1e-9,0.018,2.6470531812559828,0.9875
4934043968492272896,700.0,current_1e-9,0.0065,1.88918393490568,0.994
2621100450623361280,700.0,current_1e-9,0.143,5.23103213762568,0.9975
1851315420672845056,700.0,current_1e-9,0.2365,6.77467873452706,0.977
5541455315986463104,700.0,current_1e-9,0.0895,4.766841908883627,0.9635
5976098417137532800,700.0,current_1e-9,0.075,4.1351464791839225,0.9835
28898090451449472,700.0,current_1e-9,0.105,4.793683219429976,0.959
6592347918267168128,700.0,current_1e-9,0.1225,4.918417335155613,0.975
5887064359268864256,700.0,current_1e-9,0.0065,2.6128034776636975,0.982
6518913495153329920,700.0,current_1e-9,0.0785,4.726858951394735,0.945
4600878063941953280,700.0,current_1e-9,0.1955,6.571204641065692,0.9415
992845122843798016,700.0,current_1e-9,0.155,5.588973550739673,0.972
3664521351702250752,700.0,current_1e-9,0.164,5.656314208990474,0.994
3711953493050429568,700.0,current_1e-9,0.2835,7.462550446831886,0.965
5473228871432372992,700.0,current_1e-9,0.2065,6.475652261254949,0.954
6752384069075512320,700.0,current_1e-9,0.0735,4.348926530663966,0.9615
4115513220094402048,700.0,current_1e-9,0.0605,4.296145722835959,0.947
4602130957441446400,700.0,current_1e-9,0.1075,5.186262280067613,0.9465
377546664910219776,700.0,current_1e-9,0.3265,8.262457659410048,0.9825
4364333977066797056,700.0,current_1e-9,0.009,3.5213248716922196,0.9
5768315046181771904,700.0,current_1e-9,0.0285,3.2181742342051924,0.9735
123580919370477952,700.0,current_1e-9,0.1265,5.207458286227877,0.9665
4366334126156046976,700.0,current_1e-9,0.02,2.681232877935103,0.989
4901782819863332608,700.0,current_1e-9,0.0575,3.523277050765545,0.996
2151838817854979456,700.0,current_1e-9,0.0865,5.061317946395841,0.9075
1343460895402697600,700.0,current_1e-9,0.0065,2.1571820774822212,0.998
6136053959995638016,700.0,current_1e-9,0.107,5.0112921387453975,0.9625
2221263218985851520,700.0,current_1e-9,0.0105,2.070610239113954,0.9995
4162186251740404608,700.0,current_1e-9,0.0065,1.9256948191797763,0.9985
1678399143976755584,700.0,current_1e-9,0.246,6.924201283103077,0.987
2704125913666895104,700.0,current_1e-9,0.102,4.955174862773383,0.952
5000393997669149952,700.0,current_1e-9,0.17,5.6908928281539986,0.9755
2491206105423269504,700.0,current_1e-9,0.293,7.699198406189999,0.987
6274538269849968512,700.0,current_1e-9,0.015,2.3713927180355663,0.9885
707365862223681408,700.0,current_1e-9,0.0605,3.8304137447770152,0.9765
4735086373076351744,700.0,current_1e-9,0.0515,3.5022490550190852,0.994
2799316059826451328,700.0,current_1e-9,0.1185,4.806998186016575,0.982
1875970079134757760,700.0,current_1e-9,0.0505,3.6929909048852885,0.9745
1783649894544856960,700.0,current_1e-9,0.1315,5.45801532405067,0.958
2554116930949289856,700.0,current_1e-9,0.262,7.433866699807779,0.96
2753295523906432384,700.0,current_1e-9,0.0565,3.876108349335143,0.9685
886990809110955008,700.0,current_1e-9,0.009,1.9792388929921685,0.994
919018036639891968,700.0,current_1e-9,0.1805,5.799115960487343,0.9835
2833555985786735232,700.0,current_1e-9,0.0135,2.33296216282201,0.996
3023472056569280512,700.0,current_1e-9,0.0155,2.494566843236078,0.992
868768602903736832,700.0,current_1e-9,0.0585,3.8446620177509603,0.98
5178460008866279808,700.0,current_1e-9,0.1625,5.606919246710061,0.982
3004697238395042176,700.0,current_1e-9,0.0135,2.507823515899406,0.998
2346247935526578688,700.0,current_1e-9,0.0075,2.1323602210309827,0.9965
1933622971340170496,700.0,current_1e-9,0.141,5.5248259615729935,0.9615
1014188567684692224,700.0,current_1e-9,0.0405,3.4003841334362592,0.975
5466445022127902976,700.0,current_1e-9,0.0945,4.504130607740007,0.988
6681692893110527232,700.0,current_1e-9,0.1375,5.415270163409012,0.971
5185560414440293632,700.0,current_1e-9,0.296,7.696841616783812,0.9865
5800349145690204288,700.0,current_1e-9,0.037,3.3803039061416205,0.9805
4105409399796978944,700.0,current_1e-9,0.0775,4.512921007085343,0.947
4708692944344873216,700.0,current_1e-9,0.109,4.900551549721574,0.971
2027994226190382848,700.0,current_1e-9,0.083,4.520456996227881,0.9555
2511654375999952640,700.0,current_1e-9,0.1805,5.995157702721655,0.967
5493261389176885632,700.0,current_1e-9,0.195,6.10274467600487,0.9675
2240388880151078528,700.0,current_1e-9,0.003,1.6726099357769324,0.9905
5658455555185799040,700.0,current_1e-9,0.0305,3.2139121409076243,0.98
5052502602489649664,700.0,current_1e-9,0.2255,6.43837096900375,0.9835
1979258613779627520,700.0,current_1e-9,0.018,2.7076636720609915,0.989
446639254048922112,700.0,current_1e-9,0.07,4.083648702726661,0.9675
5601915746720479104,700.0,current_1e-9,0.0975,4.7304023336211305,0.9755
4776963682897871616,700.0,current_1e-9,0.277,7.2265179213684965,0.996
3280686721529098368,700.0,current_1e-9,0.037,3.4540507155197555,0.982
1285339370727734400,700.0,current_1e-9,0.2815,7.528798962919365,0.9675
5511484179500121088,700.0,current_1e-9,0.194,6.236272394305907,0.9595
519978157091449088,700.0,current_1e-9,0.0455,4.097067095297247,0.9425
3855789469596668544,700.0,current_1e-9,0.062,4.684408745980391,0.9
572054498112591744,700.0,current_1e-9,0.0685,4.541722019689811,0.941
357842591908022912,700.0,current_1e-9,0.0785,4.752921213958673,0.942
5927844322167316352,700.0,current_1e-9,0.0595,4.818404352108428,0.9105
2281306105868025600,700.0,current_1e-9,0.25,7.084683619337367,0.971
6342743866636102528,700.0,current_1e-9,0.0615,4.141590334132177,0.9625
1690963263347609088,700.0,current_1e-9,0.087,4.360498402645412,0.9725
1230823728796492672,700.0,current_1e-9,0.1,4.794866497453704,0.9725
6411524297547089024,700.0,current_1e-9,0.0155,2.460309097761976,0.9865
2935813011016890752,700.0,current_1e-9,0.1165,5.239370179281028,0.953
1510354597152530176,700.0,current_1e-9,0.127,4.841919879608976,0.984
263711679169833728,700.0,current_1e-9,0.003,1.65611988611753,0.993
2203996935067479424,700.0,current_1e-9,0.3805,9.196776085182753,0.9835
4637390027600793344,700.0,current_1e-9,0.0265,3.096214709614492,0.984
3326809997366173568,700.0,current_1e-9,0.0605,3.922567164371426,0.982
359891153870510208,700.0,current_1e-9,0.03,2.798917931624511,0.9925
3194157939562713472,700.0,current_1e-9,0.056,3.7150294533957866,0.98
5654914887224650240,700.0,current_1e-9,0.063,3.8475212551093843,0.986
132596261882440320,700.0,current_1e-9,0.0805,4.301115657010285,0.9755
4262558915898078720,700.0,current_1e-9,0.0085,2.1834895690548066,0.986
6149021149160162176,700.0,current_1e-9,0.07,4.369513882956653,0.9565
2811411825899219200,700.0,current_1e-9,0.0105,2.064328954796844,0.999
1900800964403932800,700.0,current_1e-9,0.078,4.463967520122843,0.956
6009934130839583488,700.0,current_1e-9,0.007,1.7803887917774144,0.9915
6872322302128569344,700.0,current_1e-9,0.051,3.669838432032201,0.9805
4548634356637185792,700.0,current_1e-9,0.065,3.841799999359154,0.987
6527091903161249152,700.0,current_1e-9,0.0995,4.742694273618361,0.961
2639759162947729408,700.0,current_1e-9,0.1185,5.470781486094558,0.9195
4100927786033595648,700.0,current_1e-9,0.0035,1.5658630832908198,0.994
5371882654157606912,700.0,current_1e-9,0.0695,4.006093670234165,0.994
6775009922429158272,700.0,current_1e-9,0.006,1.8575611164139267,0.9925
665668979685323648,700.0,current_1e-9,0.011,2.2922350702923033,0.996
1832230956847006592,700.0,current_1e-9,0.415,10.553526178409705,0.989
6284599664533612544,700.0,current_1e-9,0.067,3.9403831463880583,0.9885
4641784775576833536,700.0,current_1e-9,0.1865,5.9903456998679445,0.9845
4268847611328000256,700.0,current_1e-9,0.2935,7.941669176095341,0.9995
4278176623883730176,700.0,current_1e-9,0.036,4.12130182944951,0.9245
3267929947104804096,700.0,nearterm_1e-10,0.159,6.02600911743974,0.95
5642877846246495360,700.0,nearterm_1e-10,0.121,5.831094533523852,0.9175
6603465041679231872,700.0,nearterm_1e-10,0.567,13.682676004331121,0.993
2046526391572691328,700.0,nearterm_1e-10,0.347,8.110277448864696,0.977
1016789806037687424,700.0,nearterm_1e-10,0.5805,13.548392757966038,0.993
5679711000438989312,700.0,nearterm_1e-10,0.017,3.5718366086257727,0.9675
2995683893041962368,700.0,nearterm_1e-10,0.323,7.925118419165219,0.969
5953737099445742848,700.0,nearterm_1e-10,0.2205,6.4365591300843175,0.982
4615401513032729088,700.0,nearterm_1e-10,0.3055,7.823625780937731,0.9695
3004510772390701696,700.0,nearterm_1e-10,0.4095,9.236587008662806,0.976
4069792782145982080,700.0,nearterm_1e-10,0.4755,10.531115079525334,0.9865
5814108395520777856,700.0,nearterm_1e-10,0.4555,9.974661923180173,0.9815
5962272505153840896,700.0,nearterm_1e-10,0.5355,12.177387836630256,0.991
2149291627370030336,700.0,nearterm_1e-10,0.1275,5.665581424490652,0.946
1323478680316848256,700.0,nearterm_1e-10,0.313,7.636294262889698,0.993
5260504054704228736,700.0,nearterm_1e-10,0.578,12.6491578439225,0.9925
5841541455445538432,700.0,nearterm_1e-10,0.2555,6.897791380827947,0.981
3867940039451965952,700.0,nearterm_1e-10,0.4925,10.882206736020352,0.9745
87878642944408960,700.0,nearterm_1e-10,0.2625,7.252829443006405,0.964
3151482384299373696,700.0,nearterm_1e-10,0.602,14.962823355184552,0.9955
6181044017297795968,700.0,nearterm_1e-10,0.719,20.80121558054,0.993
803645216387486720,700.0,nearterm_1e-10,0.6285,14.826285057093408,0.983
5914174364643486592,700.0,nearterm_1e-10,0.4005,9.1848862350116,0.994
4797122403959920768,700.0,nearterm_1e-10,0.525,11.72895241109333,0.9885
2575048093288905088,700.0,nearterm_1e-10,0.519,11.43601211301531,0.9805
4229058961259584256,700.0,nearterm_1e-10,0.616,15.217639150098556,0.995
4561522831932945920,700.0,nearterm_1e-10,0.576,13.085569830925424,0.9925
2208326773198648320,700.0,nearterm_1e-10,0.543,12.355772824539853,0.9915
6094128791359632256,700.0,nearterm_1e-10,0.5125,11.432163426575876,0.991
2769623267282593152,700.0,nearterm_1e-10,0.417,9.758669175929604,0.9945
5660807578058341120,700.0,nearterm_1e-10,0.4145,9.358827551229894,0.974
296496818102428544,700.0,nearterm_1e-10,0.5055,11.119742045507625,0.9835
158752853233960704,700.0,nearterm_1e-10,0.0725,4.784454589191528,0.961
2259514678757235200,700.0,nearterm_1e-10,0.2235,6.784267883800975,0.9605
4227855172121285760,700.0,nearterm_1e-10,0.495,10.880373333966396,0.98
2196000977264781056,700.0,nearterm_1e-10,0.4205,9.358028245932415,0.964
1422765267499632640,700.0,nearterm_1e-10,0.3925,9.050121778132945,0.977
5351303408563334912,700.0,nearterm_1e-10,0.3915,8.797026427869872,0.995
1364263517961035648,700.0,nearterm_1e-10,0.298,7.649109839822206,0.961
5274946414813497344,700.0,nearterm_1e-10,0.446,9.983838068591405,0.9685
3180960123537829760,700.0,nearterm_1e-10,0.525,12.016975788680927,0.993
2757278951454094208,700.0,nearterm_1e-10,0.271,7.442589798929415,0.965
2703346703520007168,700.0,nearterm_1e-10,0.2725,7.269394936249754,0.967
4002529127504102656,700.0,nearterm_1e-10,0.625,15.837373582301595,0.9895
5421588692928858752,700.0,nearterm_1e-10,0.1785,6.303042560776332,0.9505
6050388913137070848,700.0,nearterm_1e-10,0.2545,6.845815983417259,0.996
4345060775182367232,700.0,nearterm_1e-10,0.1585,6.007766446236888,0.964
992946106114748032,700.0,nearterm_1e-10,0.4765,10.693049121924906,0.9635
676792841901784192,700.0,nearterm_1e-10,0.396,9.109157578238701,0.9925
218953691837608960,700.0,nearterm_1e-10,0.375,8.644086644069386,0.9905
2482368024800833024,700.0,nearterm_1e-10,0.47,10.459163251430676,0.9905
4609966833215963392,700.0,nearterm_1e-10,0.314,8.015453600919724,0.9465
6844037812175117440,700.0,nearterm_1e-10,0.324,8.02376576119452,0.9955
6441225886185109632,700.0,nearterm_1e-10,0.3945,9.389865218656341,0.9865
1275271417631701504,700.0,nearterm_1e-10,0.3535,8.277200700868681,0.967
6490173906174556416,700.0,nearterm_1e-10,0.3255,8.01567913264482,0.965
5940429538445511808,700.0,nearterm_1e-10,0.649,15.703023703934878,0.9885
3793148372312611456,700.0,nearterm_1e-10,0.3795,8.890294102375783,0.9585
3138662151736925568,700.0,nearterm_1e-10,0.231,6.8360535026176485,0.958
5976199159903812736,700.0,nearterm_1e-10,0.188,6.0221550405536775,0.989
1504338722359357568,700.0,nearterm_1e-10,0.4245,9.761619180523516,0.9895
1688451325954477184,700.0,nearterm_1e-10,0.546,11.882903798227595,0.98
5889045855385067136,700.0,nearterm_1e-10,0.1815,6.460574680333876,0.953
4081754605352170496,700.0,nearterm_1e-10,0.543,13.219949133326994,0.9975
2691146831736184576,700.0,nearterm_1e-10,0.3705,8.563198570822642,0.9675
334398010409366400,700.0,nearterm_1e-10,0.389,8.864936952905799,0.992
1383626089525174016,700.0,nearterm_1e-10,0.364,8.404071161354352,0.974
3702063519102244480,700.0,nearterm_1e-10,0.598,14.21338366058981,0.992
5423016683660491264,700.0,nearterm_1e-10,0.2145,6.868950509194703,0.9505
2804852929801600768,700.0,nearterm_1e-10,0.666,16.712214997354458,0.985
3114023912926376448,700.0,nearterm_1e-10,0.326,8.095754945014164,0.994
5524591457617244928,700.0,nearterm_1e-10,0.2845,7.599389554110869,0.9565
4060366016201160320,700.0,nearterm_1e-10,0.0,1.038918341825683,0.9645
6694638847956909696,700.0,nearterm_1e-10,0.3175,7.695782881873189,0.993
3039556915253606144,700.0,nearterm_1e-10,0.54,12.122995705965398,0.986
6237927045205600000,700.0,nearterm_1e-10,0.185,6.0080681446796,0.99
1878241773237645184,700.0,nearterm_1e-10,0.346,8.246446713975452,0.9755
4288946748293342080,700.0,nearterm_1e-10,0.771,25.398547374408604,0.9955
2337648311488015360,700.0,nearterm_1e-10,0.4705,10.570483759620343,0.972
4395214100433309184,700.0,nearterm_1e-10,0.579,13.772213116075784,0.993
2796277112767076864,700.0,nearterm_1e-10,0.068,4.620429524703275,0.9735
6016504747910034432,700.0,nearterm_1e-10,0.1565,6.384296388978651,0.908
5166280100090122880,700.0,nearterm_1e-10,0.5685,13.26310271061374,0.9935
1130573557111974912,700.0,nearterm_1e-10,0.56,12.824412856884864,0.9865
164738354017665664,700.0,nearterm_1e-10,0.0,2.12950017257028,0.9285
1761771910959772032,700.0,nearterm_1e-10,0.315,8.189716908964039,0.948
1329848490477856768,700.0,nearterm_1e-10,0.787,26.547317877097772,0.9965
3311535375672171776,700.0,nearterm_1e-10,0.517,11.853147233246851,0.987
6112272348126668800,700.0,nearterm_1e-10,0.451,10.218812779901157,0.976
6755038496304470144,700.0,nearterm_1e-10,0.407,9.225546447344033,0.98
4283053988756001920,700.0,nearterm_1e-10,0.361,8.411486068690854,0.988
2599647119044490496,700.0,nearterm_1e-10,0.412,9.27433310667974,0.9695
490441735713670528,700.0,nearterm_1e-10,0.3615,8.41239617835705,0.9875
4934043968492272896,700.0,nearterm_1e-10,0.4035,9.448640977246834,0.994
2621100450623361280,700.0,nearterm_1e-10,0.7155,21.388788522905337,0.9975
1851315420672845056,700.0,nearterm_1e-10,0.458,10.07916629206607,0.977
5541455315986463104,700.0,nearterm_1e-10,0.1835,6.367339695578546,0.9635
5976098417137532800,700.0,nearterm_1e-10,0.2975,7.5518440113290435,0.9835
28898090451449472,700.0,nearterm_1e-10,0.2575,7.134256584838757,0.959
6592347918267168128,700.0,nearterm_1e-10,0.506,11.061216850029512,0.975
5887064359268864256,700.0,nearterm_1e-10,0.019,3.5609321717238687,0.982
6518913495153329920,700.0,nearterm_1e-10,0.1725,6.288829555788307,0.945
4600878063941953280,700.0,nearterm_1e-10,0.3535,8.535479000735341,0.9415
992845122843798016,700.0,nearterm_1e-10,0.395,9.094166676706681,0.972
3664521351702250752,700.0,nearterm_1e-10,0.643,16.579841165827176,0.994
3711953493050429568,700.0,nearterm_1e-10,0.4575,10.229253303661615,0.965
5473228871432372992,700.0,nearterm_1e-10,0.368,8.759884456323743,0.954
6752384069075512320,700.0,nearterm_1e-10,0.287,7.649881267654504,0.9615
4115513220094402048,700.0,nearterm_1e-10,0.114,5.478375305969201,0.947
4602130957441446400,700.0,nearterm_1e-10,0.2355,7.106021734618886,0.9465
377546664910219776,700.0,nearterm_1e-10,0.601,13.864921673188535,0.9825
4364333977066797056,700.0,nearterm_1e-10,0.0145,3.982023893631989,0.9
5768315046181771904,700.0,nearterm_1e-10,0.29,7.279033793034673,0.9735
123580919370477952,700.0,nearterm_1e-10,0.259,7.09945473890659,0.9665
4366334126156046976,700.0,nearterm_1e-10,0.176,5.979758279898815,0.989
4901782819863332608,700.0,nearterm_1e-10,0.614,15.976213231311979,0.996
2151838817854979456,700.0,nearterm_1e-10,0.145,6.135554200066074,0.9075
1343460895402697600,700.0,nearterm_1e-10,0.499,11.639566776957366,0.998
6136053959995638016,700.0,nearterm_1e-10,0.2715,7.327415674596436,0.9625
2221263218985851520,700.0,nearterm_1e-10,0.57,16.011523796645353,0.9995
4162186251740404608,700.0,nearterm_1e-10,0.4865,11.685599873563518,0.9985
1678399143976755584,700.0,nearterm_1e-10,0.5825,13.046508479733907,0.987
2704125913666895104,700.0,nearterm_1e-10,0.2165,6.720993561123328,0.952
5000393997669149952,700.0,nearterm_1e-10,0.4825,10.624847012011195,0.9755
2491206105423269504,700.0,nearterm_1e-10,0.6245,14.496891026723416,0.987
6274538269849968512,700.0,nearterm_1e-10,0.303,7.5566324167085765,0.9885
707365862223681408,700.0,nearterm_1e-10,0.3085,7.518285300190579,0.9765
4735086373076351744,700.0,nearterm_1e-10,0.59,14.836689251893642,0.994
2799316059826451328,700.0,nearterm_1e-10,0.4745,10.580453521333284,0.982
1875970079134757760,700.0,nearterm_1e-10,0.338,8.053027755811547,0.9745
1783649894544856960,700.0,nearterm_1e-10,0.31,7.7747261381251604,0.958
2554116930949289856,700.0,nearterm_1e-10,0.4375,10.009074808209073,0.96
2753295523906432384,700.0,nearterm_1e-10,0.2645,7.128933336002543,0.9685
886990809110955008,700.0,nearterm_1e-10,0.441,10.327670850749074,0.994
919018036639891968,700.0,nearterm_1e-10,0.5675,12.785492970601808,0.9835
2833555985786735232,700.0,nearterm_1e-10,0.4755,11.04519495527779,0.996
3023472056569280512,700.0,nearterm_1e-10,0.36,8.546513636481293,0.992
868768602903736832,700.0,nearterm_1e-10,0.369,8.484835327788653,0.98
5178460008866279808,700.0,nearterm_1e-10,0.414,9.139172181787044,0.982
3004697238395042176,700.0,nearterm_1e-10,0.5425,13.409596146812095,0.998
2346247935526578688,700.0,nearterm_1e-10,0.341,8.17455320930916,0.9965
1933622971340170496,700.0,nearterm_1e-10,0.292,7.568619540760838,0.9615
1014188567684692224,700.0,nearterm_1e-10,0.3485,8.43365247070574,0.975
5466445022127902976,700.0,nearterm_1e-10,0.3765,8.613055034799292,0.988
6681692893110527232,700.0,nearterm_1e-10,0.3815,9.094863197835194,0.971
5185560414440293632,700.0,nearterm_1e-10,0.608,14.357013350681331,0.9865
5800349145690204288,700.0,nearterm_1e-10,0.3165,7.71487628170741,0.9805
4105409399796978944,700.0,nearterm_1e-10,0.1395,5.733227065162079,0.947
4708692944344873216,700.0,nearterm_1e-10,0.226,6.864335159115483,0.971
2027994226190382848,700.0,nearterm_1e-10,0.268,7.335277786039886,0.9555
2511654375999952640,700.0,nearterm_1e-10,0.368,8.684848952538117,0.967
5493261389176885632,700.0,nearterm_1e-10,0.425,9.503867193351342,0.9675
2240388880151078528,700.0,nearterm_1e-10,0.278,7.270103830167125,0.9905
5658455555185799040,700.0,nearterm_1e-10,0.238,6.77062450652173,0.98
5052502602489649664,700.0,nearterm_1e-10,0.6035,13.909355598041765,0.9835
1979258613779627520,700.0,nearterm_1e-10,0.363,8.402454895603421,0.989
446639254048922112,700.0,nearterm_1e-10,0.1645,5.951726534758576,0.9675
5601915746720479104,700.0,nearterm_1e-10,0.399,9.05529300144691,0.9755
4776963682897871616,700.0,nearterm_1e-10,0.6715,16.93467534222462,0.996
3280686721529098368,700.0,nearterm_1e-10,0.2495,7.12958374856079,0.982
1285339370727734400,700.0,nearterm_1e-10,0.4325,9.783728414452028,0.9675
5511484179500121088,700.0,nearterm_1e-10,0.333,8.37491203744884,0.9595
519978157091449088,700.0,nearterm_1e-10,0.1015,5.389240042611831,0.9425
3855789469596668544,700.0,nearterm_1e-10,0.112,5.574365105553615,0.9
572054498112591744,700.0,nearterm_1e-10,0.1485,6.01472418115817,0.941
357842591908022912,700.0,nearterm_1e-10,0.1635,6.2327881519556865,0.942
5927844322167316352,700.0,nearterm_1e-10,0.0955,5.675491154320385,0.9105
2281306105868025600,700.0,nearterm_1e-10,0.437,9.899029257866419,0.971
6342743866636102528,700.0,nearterm_1e-10,0.1725,6.247592712094538,0.9625
1690963263347609088,700.0,nearterm_1e-10,0.429,9.496163008371084,0.9725
1230823728796492672,700.0,nearterm_1e-10,0.368,8.711791182802346,0.9725
6411524297547089024,700.0,nearterm_1e-10,0.2925,7.450964933930252,0.9865
2935813011016890752,700.0,nearterm_1e-10,0.276,7.527505020360919,0.953
1510354597152530176,700.0,nearterm_1e-10,0.43,9.896440893162623,0.984
263711679169833728,700.0,nearterm_1e-10,0.258,6.638999857746332,0.993
2203996935067479424,700.0,nearterm_1e-10,0.594,13.13343320575521,0.9835
4637390027600793344,700.0,nearterm_1e-10,0.354,8.358560834470175,0.984
3326809997366173568,700.0,nearterm_1e-10,0.4315,9.684523907076372,0.982
359891153870510208,700.0,nearterm_1e-10,0.573,14.702362101932751,0.9925
3194157939562713472,700.0,nearterm_1e-10,0.3675,8.765468064809987,0.98
5654914887224650240,700.0,nearterm_1e-10,0.363,8.4555372570632,0.986
132596261882440320,700.0,nearterm_1e-10,0.3595,8.493485374229637,0.9755
4262558915898078720,700.0,nearterm_1e-10,0.3015,7.440720316081833,0.986
6149021149160162176,700.0,nearterm_1e-10,0.1745,6.261878950499917,0.9565
2811411825899219200,700.0,nearterm_1e-10,0.5355,13.35287206930595,0.999
1900800964403932800,700.0,nearterm_1e-10,0.1935,6.360792312199126,0.956
6009934130839583488,700.0,nearterm_1e-10,0.121,5.089989668559454,0.9915
6872322302128569344,700.0,nearterm_1e-10,0.2675,7.162124788224426,0.9805
4548634356637185792,700.0,nearterm_1e-10,0.483,10.676452457633957,0.987
6527091903161249152,700.0,nearterm_1e-10,0.241,7.045952402646698,0.961
2639759162947729408,700.0,nearterm_1e-10,0.191,6.650539064565023,0.9195
4100927786033595648,700.0,nearterm_1e-10,0.188,6.092952104015959,0.994
5371882654157606912,700.0,nearterm_1e-10,0.611,14.407400804412758,0.994
6775009922429158272,700.0,nearterm_1e-10,0.273,7.153156788962357,0.9925
665668979685323648,700.0,nearterm_1e-10,0.4855,11.35972705566491,0.996
1832230956847006592,700.0,nearterm_1e-10,0.7455,21.122535731188467,0.989
6284599664533612544,700.0,nearterm_1e-10,0.454,10.293683870902768,0.9885
4641784775576833536,700.0,nearterm_1e-10,0.563,12.83928441732094,0.9845
4268847611328000256,700.0,nearterm_1e-10,0.8385,55.52338886599276,0.9995
4278176623883730176,700.0,nearterm_1e-10,0.0745,5.012568216742208,0.9245
3267929947104804096,700.0,goal_1e-11,0.1685,6.212648591542104,0.95
5642877846246495360,700.0,goal_1e-11,0.1305,5.948092182802236,0.9175
6603465041679231872,700.0,goal_1e-11,0.692,16.844987530921493,0.993
2046526391572691328,700.0,goal_1e-11,0.3975,8.92379831377458,0.977
1016789806037687424,700.0,goal_1e-11,0.678,15.791464801646487,0.993
5679711000438989312,700.0,goal_1e-11,0.018,3.6991685286660427,0.9675
2995683893041962368,700.0,goal_1e-11,0.3625,8.434424792259884,0.969
5953737099445742848,700.0,goal_1e-11,0.263,7.001979205842252,0.982
4615401513032729088,700.0,goal_1e-11,0.328,8.104658104854844,0.9695
3004510772390701696,700.0,goal_1e-11,0.4435,9.787614953420954,0.976
4069792782145982080,700.0,goal_1e-11,0.5075,11.137524227634785,0.9865
5814108395520777856,700.0,goal_1e-11,0.503,10.690184413500397,0.9815
5962272505153840896,700.0,goal_1e-11,0.6245,13.945640487287502,0.991
2149291627370030336,700.0,goal_1e-11,0.135,5.819380093622855,0.946
1323478680316848256,700.0,goal_1e-11,0.429,9.526959522065281,0.993
5260504054704228736,700.0,goal_1e-11,0.628,13.801980139794013,0.9925
5841541455445538432,700.0,goal_1e-11,0.3145,7.678052994538387,0.981
3867940039451965952,700.0,goal_1e-11,0.5305,11.496339928918077,0.9745
87878642944408960,700.0,goal_1e-11,0.282,7.508518184506743,0.964
3151482384299373696,700.0,goal_1e-11,0.716,17.96397484619936,0.9955
6181044017297795968,700.0,goal_1e-11,0.7925,23.795634101779974,0.993
803645216387486720,700.0,goal_1e-11,0.674,15.881080479711317,0.983
5914174364643486592,700.0,goal_1e-11,0.5015,10.860343267467277,0.994
4797122403959920768,700.0,goal_1e-11,0.578,12.746580144390359,0.9885
2575048093288905088,700.0,goal_1e-11,0.5475,11.974318680706007,0.9805
4229058961259584256,700.0,goal_1e-11,0.7225,18.366665183681437,0.995
4561522831932945920,700.0,goal_1e-11,0.6435,14.571972014643212,0.9925
2208326773198648320,700.0,goal_1e-11,0.637,14.394546629801512,0.9915
6094128791359632256,700.0,goal_1e-11,0.574,12.715119984211944,0.991
2769623267282593152,700.0,goal_1e-11,0.548,12.255168619085682,0.9945
5660807578058341120,700.0,goal_1e-11,0.4565,10.046233520347105,0.974
296496818102428544,700.0,goal_1e-11,0.561,12.326806627049802,0.9835
158752853233960704,700.0,goal_1e-11,0.075,4.883894700017469,0.961
2259514678757235200,700.0,goal_1e-11,0.2415,7.068673459595025,0.9605
4227855172121285760,700.0,goal_1e-11,0.5385,11.472454797859568,0.98
2196000977264781056,700.0,goal_1e-11,0.45,9.860876388511711,0.964
1422765267499632640,700.0,goal_1e-11,0.445,9.8952349335647,0.977
5351303408563334912,700.0,goal_1e-11,0.4265,9.304458531444242,0.995
1364263517961035648,700.0,goal_1e-11,0.3225,7.961843319967229,0.961
5274946414813497344,700.0,goal_1e-11,0.4605,10.280563869167725,0.9685
3180960123537829760,700.0,goal_1e-11,0.6125,13.754386461081213,0.993
2757278951454094208,700.0,goal_1e-11,0.288,7.695982872059783,0.965
2703346703520007168,700.0,goal_1e-11,0.301,7.672547173847746,0.967
4002529127504102656,700.0,goal_1e-11,0.7135,18.223937244094355,0.9895
5421588692928858752,700.0,goal_1e-11,0.1895,6.517307940902858,0.9505
6050388913137070848,700.0,goal_1e-11,0.3235,7.7416773766186715,0.996
4345060775182367232,700.0,goal_1e-11,0.1735,6.246217894402049,0.964
992946106114748032,700.0,goal_1e-11,0.505,10.984364881720552,0.9635
676792841901784192,700.0,goal_1e-11,0.523,11.299392547575003,0.9925
218953691837608960,700.0,goal_1e-11,0.4595,9.872568842593424,0.9905
2482368024800833024,700.0,goal_1e-11,0.5555,12.141208723287916,0.9905
4609966833215963392,700.0,goal_1e-11,0.3235,8.174522266576995,0.9465
6844037812175117440,700.0,goal_1e-11,0.517,11.202274928723844,0.9955
6441225886185109632,700.0,goal_1e-11,0.484,10.677700023675198,0.9865
1275271417631701504,700.0,goal_1e-11,0.378,8.643797240533413,0.967
6490173906174556416,700.0,goal_1e-11,0.3595,8.540746598238652,0.965
5940429538445511808,700.0,goal_1e-11,0.6985,16.900919144202856,0.9885
3793148372312611456,700.0,goal_1e-11,0.4055,9.181905251588004,0.9585
3138662151736925568,700.0,goal_1e-11,0.2465,7.051736874907498,0.958
5976199159903812736,700.0,goal_1e-11,0.239,6.780186916874385,0.989
1504338722359357568,700.0,goal_1e-11,0.5565,11.840714891146867,0.9895
1688451325954477184,700.0,goal_1e-11,0.5835,12.66988724907264,0.98
5889045855385067136,700.0,goal_1e-11,0.1925,6.664748132103348,0.953
4081754605352170496,700.0,goal_1e-11,0.721,18.1216250371021,0.9975
2691146831736184576,700.0,goal_1e-11,0.388,8.839681808942165,0.9675
334398010409366400,700.0,goal_1e-11,0.5255,11.031157342919668,0.992
1383626089525174016,700.0,goal_1e-11,0.413,9.157164392922827,0.974
3702063519102244480,700.0,goal_1e-11,0.6915,16.3478749858637,0.992
5423016683660491264,700.0,goal_1e-11,0.2355,7.108209656947315,0.9505
2804852929801600768,700.0,goal_1e-11,0.697,17.539068301625573,0.985
3114023912926376448,700.0,goal_1e-11,0.4775,10.408926448288817,0.994
5524591457617244928,700.0,goal_1e-11,0.3025,7.840421250238103,0.9565
4060366016201160320,700.0,goal_1e-11,0.0,1.047526622645155,0.9645
6694638847956909696,700.0,goal_1e-11,0.432,9.337848469184104,0.993
3039556915253606144,700.0,goal_1e-11,0.6065,13.30144280746105,0.986
6237927045205600000,700.0,goal_1e-11,0.223,6.650849926531518,0.99
1878241773237645184,700.0,goal_1e-11,0.375,8.616777526710782,0.9755
4288946748293342080,700.0,goal_1e-11,0.8425,28.74639379099582,0.9955
2337648311488015360,700.0,goal_1e-11,0.503,11.152835034659201,0.972
4395214100433309184,700.0,goal_1e-11,0.6655,15.718930656026115,0.993
2796277112767076864,700.0,goal_1e-11,0.072,4.737455474869735,0.9735
6016504747910034432,700.0,goal_1e-11,0.1625,6.482292049565973,0.908
5166280100090122880,700.0,goal_1e-11,0.662,15.35032388806808,0.9935
1130573557111974912,700.0,goal_1e-11,0.6265,14.154026837723269,0.9865
164738354017665664,700.0,goal_1e-11,0.0,2.1503327756119868,0.9285
1761771910959772032,700.0,goal_1e-11,0.3255,8.394615973819796,0.948
1329848490477856768,700.0,goal_1e-11,0.8455,29.203698682344594,0.9965
3311535375672171776,700.0,goal_1e-11,0.577,13.038586423696572,0.987
6112272348126668800,700.0,goal_1e-11,0.4985,10.947282235957577,0.976
6755038496304470144,700.0,goal_1e-11,0.4545,9.902187778630902,0.98
4283053988756001920,700.0,goal_1e-11,0.4395,9.545302524946278,0.988
2599647119044490496,700.0,goal_1e-11,0.447,9.769909188276545,0.9695
490441735713670528,700.0,goal_1e-11,0.447,9.722281783816623,0.9875
4934043968492272896,700.0,goal_1e-11,0.577,12.665287679814027,0.994
2621100450623361280,700.0,goal_1e-11,0.8195,25.901244796722697,0.9975
1851315420672845056,700.0,goal_1e-11,0.483,10.449037670288494,0.977
5541455315986463104,700.0,goal_1e-11,0.1985,6.549924915380185,0.9635
5976098417137532800,700.0,goal_1e-11,0.3315,8.014680771900192,0.9835
28898090451449472,700.0,goal_1e-11,0.2765,7.412728919643147,0.959
6592347918267168128,700.0,goal_1e-11,0.5485,11.995413751550908,0.975
5887064359268864256,700.0,goal_1e-11,0.0205,3.6751339465332746,0.982
6518913495153329920,700.0,goal_1e-11,0.184,6.465623013789388,0.945
4600878063941953280,700.0,goal_1e-11,0.368,8.74548312716693,0.9415
992845122843798016,700.0,goal_1e-11,0.4225,9.520242437218855,0.972
3664521351702250752,700.0,goal_1e-11,0.727,18.665418217461884,0.994
3711953493050429568,700.0,goal_1e-11,0.476,10.522477890901547,0.965
5473228871432372992,700.0,goal_1e-11,0.379,9.008613525112606,0.954
6752384069075512320,700.0,goal_1e-11,0.313,8.085146324873074,0.9615
4115513220094402048,700.0,goal_1e-11,0.1235,5.611526734879921,0.947
4602130957441446400,700.0,goal_1e-11,0.255,7.32322495357968,0.9465
377546664910219776,700.0,goal_1e-11,0.6365,14.497665894331364,0.9825
4364333977066797056,700.0,goal_1e-11,0.015,4.0318883314969725,0.9
5768315046181771904,700.0,goal_1e-11,0.3305,7.933931888333796,0.9735
123580919370477952,700.0,goal_1e-11,0.272,7.312696912956112,0.9665
4366334126156046976,700.0,goal_1e-11,0.2095,6.523079776982033,0.989
4901782819863332608,700.0,goal_1e-11,0.7535,20.32072702512361,0.996
2151838817854979456,700.0,goal_1e-11,0.155,6.252377642755279,0.9075
1343460895402697600,700.0,goal_1e-11,0.682,16.080994556156796,0.998
6136053959995638016,700.0,goal_1e-11,0.2885,7.600233250217811,0.9625
2221263218985851520,700.0,goal_1e-11,0.8315,31.15717731660777,0.9995
4162186251740404608,700.0,goal_1e-11,0.6985,17.52477016714223,0.9985
1678399143976755584,700.0,goal_1e-11,0.621,13.810445712625699,0.987
2704125913666895104,700.0,goal_1e-11,0.229,6.922452194536377,0.952
5000393997669149952,700.0,goal_1e-11,0.5245,11.265541877478881,0.9755
2491206105423269504,700.0,goal_1e-11,0.667,15.328573855489685,0.987
6274538269849968512,700.0,goal_1e-11,0.385,8.750750595157006,0.9885
707365862223681408,700.0,goal_1e-11,0.356,8.048722130774403,0.9765
4735086373076351744,700.0,goal_1e-11,0.7215,18.395814581956643,0.994
2799316059826451328,700.0,goal_1e-11,0.5235,11.448976652822488,0.982
1875970079134757760,700.0,goal_1e-11,0.383,8.727546318625373,0.9745
1783649894544856960,700.0,goal_1e-11,0.331,8.03865823265902,0.958
2554116930949289856,700.0,goal_1e-11,0.461,10.28117430007584,0.96
2753295523906432384,700.0,goal_1e-11,0.292,7.576716523502288,0.9685
886990809110955008,700.0,goal_1e-11,0.618,14.105587318303664,0.994
919018036639891968,700.0,goal_1e-11,0.6145,13.803192681766912,0.9835
2833555985786735232,700.0,goal_1e-11,0.641,14.42745393708789,0.996
3023472056569280512,700.0,goal_1e-11,0.467,10.04533199619968,0.992
868768602903736832,700.0,goal_1e-11,0.4175,9.208352232471974,0.98
5178460008866279808,700.0,goal_1e-11,0.4435,9.564851382895883,0.982
3004697238395042176,700.0,goal_1e-11,0.72,18.543942786751177,0.998
2346247935526578688,700.0,goal_1e-11,0.4685,9.901496856407023,0.9965
1933622971340170496,700.0,goal_1e-11,0.3015,7.798603679196322,0.9615
1014188567684692224,700.0,goal_1e-11,0.413,9.318446331379976,0.975
5466445022127902976,700.0,goal_1e-11,0.4165,9.178758526062706,0.988
6681692893110527232,700.0,goal_1e-11,0.4135,9.55459459452766,0.971
5185560414440293632,700.0,goal_1e-11,0.6555,15.173270817802948,0.9865
5800349145690204288,700.0,goal_1e-11,0.3585,8.423023147463075,0.9805
4105409399796978944,700.0,goal_1e-11,0.1465,5.870163445828654,0.947
4708692944344873216,700.0,goal_1e-11,0.24,7.091461515170334,0.971
2027994226190382848,700.0,goal_1e-11,0.2925,7.689890445856598,0.9555
2511654375999952640,700.0,goal_1e-11,0.3905,8.989173034524905,0.967
5493261389176885632,700.0,goal_1e-11,0.4495,9.901926828423909,0.9675
2240388880151078528,700.0,goal_1e-11,0.414,9.254750847976462,0.9905
5658455555185799040,700.0,goal_1e-11,0.28,7.315754993624077,0.98
5052502602489649664,700.0,goal_1e-11,0.651,14.948382205895678,0.9835
1979258613779627520,700.0,goal_1e-11,0.441,9.675879359236236,0.989
446639254048922112,700.0,goal_1e-11,0.177,6.177358197768497,0.9675
5601915746720479104,700.0,goal_1e-11,0.437,9.6453350150944,0.9755
4776963682897871616,700.0,goal_1e-11,0.727,18.330379305885938,0.996
3280686721529098368,700.0,goal_1e-11,0.289,7.686306130399159,0.982
1285339370727734400,700.0,goal_1e-11,0.4475,10.019712444134006,0.9675
5511484179500121088,700.0,goal_1e-11,0.35,8.608703022136424,0.9595
519978157091449088,700.0,goal_1e-11,0.1105,5.538537151289365,0.9425
3855789469596668544,700.0,goal_1e-11,0.1165,5.671327338461318,0.9
572054498112591744,700.0,goal_1e-11,0.158,6.18284701554759,0.941
357842591908022912,700.0,goal_1e-11,0.1765,6.399983512699478,0.942
5927844322167316352,700.0,goal_1e-11,0.097,5.768216172275423,0.9105
2281306105868025600,700.0,goal_1e-11,0.46,10.20518544161037,0.971
6342743866636102528,700.0,goal_1e-11,0.19,6.506622718929975,0.9625
1690963263347609088,700.0,goal_1e-11,0.4785,10.279956897022197,0.9725
1230823728796492672,700.0,goal_1e-11,0.409,9.227046860794642,0.9725
6411524297547089024,700.0,goal_1e-11,0.3715,8.549989886746566,0.9865
2935813011016890752,700.0,goal_1e-11,0.294,7.791756748598096,0.953
1510354597152530176,700.0,goal_1e-11,0.48,10.624907274224478,0.984
263711679169833728,700.0,goal_1e-11,0.3645,8.178647076967724,0.993
2203996935067479424,700.0,goal_1e-11,0.6135,13.536762806118649,0.9835
4637390027600793344,700.0,goal_1e-11,0.425,9.354653185698636,0.984
3326809997366173568,700.0,goal_1e-11,0.4865,10.674739295315721,0.982
359891153870510208,700.0,goal_1e-11,0.73,19.991125168930562,0.9925
3194157939562713472,700.0,goal_1e-11,0.4245,9.614019814112806,0.98
5654914887224650240,700.0,goal_1e-11,0.411,9.181387967879546,0.986
132596261882440320,700.0,goal_1e-11,0.404,9.090478816346577,0.9755
4262558915898078720,700.0,goal_1e-11,0.388,8.745341998316395,0.986
6149021149160162176,700.0,goal_1e-11,0.1885,6.4866075144180195,0.9565
2811411825899219200,700.0,goal_1e-11,0.764,21.135586892032784,0.999
1900800964403932800,700.0,goal_1e-11,0.2045,6.584664846227173,0.956
6009934130839583488,700.0,goal_1e-11,0.1665,5.78344562108339,0.9915
6872322302128569344,700.0,goal_1e-11,0.3015,7.664021945931903,0.9805
4548634356637185792,700.0,goal_1e-11,0.5545,11.980120433285435,0.987
6527091903161249152,700.0,goal_1e-11,0.2555,7.321428455949468,0.961
2639759162947729408,700.0,goal_1e-11,0.2005,6.778012121747053,0.9195
4100927786033595648,700.0,goal_1e-11,0.283,7.434993227775714,0.994
5371882654157606912,700.0,goal_1e-11,0.707,16.946495351465018,0.994
6775009922429158272,700.0,goal_1e-11,0.3785,8.709771710982615,0.9925
665668979685323648,700.0,goal_1e-11,0.6485,15.184826606872894,0.996
1832230956847006592,700.0,goal_1e-11,0.783,22.3712266040576,0.989
6284599664533612544,700.0,goal_1e-11,0.5235,11.442028483175472,0.9885
4641784775576833536,700.0,goal_1e-11,0.621,13.810178902506777,0.9845
4268847611328000256,700.0,goal_1e-11,0.9525,90.04659560103097,0.9995
4278176623883730176,700.0,goal_1e-11,0.0785,5.111726096497454,0.9245
3267929947104804096,1000.0,current_1e-9,0.1755,5.882800422435994,0.9725
5642877846246495360,1000.0,current_1e-9,0.226,6.692237070703988,0.962
6603465041679231872,1000.0,current_1e-9,0.0505,3.4077334974168907,0.998
2046526391572691328,1000.0,current_1e-9,0.0515,3.74055860783056,0.988
1016789806037687424,1000.0,current_1e-9,0.086,4.167037156250479,0.996
5679711000438989312,1000.0,current_1e-9,0.0335,3.4184765012560487,0.987
2995683893041962368,1000.0,current_1e-9,0.1195,4.964477125232014,0.9845
5953737099445742848,1000.0,current_1e-9,0.043,3.329846960233687,0.9925
4615401513032729088,1000.0,current_1e-9,0.247,6.913660110127239,0.9855
3004510772390701696,1000.0,current_1e-9,0.1835,5.97510848074732,0.985
4069792782145982080,1000.0,current_1e-9,0.2375,6.853314834048683,0.992
5814108395520777856,1000.0,current_1e-9,0.1675,5.5961798087318,0.992
5962272505153840896,1000.0,current_1e-9,0.073,4.1630046680008785,0.995
2149291627370030336,1000.0,current_1e-9,0.1675,5.880563743931176,0.9745
1323478680316848256,1000.0,current_1e-9,0.005,1.9000265059692052,0.9965
5260504054704228736,1000.0,current_1e-9,0.18,5.840789020394838,0.995
5841541455445538432,1000.0,current_1e-9,0.032,2.9402713083523344,0.9925
3867940039451965952,1000.0,current_1e-9,0.245,7.084040674891051,0.9855
87878642944408960,1000.0,current_1e-9,0.225,6.52245737928776,0.979
3151482384299373696,1000.0,current_1e-9,0.0775,4.093105802670387,0.998
6181044017297795968,1000.0,current_1e-9,0.216,6.599242155219015,0.9985
803645216387486720,1000.0,current_1e-9,0.2955,7.824427390340701,0.992
5914174364643486592,1000.0,current_1e-9,0.03,2.779467629356641,0.996
4797122403959920768,1000.0,current_1e-9,0.165,5.712727762857974,0.9945
2575048093288905088,1000.0,current_1e-9,0.32,8.269623080464953,0.9905
4229058961259584256,1000.0,current_1e-9,0.0795,3.9886003800802183,0.997
4561522831932945920,1000.0,current_1e-9,0.1395,5.188427858032667,0.9975
2208326773198648320,1000.0,current_1e-9,0.068,3.8608044287091285,0.995
6094128791359632256,1000.0,current_1e-9,0.1135,4.6649164297557055,0.994
2769623267282593152,1000.0,current_1e-9,0.019,2.362090025124345,0.9975
5660807578058341120,1000.0,current_1e-9,0.147,5.281520063577404,0.99
296496818102428544,1000.0,current_1e-9,0.1105,4.61219272244388,0.993
158752853233960704,1000.0,current_1e-9,0.15,5.525062440452905,0.985
2259514678757235200,1000.0,current_1e-9,0.164,5.631599401644984,0.985
4227855172121285760,1000.0,current_1e-9,0.2695,7.213989393482611,0.994
2196000977264781056,1000.0,current_1e-9,0.2045,6.411805869588023,0.979
1422765267499632640,1000.0,current_1e-9,0.0885,4.337826794439762,0.9885
5351303408563334912,1000.0,current_1e-9,0.1865,5.808177571233649,0.998
1364263517961035648,1000.0,current_1e-9,0.2145,6.325200298358843,0.982
5274946414813497344,1000.0,current_1e-9,0.3795,9.337290854174793,0.9855
3180960123537829760,1000.0,current_1e-9,0.0835,4.128654796525989,0.997
2757278951454094208,1000.0,current_1e-9,0.2295,6.813922369265986,0.9855
2703346703520007168,1000.0,current_1e-9,0.134,5.074365875384973,0.9835
4002529127504102656,1000.0,current_1e-9,0.136,5.095823761287852,0.996
5421588692928858752,1000.0,current_1e-9,0.178,5.8699077744905,0.978
6050388913137070848,1000.0,current_1e-9,0.0225,2.6353527955966447,0.9975
4345060775182367232,1000.0,current_1e-9,0.1345,5.2185714055709145,0.9815
992946106114748032,1000.0,current_1e-9,0.4115,10.31209320548488,0.982
676792841901784192,1000.0,current_1e-9,0.0105,2.271933275489627,0.997
218953691837608960,1000.0,current_1e-9,0.0295,3.0879729865400827,0.9955
2482368024800833024,1000.0,current_1e-9,0.0395,3.3671275578079394,0.9955
4609966833215963392,1000.0,current_1e-9,0.377,8.940402072308272,0.9775
6844037812175117440,1000.0,current_1e-9,0.003,1.51857579793714,0.9975
6441225886185109632,1000.0,current_1e-9,0.0525,3.492574593598148,0.994
1275271417631701504,1000.0,current_1e-9,0.2275,6.469821311891585,0.983
6490173906174556416,1000.0,current_1e-9,0.129,4.978779571031089,0.982
5940429538445511808,1000.0,current_1e-9,0.293,7.8922848419697145,0.9945
3793148372312611456,1000.0,current_1e-9,0.3155,8.049787261601258,0.9835
3138662151736925568,1000.0,current_1e-9,0.225,6.537982259565802,0.9795
5976199159903812736,1000.0,current_1e-9,0.0145,2.4417601250756142,0.9965
1504338722359357568,1000.0,current_1e-9,0.0215,2.6488119473042016,0.993
1688451325954477184,1000.0,current_1e-9,0.233,6.855497518181562,0.991
5889045855385067136,1000.0,current_1e-9,0.1915,6.20601882589376,0.977
4081754605352170496,1000.0,current_1e-9,0.018,2.549525617043115,0.9995
2691146831736184576,1000.0,current_1e-9,0.3155,7.862338800826354,0.989
334398010409366400,1000.0,current_1e-9,0.008,2.1930237378666804,0.996
1383626089525174016,1000.0,current_1e-9,0.0745,4.162601216866113,0.9865
3702063519102244480,1000.0,current_1e-9,0.1105,4.637498413343157,0.997
5423016683660491264,1000.0,current_1e-9,0.1975,6.26793307697624,0.9785
2804852929801600768,1000.0,current_1e-9,0.417,11.047585594832324,0.992
3114023912926376448,1000.0,current_1e-9,0.0055,1.8292765558267228,0.997
5524591457617244928,1000.0,current_1e-9,0.256,7.156025695510631,0.9765
4060366016201160320,1000.0,current_1e-9,0.0025,1.6246098209038171,0.986
6694638847956909696,1000.0,current_1e-9,0.01,2.085989077545077,0.997
3039556915253606144,1000.0,current_1e-9,0.149,5.42407349764514,0.9955
6237927045205600000,1000.0,current_1e-9,0.023,2.720349133412713,0.995
1878241773237645184,1000.0,current_1e-9,0.206,6.427106817563918,0.985
4288946748293342080,1000.0,current_1e-9,0.325,8.185888419626613,0.9975
2337648311488015360,1000.0,current_1e-9,0.2355,7.073335448340474,0.9875
4395214100433309184,1000.0,current_1e-9,0.112,4.679714997856942,0.9965
2796277112767076864,1000.0,current_1e-9,0.124,5.014249125939459,0.986
6016504747910034432,1000.0,current_1e-9,0.3065,7.797824164038024,0.9645
5166280100090122880,1000.0,current_1e-9,0.089,4.192318454030013,0.995
1130573557111974912,1000.0,current_1e-9,0.157,5.452557310569115,0.9935
164738354017665664,1000.0,current_1e-9,0.012,3.0792604895273654,0.968
1761771910959772032,1000.0,current_1e-9,0.328,8.438093726627946,0.9745
1329848490477856768,1000.0,current_1e-9,0.39,10.174925707168175,0.9995
3311535375672171776,1000.0,current_1e-9,0.145,5.309280877235868,0.993
6112272348126668800,1000.0,current_1e-9,0.183,5.809813815302519,0.9865
6755038496304470144,1000.0,current_1e-9,0.1395,5.2309015912175,0.991
4283053988756001920,1000.0,current_1e-9,0.041,3.142433459185128,0.9945
2599647119044490496,1000.0,current_1e-9,0.2105,6.398380050866535,0.9885
490441735713670528,1000.0,current_1e-9,0.024,2.8229131389841413,0.9925
4934043968492272896,1000.0,current_1e-9,0.0065,1.9372513835002587,0.9965
2621100450623361280,1000.0,current_1e-9,0.1545,5.392759340678577,0.9995
1851315420672845056,1000.0,current_1e-9,0.3325,8.501725532036401,0.989
5541455315986463104,1000.0,current_1e-9,0.216,6.399777427835414,0.9835
5976098417137532800,1000.0,current_1e-9,0.125,4.910556939185848,0.993
28898090451449472,1000.0,current_1e-9,0.203,6.109656394820769,0.98
6592347918267168128,1000.0,current_1e-9,0.155,5.496294350260221,0.985
5887064359268864256,1000.0,current_1e-9,0.04,3.592609227300379,0.9895
6518913495153329920,1000.0,current_1e-9,0.202,6.361124493315257,0.9715
4600878063941953280,1000.0,current_1e-9,0.3655,8.787758095451787,0.9675
992845122843798016,1000.0,current_1e-9,0.2365,6.835589552001291,0.985
3664521351702250752,1000.0,current_1e-9,0.181,6.040294819009138,0.9965
3711953493050429568,1000.0,current_1e-9,0.399,9.658824120867667,0.982
5473228871432372992,1000.0,current_1e-9,0.3395,8.493746479708959,0.9765
6752384069075512320,1000.0,current_1e-9,0.135,5.2232867459584,0.983
4115513220094402048,1000.0,current_1e-9,0.179,5.937022588616184,0.975
4602130957441446400,1000.0,current_1e-9,0.2415,6.843757161624211,0.9715
377546664910219776,1000.0,current_1e-9,0.388,9.840212842221735,0.993
4364333977066797056,1000.0,current_1e-9,0.11,5.267675470643069,0.952
5768315046181771904,1000.0,current_1e-9,0.053,3.6305375581627324,0.986
123580919370477952,1000.0,current_1e-9,0.255,6.886055347124555,0.9835
4366334126156046976,1000.0,current_1e-9,0.03,3.0543733090341867,0.995
4901782819863332608,1000.0,current_1e-9,0.0635,3.6201084031431807,0.9975
2151838817854979456,1000.0,current_1e-9,0.255,7.113374518358154,0.953
1343460895402697600,1000.0,current_1e-9,0.0065,2.199388617227217,0.9995
6136053959995638016,1000.0,current_1e-9,0.2165,6.4287738680557105,0.98
2221263218985851520,1000.0,current_1e-9,0.0105,2.0813282321115887,1.0
4162186251740404608,1000.0,current_1e-9,0.007,1.953719292470404,0.9995
1678399143976755584,1000.0,current_1e-9,0.3105,7.999734392556528,0.9945
2704125913666895104,1000.0,current_1e-9,0.2265,6.584762773456403,0.978
5000393997669149952,1000.0,current_1e-9,0.234,6.635940163164513,0.9885
2491206105423269504,1000.0,current_1e-9,0.3465,8.87853935853449,0.991
6274538269849968512,1000.0,current_1e-9,0.0185,2.5324280545472484,0.995
707365862223681408,1000.0,current_1e-9,0.0925,4.464057311897297,0.9895
4735086373076351744,1000.0,current_1e-9,0.0615,3.6147018779714517,0.9975
2799316059826451328,1000.0,current_1e-9,0.1575,5.400525024747199,0.989
1875970079134757760,1000.0,current_1e-9,0.083,4.186201338908898,0.985
1783649894544856960,1000.0,current_1e-9,0.2545,7.052084521654153,0.9795
2554116930949289856,1000.0,current_1e-9,0.395,9.70288255921951,0.975
2753295523906432384,1000.0,current_1e-9,0.101,4.609017662603538,0.984
886990809110955008,1000.0,current_1e-9,0.011,2.023165935409038,0.997
919018036639891968,1000.0,current_1e-9,0.2195,6.482482763044231,0.992
2833555985786735232,1000.0,current_1e-9,0.0155,2.398551326949493,0.9975
3023472056569280512,1000.0,current_1e-9,0.02,2.637728700648062,0.9955
868768602903736832,1000.0,current_1e-9,0.0905,4.345580061482909,0.9915
5178460008866279808,1000.0,current_1e-9,0.2505,6.844442292004945,0.9935
3004697238395042176,1000.0,current_1e-9,0.0155,2.560421751008084,0.999
2346247935526578688,1000.0,current_1e-9,0.0095,2.2320201889869757,0.9985
1933622971340170496,1000.0,current_1e-9,0.274,7.261398982194743,0.9805
1014188567684692224,1000.0,current_1e-9,0.061,3.7610666514235107,0.989
5466445022127902976,1000.0,current_1e-9,0.1405,5.263045372358291,0.9955
6681692893110527232,1000.0,current_1e-9,0.2095,6.561514656615267,0.99
5185560414440293632,1000.0,current_1e-9,0.3445,8.894356881858736,0.9955
5800349145690204288,1000.0,current_1e-9,0.0655,3.8052426323174724,0.9915
4105409399796978944,1000.0,current_1e-9,0.2025,6.231384896073123,0.972
4708692944344873216,1000.0,current_1e-9,0.2155,6.41801374315234,0.989
2027994226190382848,1000.0,current_1e-9,0.1525,5.582565431811093,0.975
2511654375999952640,1000.0,current_1e-9,0.288,7.653244311728784,0.988
5493261389176885632,1000.0,current_1e-9,0.285,7.5490767281630395,0.9815
2240388880151078528,1000.0,current_1e-9,0.005,1.740365062101012,0.9965
5658455555185799040,1000.0,current_1e-9,0.052,3.6934327073185775,0.9925
5052502602489649664,1000.0,current_1e-9,0.264,7.205424511337496,0.992
1979258613779627520,1000.0,current_1e-9,0.0255,2.898213313120011,0.994
446639254048922112,1000.0,current_1e-9,0.142,5.2970179631414505,0.982
5601915746720479104,1000.0,current_1e-9,0.151,5.5150112737774535,0.9845
4776963682897871616,1000.0,current_1e-9,0.309,7.921398948173006,0.9975
3280686721529098368,1000.0,current_1e-9,0.0645,3.988772737029301,0.991
1285339370727734400,1000.0,current_1e-9,0.411,9.986825594624328,0.9835
5511484179500121088,1000.0,current_1e-9,0.3175,8.22843324901735,0.9785
519978157091449088,1000.0,current_1e-9,0.152,5.587686349055324,0.97
3855789469596668544,1000.0,current_1e-9,0.2325,6.678486096257114,0.9575
572054498112591744,1000.0,current_1e-9,0.184,6.139025850207382,0.9705
357842591908022912,1000.0,current_1e-9,0.216,6.43925175138323,0.9755
5927844322167316352,1000.0,current_1e-9,0.2445,6.904643920604863,0.965
2281306105868025600,1000.0,current_1e-9,0.3685,9.115762176117489,0.989
6342743866636102528,1000.0,current_1e-9,0.13,5.291973541308855,0.9805
1690963263347609088,1000.0,current_1e-9,0.1135,4.930463726281282,0.9835
1230823728796492672,1000.0,current_1e-9,0.166,5.67380743772153,0.984
6411524297547089024,1000.0,current_1e-9,0.0215,2.649045891029899,0.9945
2935813011016890752,1000.0,current_1e-9,0.2315,6.759751711897913,0.9775
1510354597152530176,1000.0,current_1e-9,0.1745,5.5334176265111985,0.992
263711679169833728,1000.0,current_1e-9,0.004,1.7328821062635982,0.998
2203996935067479424,1000.0,current_1e-9,0.4725,11.579260759888115,0.9915
4637390027600793344,1000.0,current_1e-9,0.0425,3.3772516922511304,0.993
3326809997366173568,1000.0,current_1e-9,0.091,4.325268820081616,0.9925
359891153870510208,1000.0,current_1e-9,0.0335,2.8518051475721307,0.9975
3194157939562713472,1000.0,current_1e-9,0.0815,4.14425489075523,0.99
5654914887224650240,1000.0,current_1e-9,0.09,4.361795971256753,0.994
132596261882440320,1000.0,current_1e-9,0.1275,4.989733964897555,0.9905
4262558915898078720,1000.0,current_1e-9,0.0145,2.313723803391809,0.992
6149021149160162176,1000.0,current_1e-9,0.163,5.6962616384365,0.9765
2811411825899219200,1000.0,current_1e-9,0.011,2.0879185946396768,0.999
1900800964403932800,1000.0,current_1e-9,0.177,5.826973109708959,0.979
6009934130839583488,1000.0,current_1e-9,0.009,1.9419753565256925,0.9945
6872322302128569344,1000.0,current_1e-9,0.0935,4.289615389381086,0.99
4548634356637185792,1000.0,current_1e-9,0.0825,4.153162386193655,0.9925
6527091903161249152,1000.0,current_1e-9,0.2005,6.059990241191835,0.986
2639759162947729408,1000.0,current_1e-9,0.286,7.637649280171733,0.9595
4100927786033595648,1000.0,current_1e-9,0.0045,1.6419015716800014,0.9975
5371882654157606912,1000.0,current_1e-9,0.0795,4.185704516587184,0.9965
6775009922429158272,1000.0,current_1e-9,0.0075,1.9469878872687665,0.9965
665668979685323648,1000.0,current_1e-9,0.0115,2.3525109215236855,0.998
1832230956847006592,1000.0,current_1e-9,0.4465,11.883699501575775,0.994
6284599664533612544,1000.0,current_1e-9,0.0945,4.3076408922605305,0.9955
4641784775576833536,1000.0,current_1e-9,0.229,6.73469056967914,0.9925
4268847611328000256,1000.0,current_1e-9,0.295,7.982237368808751,0.9995
4278176623883730176,1000.0,current_1e-9,0.1685,5.852616334393603,0.9665
3267929947104804096,1000.0,nearterm_1e-10,0.4005,9.159632497286113,0.9725
5642877846246495360,1000.0,nearterm_1e-10,0.383,8.903625301720366,0.962
6603465041679231872,1000.0,nearterm_1e-10,0.6355,18.140303260924927,0.998
2046526391572691328,1000.0,nearterm_1e-10,0.519,11.757262494540932,0.988
1016789806037687424,1000.0,nearterm_1e-10,0.67,18.512108518613637,0.996
5679711000438989312,1000.0,nearterm_1e-10,0.152,5.683525143193137,0.987
2995683893041962368,1000.0,nearterm_1e-10,0.534,11.689093517331948,0.9845
5953737099445742848,1000.0,nearterm_1e-10,0.423,9.539437606363524,0.9925
4615401513032729088,1000.0,nearterm_1e-10,0.5415,11.670683259921029,0.9855
3004510772390701696,1000.0,nearterm_1e-10,0.5825,13.514071136112737,0.985
4069792782145982080,1000.0,nearterm_1e-10,0.6375,15.312631421068103,0.992
5814108395520777856,1000.0,nearterm_1e-10,0.6315,14.473000561380479,0.992
5962272505153840896,1000.0,nearterm_1e-10,0.6465,16.871345700938093,0.995
2149291627370030336,1000.0,nearterm_1e-10,0.3705,8.65457533590911,0.9745
1323478680316848256,1000.0,nearterm_1e-10,0.4345,10.352989800841865,0.9965
5260504054704228736,1000.0,nearterm_1e-10,0.6855,17.95889705888217,0.995
5841541455445538432,1000.0,nearterm_1e-10,0.4565,10.055302185967033,0.9925
3867940039451965952,1000.0,nearterm_1e-10,0.6495,15.802591211354162,0.9855
87878642944408960,1000.0,nearterm_1e-10,0.5115,10.87167370973938,0.979
3151482384299373696,1000.0,nearterm_1e-10,0.669,20.027777361856014,0.998
6181044017297795968,1000.0,nearterm_1e-10,0.7665,28.225177601967065,0.9985
803645216387486720,1000.0,nearterm_1e-10,0.7285,21.093943240743297,0.992
5914174364643486592,1000.0,nearterm_1e-10,0.5275,12.69163970526989,0.996
4797122403959920768,1000.0,nearterm_1e-10,0.6665,16.738893036974993,0.9945
2575048093288905088,1000.0,nearterm_1e-10,0.6705,16.628257151174257,0.9905
4229058961259584256,1000.0,nearterm_1e-10,0.678,20.295589139161674,0.997
4561522831932945920,1000.0,nearterm_1e-10,0.6805,18.346968308427783,0.9975
2208326773198648320,1000.0,nearterm_1e-10,0.6385,16.948835831375675,0.995
6094128791359632256,1000.0,nearterm_1e-10,0.623,16.14593576591775,0.994
2769623267282593152,1000.0,nearterm_1e-10,0.5185,13.003699805436522,0.9975
5660807578058341120,1000.0,nearterm_1e-10,0.5785,13.612636052426566,0.99
296496818102428544,1000.0,nearterm_1e-10,0.6345,15.751894941175932,0.993
158752853233960704,1000.0,nearterm_1e-10,0.291,7.418214836596413,0.985
2259514678757235200,1000.0,nearterm_1e-10,0.471,10.198249212643876,0.985
4227855172121285760,1000.0,nearterm_1e-10,0.6645,15.81631447271496,0.994
2196000977264781056,1000.0,nearterm_1e-10,0.5965,13.718046755786132,0.979
1422765267499632640,1000.0,nearterm_1e-10,0.5675,13.074397178886663,0.9885
5351303408563334912,1000.0,nearterm_1e-10,0.588,12.930298598715183,0.998
1364263517961035648,1000.0,nearterm_1e-10,0.532,11.40130168589797,0.982
5274946414813497344,1000.0,nearterm_1e-10,0.6245,14.692541719846123,0.9855
3180960123537829760,1000.0,nearterm_1e-10,0.6355,16.666931631187857,0.997
2757278951454094208,1000.0,nearterm_1e-10,0.505,11.138328384682818,0.9855
2703346703520007168,1000.0,nearterm_1e-10,0.499,10.82010337110808,0.9835
4002529127504102656,1000.0,nearterm_1e-10,0.696,21.6306480083233,0.996
5421588692928858752,1000.0,nearterm_1e-10,0.4315,9.548482628653234,0.978
6050388913137070848,1000.0,nearterm_1e-10,0.4445,9.89392080824489,0.9975
4345060775182367232,1000.0,nearterm_1e-10,0.402,9.120346748188735,0.9815
992946106114748032,1000.0,nearterm_1e-10,0.6665,15.704912047988827,0.982
676792841901784192,1000.0,nearterm_1e-10,0.513,12.263084095549607,0.997
218953691837608960,1000.0,nearterm_1e-10,0.535,12.236659417792543,0.9955
2482368024800833024,1000.0,nearterm_1e-10,0.58,14.490934845419076,0.9955
4609966833215963392,1000.0,nearterm_1e-10,0.554,11.96597884913189,0.9775
6844037812175117440,1000.0,nearterm_1e-10,0.4175,10.230896793346089,0.9975
6441225886185109632,1000.0,nearterm_1e-10,0.563,13.244770675769983,0.994
1275271417631701504,1000.0,nearterm_1e-10,0.555,12.252647330294486,0.983
6490173906174556416,1000.0,nearterm_1e-10,0.519,11.805390287566624,0.982
5940429538445511808,1000.0,nearterm_1e-10,0.739,22.24183610160803,0.9945
3793148372312611456,1000.0,nearterm_1e-10,0.595,13.15732986182474,0.9835
3138662151736925568,1000.0,nearterm_1e-10,0.472,10.289606163146942,0.9795
5976199159903812736,1000.0,nearterm_1e-10,0.373,8.813970873219693,0.9965
1504338722359357568,1000.0,nearterm_1e-10,0.555,13.257997392602913,0.993
1688451325954477184,1000.0,nearterm_1e-10,0.6785,17.11782972165348,0.991
5889045855385067136,1000.0,nearterm_1e-10,0.4345,9.776460638885615,0.977
4081754605352170496,1000.0,nearterm_1e-10,0.599,16.668212225745425,0.9995
2691146831736184576,1000.0,nearterm_1e-10,0.5845,12.710731224622311,0.989
334398010409366400,1000.0,nearterm_1e-10,0.517,11.935758676872599,0.996
1383626089525174016,1000.0,nearterm_1e-10,0.533,12.218890986632111,0.9865
3702063519102244480,1000.0,nearterm_1e-10,0.691,19.508703666355505,0.997
5423016683660491264,1000.0,nearterm_1e-10,0.473,10.33756410838216,0.9785
2804852929801600768,1000.0,nearterm_1e-10,0.7635,23.909447573715305,0.992
3114023912926376448,1000.0,nearterm_1e-10,0.453,10.759589538317101,0.997
5524591457617244928,1000.0,nearterm_1e-10,0.5115,11.356834840199754,0.9765
4060366016201160320,1000.0,nearterm_1e-10,0.0025,1.855017719544995,0.986
6694638847956909696,1000.0,nearterm_1e-10,0.4675,10.58873300200644,0.997
3039556915253606144,1000.0,nearterm_1e-10,0.6675,17.193398452135867,0.9955
6237927045205600000,1000.0,nearterm_1e-10,0.3885,8.881387793193849,0.995
1878241773237645184,1000.0,nearterm_1e-10,0.56,12.220433115428838,0.985
4288946748293342080,1000.0,nearterm_1e-10,0.806,34.45226113393675,0.9975
2337648311488015360,1000.0,nearterm_1e-10,0.648,15.390281478952975,0.9875
4395214100433309184,1000.0,nearterm_1e-10,0.668,19.000821894502458,0.9965
2796277112767076864,1000.0,nearterm_1e-10,0.276,7.172460576114086,0.986
6016504747910034432,1000.0,nearterm_1e-10,0.4395,9.686375087757355,0.9645
5166280100090122880,1000.0,nearterm_1e-10,0.6585,18.194040871692422,0.995
1130573557111974912,1000.0,nearterm_1e-10,0.669,18.08172593287374,0.9935
164738354017665664,1000.0,nearterm_1e-10,0.018,3.5528457147948713,0.968
1761771910959772032,1000.0,nearterm_1e-10,0.5475,12.203811873477258,0.9745
1329848490477856768,1000.0,nearterm_1e-10,0.8245,36.54693525963248,0.9995
3311535375672171776,1000.0,nearterm_1e-10,0.6405,16.80242089242091,0.993
6112272348126668800,1000.0,nearterm_1e-10,0.612,14.792838563276971,0.9865
6755038496304470144,1000.0,nearterm_1e-10,0.5755,13.423217444863466,0.991
4283053988756001920,1000.0,nearterm_1e-10,0.52,11.964843738472009,0.9945
2599647119044490496,1000.0,nearterm_1e-10,0.594,13.604364141865082,0.9885
490441735713670528,1000.0,nearterm_1e-10,0.518,11.837321274091835,0.9925
4934043968492272896,1000.0,nearterm_1e-10,0.5,12.197675456512789,0.9965
2621100450623361280,1000.0,nearterm_1e-10,0.7595,28.13629343635068,0.9995
1851315420672845056,1000.0,nearterm_1e-10,0.649,14.799462754696531,0.989
5541455315986463104,1000.0,nearterm_1e-10,0.436,9.641751169899909,0.9835
5976098417137532800,1000.0,nearterm_1e-10,0.5055,11.181758435819717,0.993
28898090451449472,1000.0,nearterm_1e-10,0.49,10.679064673664938,0.98
6592347918267168128,1000.0,nearterm_1e-10,0.6325,15.851411050852235,0.985
5887064359268864256,1000.0,nearterm_1e-10,0.1505,5.663571297347072,0.9895
6518913495153329920,1000.0,nearterm_1e-10,0.428,9.537465035355018,0.9715
4600878063941953280,1000.0,nearterm_1e-10,0.579,12.697325630224402,0.9675
992845122843798016,1000.0,nearterm_1e-10,0.5895,13.390578121037215,0.985
3664521351702250752,1000.0,nearterm_1e-10,0.7245,22.872459063356278,0.9965
3711953493050429568,1000.0,nearterm_1e-10,0.653,15.045540361046264,0.982
5473228871432372992,1000.0,nearterm_1e-10,0.586,12.99228316734972,0.9765
6752384069075512320,1000.0,nearterm_1e-10,0.5155,11.34367895148807,0.983
4115513220094402048,1000.0,nearterm_1e-10,0.3535,8.394371285767706,0.975
4602130957441446400,1000.0,nearterm_1e-10,0.488,10.676553597029269,0.9715
377546664910219776,1000.0,nearterm_1e-10,0.7335,20.00301559849738,0.993
4364333977066797056,1000.0,nearterm_1e-10,0.1695,6.273531230855481,0.952
5768315046181771904,1000.0,nearterm_1e-10,0.482,10.683585323495366,0.986
123580919370477952,1000.0,nearterm_1e-10,0.493,10.667360093149226,0.9835
4366334126156046976,1000.0,nearterm_1e-10,0.399,8.909571034082138,0.995
4901782819863332608,1000.0,nearterm_1e-10,0.67,20.714102334718792,0.9975
2151838817854979456,1000.0,nearterm_1e-10,0.4055,9.327986460046999,0.953
1343460895402697600,1000.0,nearterm_1e-10,0.5665,14.69391196959668,0.9995
6136053959995638016,1000.0,nearterm_1e-10,0.4975,10.96270319971548,0.98
2221263218985851520,1000.0,nearterm_1e-10,0.5835,17.946169730584597,1.0
4162186251740404608,1000.0,nearterm_1e-10,0.54,14.25198609308182,0.9995
1678399143976755584,1000.0,nearterm_1e-10,0.721,18.775598702697053,0.9945
2704125913666895104,1000.0,nearterm_1e-10,0.455,10.13518314992134,0.978
5000393997669149952,1000.0,nearterm_1e-10,0.641,15.424137296146077,0.9885
2491206105423269504,1000.0,nearterm_1e-10,0.737,20.77753024611538,0.991
6274538269849968512,1000.0,nearterm_1e-10,0.473,10.69863413587869,0.995
707365862223681408,1000.0,nearterm_1e-10,0.4905,11.093300556154643,0.9895
4735086373076351744,1000.0,nearterm_1e-10,0.652,19.541395529099773,0.9975
2799316059826451328,1000.0,nearterm_1e-10,0.619,15.21713619028262,0.989
1875970079134757760,1000.0,nearterm_1e-10,0.5185,11.766699680040794,0.985
1783649894544856960,1000.0,nearterm_1e-10,0.543,11.59744731634973,0.9795
2554116930949289856,1000.0,nearterm_1e-10,0.638,14.745391393761725,0.975
2753295523906432384,1000.0,nearterm_1e-10,0.4775,10.600259110753237,0.984
886990809110955008,1000.0,nearterm_1e-10,0.518,13.1671095450081,0.997
919018036639891968,1000.0,nearterm_1e-10,0.665,18.228108395007602,0.992
2833555985786735232,1000.0,nearterm_1e-10,0.563,14.35019039518146,0.9975
3023472056569280512,1000.0,nearterm_1e-10,0.5125,11.911090322455449,0.9955
868768602903736832,1000.0,nearterm_1e-10,0.551,12.351253662677184,0.9915
5178460008866279808,1000.0,nearterm_1e-10,0.603,13.452294946282914,0.9935
3004697238395042176,1000.0,nearterm_1e-10,0.5965,16.83936535640141,0.999
2346247935526578688,1000.0,nearterm_1e-10,0.4985,11.225676807139713,0.9985
1933622971340170496,1000.0,nearterm_1e-10,0.5225,11.314254826809337,0.9805
1014188567684692224,1000.0,nearterm_1e-10,0.529,12.1707544763366,0.989
5466445022127902976,1000.0,nearterm_1e-10,0.5755,12.637096692977021,0.9955
6681692893110527232,1000.0,nearterm_1e-10,0.589,13.37139340617731,0.99
5185560414440293632,1000.0,nearterm_1e-10,0.7295,20.586489405718456,0.9955
5800349145690204288,1000.0,nearterm_1e-10,0.5025,11.271611539411747,0.9915
4105409399796978944,1000.0,nearterm_1e-10,0.3805,8.753404024070852,0.972
4708692944344873216,1000.0,nearterm_1e-10,0.4695,10.331679612240764,0.989
2027994226190382848,1000.0,nearterm_1e-10,0.4995,10.93916387197033,0.975
2511654375999952640,1000.0,nearterm_1e-10,0.5905,12.867572181698804,0.988
5493261389176885632,1000.0,nearterm_1e-10,0.6045,13.965605211428961,0.9815
2240388880151078528,1000.0,nearterm_1e-10,0.41,9.772086465985177,0.9965
5658455555185799040,1000.0,nearterm_1e-10,0.462,10.039219130340086,0.9925
5052502602489649664,1000.0,nearterm_1e-10,0.7135,19.804558005052428,0.992
1979258613779627520,1000.0,nearterm_1e-10,0.5025,11.852432928954137,0.994
446639254048922112,1000.0,nearterm_1e-10,0.389,9.035743588020967,0.982
5601915746720479104,1000.0,nearterm_1e-10,0.582,13.250262245544672,0.9845
4776963682897871616,1000.0,nearterm_1e-10,0.75,23.840867451068334,0.9975
3280686721529098368,1000.0,nearterm_1e-10,0.481,10.546117076931646,0.991
1285339370727734400,1000.0,nearterm_1e-10,0.638,14.438693201125236,0.9835
5511484179500121088,1000.0,nearterm_1e-10,0.575,12.46149579194623,0.9785
519978157091449088,1000.0,nearterm_1e-10,0.3395,8.259923117671915,0.97
3855789469596668544,1000.0,nearterm_1e-10,0.362,8.533262185429772,0.9575
572054498112591744,1000.0,nearterm_1e-10,0.3915,9.150889192272258,0.9705
357842591908022912,1000.0,nearterm_1e-10,0.414,9.460864206321265,0.9755
5927844322167316352,1000.0,nearterm_1e-10,0.3665,8.689054393179928,0.965
2281306105868025600,1000.0,nearterm_1e-10,0.633,14.575800692249457,0.989
6342743866636102528,1000.0,nearterm_1e-10,0.4215,9.44621498231071,0.9805
1690963263347609088,1000.0,nearterm_1e-10,0.594,13.726203923223968,0.9835
1230823728796492672,1000.0,nearterm_1e-10,0.571,12.795469467266928,0.984
6411524297547089024,1000.0,nearterm_1e-10,0.465,10.617917819659644,0.9945
2935813011016890752,1000.0,nearterm_1e-10,0.5195,11.255418671766556,0.9775
1510354597152530176,1000.0,nearterm_1e-10,0.59,14.332117877223771,0.992
263711679169833728,1000.0,nearterm_1e-10,0.3985,9.133992524537236,0.998
2203996935067479424,1000.0,nearterm_1e-10,0.7305,19.092975616006584,0.9915
4637390027600793344,1000.0,nearterm_1e-10,0.529,11.988114864663537,0.993
3326809997366173568,1000.0,nearterm_1e-10,0.5775,13.867459128430696,0.9925
359891153870510208,1000.0,nearterm_1e-10,0.6205,18.53867955250789,0.9975
3194157939562713472,1000.0,nearterm_1e-10,0.539,12.655930604847205,0.99
5654914887224650240,1000.0,nearterm_1e-10,0.5455,12.303610153859466,0.994
132596261882440320,1000.0,nearterm_1e-10,0.5545,12.451162100244295,0.9905
4262558915898078720,1000.0,nearterm_1e-10,0.459,10.454618244749142,0.992
6149021149160162176,1000.0,nearterm_1e-10,0.4235,9.479004164550771,0.9765
2811411825899219200,1000.0,nearterm_1e-10,0.568,15.920385919042923,0.999
1900800964403932800,1000.0,nearterm_1e-10,0.425,9.619826462736032,0.979
6009934130839583488,1000.0,nearterm_1e-10,0.292,7.508985966621329,0.9945
6872322302128569344,1000.0,nearterm_1e-10,0.4845,10.618473096481834,0.99
4548634356637185792,1000.0,nearterm_1e-10,0.616,15.065978239315836,0.9925
6527091903161249152,1000.0,nearterm_1e-10,0.469,10.574342056676539,0.986
2639759162947729408,1000.0,nearterm_1e-10,0.447,10.05205552014021,0.9595
4100927786033595648,1000.0,nearterm_1e-10,0.3505,8.494929584048046,0.9975
5371882654157606912,1000.0,nearterm_1e-10,0.6865,19.51752573642147,0.9965
6775009922429158272,1000.0,nearterm_1e-10,0.4175,9.865677409884807,0.9965
665668979685323648,1000.0,nearterm_1e-10,0.5685,14.574349169375449,0.998
1832230956847006592,1000.0,nearterm_1e-10,0.8095,29.875007124797627,0.994
6284599664533612544,1000.0,nearterm_1e-10,0.6,14.62142520702502,0.9955
4641784775576833536,1000.0,nearterm_1e-10,0.693,18.346470509476248,0.9925
4268847611328000256,1000.0,nearterm_1e-10,0.842,64.09855852243574,0.9995
4278176623883730176,1000.0,nearterm_1e-10,0.296,7.736739705548884,0.9665
3267929947104804096,1000.0,goal_1e-11,0.425,9.544160071175506,0.9725
5642877846246495360,1000.0,goal_1e-11,0.393,9.141387412966703,0.962
6603465041679231872,1000.0,goal_1e-11,0.8015,24.640267082212613,0.998
2046526391572691328,1000.0,goal_1e-11,0.602,13.49911129013533,0.988
1016789806037687424,1000.0,goal_1e-11,0.804,23.155606950959275,0.996
5679711000438989312,1000.0,goal_1e-11,0.168,5.979967980036001,0.987
2995683893041962368,1000.0,goal_1e-11,0.585,12.745042953715778,0.9845
5953737099445742848,1000.0,goal_1e-11,0.505,10.774846849655205,0.9925
4615401513032729088,1000.0,goal_1e-11,0.5765,12.228638606961992,0.9855
3004510772390701696,1000.0,goal_1e-11,0.6335,14.631646487347142,0.985
4069792782145982080,1000.0,goal_1e-11,0.691,16.52307358829657,0.992
5814108395520777856,1000.0,goal_1e-11,0.692,15.926414579723936,0.992
5962272505153840896,1000.0,goal_1e-11,0.755,20.553200075032088,0.995
2149291627370030336,1000.0,goal_1e-11,0.385,8.97320772949431,0.9745
1323478680316848256,1000.0,goal_1e-11,0.6305,14.500223719754558,0.9965
5260504054704228736,1000.0,goal_1e-11,0.7665,20.307284882495,0.995
5841541455445538432,1000.0,goal_1e-11,0.549,11.779161739887856,0.9925
3867940039451965952,1000.0,goal_1e-11,0.7035,17.02314595408366,0.9855
87878642944408960,1000.0,goal_1e-11,0.542,11.384491447257991,0.979
3151482384299373696,1000.0,goal_1e-11,0.811,26.209901951113597,0.998
6181044017297795968,1000.0,goal_1e-11,0.8735,34.38724183099375,0.9985
803645216387486720,1000.0,goal_1e-11,0.787,23.204357692451996,0.992
5914174364643486592,1000.0,goal_1e-11,0.6635,16.287104153876697,0.996
4797122403959920768,1000.0,goal_1e-11,0.739,18.81447684115744,0.9945
2575048093288905088,1000.0,goal_1e-11,0.7175,17.682272519177715,0.9905
4229058961259584256,1000.0,goal_1e-11,0.8275,26.764833156290027,0.997
4561522831932945920,1000.0,goal_1e-11,0.78,21.409775610793126,0.9975
2208326773198648320,1000.0,goal_1e-11,0.7635,21.186914856818504,0.995
6094128791359632256,1000.0,goal_1e-11,0.7255,18.80598618009483,0.994
2769623267282593152,1000.0,goal_1e-11,0.71,18.268217109626864,0.9975
5660807578058341120,1000.0,goal_1e-11,0.647,15.023875823388455,0.99
296496818102428544,1000.0,goal_1e-11,0.722,18.25669249346128,0.993
158752853233960704,1000.0,goal_1e-11,0.3055,7.62852831195728,0.985
2259514678757235200,1000.0,goal_1e-11,0.5005,10.782689460519332,0.985
4227855172121285760,1000.0,goal_1e-11,0.71,16.98980733956514,0.994
2196000977264781056,1000.0,goal_1e-11,0.6485,14.727910930197169,0.979
1422765267499632640,1000.0,goal_1e-11,0.6455,14.850408569243424,0.9885
5351303408563334912,1000.0,goal_1e-11,0.6375,13.960297153302449,0.998
1364263517961035648,1000.0,goal_1e-11,0.5655,12.030469315248379,0.982
5274946414813497344,1000.0,goal_1e-11,0.6565,15.262083860022466,0.9855
3180960123537829760,1000.0,goal_1e-11,0.7495,20.29490631360934,0.997
2757278951454094208,1000.0,goal_1e-11,0.537,11.64623266509316,0.9855
2703346703520007168,1000.0,goal_1e-11,0.5465,11.656436751541118,0.9835
4002529127504102656,1000.0,goal_1e-11,0.812,26.55096018720151,0.996
5421588692928858752,1000.0,goal_1e-11,0.4545,9.987870620903756,0.978
6050388913137070848,1000.0,goal_1e-11,0.544,11.888215844944494,0.9975
4345060775182367232,1000.0,goal_1e-11,0.4345,9.619070620152238,0.9815
992946106114748032,1000.0,goal_1e-11,0.69,16.25839551031134,0.982
676792841901784192,1000.0,goal_1e-11,0.6865,16.946384626657313,0.997
218953691837608960,1000.0,goal_1e-11,0.6595,14.883565022066879,0.9955
2482368024800833024,1000.0,goal_1e-11,0.709,18.040145415766563,0.9955
4609966833215963392,1000.0,goal_1e-11,0.57,12.272574663137377,0.9775
6844037812175117440,1000.0,goal_1e-11,0.681,16.87422182356148,0.9975
6441225886185109632,1000.0,goal_1e-11,0.67,15.993769164518659,0.994
1275271417631701504,1000.0,goal_1e-11,0.5985,12.98873373101991,0.983
6490173906174556416,1000.0,goal_1e-11,0.5745,12.895314260157116,0.982
5940429538445511808,1000.0,goal_1e-11,0.8045,24.65064293990675,0.9945
3793148372312611456,1000.0,goal_1e-11,0.631,13.726642339132887,0.9835
3138662151736925568,1000.0,goal_1e-11,0.495,10.724568295779893,0.9795
5976199159903812736,1000.0,goal_1e-11,0.479,10.54137859655379,0.9965
1504338722359357568,1000.0,goal_1e-11,0.7055,17.67602684063252,0.993
1688451325954477184,1000.0,goal_1e-11,0.7365,18.69454190693389,0.991
5889045855385067136,1000.0,goal_1e-11,0.458,10.191448520215426,0.977
4081754605352170496,1000.0,goal_1e-11,0.808,26.429319830741704,0.9995
2691146831736184576,1000.0,goal_1e-11,0.613,13.251117360661132,0.989
334398010409366400,1000.0,goal_1e-11,0.687,16.580109163026048,0.996
1383626089525174016,1000.0,goal_1e-11,0.6095,13.812419876014603,0.9865
3702063519102244480,1000.0,goal_1e-11,0.8005,23.919320743221352,0.997
5423016683660491264,1000.0,goal_1e-11,0.5045,10.823586230176254,0.9785
2804852929801600768,1000.0,goal_1e-11,0.8155,25.52372829026111,0.992
3114023912926376448,1000.0,goal_1e-11,0.664,15.750654883282168,0.997
5524591457617244928,1000.0,goal_1e-11,0.536,11.837663607581824,0.9765
4060366016201160320,1000.0,goal_1e-11,0.0025,1.8805320353623558,0.986
6694638847956909696,1000.0,goal_1e-11,0.615,14.204217648523908,0.997
3039556915253606144,1000.0,goal_1e-11,0.745,19.61430380244997,0.9955
6237927045205600000,1000.0,goal_1e-11,0.4795,10.333674925483407,0.995
1878241773237645184,1000.0,goal_1e-11,0.5885,12.962420405540753,0.985
4288946748293342080,1000.0,goal_1e-11,0.893,41.383073166295915,0.9975
2337648311488015360,1000.0,goal_1e-11,0.704,16.54737714568714,0.9875
4395214100433309184,1000.0,goal_1e-11,0.7885,23.02037151175035,0.9965
2796277112767076864,1000.0,goal_1e-11,0.2925,7.423293338262964,0.986
6016504747910034432,1000.0,goal_1e-11,0.451,9.88061217660707,0.9645
5166280100090122880,1000.0,goal_1e-11,0.782,22.517859080409522,0.995
1130573557111974912,1000.0,goal_1e-11,0.7595,20.807974081011487,0.9935
164738354017665664,1000.0,goal_1e-11,0.019,3.6049445159798146,0.968
1761771910959772032,1000.0,goal_1e-11,0.5735,12.602497042808045,0.9745
1329848490477856768,1000.0,goal_1e-11,0.9025,42.03916604127973,0.9995
3311535375672171776,1000.0,goal_1e-11,0.727,19.247947088710365,0.993
6112272348126668800,1000.0,goal_1e-11,0.6745,16.27522833112219,0.9865
6755038496304470144,1000.0,goal_1e-11,0.643,14.811888310912934,0.991
4283053988756001920,1000.0,goal_1e-11,0.638,14.412120884508873,0.9945
2599647119044490496,1000.0,goal_1e-11,0.6485,14.59700968263629,0.9885
490441735713670528,1000.0,goal_1e-11,0.647,14.667551686865423,0.9925
4934043968492272896,1000.0,goal_1e-11,0.713,18.871971170349454,0.9965
2621100450623361280,1000.0,goal_1e-11,0.882,37.35068684197656,0.9995
1851315420672845056,1000.0,goal_1e-11,0.679,15.515953353040993,0.989
5541455315986463104,1000.0,goal_1e-11,0.463,10.011821837665199,0.9835
5976098417137532800,1000.0,goal_1e-11,0.567,12.14416622571747,0.993
28898090451449472,1000.0,goal_1e-11,0.5205,11.244117535482081,0.98
6592347918267168128,1000.0,goal_1e-11,0.713,17.758853753480047,0.985
5887064359268864256,1000.0,goal_1e-11,0.1675,5.926739543439524,0.9895
6518913495153329920,1000.0,goal_1e-11,0.4515,9.896366909788627,0.9715
4600878063941953280,1000.0,goal_1e-11,0.6,13.101722271288365,0.9675
992845122843798016,1000.0,goal_1e-11,0.6375,14.238274820148021,0.985
3664521351702250752,1000.0,goal_1e-11,0.8125,27.159477155818124,0.9965
3711953493050429568,1000.0,goal_1e-11,0.6795,15.603267343496315,0.982
5473228871432372992,1000.0,goal_1e-11,0.6095,13.474004643338532,0.9765
6752384069075512320,1000.0,goal_1e-11,0.569,12.244074529270607,0.983
4115513220094402048,1000.0,goal_1e-11,0.3695,8.670446541392486,0.975
4602130957441446400,1000.0,goal_1e-11,0.5165,11.110726906730592,0.9715
377546664910219776,1000.0,goal_1e-11,0.776,21.22935984402682,0.993
4364333977066797056,1000.0,goal_1e-11,0.177,6.381575076949477,0.952
5768315046181771904,1000.0,goal_1e-11,0.5645,12.092311229167247,0.986
123580919370477952,1000.0,goal_1e-11,0.5195,11.092628165088895,0.9835
4366334126156046976,1000.0,goal_1e-11,0.4795,10.11856955070676,0.995
4901782819863332608,1000.0,goal_1e-11,0.8285,29.49660030426979,0.9975
2151838817854979456,1000.0,goal_1e-11,0.4205,9.562602454130142,0.953
1343460895402697600,1000.0,goal_1e-11,0.7945,23.614513424335144,0.9995
6136053959995638016,1000.0,goal_1e-11,0.5275,11.512110524958036,0.98
2221263218985851520,1000.0,goal_1e-11,0.872,44.133648296004644,1.0
4162186251740404608,1000.0,goal_1e-11,0.7985,25.613657595789277,0.9995
1678399143976755584,1000.0,goal_1e-11,0.768,20.28547666280441,0.9945
2704125913666895104,1000.0,goal_1e-11,0.4805,10.542118317373898,0.978
5000393997669149952,1000.0,goal_1e-11,0.696,16.70874551675157,0.9885
2491206105423269504,1000.0,goal_1e-11,0.7925,22.414945602457216,0.991
6274538269849968512,1000.0,goal_1e-11,0.6005,13.327121074661555,0.995
707365862223681408,1000.0,goal_1e-11,0.5535,12.211829763120761,0.9895
4735086373076351744,1000.0,goal_1e-11,0.829,26.8143897455967,0.9975
2799316059826451328,1000.0,goal_1e-11,0.699,16.996085528759057,0.989
1875970079134757760,1000.0,goal_1e-11,0.5885,13.19235580892156,0.985
1783649894544856960,1000.0,goal_1e-11,0.5725,12.120269947024369,0.9795
2554116930949289856,1000.0,goal_1e-11,0.6655,15.264531511578568,0.975
2753295523906432384,1000.0,goal_1e-11,0.541,11.537080844793367,0.984
886990809110955008,1000.0,goal_1e-11,0.75,20.879108835542763,0.997
919018036639891968,1000.0,goal_1e-11,0.745,20.28616712954548,0.992
2833555985786735232,1000.0,goal_1e-11,0.771,21.316271743408944,0.9975
3023472056569280512,1000.0,goal_1e-11,0.6685,15.15539040357721,0.9955
868768602903736832,1000.0,goal_1e-11,0.634,13.865987633538086,0.9915
5178460008866279808,1000.0,goal_1e-11,0.646,14.298990556788592,0.9935
3004697238395042176,1000.0,goal_1e-11,0.8195,27.03138475843298,0.999
2346247935526578688,1000.0,goal_1e-11,0.649,14.987798874239997,0.9985
1933622971340170496,1000.0,goal_1e-11,0.547,11.770108970022104,0.9805
1014188567684692224,1000.0,goal_1e-11,0.618,14.056728452697318,0.989
5466445022127902976,1000.0,goal_1e-11,0.629,13.798586625179826,0.9955
6681692893110527232,1000.0,goal_1e-11,0.6365,14.292141064193695,0.99
5185560414440293632,1000.0,goal_1e-11,0.7765,22.196983499275163,0.9955
5800349145690204288,1000.0,goal_1e-11,0.5835,12.785395988717505,0.9915
4105409399796978944,1000.0,goal_1e-11,0.396,9.034540261105233,0.972
4708692944344873216,1000.0,goal_1e-11,0.506,10.791132740210115,0.989
2027994226190382848,1000.0,goal_1e-11,0.5385,11.665224158226914,0.975
2511654375999952640,1000.0,goal_1e-11,0.6255,13.465076208349062,0.988
5493261389176885632,1000.0,goal_1e-11,0.6315,14.750907808547177,0.9815
2240388880151078528,1000.0,goal_1e-11,0.6235,14.130537161993239,0.9965
5658455555185799040,1000.0,goal_1e-11,0.527,11.216248113703438,0.9925
5052502602489649664,1000.0,goal_1e-11,0.7815,21.893457764845,0.992
1979258613779627520,1000.0,goal_1e-11,0.632,14.616906903970914,0.994
446639254048922112,1000.0,goal_1e-11,0.424,9.508119245901074,0.982
5601915746720479104,1000.0,goal_1e-11,0.641,14.4552823259743,0.9845
4776963682897871616,1000.0,goal_1e-11,0.82,26.660935192325663,0.9975
3280686721529098368,1000.0,goal_1e-11,0.551,11.736728962368947,0.991
1285339370727734400,1000.0,goal_1e-11,0.6605,14.887403253795874,0.9835
5511484179500121088,1000.0,goal_1e-11,0.598,12.915758261508687,0.9785
519978157091449088,1000.0,goal_1e-11,0.36,8.572260251457754,0.97
3855789469596668544,1000.0,goal_1e-11,0.3755,8.73127995689138,0.9575
572054498112591744,1000.0,goal_1e-11,0.4175,9.496104428815357,0.9705
357842591908022912,1000.0,goal_1e-11,0.437,9.80156800016732,0.9755
5927844322167316352,1000.0,goal_1e-11,0.378,8.877245561284974,0.965
2281306105868025600,1000.0,goal_1e-11,0.663,15.16497245083071,0.989
6342743866636102528,1000.0,goal_1e-11,0.456,9.98603676617654,0.9805
1690963263347609088,1000.0,goal_1e-11,0.658,15.347702727271658,0.9835
1230823728796492672,1000.0,goal_1e-11,0.6325,13.842397523833496,0.984
6411524297547089024,1000.0,goal_1e-11,0.599,13.0409040586027,0.9945
2935813011016890752,1000.0,goal_1e-11,0.5505,11.783350180181039,0.9775
1510354597152530176,1000.0,goal_1e-11,0.662,15.820811729244113,0.992
263711679169833728,1000.0,goal_1e-11,0.568,12.60190315454682,0.998
2203996935067479424,1000.0,goal_1e-11,0.7565,19.854580429272126,0.9915
4637390027600793344,1000.0,goal_1e-11,0.6295,14.129139135633578,0.993
3326809997366173568,1000.0,goal_1e-11,0.6575,15.944805124519624,0.9925
359891153870510208,1000.0,goal_1e-11,0.809,29.02714550450386,0.9975
3194157939562713472,1000.0,goal_1e-11,0.6245,14.450153788857872,0.99
5654914887224650240,1000.0,goal_1e-11,0.6235,13.827774105240714,0.994
132596261882440320,1000.0,goal_1e-11,0.6165,13.69130872851799,0.9905
4262558915898078720,1000.0,goal_1e-11,0.598,13.33382781406616,0.992
6149021149160162176,1000.0,goal_1e-11,0.453,9.942719595680726,0.9765
2811411825899219200,1000.0,goal_1e-11,0.836,30.573638264171517,0.999
1900800964403932800,1000.0,goal_1e-11,0.458,10.08038989284238,0.979
6009934130839583488,1000.0,goal_1e-11,0.4035,9.15720801579798,0.9945
6872322302128569344,1000.0,goal_1e-11,0.547,11.681401388100062,0.99
4548634356637185792,1000.0,goal_1e-11,0.7215,17.79443247802055,0.9925
6527091903161249152,1000.0,goal_1e-11,0.5065,11.13611223452535,0.986
2639759162947729408,1000.0,goal_1e-11,0.459,10.30550509879575,0.9595
4100927786033595648,1000.0,goal_1e-11,0.542,11.577634237671806,0.9975
5371882654157606912,1000.0,goal_1e-11,0.8005,24.77077926995389,0.9965
6775009922429158272,1000.0,goal_1e-11,0.585,13.339567694291741,0.9965
665668979685323648,1000.0,goal_1e-11,0.7645,22.355987575376318,0.998
1832230956847006592,1000.0,goal_1e-11,0.8645,32.36123725369482,0.994
6284599664533612544,1000.0,goal_1e-11,0.6955,17.025095929883353,0.9955
4641784775576833536,1000.0,goal_1e-11,0.763,20.301136157638446,0.9925
4268847611328000256,1000.0,goal_1e-11,0.9555,127.1716922903448,0.9995
4278176623883730176,1000.0,goal_1e-11,0.3125,7.944971390858549,0.9665
