source_id,aperture_m,scenario,p_det,mean_snr,wa_frac
3267929947104804096,4.0,current_1e-9,0.0,0.011603720303680126,0.0
5642877846246495360,4.0,current_1e-9,0.0,0.010934733794765054,0.0
6603465041679231872,4.0,current_1e-9,0.0,0.05587087209019941,0.0
2046526391572691328,4.0,current_1e-9,0.0,0.019141216440483753,0.0
1016789806037687424,4.0,current_1e-9,0.0,0.05085996811683613,0.0
5679711000438989312,4.0,current_1e-9,0.0,0.005072396947148064,0.0
2995683893041962368,4.0,current_1e-9,0.0,0.018165921366609796,0.0
5953737099445742848,4.0,current_1e-9,0.0,0.012702632328769947,0.0
4615401513032729088,4.0,current_1e-9,0.0,0.017533159554099592,0.0
3004510772390701696,4.0,current_1e-9,0.0,0.02417483362819547,0.0
4069792782145982080,4.0,current_1e-9,0.0,0.03067811287787694,0.0
5814108395520777856,4.0,current_1e-9,0.0,0.026725276008693795,0.0
5962272505153840896,4.0,current_1e-9,0.0,0.04181710457088154,0.0
2149291627370030336,4.0,current_1e-9,0.0,0.010751273907153382,0.0
1323478680316848256,4.0,current_1e-9,0.0,0.018489801900391532,0.0
5260504054704228736,4.0,current_1e-9,0.0,0.04283894557021178,0.0
5841541455445538432,4.0,current_1e-9,0.0,0.01423243365061182,0.0
3867940039451965952,4.0,current_1e-9,0.0,0.03252614462751657,0.0
87878642944408960,4.0,current_1e-9,0.0,0.015603458032826856,0.0
3151482384299373696,4.0,current_1e-9,0.0,0.06577913851288528,0.0
6181044017297795968,4.0,current_1e-9,0.0,0.11946751372590214,0.0
803645216387486720,4.0,current_1e-9,0.0,0.05796551501600756,0.0
5914174364643486592,4.0,current_1e-9,0.0,0.025179996800779467,0.0
4797122403959920768,4.0,current_1e-9,0.0,0.038112192770444905,0.0
2575048093288905088,4.0,current_1e-9,0.0,0.036012954356827775,0.0
4229058961259584256,4.0,current_1e-9,0.0,0.0668296464248564,0.0
4561522831932945920,4.0,current_1e-9,0.0,0.046443272770608265,0.0
2208326773198648320,4.0,current_1e-9,0.0,0.04342821027240638,0.0
6094128791359632256,4.0,current_1e-9,0.0,0.03599666870527707,0.0
2769623267282593152,4.0,current_1e-9,0.0,0.029860068013356594,0.0
5660807578058341120,4.0,current_1e-9,0.0,0.024476447322429692,0.0
296496818102428544,4.0,current_1e-9,0.0,0.033632948327760884,0.0
158752853233960704,4.0,current_1e-9,0.0,0.008154558563967419,0.0
2259514678757235200,4.0,current_1e-9,0.0,0.013966122880352715,0.0
4227855172121285760,4.0,current_1e-9,0.0,0.031866341878939365,0.0
2196000977264781056,4.0,current_1e-9,0.0,0.024415791522884683,0.0
1422765267499632640,4.0,current_1e-9,0.0,0.02309735701197264,0.0
5351303408563334912,4.0,current_1e-9,0.0,0.021559788316683138,0.0
1364263517961035648,4.0,current_1e-9,0.0,0.01704556657088024,0.0
5274946414813497344,4.0,current_1e-9,0.0,0.02832124169369124,0.0
3180960123537829760,4.0,current_1e-9,0.0,0.040592762672992465,0.0
2757278951454094208,4.0,current_1e-9,0.0,0.01692364985080637,0.0
2703346703520007168,4.0,current_1e-9,0.0,0.01569092091479962,0.0
4002529127504102656,4.0,current_1e-9,0.0,0.07010706352907214,0.0
5421588692928858752,4.0,current_1e-9,0.0,0.012266660446018363,0.0
6050388913137070848,4.0,current_1e-9,0.0,0.014195560164528274,0.0
4345060775182367232,4.0,current_1e-9,0.0,0.01145084571793151,0.0
992946106114748032,4.0,current_1e-9,0.0,0.032316747320616485,0.0
676792841901784192,4.0,current_1e-9,0.0,0.025243933664720598,0.0
218953691837608960,4.0,current_1e-9,0.0,0.021447379491517066,0.0
2482368024800833024,4.0,current_1e-9,0.0,0.031458631648677335,0.0
4609966833215963392,4.0,current_1e-9,0.0,0.019146151667527454,0.0
6844037812175117440,4.0,current_1e-9,0.0,0.023101280889773305,0.0
6441225886185109632,4.0,current_1e-9,0.0,0.02626746628408462,0.0
1275271417631701504,4.0,current_1e-9,0.0,0.019849078442458687,0.0
6490173906174556416,4.0,current_1e-9,0.0,0.01875550702025898,0.0
5940429538445511808,4.0,current_1e-9,0.0,0.06480337548349496,0.0
3793148372312611456,4.0,current_1e-9,0.0,0.02256091251140795,0.0
3138662151736925568,4.0,current_1e-9,0.0,0.014396500611390143,0.0
5976199159903812736,4.0,current_1e-9,0.0,0.011652862833805962,0.0
1504338722359357568,4.0,current_1e-9,0.0,0.028582962099651776,0.0
1688451325954477184,4.0,current_1e-9,0.0,0.03754765720950336,0.0
5889045855385067136,4.0,current_1e-9,0.0,0.012873878012976174,0.0
4081754605352170496,4.0,current_1e-9,0.0,0.06030615967273306,0.0
2691146831736184576,4.0,current_1e-9,0.0,0.020701588724972155,0.0
334398010409366400,4.0,current_1e-9,0.0,0.023955592670356674,0.0
1383626089525174016,4.0,current_1e-9,0.0,0.0202581089343175,0.0
3702063519102244480,4.0,current_1e-9,0.0,0.05623361631846981,0.0
5423016683660491264,4.0,current_1e-9,0.0,0.014417781231026073,0.0
2804852929801600768,4.0,current_1e-9,0.0,0.07573140052191674,0.0
3114023912926376448,4.0,current_1e-9,0.0,0.020949551313006368,0.0
5524591457617244928,4.0,current_1e-9,0.0,0.017586998524592296,0.0
4060366016201160320,4.0,current_1e-9,0.0,0.0010353234306718568,0.0
6694638847956909696,4.0,current_1e-9,0.0,0.018182675460326606,0.0
3039556915253606144,4.0,current_1e-9,0.0,0.04015300435934494,0.0
6237927045205600000,4.0,current_1e-9,0.0,0.011544668547154033,0.0
1878241773237645184,4.0,current_1e-9,0.0,0.019830279854182002,0.0
4288946748293342080,4.0,current_1e-9,0.0,0.1750145370272013,0.0
2337648311488015360,4.0,current_1e-9,0.0,0.03143768331560926,0.0
4395214100433309184,4.0,current_1e-9,0.0,0.05296152132210744,0.0
2796277112767076864,4.0,current_1e-9,0.0,0.007656062114773751,0.0
6016504747910034432,4.0,current_1e-9,0.0,0.01281113588309649,0.0
5166280100090122880,4.0,current_1e-9,0.0,0.04896254448853713,0.0
1130573557111974912,4.0,current_1e-9,0.0,0.04497115124347351,0.0
164738354017665664,4.0,current_1e-9,0.0,0.002570228948729385,0.0
1761771910959772032,4.0,current_1e-9,0.0,0.020060501843176353,0.0
1329848490477856768,4.0,current_1e-9,0.0,0.18689839755440688,0.0
3311535375672171776,4.0,current_1e-9,0.0,0.040680311648231764,0.0
6112272348126668800,4.0,current_1e-9,0.0,0.029204691973421307,0.0
6755038496304470144,4.0,current_1e-9,0.0,0.024200239064408137,0.0
4283053988756001920,4.0,current_1e-9,0.0,0.020747631068999673,0.0
2599647119044490496,4.0,current_1e-9,0.0,0.0239958413109716,0.0
490441735713670528,4.0,current_1e-9,0.0,0.020810445454064415,0.0
4934043968492272896,4.0,current_1e-9,0.0,0.030073054070568032,0.0
2621100450623361280,4.0,current_1e-9,0.0,0.1356736505305551,0.0
1851315420672845056,4.0,current_1e-9,0.0,0.02816227999184633,0.0
5541455315986463104,4.0,current_1e-9,0.0,0.012829496408605144,0.0
5976098417137532800,4.0,current_1e-9,0.0,0.016789371047292185,0.0
28898090451449472,4.0,current_1e-9,0.0,0.015651213363717005,0.0
6592347918267168128,4.0,current_1e-9,0.0,0.03347254056988601,0.0
5887064359268864256,4.0,current_1e-9,0.0,0.005073369322458942,0.0
6518913495153329920,4.0,current_1e-9,0.0,0.012451564263329929,0.0
4600878063941953280,4.0,current_1e-9,0.0,0.020771836539746957,0.0
992845122843798016,4.0,current_1e-9,0.0,0.023455698111979763,0.0
3664521351702250752,4.0,current_1e-9,0.0,0.07747566906350492,0.0
3711953493050429568,4.0,current_1e-9,0.0,0.02893896093828543,0.0
5473228871432372992,4.0,current_1e-9,0.0,0.02196016875070839,0.0
6752384069075512320,4.0,current_1e-9,0.0,0.01728189490877342,0.0
4115513220094402048,4.0,current_1e-9,0.0,0.01000414713525276,0.0
4602130957441446400,4.0,current_1e-9,0.0,0.015159317485357046,0.0
377546664910219776,4.0,current_1e-9,0.0,0.05192656573953801,0.0
4364333977066797056,4.0,current_1e-9,0.0,0.006151239908472132,0.0
5768315046181771904,4.0,current_1e-9,0.0,0.015456886638801976,0.0
123580919370477952,4.0,current_1e-9,0.0,0.015016145202119115,0.0
4366334126156046976,4.0,current_1e-9,0.0,0.011221050279494778,0.0
4901782819863332608,4.0,current_1e-9,0.0,0.08165760497702325,0.0
2151838817854979456,4.0,current_1e-9,0.0,0.012217985039048522,0.0
1343460895402697600,4.0,current_1e-9,0.0,0.045802693050561546,0.0
6136053959995638016,4.0,current_1e-9,0.0,0.016217387918749278,0.0
2221263218985851520,4.0,current_1e-9,0.0,0.16200668460608267,0.0
4162186251740404608,4.0,current_1e-9,0.0,0.0524463081100124,0.0
1678399143976755584,4.0,current_1e-9,0.0,0.044423015437052744,0.0
2704125913666895104,4.0,current_1e-9,0.0,0.014139896096761155,0.0
5000393997669149952,4.0,current_1e-9,0.0,0.030700947637432165,0.0
2491206105423269504,4.0,current_1e-9,0.0,0.055814062664856334,0.0
6274538269849968512,4.0,current_1e-9,0.0,0.017135503161958263,0.0
707365862223681408,4.0,current_1e-9,0.0,0.01690161156222581,0.0
4735086373076351744,4.0,current_1e-9,0.0,0.06656983216126557,0.0
2799316059826451328,4.0,current_1e-9,0.0,0.03073760934761006,0.0
1875970079134757760,4.0,current_1e-9,0.0,0.01856826723408743,0.0
1783649894544856960,4.0,current_1e-9,0.0,0.017714857491327264,0.0
2554116930949289856,4.0,current_1e-9,0.0,0.02797318283253455,0.0
2753295523906432384,4.0,current_1e-9,0.0,0.015151102645752154,0.0
886990809110955008,4.0,current_1e-9,0.0,0.036158488834097155,0.0
919018036639891968,4.0,current_1e-9,0.0,0.04473856277899479,0.0
2833555985786735232,4.0,current_1e-9,0.0,0.03912645296024505,0.0
3023472056569280512,4.0,current_1e-9,0.0,0.02132866299643863,0.0
868768602903736832,4.0,current_1e-9,0.0,0.020375422572506095,0.0
5178460008866279808,4.0,current_1e-9,0.0,0.023252551556095027,0.0
3004697238395042176,4.0,current_1e-9,0.0,0.06283995934640227,0.0
2346247935526578688,4.0,current_1e-9,0.0,0.020187023271072597,0.0
1933622971340170496,4.0,current_1e-9,0.0,0.017133831129176685,0.0
1014188567684692224,4.0,current_1e-9,0.0,0.020499093352828783,0.0
5466445022127902976,4.0,current_1e-9,0.0,0.02086070777289026,0.0
6681692893110527232,4.0,current_1e-9,0.0,0.024273661358973114,0.0
5185560414440293632,4.0,current_1e-9,0.0,0.054937798778040316,0.0
5800349145690204288,4.0,current_1e-9,0.0,0.017311281996184463,0.0
4105409399796978944,4.0,current_1e-9,0.0,0.010786684243823884,0.0
4708692944344873216,4.0,current_1e-9,0.0,0.014400184083091546,0.0
2027994226190382848,4.0,current_1e-9,0.0,0.01600764742921985,0.0
2511654375999952640,4.0,current_1e-9,0.0,0.02154271624875051,0.0
5493261389176885632,4.0,current_1e-9,0.0,0.025822265127613746,0.0
2240388880151078528,4.0,current_1e-9,0.0,0.017879691417818755,0.0
5658455555185799040,4.0,current_1e-9,0.0,0.013634989525938982,0.0
5052502602489649664,4.0,current_1e-9,0.0,0.0516005889944743,0.0
1979258613779627520,4.0,current_1e-9,0.0,0.02085482215948221,0.0
446639254048922112,4.0,current_1e-9,0.0,0.01143996378159338,0.0
5601915746720479104,4.0,current_1e-9,0.0,0.022653450127386787,0.0
4776963682897871616,4.0,current_1e-9,0.0,0.07542536637255105,0.0
3280686721529098368,4.0,current_1e-9,0.0,0.015135152521661087,0.0
1285339370727734400,4.0,current_1e-9,0.0,0.027115114228267647,0.0
5511484179500121088,4.0,current_1e-9,0.0,0.02015033428004566,0.0
519978157091449088,4.0,current_1e-9,0.0,0.009865054560759702,0.0
3855789469596668544,4.0,current_1e-9,0.0,0.010492049046965816,0.0
572054498112591744,4.0,current_1e-9,0.0,0.011562687509963157,0.0
357842591908022912,4.0,current_1e-9,0.0,0.012456363197870829,0.0
5927844322167316352,4.0,current_1e-9,0.0,0.010554685545130482,0.0
2281306105868025600,4.0,current_1e-9,0.0,0.02753505292172681,0.0
6342743866636102528,4.0,current_1e-9,0.0,0.012415595464714756,0.0
1690963263347609088,4.0,current_1e-9,0.0,0.02597116557242239,0.0
1230823728796492672,4.0,current_1e-9,0.0,0.021382590467703758,0.0
6411524297547089024,4.0,current_1e-9,0.0,0.016824445208915014,0.0
2935813011016890752,4.0,current_1e-9,0.0,0.016668919002781963,0.0
1510354597152530176,4.0,current_1e-9,0.0,0.027508994130585548,0.0
263711679169833728,4.0,current_1e-9,0.0,0.014518100804093397,0.0
2203996935067479424,4.0,current_1e-9,0.0,0.046148694866608296,0.0
4637390027600793344,4.0,current_1e-9,0.0,0.019979225077391465,0.0
3326809997366173568,4.0,current_1e-9,0.0,0.02644708407889961,0.0
359891153870510208,4.0,current_1e-9,0.0,0.0748271805777136,0.0
3194157939562713472,4.0,current_1e-9,0.0,0.02245285772682162,0.0
5654914887224650240,4.0,current_1e-9,0.0,0.021152508030147163,0.0
132596261882440320,4.0,current_1e-9,0.0,0.020591310429690153,0.0
4262558915898078720,4.0,current_1e-9,0.0,0.016771720571905752,0.0
6149021149160162176,4.0,current_1e-9,0.0,0.012297457422662434,0.0
2811411825899219200,4.0,current_1e-9,0.0,0.07568417102924976,0.0
1900800964403932800,4.0,current_1e-9,0.0,0.01264058361746851,0.0
6009934130839583488,4.0,current_1e-9,0.0,0.00875815323932182,0.0
6872322302128569344,4.0,current_1e-9,0.0,0.015091738512808069,0.0
4548634356637185792,4.0,current_1e-9,0.0,0.031611313029824124,0.0
6527091903161249152,4.0,current_1e-9,0.0,0.015138457711247853,0.0
2639759162947729408,4.0,current_1e-9,0.0,0.014016401941093921,0.0
4100927786033595648,4.0,current_1e-9,0.0,0.0120990468202429,0.0
5371882654157606912,4.0,current_1e-9,0.0,0.05799069452210615,0.0
6775009922429158272,4.0,current_1e-9,0.0,0.016335006454356735,0.0
665668979685323648,4.0,current_1e-9,0.0,0.04357601231618609,0.0
1832230956847006592,4.0,current_1e-9,0.0,0.11680671260925822,0.0
6284599664533612544,4.0,current_1e-9,0.0,0.030210438682659685,0.0
4641784775576833536,4.0,current_1e-9,0.0,0.04435638826487846,0.0
4268847611328000256,4.0,current_1e-9,0.0,1.6193333566090724,0.0
4278176623883730176,4.0,current_1e-9,0.0,0.009010514829707834,0.0
3267929947104804096,4.0,nearterm_1e-10,0.0,0.01160417195124669,0.0
5642877846246495360,4.0,nearterm_1e-10,0.0,0.010935011658015517,0.0
6603465041679231872,4.0,nearterm_1e-10,0.0,0.0559026045475443,0.0
2046526391572691328,4.0,nearterm_1e-10,0.0,0.01914389513693542,0.0
1016789806037687424,4.0,nearterm_1e-10,0.0,0.05088074339928288,0.0
5679711000438989312,4.0,nearterm_1e-10,0.0,0.005072536206369439,0.0
2995683893041962368,4.0,nearterm_1e-10,0.0,0.018167680673186495,0.0
5953737099445742848,4.0,nearterm_1e-10,0.0,0.012703891426652831,0.0
4615401513032729088,4.0,nearterm_1e-10,0.0,0.01753417741011342,0.0
3004510772390701696,4.0,nearterm_1e-10,0.0,0.02417749682942031,0.0
4069792782145982080,4.0,nearterm_1e-10,0.0,0.030681970076235635,0.0
5814108395520777856,4.0,nearterm_1e-10,0.0,0.02672895376636562,0.0
5962272505153840896,4.0,nearterm_1e-10,0.0,0.04183046490427072,0.0
2149291627370030336,4.0,nearterm_1e-10,0.0,0.010751626505106887,0.0
1323478680316848256,4.0,nearterm_1e-10,0.0,0.018494629772484502,0.0
5260504054704228736,4.0,nearterm_1e-10,0.0,0.042848805847639684,0.0
5841541455445538432,4.0,nearterm_1e-10,0.0,0.014234238712921624,0.0
3867940039451965952,4.0,nearterm_1e-10,0.0,0.032530334954637224,0.0
87878642944408960,4.0,nearterm_1e-10,0.0,0.015604280988976921,0.0
3151482384299373696,4.0,nearterm_1e-10,0.0,0.06581596433698461,0.0
6181044017297795968,4.0,nearterm_1e-10,0.0,0.11955211757274166,0.0
803645216387486720,4.0,nearterm_1e-10,0.0,0.05797921030668202,0.0
5914174364643486592,4.0,nearterm_1e-10,0.0,0.025186607421953666,0.0
4797122403959920768,4.0,nearterm_1e-10,0.0,0.03811991330171716,0.0
2575048093288905088,4.0,nearterm_1e-10,0.0,0.03601719794528266,0.0
4229058961259584256,4.0,nearterm_1e-10,0.0,0.06686974652094309,0.0
4561522831932945920,4.0,nearterm_1e-10,0.0,0.04645659819943681,0.0
2208326773198648320,4.0,nearterm_1e-10,0.0,0.043444153050533514,0.0
6094128791359632256,4.0,nearterm_1e-10,0.0,0.036005253792092975,0.0
2769623267282593152,4.0,nearterm_1e-10,0.0,0.029871406870941083,0.0
5660807578058341120,4.0,nearterm_1e-10,0.0,0.02447965934180234,0.0
296496818102428544,4.0,nearterm_1e-10,0.0,0.03364046385341305,0.0
158752853233960704,4.0,nearterm_1e-10,0.0,0.00815473683940818,0.0
2259514678757235200,4.0,nearterm_1e-10,0.0,0.013966917894412532,0.0
4227855172121285760,4.0,nearterm_1e-10,0.0,0.031870300458190524,0.0
2196000977264781056,4.0,nearterm_1e-10,0.0,0.024418272919829342,0.0
1422765267499632640,4.0,nearterm_1e-10,0.0,0.02310082318081758,0.0
5351303408563334912,4.0,nearterm_1e-10,0.0,0.021561922748236192,0.0
1364263517961035648,4.0,nearterm_1e-10,0.0,0.01704665957510528,0.0
5274946414813497344,4.0,nearterm_1e-10,0.0,0.028323149622242392,0.0
3180960123537829760,4.0,nearterm_1e-10,0.0,0.04060531013904397,0.0
2757278951454094208,4.0,nearterm_1e-10,0.0,0.016924542881247947,0.0
2703346703520007168,4.0,nearterm_1e-10,0.0,0.015692148976817744,0.0
4002529127504102656,4.0,nearterm_1e-10,0.0,0.07014086481501136,0.0
5421588692928858752,4.0,nearterm_1e-10,0.0,0.012267198028242481,0.0
6050388913137070848,4.0,nearterm_1e-10,0.0,0.014197573750052811,0.0
4345060775182367232,4.0,nearterm_1e-10,0.0,0.011451393551458603,0.0
992946106114748032,4.0,nearterm_1e-10,0.0,0.032318905434464716,0.0
676792841901784192,4.0,nearterm_1e-10,0.0,0.0252520204531546,0.0
218953691837608960,4.0,nearterm_1e-10,0.0,0.021451572117208578,0.0
2482368024800833024,4.0,nearterm_1e-10,0.0,0.03146759894960511,0.0
4609966833215963392,4.0,nearterm_1e-10,0.0,0.019146841529455096,0.0
6844037812175117440,4.0,nearterm_1e-10,0.0,0.02311120243946107,0.0
6441225886185109632,4.0,nearterm_1e-10,0.0,0.02627307812991942,0.0
1275271417631701504,4.0,nearterm_1e-10,0.0,0.019850589921372456,0.0
6490173906174556416,4.0,nearterm_1e-10,0.0,0.018757385658918588,0.0
5940429538445511808,4.0,nearterm_1e-10,0.0,0.06482084082014791,0.0
3793148372312611456,4.0,nearterm_1e-10,0.0,0.022562340757058704,0.0
3138662151736925568,4.0,nearterm_1e-10,0.0,0.014397156050239428,0.0
5976199159903812736,4.0,nearterm_1e-10,0.0,0.011654262001324788,0.0
1504338722359357568,4.0,nearterm_1e-10,0.0,0.028592103533759478,0.0
1688451325954477184,4.0,nearterm_1e-10,0.0,0.03755374496594715,0.0
5889045855385067136,4.0,nearterm_1e-10,0.0,0.012874419081373031,0.0
4081754605352170496,4.0,nearterm_1e-10,0.0,0.060358029915692814,0.0
2691146831736184576,4.0,nearterm_1e-10,0.0,0.0207028110797566,0.0
334398010409366400,4.0,nearterm_1e-10,0.0,0.023963072413115887,0.0
1383626089525174016,4.0,nearterm_1e-10,0.0,0.02026080022135255,0.0
3702063519102244480,4.0,nearterm_1e-10,0.0,0.0562565518432732,0.0
5423016683660491264,4.0,nearterm_1e-10,0.0,0.014418488621841622,0.0
2804852929801600768,4.0,nearterm_1e-10,0.0,0.07574703353858667,0.0
3114023912926376448,4.0,nearterm_1e-10,0.0,0.02095613359617429,0.0
5524591457617244928,4.0,nearterm_1e-10,0.0,0.01758790102097604,0.0
4060366016201160320,4.0,nearterm_1e-10,0.0,0.0010353273906994454,0.0
6694638847956909696,4.0,nearterm_1e-10,0.0,0.018186937485118494,0.0
3039556915253606144,4.0,nearterm_1e-10,0.0,0.04016215230481217,0.0
6237927045205600000,4.0,nearterm_1e-10,0.0,0.011545879209206333,0.0
1878241773237645184,4.0,nearterm_1e-10,0.0,0.019831774394053498,0.0
4288946748293342080,4.0,nearterm_1e-10,0.0,0.17517086657728984,0.0
2337648311488015360,4.0,nearterm_1e-10,0.0,0.031441453134511646,0.0
4395214100433309184,4.0,nearterm_1e-10,0.0,0.05298164283495673,0.0
2796277112767076864,4.0,nearterm_1e-10,0.0,0.007656259131908103,0.0
6016504747910034432,4.0,nearterm_1e-10,0.0,0.012811415775731949,0.0
5166280100090122880,4.0,nearterm_1e-10,0.0,0.048981634276317805,0.0
1130573557111974912,4.0,nearterm_1e-10,0.0,0.04498298543394611,0.0
164738354017665664,4.0,nearterm_1e-10,0.0,0.002570244709041459,0.0
1761771910959772032,4.0,nearterm_1e-10,0.0,0.020061407154728345,0.0
1329848490477856768,4.0,nearterm_1e-10,0.0,0.18703636979163962,0.0
3311535375672171776,4.0,nearterm_1e-10,0.0,0.04068958808756278,0.0
6112272348126668800,4.0,nearterm_1e-10,0.0,0.029208920265402227,0.0
6755038496304470144,4.0,nearterm_1e-10,0.0,0.024203397687137983,0.0
4283053988756001920,4.0,nearterm_1e-10,0.0,0.02075144270118519,0.0
2599647119044490496,4.0,nearterm_1e-10,0.0,0.023998248150953663,0.0
490441735713670528,4.0,nearterm_1e-10,0.0,0.020814789113803463,0.0
4934043968492272896,4.0,nearterm_1e-10,0.0,0.030087113682870436,0.0
2621100450623361280,4.0,nearterm_1e-10,0.0,0.13581582070464643,0.0
1851315420672845056,4.0,nearterm_1e-10,0.0,0.02816457415673651,0.0
5541455315986463104,4.0,nearterm_1e-10,0.0,0.012829991912655873,0.0
5976098417137532800,4.0,nearterm_1e-10,0.0,0.016790866745266114,0.0
28898090451449472,4.0,nearterm_1e-10,0.0,0.01565211974188713,0.0
6592347918267168128,4.0,nearterm_1e-10,0.0,0.03347869266258054,0.0
5887064359268864256,4.0,nearterm_1e-10,0.0,0.00507349755559421,0.0
6518913495153329920,4.0,nearterm_1e-10,0.0,0.012452026397080863,0.0
4600878063941953280,4.0,nearterm_1e-10,0.0,0.020772792971813527,0.0
992845122843798016,4.0,nearterm_1e-10,0.0,0.023457746557624736,0.0
3664521351702250752,4.0,nearterm_1e-10,0.0,0.0775100905123783,0.0
3711953493050429568,4.0,nearterm_1e-10,0.0,0.02894088994770896,0.0
5473228871432372992,4.0,nearterm_1e-10,0.0,0.021961369538948682,0.0
6752384069075512320,4.0,nearterm_1e-10,0.0,0.017283344126840725,0.0
4115513220094402048,4.0,nearterm_1e-10,0.0,0.010004434624339127,0.0
4602130957441446400,4.0,nearterm_1e-10,0.0,0.015160009469148817,0.0
377546664910219776,4.0,nearterm_1e-10,0.0,0.051934265995847266,0.0
4364333977066797056,4.0,nearterm_1e-10,0.0,0.006151311795233351,0.0
5768315046181771904,4.0,nearterm_1e-10,0.0,0.015458651396419075,0.0
123580919370477952,4.0,nearterm_1e-10,0.0,0.015016820721574252,0.0
4366334126156046976,4.0,nearterm_1e-10,0.0,0.011222096763372932,0.0
4901782819863332608,4.0,nearterm_1e-10,0.0,0.08172757303233616,0.0
2151838817854979456,4.0,nearterm_1e-10,0.0,0.012218299530649172,0.0
1343460895402697600,4.0,nearterm_1e-10,0.0,0.045835047983488086,0.0
6136053959995638016,4.0,nearterm_1e-10,0.0,0.016218306034258088,0.0
2221263218985851520,4.0,nearterm_1e-10,0.0,0.16279149763412015,0.0
4162186251740404608,4.0,nearterm_1e-10,0.0,0.05249628136398623,0.0
1678399143976755584,4.0,nearterm_1e-10,0.0,0.044430411758015244,0.0
2704125913666895104,4.0,nearterm_1e-10,0.0,0.014140496700924203,0.0
5000393997669149952,4.0,nearterm_1e-10,0.0,0.030704985715936012,0.0
2491206105423269504,4.0,nearterm_1e-10,0.0,0.05582469987556657,0.0
6274538269849968512,4.0,nearterm_1e-10,0.0,0.017138649584303577,0.0
707365862223681408,4.0,nearterm_1e-10,0.0,0.01690328468002512,0.0
4735086373076351744,4.0,nearterm_1e-10,0.0,0.06661380191926689,0.0
2799316059826451328,4.0,nearterm_1e-10,0.0,0.030742773279834296,0.0
1875970079134757760,4.0,nearterm_1e-10,0.0,0.018570522721991167,0.0
1783649894544856960,4.0,nearterm_1e-10,0.0,0.017715844930865504,0.0
2554116930949289856,4.0,nearterm_1e-10,0.0,0.027974905829015496,0.0
2753295523906432384,4.0,nearterm_1e-10,0.0,0.015152383362496186,0.0
886990809110955008,4.0,nearterm_1e-10,0.0,0.03617887857318929,0.0
919018036639891968,4.0,nearterm_1e-10,0.0,0.044748128842302996,0.0
2833555985786735232,4.0,nearterm_1e-10,0.0,0.039146753212120744,0.0
3023472056569280512,4.0,nearterm_1e-10,0.0,0.02133353683583626,0.0
868768602903736832,4.0,nearterm_1e-10,0.0,0.02037809860735609,0.0
5178460008866279808,4.0,nearterm_1e-10,0.0,0.023254587216590576,0.0
3004697238395042176,4.0,nearterm_1e-10,0.0,0.06289600520165355,0.0
2346247935526578688,4.0,nearterm_1e-10,0.0,0.020192072095175574,0.0
1933622971340170496,4.0,nearterm_1e-10,0.0,0.017134679576873677,0.0
1014188567684692224,4.0,nearterm_1e-10,0.0,0.02050221426789424,0.0
5466445022127902976,4.0,nearterm_1e-10,0.0,0.02086294702230249,0.0
6681692893110527232,4.0,nearterm_1e-10,0.0,0.02427592499573097,0.0
5185560414440293632,4.0,nearterm_1e-10,0.0,0.05494810079355288,0.0
5800349145690204288,4.0,nearterm_1e-10,0.0,0.017313414227625053,0.0
4105409399796978944,4.0,nearterm_1e-10,0.0,0.01078700398114509,0.0
4708692944344873216,4.0,nearterm_1e-10,0.0,0.014400863387464498,0.0
2027994226190382848,4.0,nearterm_1e-10,0.0,0.01600877770334312,0.0
2511654375999952640,4.0,nearterm_1e-10,0.0,0.021544110679012938,0.0
5493261389176885632,4.0,nearterm_1e-10,0.0,0.025824484815791193,0.0
2240388880151078528,4.0,nearterm_1e-10,0.0,0.017884524640071047,0.0
5658455555185799040,4.0,nearterm_1e-10,0.0,0.013636296633741609,0.0
5052502602489649664,4.0,nearterm_1e-10,0.0,0.05161224250766554,0.0
1979258613779627520,4.0,nearterm_1e-10,0.0,0.02085900612388059,0.0
446639254048922112,4.0,nearterm_1e-10,0.0,0.011440492593358418,0.0
5601915746720479104,4.0,nearterm_1e-10,0.0,0.02265600245311775,0.0
4776963682897871616,4.0,nearterm_1e-10,0.0,0.07544990540906008,0.0
3280686721529098368,4.0,nearterm_1e-10,0.0,0.015136642881462393,0.0
1285339370727734400,4.0,nearterm_1e-10,0.0,0.027116580731886764,0.0
5511484179500121088,4.0,nearterm_1e-10,0.0,0.020151353077579627,0.0
519978157091449088,4.0,nearterm_1e-10,0.0,0.009865370958132759,0.0
3855789469596668544,4.0,nearterm_1e-10,0.0,0.010492276373497084,0.0
572054498112591744,4.0,nearterm_1e-10,0.0,0.011563097047636604,0.0
357842591908022912,4.0,nearterm_1e-10,0.0,0.012456802959237828,0.0
5927844322167316352,4.0,nearterm_1e-10,0.0,0.010554901016599333,0.0
2281306105868025600,4.0,nearterm_1e-10,0.0,0.027536934160786355,0.0
6342743866636102528,4.0,nearterm_1e-10,0.0,0.012416242314097221,0.0
1690963263347609088,4.0,nearterm_1e-10,0.0,0.025975054162565403,0.0
1230823728796492672,4.0,nearterm_1e-10,0.0,0.02138476589084418,0.0
6411524297547089024,4.0,nearterm_1e-10,0.0,0.01682731059232006,0.0
2935813011016890752,4.0,nearterm_1e-10,0.0,0.01666983183328154,0.0
1510354597152530176,4.0,nearterm_1e-10,0.0,0.027512964776905915,0.0
263711679169833728,4.0,nearterm_1e-10,0.0,0.01452118439522633,0.0
2203996935067479424,4.0,nearterm_1e-10,0.0,0.0461532111826511,0.0
4637390027600793344,4.0,nearterm_1e-10,0.0,0.019982516173976585,0.0
3326809997366173568,4.0,nearterm_1e-10,0.0,0.02645178787799028,0.0
359891153870510208,4.0,nearterm_1e-10,0.0,0.07490279590419806,0.0
3194157939562713472,4.0,nearterm_1e-10,0.0,0.02245626055193306,0.0
5654914887224650240,4.0,nearterm_1e-10,0.0,0.02115529382617044,0.0
132596261882440320,4.0,nearterm_1e-10,0.0,0.020593586359981528,0.0
4262558915898078720,4.0,nearterm_1e-10,0.0,0.016775018237891057,0.0
6149021149160162176,4.0,nearterm_1e-10,0.0,0.012298025508247264,0.0
2811411825899219200,4.0,nearterm_1e-10,0.0,0.07579681573487179,0.0
1900800964403932800,4.0,nearterm_1e-10,0.0,0.012641165956896917,0.0
6009934130839583488,4.0,nearterm_1e-10,0.0,0.008759091172651737,0.0
6872322302128569344,4.0,nearterm_1e-10,0.0,0.01509312753595169,0.0
4548634356637185792,4.0,nearterm_1e-10,0.0,0.03161856410928925,0.0
6527091903161249152,4.0,nearterm_1e-10,0.0,0.01513929966750472,0.0
2639759162947729408,4.0,nearterm_1e-10,0.0,0.014016797730373355,0.0
4100927786033595648,4.0,nearterm_1e-10,0.0,0.012101256287443631,0.0
5371882654157606912,4.0,nearterm_1e-10,0.0,0.05801817317957143,0.0
6775009922429158272,4.0,nearterm_1e-10,0.0,0.01633857236177094,0.0
665668979685323648,4.0,nearterm_1e-10,0.0,0.04360258844410736,0.0
1832230956847006592,4.0,nearterm_1e-10,0.0,0.11684569739952777,0.0
6284599664533612544,4.0,nearterm_1e-10,0.0,0.030216676024784818,0.0
4641784775576833536,4.0,nearterm_1e-10,0.0,0.044365375577877925,0.0
4268847611328000256,4.0,nearterm_1e-10,0.0,1.664209867772586,0.0
4278176623883730176,4.0,nearterm_1e-10,0.0,0.009010713360894708,0.0
3267929947104804096,4.0,goal_1e-11,0.0,0.011604216481726467,0.0
5642877846246495360,4.0,goal_1e-11,0.0,0.010935039212175722,0.0
6603465041679231872,4.0,goal_1e-11,0.0,0.05590515399599385,0.0
2046526391572691328,4.0,goal_1e-11,0.0,0.01914414583342542,0.0
1016789806037687424,4.0,goal_1e-11,0.0,0.05088251844907118,0.0
5679711000438989312,4.0,goal_1e-11,0.0,0.0050725499624387285,0.0
2995683893041962368,4.0,goal_1e-11,0.0,0.018167849708005075,0.0
5953737099445742848,4.0,goal_1e-11,0.0,0.012704011363197777,0.0
4615401513032729088,4.0,goal_1e-11,0.0,0.017534277150720902,0.0
3004510772390701696,4.0,goal_1e-11,0.0,0.02417775223215498,0.0
4069792782145982080,4.0,goal_1e-11,0.0,0.030682338785092293,0.0
5814108395520777856,4.0,goal_1e-11,0.0,0.026729302413252855,0.0
5962272505153840896,4.0,goal_1e-11,0.0,0.04183163792992727,0.0
2149291627370030336,4.0,goal_1e-11,0.0,0.010751661356735553,0.0
1323478680316848256,4.0,goal_1e-11,0.0,0.01849504067273417,0.0
5260504054704228736,4.0,goal_1e-11,0.0,0.042849711438208864,0.0
5841541455445538432,4.0,goal_1e-11,0.0,0.014234407342898183,0.0
3867940039451965952,4.0,goal_1e-11,0.0,0.032530735153342476,0.0
87878642944408960,4.0,goal_1e-11,0.0,0.015604361751734342,0.0
3151482384299373696,4.0,goal_1e-11,0.0,0.06581895606057782,0.0
6181044017297795968,4.0,goal_1e-11,0.0,0.11955900664197747,0.0
803645216387486720,4.0,goal_1e-11,0.0,0.05798047541309363,0.0
5914174364643486592,4.0,goal_1e-11,0.0,0.025187186343263855,0.0
4797122403959920768,4.0,goal_1e-11,0.0,0.038120628442294226,0.0
2575048093288905088,4.0,goal_1e-11,0.0,0.03601760562970351,0.0
4229058961259584256,4.0,goal_1e-11,0.0,0.06687298168352943,0.0
4561522831932945920,4.0,goal_1e-11,0.0,0.04645779259094757,0.0
2208326773198648320,4.0,goal_1e-11,0.0,0.04344552912985976,0.0
6094128791359632256,4.0,goal_1e-11,0.0,0.036006033852321866,0.0
2769623267282593152,4.0,goal_1e-11,0.0,0.02987234287861552,0.0
5660807578058341120,4.0,goal_1e-11,0.0,0.0244799642821488,0.0
296496818102428544,4.0,goal_1e-11,0.0,0.03364114978049455,0.0
158752853233960704,4.0,goal_1e-11,0.0,0.008154754532259655,0.0
2259514678757235200,4.0,goal_1e-11,0.0,0.013966995687601893,0.0
4227855172121285760,4.0,goal_1e-11,0.0,0.031870679206456067,0.0
2196000977264781056,4.0,goal_1e-11,0.0,0.024418511804183515,0.0
1422765267499632640,4.0,goal_1e-11,0.0,0.023101147585386336,0.0
5351303408563334912,4.0,goal_1e-11,0.0,0.02156212812319945,0.0
1364263517961035648,4.0,goal_1e-11,0.0,0.017046766347345924,0.0
5274946414813497344,4.0,goal_1e-11,0.0,0.028323336305616467,0.0
3180960123537829760,4.0,goal_1e-11,0.0,0.04060641330842709,0.0
2757278951454094208,4.0,goal_1e-11,0.0,0.016924630531697665,0.0
2703346703520007168,4.0,goal_1e-11,0.0,0.01569226797014645,0.0
4002529127504102656,4.0,goal_1e-11,0.0,0.07014371909095209,0.0
5421588692928858752,4.0,goal_1e-11,0.0,0.012267250930380679,0.0
6050388913137070848,4.0,goal_1e-11,0.0,0.014197759838058268,0.0
4345060775182367232,4.0,goal_1e-11,0.0,0.011451447331340257,0.0
992946106114748032,4.0,goal_1e-11,0.0,0.032319116735760246,0.0
676792841901784192,4.0,goal_1e-11,0.0,0.02525270055986213,0.0
218953691837608960,4.0,goal_1e-11,0.0,0.021451952185481026,0.0
2482368024800833024,4.0,goal_1e-11,0.0,0.03146838780904175,0.0
4609966833215963392,4.0,goal_1e-11,0.0,0.019146909743480534,0.0
6844037812175117440,4.0,goal_1e-11,0.0,0.0231119666770689,0.0
6441225886185109632,4.0,goal_1e-11,0.0,0.026273584979159714,0.0
1275271417631701504,4.0,goal_1e-11,0.0,0.019850736914360033,0.0
6490173906174556416,4.0,goal_1e-11,0.0,0.018757565962395185,0.0
5940429538445511808,4.0,goal_1e-11,0.0,0.0648224379755364,0.0
3793148372312611456,4.0,goal_1e-11,0.0,0.022562480550433427,0.0
3138662151736925568,4.0,goal_1e-11,0.0,0.014397220563913269,0.0
5976199159903812736,4.0,goal_1e-11,0.0,0.011654392446111309,0.0
1504338722359357568,4.0,goal_1e-11,0.0,0.028592882950051968,0.0
1688451325954477184,4.0,goal_1e-11,0.0,0.037554318985764744,0.0
5889045855385067136,4.0,goal_1e-11,0.0,0.012874472376402633,0.0
4081754605352170496,4.0,goal_1e-11,0.0,0.06036177498848646,0.0
2691146831736184576,4.0,goal_1e-11,0.0,0.020702930906609723,0.0
334398010409366400,4.0,goal_1e-11,0.0,0.023963702459619034,0.0
1383626089525174016,4.0,goal_1e-11,0.0,0.020261053605825793,0.0
3702063519102244480,4.0,goal_1e-11,0.0,0.05625852203300952,0.0
5423016683660491264,4.0,goal_1e-11,0.0,0.014418558110009983,0.0
2804852929801600768,4.0,goal_1e-11,0.0,0.0757485003888387,0.0
3114023912926376448,4.0,goal_1e-11,0.0,0.020956677139295925,0.0
5524591457617244928,4.0,goal_1e-11,0.0,0.017587989674069385,0.0
4060366016201160320,4.0,goal_1e-11,0.0,0.0010353277861190227,0.0
6694638847956909696,4.0,goal_1e-11,0.0,0.018187307650229675,0.0
3039556915253606144,4.0,goal_1e-11,0.0,0.04016298967235381,0.0
6237927045205600000,4.0,goal_1e-11,0.0,0.011545993332757106,0.0
1878241773237645184,4.0,goal_1e-11,0.0,0.019831919792733955,0.0
4288946748293342080,4.0,goal_1e-11,0.0,0.17518327886159504,0.0
2337648311488015360,4.0,goal_1e-11,0.0,0.0314418142068657,0.0
4395214100433309184,4.0,goal_1e-11,0.0,0.05298339073589258,0.0
2796277112767076864,4.0,goal_1e-11,0.0,0.007656278652544938,0.0
6016504747910034432,4.0,goal_1e-11,0.0,0.012811443576221227,0.0
5166280100090122880,4.0,goal_1e-11,0.0,0.048983277441432285,0.0
1130573557111974912,4.0,goal_1e-11,0.0,0.04498405822170318,0.0
164738354017665664,4.0,goal_1e-11,0.0,0.0025702462818171013,0.0
1761771910959772032,4.0,goal_1e-11,0.0,0.020061496363521933,0.0
1329848490477856768,4.0,goal_1e-11,0.0,0.18704775150254038,0.0
3311535375672171776,4.0,goal_1e-11,0.0,0.0406904363032841,0.0
6112272348126668800,4.0,goal_1e-11,0.0,0.029209320407184294,0.0
6755038496304470144,4.0,goal_1e-11,0.0,0.024203697689582193,0.0
4283053988756001920,4.0,goal_1e-11,0.0,0.020751790459146505,0.0
2599647119044490496,4.0,goal_1e-11,0.0,0.02399848005181941,0.0
490441735713670528,4.0,goal_1e-11,0.0,0.020815179675748956,0.0
4934043968492272896,4.0,goal_1e-11,0.0,0.030088213112581592,0.0
2621100450623361280,4.0,goal_1e-11,0.0,0.13582646115550262,0.0
1851315420672845056,4.0,goal_1e-11,0.0,0.028164797446246084,0.0
5541455315986463104,4.0,goal_1e-11,0.0,0.012830040807981353,0.0
5976098417137532800,4.0,goal_1e-11,0.0,0.016791010925030207,0.0
28898090451449472,4.0,goal_1e-11,0.0,0.015652208472095384,0.0
6592347918267168128,4.0,goal_1e-11,0.0,0.03347926610436535,0.0
5887064359268864256,4.0,goal_1e-11,0.0,0.005073510244723675,0.0
6518913495153329920,4.0,goal_1e-11,0.0,0.012452072011038099,0.0
4600878063941953280,4.0,goal_1e-11,0.0,0.02077288720432597,0.0
992845122843798016,4.0,goal_1e-11,0.0,0.023457945043029334,0.0
3664521351702250752,4.0,goal_1e-11,0.0,0.07751305166700467,0.0
3711953493050429568,4.0,goal_1e-11,0.0,0.0289410787883628,0.0
5473228871432372992,4.0,goal_1e-11,0.0,0.021961487486642794,0.0
6752384069075512320,4.0,goal_1e-11,0.0,0.017283484174505283,0.0
4115513220094402048,4.0,goal_1e-11,0.0,0.01000446308661753,0.0
4602130957441446400,4.0,goal_1e-11,0.0,0.015160077579317213,0.0
377546664910219776,4.0,goal_1e-11,0.0,0.051934999939948656,0.0
4364333977066797056,4.0,goal_1e-11,0.0,0.0061513189570836495,0.0
5768315046181771904,4.0,goal_1e-11,0.0,0.015458818534323883,0.0
123580919370477952,4.0,goal_1e-11,0.0,0.015016887231132639,0.0
4366334126156046976,4.0,goal_1e-11,0.0,0.011222196506731801,0.0
4901782819863332608,4.0,goal_1e-11,0.0,0.08173282553616645,0.0
2151838817854979456,4.0,goal_1e-11,0.0,0.012218330718931105,0.0
1343460895402697600,4.0,goal_1e-11,0.0,0.04583743338859984,0.0
6136053959995638016,4.0,goal_1e-11,0.0,0.016218396007913246,0.0
2221263218985851520,4.0,goal_1e-11,0.0,0.16282663509926357,0.0
4162186251740404608,4.0,goal_1e-11,0.0,0.05249964490250266,0.0
1678399143976755584,4.0,goal_1e-11,0.0,0.044431110498751036,0.0
2704125913666895104,4.0,goal_1e-11,0.0,0.014140555875222014,0.0
5000393997669149952,4.0,goal_1e-11,0.0,0.03070537049831766,0.0
2491206105423269504,4.0,goal_1e-11,0.0,0.05582569905842382,0.0
6274538269849968512,4.0,goal_1e-11,0.0,0.017138933892215377,0.0
707365862223681408,4.0,goal_1e-11,0.0,0.016903444920847634,0.0
4735086373076351744,4.0,goal_1e-11,0.0,0.06661725985216872,0.0
2799316059826451328,4.0,goal_1e-11,0.0,0.030743256714871145,0.0
1875970079134757760,4.0,goal_1e-11,0.0,0.018570736347414254,0.0
1783649894544856960,4.0,goal_1e-11,0.0,0.017715941778559504,0.0
2554116930949289856,4.0,goal_1e-11,0.0,0.027975074744109717,0.0
2753295523906432384,4.0,goal_1e-11,0.0,0.015152506983463421,0.0
886990809110955008,4.0,goal_1e-11,0.0,0.03618042580284227,0.0
919018036639891968,4.0,goal_1e-11,0.0,0.044749014877171846,0.0
2833555985786735232,4.0,goal_1e-11,0.0,0.03914834577987373,0.0
3023472056569280512,4.0,goal_1e-11,0.0,0.02133396907244002,0.0
868768602903736832,4.0,goal_1e-11,0.0,0.020378351522812414,0.0
5178460008866279808,4.0,goal_1e-11,0.0,0.023254784420408632,0.0
3004697238395042176,4.0,goal_1e-11,0.0,0.06289999941670776,0.0
2346247935526578688,4.0,goal_1e-11,0.0,0.0201925101238408,0.0
1933622971340170496,4.0,goal_1e-11,0.0,0.01713476300914478,0.0
1014188567684692224,4.0,goal_1e-11,0.0,0.020502505124755037,0.0
5466445022127902976,4.0,goal_1e-11,0.0,0.02086316145238405,0.0
6681692893110527232,4.0,goal_1e-11,0.0,0.024276143685259884,0.0
5185560414440293632,4.0,goal_1e-11,0.0,0.054949069383016094,0.0
5800349145690204288,4.0,goal_1e-11,0.0,0.017313615540523564,0.0
4105409399796978944,4.0,goal_1e-11,0.0,0.010787035633951675,0.0
4708692944344873216,4.0,goal_1e-11,0.0,0.014400930183891604,0.0
2027994226190382848,4.0,goal_1e-11,0.0,0.016008887728418825,0.0
2511654375999952640,4.0,goal_1e-11,0.0,0.02154424704881181,0.0
5493261389176885632,4.0,goal_1e-11,0.0,0.025824700253140494,0.0
2240388880151078528,4.0,goal_1e-11,0.0,0.01788493112013206,0.0
5658455555185799040,4.0,goal_1e-11,0.0,0.013636421517917078,0.0
5052502602489649664,4.0,goal_1e-11,0.0,0.0516133198968258,0.0
1979258613779627520,4.0,goal_1e-11,0.0,0.020859383191631085,0.0
446639254048922112,4.0,goal_1e-11,0.0,0.011440544546545334,0.0
5601915746720479104,4.0,goal_1e-11,0.0,0.022656246509050983,0.0
4776963682897871616,4.0,goal_1e-11,0.0,0.07545211598167874,0.0
3280686721529098368,4.0,goal_1e-11,0.0,0.015136785309346432,0.0
1285339370727734400,4.0,goal_1e-11,0.0,0.02711672490329195,0.0
5511484179500121088,4.0,goal_1e-11,0.0,0.020151453271224206,0.0
519978157091449088,4.0,goal_1e-11,0.0,0.009865402242672674,0.0
3855789469596668544,4.0,goal_1e-11,0.0,0.010492298948448614,0.0
572054498112591744,4.0,goal_1e-11,0.0,0.011563137494341265,0.0
357842591908022912,4.0,goal_1e-11,0.0,0.012456846397296412,0.0
5927844322167316352,4.0,goal_1e-11,0.0,0.010554922424448766,0.0
2281306105868025600,4.0,goal_1e-11,0.0,0.027537118154501373,0.0
6342743866636102528,4.0,goal_1e-11,0.0,0.012416305714563185,0.0
1690963263347609088,4.0,goal_1e-11,0.0,0.02597541985678203,0.0
1230823728796492672,4.0,goal_1e-11,0.0,0.021384975046148676,0.0
6411524297547089024,4.0,goal_1e-11,0.0,0.016827571553041,0.0
2935813011016890752,4.0,goal_1e-11,0.0,0.016669921359489748,0.0
1510354597152530176,4.0,goal_1e-11,0.0,0.027513340462261806,0.0
263711679169833728,4.0,goal_1e-11,0.0,0.014521451552344102,0.0
2203996935067479424,4.0,goal_1e-11,0.0,0.046153649242531014,0.0
4637390027600793344,4.0,goal_1e-11,0.0,0.019982819802072924,0.0
3326809997366173568,4.0,goal_1e-11,0.0,0.026452223428459716,0.0
359891153870510208,4.0,goal_1e-11,0.0,0.07490815128250239,0.0
3194157939562713472,4.0,goal_1e-11,0.0,0.022456578570357905,0.0
5654914887224650240,4.0,goal_1e-11,0.0,0.02115555687531501,0.0
132596261882440320,4.0,goal_1e-11,0.0,0.02059380361453259,0.0
4262558915898078720,4.0,goal_1e-11,0.0,0.016775313257220852,0.0
6149021149160162176,4.0,goal_1e-11,0.0,0.012298081358440566,0.0
2811411825899219200,4.0,goal_1e-11,0.0,0.07580375406024677,0.0
1900800964403932800,4.0,goal_1e-11,0.0,0.012641223210041212,0.0
6009934130839583488,4.0,goal_1e-11,0.0,0.008759178391363635,0.0
6872322302128569344,4.0,goal_1e-11,0.0,0.015093260936632864,0.0
4548634356637185792,4.0,goal_1e-11,0.0,0.031619221147816984,0.0
6527091903161249152,4.0,goal_1e-11,0.0,0.015139382137766328,0.0
2639759162947729408,4.0,goal_1e-11,0.0,0.014016836951186176,0.0
4100927786033595648,4.0,goal_1e-11,0.0,0.01210145065243812,0.0
5371882654157606912,4.0,goal_1e-11,0.0,0.05802047047265639,0.0
6775009922429158272,4.0,goal_1e-11,0.0,0.01633888255333673,0.0
665668979685323648,4.0,goal_1e-11,0.0,0.04360461651428338,0.0
1832230956847006592,4.0,goal_1e-11,0.0,0.11684923586329218,0.0
6284599664533612544,4.0,goal_1e-11,0.0,0.030217247067028215,0.0
4641784775576833536,4.0,goal_1e-11,0.0,0.04436621174732587,0.0
4268847611328000256,4.0,goal_1e-11,0.0,1.665694823566289,0.0
4278176623883730176,4.0,goal_1e-11,0.0,0.009010733066629252,0.0
3267929947104804096,6.0,current_1e-9,0.0,0.0261034863979204,0.0
5642877846246495360,6.0,current_1e-9,0.0,0.024599447738307016,0.0
6603465041679231872,6.0,current_1e-9,0.0,0.12550724914477684,0.0
2046526391572691328,6.0,current_1e-9,0.0,0.04304896423770541,0.0
1016789806037687424,6.0,current_1e-9,0.0,0.1142942847931109,0.0
5679711000438989312,6.0,current_1e-9,0.0,0.011411815436477136,0.0
2995683893041962368,6.0,current_1e-9,0.0,0.04085959960621356,0.0
5953737099445742848,6.0,current_1e-9,0.0,0.028573108495577097,0.0
4615401513032729088,6.0,current_1e-9,0.0,0.039439395072805555,0.0
3004510772390701696,6.0,current_1e-9,0.0,0.054369119123742496,0.0
4069792782145982080,6.0,current_1e-9,0.0,0.06898852710975388,0.0
5814108395520777856,6.0,current_1e-9,0.0,0.06010404464410061,0.0
5962272505153840896,6.0,current_1e-9,0.0,0.09399130317218825,0.0
2149291627370030336,6.0,current_1e-9,0.0,0.024185358674189566,0.0
1323478680316848256,6.0,current_1e-9,0.0,0.04157577497232236,0.0
5260504054704228736,6.0,current_1e-9,0.0,0.09630504640203259,0.0
5841541455445538432,6.0,current_1e-9,0.0,0.032012395581578985,0.0
3867940039451965952,6.0,current_1e-9,0.0,0.07313949711786812,0.0
87878642944408960,6.0,current_1e-9,0.0,0.03509846279486418,0.0
3151482384299373696,6.0,current_1e-9,0.0,0.14772213628393008,0.0
6181044017297795968,6.0,current_1e-9,0.0,0.26810249456050067,0.0
803645216387486720,6.0,current_1e-9,0.0,0.13027844767102253,0.0
5914174364643486592,6.0,current_1e-9,0.0,0.05661573333569685,0.0
4797122403959920768,6.0,current_1e-9,0.0,0.08567884220561012,0.0
2575048093288905088,6.0,current_1e-9,0.0,0.08097383677378663,0.0
4229058961259584256,6.0,current_1e-9,0.0,0.15010057736121135,0.0
4561522831932945920,6.0,current_1e-9,0.0,0.10439272785367584,0.0
2208326773198648320,6.0,current_1e-9,0.0,0.09760787898139363,0.0
6094128791359632256,6.0,current_1e-9,0.0,0.08092824957372849,0.0
2769623267282593152,6.0,current_1e-9,0.0,0.06711982273726805,0.0
5660807578058341120,6.0,current_1e-9,0.0,0.055046946237044904,0.0
296496818102428544,6.0,current_1e-9,0.0,0.07562315350429895,0.0
158752853233960704,6.0,current_1e-9,0.0,0.018344574437753253,0.0
2259514678757235200,6.0,current_1e-9,0.0,0.03141625514018059,0.0
4227855172121285760,6.0,current_1e-9,0.0,0.07166218581412345,0.0
2196000977264781056,6.0,current_1e-9,0.0,0.05491198086492471,0.0
1422765267499632640,6.0,current_1e-9,0.0,0.05194425150216691,0.0
5351303408563334912,6.0,current_1e-9,0.0,0.048491153892367245,0.0
1364263517961035648,6.0,current_1e-9,0.0,0.03834229233180419,0.0
5274946414813497344,6.0,current_1e-9,0.0,0.06369265579301152,0.0
3180960123537829760,6.0,current_1e-9,0.0,0.09124331133484728,0.0
2757278951454094208,6.0,current_1e-9,0.0,0.03806502964933447,0.0
2703346703520007168,6.0,current_1e-9,0.0,0.035294609978348525,0.0
4002529127504102656,6.0,current_1e-9,0.0,0.15747966039526898,0.0
5421588692928858752,6.0,current_1e-9,0.0,0.02759468712662498,0.0
6050388913137070848,6.0,current_1e-9,0.0,0.031928924550320016,0.0
4345060775182367232,6.0,current_1e-9,0.0,0.02575922299757171,0.0
992946106114748032,6.0,current_1e-9,0.0,0.0726696331495015,0.0
676792841901784192,6.0,current_1e-9,0.0,0.05675423100772333,0.0
218953691837608960,6.0,current_1e-9,0.0,0.04823054362608334,0.0
2482368024800833024,6.0,current_1e-9,0.0,0.07072547502218952,0.0
4609966833215963392,6.0,current_1e-9,0.0,0.04306597720604079,0.0
6844037812175117440,6.0,current_1e-9,0.0,0.051923475183075996,0.0
6441225886185109632,6.0,current_1e-9,0.0,0.05905153517433496,0.0
1275271417631701504,6.0,current_1e-9,0.0,0.044645560251846586,0.0
6490173906174556416,6.0,current_1e-9,0.0,0.042184655375331656,0.0
5940429538445511808,6.0,current_1e-9,0.0,0.14564529699976275,0.0
3793148372312611456,6.0,current_1e-9,0.0,0.05074354299269993,0.0
3138662151736925568,6.0,current_1e-9,0.0,0.03238446455026234,0.0
5976199159903812736,6.0,current_1e-9,0.0,0.02621014403348714,0.0
1504338722359357568,6.0,current_1e-9,0.0,0.06425497834923369,0.0
1688451325954477184,6.0,current_1e-9,0.0,0.08442706940263593,0.0
5889045855385067136,6.0,current_1e-9,0.0,0.028960289256885676,0.0
4081754605352170496,6.0,current_1e-9,0.0,0.13535710966758194,0.0
2691146831736184576,6.0,current_1e-9,0.0,0.04656450275943401,0.0
334398010409366400,6.0,current_1e-9,0.0,0.05385915658017658,0.0
1383626089525174016,6.0,current_1e-9,0.0,0.04555894529538511,0.0
3702063519102244480,6.0,current_1e-9,0.0,0.12634051733382007,0.0
5423016683660491264,6.0,current_1e-9,0.0,0.03243200300239677,0.0
2804852929801600768,6.0,current_1e-9,0.0,0.17014207989738536,0.0
3114023912926376448,6.0,current_1e-9,0.0,0.047101133003481434,0.0
5524591457617244928,6.0,current_1e-9,0.0,0.03955707629112624,0.0
4060366016201160320,6.0,current_1e-9,0.0,0.0023294371572576225,0.0
6694638847956909696,6.0,current_1e-9,0.0,0.04088837482799913,0.0
3039556915253606144,6.0,current_1e-9,0.0,0.09026639792075354,0.0
6237927045205600000,6.0,current_1e-9,0.0,0.025964861779541045,0.0
1878241773237645184,6.0,current_1e-9,0.0,0.044596418591627614,0.0
4288946748293342080,6.0,current_1e-9,0.0,0.3923858149194345,0.0
2337648311488015360,6.0,current_1e-9,0.0,0.07067974100856077,0.0
4395214100433309184,6.0,current_1e-9,0.0,0.11901417609109251,0.0
2796277112767076864,6.0,current_1e-9,0.0,0.01722403934990546,0.0
6016504747910034432,6.0,current_1e-9,0.0,0.028820123307558808,0.0
5166280100090122880,6.0,current_1e-9,0.0,0.11004004204376136,0.0
1130573557111974912,6.0,current_1e-9,0.0,0.10108862572159136,0.0
164738354017665664,6.0,current_1e-9,0.0,0.0057827679061912335,0.0
1761771910959772032,6.0,current_1e-9,0.0,0.04512057124613512,0.0
1329848490477856768,6.0,current_1e-9,0.0,0.4189695946782092,0.0
3311535375672171776,6.0,current_1e-9,0.0,0.09138679253946055,0.0
6112272348126668800,6.0,current_1e-9,0.0,0.06567392514437281,0.0
6755038496304470144,6.0,current_1e-9,0.0,0.05442491189453566,0.0
4283053988756001920,6.0,current_1e-9,0.0,0.04665431520651707,0.0
2599647119044490496,6.0,current_1e-9,0.0,0.0539686913423907,0.0
490441735713670528,6.0,current_1e-9,0.0,0.04679855223869802,0.0
4934043968492272896,6.0,current_1e-9,0.0,0.06758318815807104,0.0
2621100450623361280,6.0,current_1e-9,0.0,0.30413547009839254,0.0
1851315420672845056,6.0,current_1e-9,0.0,0.06333737771567437,0.0
5541455315986463104,6.0,current_1e-9,0.0,0.02886006468547064,0.0
5976098417137532800,6.0,current_1e-9,0.0,0.03776462036323997,0.0
28898090451449472,6.0,current_1e-9,0.0,0.03520432462312332,0.0
6592347918267168128,6.0,current_1e-9,0.0,0.07526442936084515,0.0
5887064359268864256,6.0,current_1e-9,0.0,0.011414073436622858,0.0
6518913495153329920,6.0,current_1e-9,0.0,0.028010013126049928,0.0
4600878063941953280,6.0,current_1e-9,0.0,0.04672209777887329,0.0
992845122843798016,6.0,current_1e-9,0.0,0.052752752656271114,0.0
3664521351702250752,6.0,current_1e-9,0.0,0.17396636142460234,0.0
3711953493050429568,6.0,current_1e-9,0.0,0.06507998099645744,0.0
5473228871432372992,6.0,current_1e-9,0.0,0.04939388894034708,0.0
6752384069075512320,6.0,current_1e-9,0.0,0.03887128819532137,0.0
4115513220094402048,6.0,current_1e-9,0.0,0.022505848362374556,0.0
4602130957441446400,6.0,current_1e-9,0.0,0.03410015080052311,0.0
377546664910219776,6.0,current_1e-9,0.0,0.11669925360959504,0.0
4364333977066797056,6.0,current_1e-9,0.0,0.013839014254293019,0.0
5768315046181771904,6.0,current_1e-9,0.0,0.03476722372813337,0.0
123580919370477952,6.0,current_1e-9,0.0,0.033778942378424756,0.0
4366334126156046976,6.0,current_1e-9,0.0,0.025241023886844603,0.0
4901782819863332608,6.0,current_1e-9,0.0,0.18322206977260702,0.0
2151838817854979456,6.0,current_1e-9,0.0,0.027484838205218298,0.0
1343460895402697600,6.0,current_1e-9,0.0,0.10286441384510352,0.0
6136053959995638016,6.0,current_1e-9,0.0,0.03647857923030017,0.0
2221263218985851520,6.0,current_1e-9,0.0,0.3588252130957209,0.0
4162186251740404608,6.0,current_1e-9,0.0,0.11768738990294693,0.0
1678399143976755584,6.0,current_1e-9,0.0,0.09988092812850148,0.0
2704125913666895104,6.0,current_1e-9,0.0,0.03180627611339945,0.0
5000393997669149952,6.0,current_1e-9,0.0,0.06904102351045255,0.0
2491206105423269504,6.0,current_1e-9,0.0,0.12544301411444442,0.0
6274538269849968512,6.0,current_1e-9,0.0,0.03853747719113386,0.0
707365862223681408,6.0,current_1e-9,0.0,0.03801493205698394,0.0
4735086373076351744,6.0,current_1e-9,0.0,0.14947898104630472,0.0
2799316059826451328,6.0,current_1e-9,0.0,0.0691185315358945,0.0
1875970079134757760,6.0,current_1e-9,0.0,0.04176358922250389,0.0
1783649894544856960,6.0,current_1e-9,0.0,0.039847281605126926,0.0
2554116930949289856,6.0,current_1e-9,0.0,0.06291280082392658,0.0
2753295523906432384,6.0,current_1e-9,0.0,0.03407959538465513,0.0
886990809110955008,6.0,current_1e-9,0.0,0.08123721472246531,0.0
919018036639891968,6.0,current_1e-9,0.0,0.10056607409113903,0.0
2833555985786735232,6.0,current_1e-9,0.0,0.0879085302658781,0.0
3023472056569280512,6.0,current_1e-9,0.0,0.04796224231037269,0.0
868768602903736832,6.0,current_1e-9,0.0,0.04582626905970844,0.0
5178460008866279808,6.0,current_1e-9,0.0,0.0522983383844903,0.0
3004697238395042176,6.0,current_1e-9,0.0,0.1409871939554722,0.0
2346247935526578688,6.0,current_1e-9,0.0,0.045393250429473155,0.0
1933622971340170496,6.0,current_1e-9,0.0,0.03854077790223859,0.0
1014188567684692224,6.0,current_1e-9,0.0,0.04610113602710598,0.0
5466445022127902976,6.0,current_1e-9,0.0,0.04691860303419048,0.0
6681692893110527232,6.0,current_1e-9,0.0,0.0545801409934565,0.0
5185560414440293632,6.0,current_1e-9,0.0,0.1234940591506453,0.0
5800349145690204288,6.0,current_1e-9,0.0,0.038936012007624726,0.0
4105409399796978944,6.0,current_1e-9,0.0,0.024266032601880337,0.0
4708692944344873216,6.0,current_1e-9,0.0,0.03239274681016651,0.0
2027994226190382848,6.0,current_1e-9,0.0,0.036007310011277306,0.0
2511654375999952640,6.0,current_1e-9,0.0,0.0484542759421548,0.0
5493261389176885632,6.0,current_1e-9,0.0,0.05807433576174587,0.0
2240388880151078528,6.0,current_1e-9,0.0,0.04019705284545961,0.0
5658455555185799040,6.0,current_1e-9,0.0,0.030670295360859426,0.0
5052502602489649664,6.0,current_1e-9,0.0,0.11599237697043227,0.0
1979258613779627520,6.0,current_1e-9,0.0,0.04689759687150453,0.0
446639254048922112,6.0,current_1e-9,0.0,0.025734829340954023,0.0
5601915746720479104,6.0,current_1e-9,0.0,0.05094983069087047,0.0
4776963682897871616,6.0,current_1e-9,0.0,0.16948514757104052,0.0
3280686721529098368,6.0,current_1e-9,0.0,0.03404283292587252,0.0
1285339370727734400,6.0,current_1e-9,0.0,0.06098195369798334,0.0
5511484179500121088,6.0,current_1e-9,0.0,0.045324266084324175,0.0
519978157091449088,6.0,current_1e-9,0.0,0.022192544086193557,0.0
3855789469596668544,6.0,current_1e-9,0.0,0.02360292806216829,0.0
572054498112591744,6.0,current_1e-9,0.0,0.026011342568388697,0.0
357842591908022912,6.0,current_1e-9,0.0,0.0280200289974088,0.0
5927844322167316352,6.0,current_1e-9,0.0,0.023744524238803806,0.0
2281306105868025600,6.0,current_1e-9,0.0,0.061926711543435785,0.0
6342743866636102528,6.0,current_1e-9,0.0,0.027928584193975762,0.0
1690963263347609088,6.0,current_1e-9,0.0,0.05840162135666769,0.0
1230823728796492672,6.0,current_1e-9,0.0,0.04809304175434737,0.0
6411524297547089024,6.0,current_1e-9,0.0,0.03783740979957771,0.0
2935813011016890752,6.0,current_1e-9,0.0,0.03749531602761688,0.0
1510354597152530176,6.0,current_1e-9,0.0,0.06186437094518347,0.0
263711679169833728,6.0,current_1e-9,0.0,0.03264809862884039,0.0
2203996935067479424,6.0,current_1e-9,0.0,0.10376030504096988,0.0
4637390027600793344,6.0,current_1e-9,0.0,0.04493252719616613,0.0
3326809997366173568,6.0,current_1e-9,0.0,0.05947278402006308,0.0
359891153870510208,6.0,current_1e-9,0.0,0.16787040253895125,0.0
3194157939562713472,6.0,current_1e-9,0.0,0.05049266956391027,0.0
5654914887224650240,6.0,current_1e-9,0.0,0.04756116752123991,0.0
132596261882440320,6.0,current_1e-9,0.0,0.046310694364337525,0.0
4262558915898078720,6.0,current_1e-9,0.0,0.03771895379572048,0.0
6149021149160162176,6.0,current_1e-9,0.0,0.027663674708184434,0.0
2811411825899219200,6.0,current_1e-9,0.0,0.16953934595354114,0.0
1900800964403932800,6.0,current_1e-9,0.0,0.028435529800789994,0.0
6009934130839583488,6.0,current_1e-9,0.0,0.01970098631320105,0.0
6872322302128569344,6.0,current_1e-9,0.0,0.03394684125923117,0.0
4548634356637185792,6.0,current_1e-9,0.0,0.07107510697231449,0.0
6527091903161249152,6.0,current_1e-9,0.0,0.03405117108476394,0.0
2639759162947729408,6.0,current_1e-9,0.0,0.03152985160262306,0.0
4100927786033595648,6.0,current_1e-9,0.0,0.027211947603511723,0.0
5371882654157606912,6.0,current_1e-9,0.0,0.13029197777666535,0.0
6775009922429158272,6.0,current_1e-9,0.0,0.0367339670661637,0.0
665668979685323648,6.0,current_1e-9,0.0,0.09786709784352456,0.0
1832230956847006592,6.0,current_1e-9,0.0,0.26226313272190943,0.0
6284599664533612544,6.0,current_1e-9,0.0,0.06791850014514356,0.0
4641784775576833536,6.0,current_1e-9,0.0,0.09971112239545744,0.0
4268847611328000256,6.0,current_1e-9,0.0,3.305002711918018,0.0
4278176623883730176,6.0,current_1e-9,0.0,0.020269922538519454,0.0
3267929947104804096,6.0,nearterm_1e-10,0.0,0.026105816530233028,0.0
5642877846246495360,6.0,nearterm_1e-10,0.0,0.02460087025298693,0.0
6603465041679231872,6.0,nearterm_1e-10,0.0,0.12571125744030304,0.0
2046526391572691328,6.0,nearterm_1e-10,0.0,0.04306372186206787,0.0
1016789806037687424,6.0,nearterm_1e-10,0.0,0.11442047645091466,0.0
5679711000438989312,6.0,nearterm_1e-10,0.0,0.011412532257781561,0.0
2995683893041962368,6.0,nearterm_1e-10,0.0,0.04086898526609938,0.0
5953737099445742848,6.0,nearterm_1e-10,0.0,0.02857989988528935,0.0
4615401513032729088,6.0,nearterm_1e-10,0.0,0.039444688919925475,0.0
3004510772390701696,6.0,nearterm_1e-10,0.0,0.05438335665140012,0.0
4069792782145982080,6.0,nearterm_1e-10,0.0,0.06900922753063879,0.0
5814108395520777856,6.0,nearterm_1e-10,0.0,0.060123991937987946,0.0
5962272505153840896,6.0,nearterm_1e-10,0.0,0.09407026117839933,0.0
2149291627370030336,6.0,nearterm_1e-10,0.0,0.02418717152236649,0.0
1323478680316848256,6.0,nearterm_1e-10,0.0,0.04160524680729105,0.0
5260504054704228736,6.0,nearterm_1e-10,0.0,0.09636052995968099,0.0
5841541455445538432,6.0,nearterm_1e-10,0.0,0.032022364100604946,0.0
3867940039451965952,6.0,nearterm_1e-10,0.0,0.0731620060260155,0.0
87878642944408960,6.0,nearterm_1e-10,0.0,0.03510273432482837,0.0
3151482384299373696,6.0,nearterm_1e-10,0.0,0.14795635966008566,0.0
6181044017297795968,6.0,nearterm_1e-10,0.0,0.26863868307895483,0.0
803645216387486720,6.0,nearterm_1e-10,0.0,0.13035494409075798,0.0
5914174364643486592,6.0,nearterm_1e-10,0.0,0.056654936274379175,0.0
4797122403959920768,6.0,nearterm_1e-10,0.0,0.08572185452630589,0.0
2575048093288905088,6.0,nearterm_1e-10,0.0,0.08099645711696064,0.0
4229058961259584256,6.0,nearterm_1e-10,0.0,0.1503573480912142,0.0
4561522831932945920,6.0,nearterm_1e-10,0.0,0.1044697616066687,0.0
2208326773198648320,6.0,nearterm_1e-10,0.0,0.09770376651015479,0.0
6094128791359632256,6.0,nearterm_1e-10,0.0,0.08097715931105681,0.0
2769623267282593152,6.0,nearterm_1e-10,0.0,0.0671910443330669,0.0
5660807578058341120,6.0,nearterm_1e-10,0.0,0.05506433616695487,0.0
296496818102428544,6.0,nearterm_1e-10,0.0,0.07566576832280762,0.0
158752853233960704,6.0,nearterm_1e-10,0.0,0.018345486037029995,0.0
2259514678757235200,6.0,nearterm_1e-10,0.0,0.031420398011243675,0.0
4227855172121285760,6.0,nearterm_1e-10,0.0,0.07168340711027045,0.0
2196000977264781056,6.0,nearterm_1e-10,0.0,0.05492518227902102,0.0
1422765267499632640,6.0,nearterm_1e-10,0.0,0.051963345281170914,0.0
5351303408563334912,6.0,nearterm_1e-10,0.0,0.04850251849268976,0.0
1364263517961035648,6.0,nearterm_1e-10,0.0,0.038348000376799765,0.0
5274946414813497344,6.0,nearterm_1e-10,0.0,0.0637025923124472,0.0
3180960123537829760,6.0,nearterm_1e-10,0.0,0.09131736557454354,0.0
2757278951454094208,6.0,nearterm_1e-10,0.0,0.038069663020920755,0.0
2703346703520007168,6.0,nearterm_1e-10,0.0,0.03530109174895919,0.0
4002529127504102656,6.0,nearterm_1e-10,0.0,0.15768713871980933,0.0
5421588692928858752,6.0,nearterm_1e-10,0.0,0.02759746773441511,0.0
6050388913137070848,6.0,nearterm_1e-10,0.0,0.03194018690865989,0.0
4345060775182367232,6.0,nearterm_1e-10,0.0,0.025762065811286483,0.0
992946106114748032,6.0,nearterm_1e-10,0.0,0.0726808589057006,0.0
676792841901784192,6.0,nearterm_1e-10,0.0,0.0568041596052092,0.0
218953691837608960,6.0,nearterm_1e-10,0.0,0.048254505184061186,0.0
2482368024800833024,6.0,nearterm_1e-10,0.0,0.07077839249441555,0.0
4609966833215963392,6.0,nearterm_1e-10,0.0,0.043069521281853027,0.0
6844037812175117440,6.0,nearterm_1e-10,0.0,0.05198964150643334,0.0
6441225886185109632,6.0,nearterm_1e-10,0.0,0.05908371218008703,0.0
1275271417631701504,6.0,nearterm_1e-10,0.0,0.04465349883283909,0.0
6490173906174556416,6.0,nearterm_1e-10,0.0,0.042194690863009456,0.0
5940429538445511808,6.0,nearterm_1e-10,0.0,0.1457439984292832,0.0
3793148372312611456,6.0,nearterm_1e-10,0.0,0.05075098043596283,0.0
3138662151736925568,6.0,nearterm_1e-10,0.0,0.03238785338213854,0.0
5976199159903812736,6.0,nearterm_1e-10,0.0,0.026217889364894383,0.0
1504338722359357568,6.0,nearterm_1e-10,0.0,0.06431065673850825,0.0
1688451325954477184,6.0,nearterm_1e-10,0.0,0.08446028961059693,0.0
5889045855385067136,6.0,nearterm_1e-10,0.0,0.02896308426540607,0.0
4081754605352170496,6.0,nearterm_1e-10,0.0,0.13571977534453236,0.0
2691146831736184576,6.0,nearterm_1e-10,0.0,0.04657085608425915,0.0
334398010409366400,6.0,nearterm_1e-10,0.0,0.05390526953757457,0.0
1383626089525174016,6.0,nearterm_1e-10,0.0,0.04557366393375343,0.0
3702063519102244480,6.0,nearterm_1e-10,0.0,0.1264789931536277,0.0
5423016683660491264,6.0,nearterm_1e-10,0.0,0.03243567015551077,0.0
2804852929801600768,6.0,nearterm_1e-10,0.0,0.17022769515462532,0.0
3114023912926376448,6.0,nearterm_1e-10,0.0,0.047142480927730955,0.0
5524591457617244928,6.0,nearterm_1e-10,0.0,0.039561753589428865,0.0
4060366016201160320,6.0,nearterm_1e-10,0.0,0.002329457245172928,0.0
6694638847956909696,6.0,nearterm_1e-10,0.0,0.04091387391292388,0.0
3039556915253606144,6.0,nearterm_1e-10,0.0,0.09031806858868834,0.0
6237927045205600000,6.0,nearterm_1e-10,0.0,0.02597147367420999,0.0
1878241773237645184,6.0,nearterm_1e-10,0.0,0.04460426089086366,0.0
4288946748293342080,6.0,nearterm_1e-10,0.0,0.3933967077497207,0.0
2337648311488015360,6.0,nearterm_1e-10,0.0,0.07069990744177934,0.0
4395214100433309184,6.0,nearterm_1e-10,0.0,0.11913435920239385,0.0
2796277112767076864,6.0,nearterm_1e-10,0.0,0.01722504921972606,0.0
6016504747910034432,6.0,nearterm_1e-10,0.0,0.028821552933161736,0.0
5166280100090122880,6.0,nearterm_1e-10,0.0,0.11015516623285412,0.0
1130573557111974912,6.0,nearterm_1e-10,0.0,0.10115619534833291,0.0
164738354017665664,6.0,nearterm_1e-10,0.0,0.00578284791346049,0.0
1761771910959772032,6.0,nearterm_1e-10,0.0,0.04512524341013107,0.0
1329848490477856768,6.0,nearterm_1e-10,0.0,0.41983105784617863,0.0
3311535375672171776,6.0,nearterm_1e-10,0.0,0.09143914506414544,0.0
6112272348126668800,6.0,nearterm_1e-10,0.0,0.06569690139991559,0.0
6755038496304470144,6.0,nearterm_1e-10,0.0,0.05444200265417368,0.0
4283053988756001920,6.0,nearterm_1e-10,0.0,0.04667593817594246,0.0
2599647119044490496,6.0,nearterm_1e-10,0.0,0.053981483238812376,0.0
490441735713670528,6.0,nearterm_1e-10,0.0,0.046823603555712474,0.0
4934043968492272896,6.0,nearterm_1e-10,0.0,0.06767576793795699,0.0
2621100450623361280,6.0,nearterm_1e-10,0.0,0.3051002734274783,0.0
1851315420672845056,6.0,nearterm_1e-10,0.0,0.06334941097753095,0.0
5541455315986463104,6.0,nearterm_1e-10,0.0,0.028862617972531028,0.0
5976098417137532800,6.0,nearterm_1e-10,0.0,0.03777256701524413,0.0
28898090451449472,6.0,nearterm_1e-10,0.0,0.03520904404438891,0.0
6592347918267168128,6.0,nearterm_1e-10,0.0,0.0752984707846281,0.0
5887064359268864256,6.0,nearterm_1e-10,0.0,0.011414731946499812,0.0
6518913495153329920,6.0,nearterm_1e-10,0.0,0.028012393661126296,0.0
4600878063941953280,6.0,nearterm_1e-10,0.0,0.04672703524396392,0.0
992845122843798016,6.0,nearterm_1e-10,0.0,0.052763560088665416,0.0
3664521351702250752,6.0,nearterm_1e-10,0.0,0.1741735638596666,0.0
3711953493050429568,6.0,nearterm_1e-10,0.0,0.06509001979209945,0.0
5473228871432372992,6.0,nearterm_1e-10,0.0,0.04940011295638746,0.0
6752384069075512320,6.0,nearterm_1e-10,0.0,0.03887896255860167,0.0
4115513220094402048,6.0,nearterm_1e-10,0.0,0.02250732342107209,0.0
4602130957441446400,6.0,nearterm_1e-10,0.0,0.03410372854564294,0.0
377546664910219776,6.0,nearterm_1e-10,0.0,0.11674065548650231,0.0
4364333977066797056,6.0,nearterm_1e-10,0.0,0.013839379983889486,0.0
5768315046181771904,6.0,nearterm_1e-10,0.0,0.034776809997212374,0.0
123580919370477952,6.0,nearterm_1e-10,0.0,0.033782433851097846,0.0
4366334126156046976,6.0,nearterm_1e-10,0.0,0.025246664522722177,0.0
4901782819863332608,6.0,nearterm_1e-10,0.0,0.18369673269505984,0.0
2151838817854979456,6.0,nearterm_1e-10,0.0,0.02748644784594736,0.0
1343460895402697600,6.0,nearterm_1e-10,0.0,0.10308741481212963,0.0
6136053959995638016,6.0,nearterm_1e-10,0.0,0.0364833534010566,0.0
2221263218985851520,6.0,nearterm_1e-10,0.0,0.365683402182314,0.0
4162186251740404608,6.0,nearterm_1e-10,0.0,0.11805384217524721,0.0
1678399143976755584,6.0,nearterm_1e-10,0.0,0.09992118921149118,0.0
2704125913666895104,6.0,nearterm_1e-10,0.0,0.031809377043667625,0.0
5000393997669149952,6.0,nearterm_1e-10,0.0,0.06906278171529678,0.0
2491206105423269504,6.0,nearterm_1e-10,0.0,0.12550125650652091,0.0
6274538269849968512,6.0,nearterm_1e-10,0.0,0.03855552808931872,0.0
707365862223681408,6.0,nearterm_1e-10,0.0,0.03802389338407603,0.0
4735086373076351744,6.0,nearterm_1e-10,0.0,0.1497666600944728,0.0
2799316059826451328,6.0,nearterm_1e-10,0.0,0.06914696037212971,0.0
1875970079134757760,6.0,nearterm_1e-10,0.0,0.04177583893472953,0.0
1783649894544856960,6.0,nearterm_1e-10,0.0,0.039852410731128024,0.0
2554116930949289856,6.0,nearterm_1e-10,0.0,0.06292175229681733,0.0
2753295523906432384,6.0,nearterm_1e-10,0.0,0.034086388124651305,0.0
886990809110955008,6.0,nearterm_1e-10,0.0,0.08137473877831612,0.0
919018036639891968,6.0,nearterm_1e-10,0.0,0.10061935974557759,0.0
2833555985786735232,6.0,nearterm_1e-10,0.0,0.08804177926853964,0.0
3023472056569280512,6.0,nearterm_1e-10,0.0,0.047990772050881675,0.0
868768602903736832,6.0,nearterm_1e-10,0.0,0.04584083956997925,0.0
5178460008866279808,6.0,nearterm_1e-10,0.0,0.052309082893359636,0.0
3004697238395042176,6.0,nearterm_1e-10,0.0,0.14138231485525177,0.0
2346247935526578688,6.0,nearterm_1e-10,0.0,0.04542348711162226,0.0
1933622971340170496,6.0,nearterm_1e-10,0.0,0.03854516985299696,0.0
1014188567684692224,6.0,nearterm_1e-10,0.0,0.046118415068783176,0.0
5466445022127902976,6.0,nearterm_1e-10,0.0,0.04693059837465868,0.0
6681692893110527232,6.0,nearterm_1e-10,0.0,0.054592121520714416,0.0
5185560414440293632,6.0,nearterm_1e-10,0.0,0.1235504301471918,0.0
5800349145690204288,6.0,nearterm_1e-10,0.0,0.03894763691719123,0.0
4105409399796978944,6.0,nearterm_1e-10,0.0,0.0242676732266693,0.0
4708692944344873216,6.0,nearterm_1e-10,0.0,0.032396263715711575,0.0
2027994226190382848,6.0,nearterm_1e-10,0.0,0.036013239972364705,0.0
2511654375999952640,6.0,nearterm_1e-10,0.0,0.04846154570836875,0.0
5493261389176885632,6.0,nearterm_1e-10,0.0,0.05808602079617129,0.0
2240388880151078528,6.0,nearterm_1e-10,0.0,0.040226886002276134,0.0
5658455555185799040,6.0,nearterm_1e-10,0.0,0.03067731927102234,0.0
5052502602489649664,6.0,nearterm_1e-10,0.0,0.11605743520552768,0.0
1979258613779627520,6.0,nearterm_1e-10,0.0,0.0469216644503133,0.0
446639254048922112,6.0,nearterm_1e-10,0.0,0.025737570599756666,0.0
5601915746720479104,6.0,nearterm_1e-10,0.0,0.05096352760596529,0.0
4776963682897871616,6.0,nearterm_1e-10,0.0,0.16962612156789875,0.0
3280686721529098368,6.0,nearterm_1e-10,0.0,0.03405083782503382,0.0
1285339370727734400,6.0,nearterm_1e-10,0.0,0.06098954379066326,0.0
5511484179500121088,6.0,nearterm_1e-10,0.0,0.04532953852913461,0.0
519978157091449088,6.0,nearterm_1e-10,0.0,0.022194170198109424,0.0
3855789469596668544,6.0,nearterm_1e-10,0.0,0.02360408947878856,0.0
572054498112591744,6.0,nearterm_1e-10,0.0,0.026013450672307804,0.0
357842591908022912,6.0,nearterm_1e-10,0.0,0.02802229181222168,0.0
5927844322167316352,6.0,nearterm_1e-10,0.0,0.02374562446188741,0.0
2281306105868025600,6.0,nearterm_1e-10,0.0,0.06193651560676186,0.0
6342743866636102528,6.0,nearterm_1e-10,0.0,0.027931947560907402,0.0
1690963263347609088,6.0,nearterm_1e-10,0.0,0.05842291268770114,0.0
1230823728796492672,6.0,nearterm_1e-10,0.0,0.04810463656492812,0.0
6411524297547089024,6.0,nearterm_1e-10,0.0,0.03785370298413873,0.0
2935813011016890752,6.0,nearterm_1e-10,0.0,0.037500058138148926,0.0
1510354597152530176,6.0,nearterm_1e-10,0.0,0.06188595614507983,0.0
263711679169833728,6.0,nearterm_1e-10,0.0,0.03266659270428267,0.0
2203996935067479424,6.0,nearterm_1e-10,0.0,0.10378408178263035,0.0
4637390027600793344,6.0,nearterm_1e-10,0.0,0.04495096708242643,0.0
3326809997366173568,6.0,nearterm_1e-10,0.0,0.05949902135640724,0.0
359891153870510208,6.0,nearterm_1e-10,0.0,0.16840598562561823,0.0
3194157939562713472,6.0,nearterm_1e-10,0.0,0.05051144429248267,0.0
5654914887224650240,6.0,nearterm_1e-10,0.0,0.04757634043820737,0.0
132596261882440320,6.0,nearterm_1e-10,0.0,0.04632293313177362,0.0
4262558915898078720,6.0,nearterm_1e-10,0.0,0.037738080467242585,0.0
6149021149160162176,6.0,nearterm_1e-10,0.0,0.027666616802932264,0.0
2811411825899219200,6.0,nearterm_1e-10,0.0,0.1704081400337521,0.0
1900800964403932800,6.0,nearterm_1e-10,0.0,0.02843854559341964,0.0
6009934130839583488,6.0,nearterm_1e-10,0.0,0.019706195330535234,0.0
6872322302128569344,6.0,nearterm_1e-10,0.0,0.033954256575878514,0.0
4548634356637185792,6.0,nearterm_1e-10,0.0,0.07111655295384384,0.0
6527091903161249152,6.0,nearterm_1e-10,0.0,0.03405555182073334,0.0
2639759162947729408,6.0,nearterm_1e-10,0.0,0.031531879343625065,0.0
4100927786033595648,6.0,nearterm_1e-10,0.0,0.027224996248166287,0.0
5371882654157606912,6.0,nearterm_1e-10,0.0,0.1304623727871283,0.0
6775009922429158272,6.0,nearterm_1e-10,0.0,0.03675526678980722,0.0
665668979685323648,6.0,nearterm_1e-10,0.0,0.09804539178719242,0.0
1832230956847006592,6.0,nearterm_1e-10,0.0,0.2624847190863051,0.0
6284599664533612544,6.0,nearterm_1e-10,0.0,0.06795372632940913,0.0
4641784775576833536,6.0,nearterm_1e-10,0.0,0.09976092563509431,0.0
4268847611328000256,6.0,nearterm_1e-10,0.0,3.6772835515336215,0.0
4278176623883730176,6.0,nearterm_1e-10,0.0,0.02027093749789268,0.0
3267929947104804096,6.0,goal_1e-11,0.0,0.026106042322804477,0.0
5642877846246495360,6.0,goal_1e-11,0.0,0.024601009861170926,0.0
6603465041679231872,6.0,goal_1e-11,0.0,0.12572458376422868,0.0
2046526391572691328,6.0,goal_1e-11,0.0,0.043065002268096585,0.0
1016789806037687424,6.0,goal_1e-11,0.0,0.11442966219138136,0.0
5679711000438989312,6.0,goal_1e-11,0.0,0.011412602005749601,0.0
2995683893041962368,6.0,goal_1e-11,0.0,0.040869845364725974,0.0
5953737099445742848,6.0,goal_1e-11,0.0,0.028580511042061777,0.0
4615401513032729088,6.0,goal_1e-11,0.0,0.039445195029381534,0.0
3004510772390701696,6.0,goal_1e-11,0.0,0.054384656216925564,0.0
4069792782145982080,6.0,goal_1e-11,0.0,0.06901110412395357,0.0
5814108395520777856,6.0,goal_1e-11,0.0,0.06012576908313537,0.0
5962272505153840896,6.0,goal_1e-11,0.0,0.09407630576078613,0.0
2149291627370030336,6.0,goal_1e-11,0.0,0.024187348160847794,0.0
1323478680316848256,6.0,goal_1e-11,0.0,0.041607376595011715,0.0
5260504054704228736,6.0,goal_1e-11,0.0,0.09636516441868762,0.0
5841541455445538432,6.0,goal_1e-11,0.0,0.03202322580907,0.0
3867940039451965952,6.0,goal_1e-11,0.0,0.07316404277882915,0.0
87878642944408960,6.0,goal_1e-11,0.0,0.03510314403179443,0.0
3151482384299373696,6.0,goal_1e-11,0.0,0.14797195396857193,0.0
6181044017297795968,6.0,goal_1e-11,0.0,0.2686745333653679,0.0
803645216387486720,6.0,goal_1e-11,0.0,0.13036140819878053,0.0
5914174364643486592,6.0,goal_1e-11,0.0,0.05665792279059405,0.0
4797122403959920768,6.0,goal_1e-11,0.0,0.08572550914673983,0.0
2575048093288905088,6.0,goal_1e-11,0.0,0.0809985296108627,0.0
4229058961259584256,6.0,goal_1e-11,0.0,0.15037424173145017,0.0
4561522831932945920,6.0,goal_1e-11,0.0,0.1044758959680726,0.0
2208326773198648320,6.0,goal_1e-11,0.0,0.09771087749686348,0.0
6094128791359632256,6.0,goal_1e-11,0.0,0.08098115880036591,0.0
2769623267282593152,6.0,goal_1e-11,0.0,0.06719591852870184,0.0
5660807578058341120,6.0,goal_1e-11,0.0,0.055065890185876244,0.0
296496818102428544,6.0,goal_1e-11,0.0,0.07566928377995677,0.0
158752853233960704,6.0,goal_1e-11,0.0,0.018345575663533464,0.0
2259514678757235200,6.0,goal_1e-11,0.0,0.03142079285499514,0.0
4227855172121285760,6.0,goal_1e-11,0.0,0.07168533465621815,0.0
2196000977264781056,6.0,goal_1e-11,0.0,0.05492639713390847,0.0
1422765267499632640,6.0,goal_1e-11,0.0,0.0519650020102537,0.0
5351303408563334912,6.0,goal_1e-11,0.0,0.048503563157115966,0.0
1364263517961035648,6.0,goal_1e-11,0.0,0.03834854240730716,0.0
5274946414813497344,6.0,goal_1e-11,0.0,0.06370353922200131,0.0
3180960123537829760,6.0,goal_1e-11,0.0,0.09132304937991953,0.0
2757278951454094208,6.0,goal_1e-11,0.0,0.038070107553809095,0.0
2703346703520007168,6.0,goal_1e-11,0.0,0.03530169653259686,0.0
4002529127504102656,6.0,goal_1e-11,0.0,0.15770192482999318,0.0
5421588692928858752,6.0,goal_1e-11,0.0,0.027597736049618227,0.0
6050388913137070848,6.0,goal_1e-11,0.0,0.03194113938359558,0.0
4345060775182367232,6.0,goal_1e-11,0.0,0.02576233866956327,0.0
992946106114748032,6.0,goal_1e-11,0.0,0.07268193020048287,0.0
676792841901784192,6.0,goal_1e-11,0.0,0.0568076911273494,0.0
218953691837608960,6.0,goal_1e-11,0.0,0.048256455601711094,0.0
2482368024800833024,6.0,goal_1e-11,0.0,0.07078245834992185,0.0
4609966833215963392,6.0,goal_1e-11,0.0,0.04306986690193913,0.0
6844037812175117440,6.0,goal_1e-11,0.0,0.051993669011203766,0.0
6441225886185109632,6.0,goal_1e-11,0.0,0.05908631251447301,0.0
1275271417631701504,6.0,goal_1e-11,0.0,0.04465424541215873,0.0
6490173906174556416,6.0,goal_1e-11,0.0,0.042195608389035535,0.0
5940429538445511808,6.0,goal_1e-11,0.0,0.14575217268120155,0.0
3793148372312611456,6.0,goal_1e-11,0.0,0.05075168969149306,0.0
3138662151736925568,6.0,goal_1e-11,0.0,0.03238818053907626,0.0
5976199159903812736,6.0,goal_1e-11,0.0,0.026218556115139173,0.0
1504338722359357568,6.0,goal_1e-11,0.0,0.06431469375740673,0.0
1688451325954477184,6.0,goal_1e-11,0.0,0.08446321651998627,0.0
5889045855385067136,6.0,goal_1e-11,0.0,0.028963354525047988,0.0
4081754605352170496,6.0,goal_1e-11,0.0,0.13573971845486285,0.0
2691146831736184576,6.0,goal_1e-11,0.0,0.04657146400633859,0.0
334398010409366400,6.0,goal_1e-11,0.0,0.053908540382581,0.0
1383626089525174016,6.0,goal_1e-11,0.0,0.04557495671943815,0.0
3702063519102244480,6.0,goal_1e-11,0.0,0.12648917281513977,0.0
5423016683660491264,6.0,goal_1e-11,0.0,0.03243602263290376,0.0
2804852929801600768,6.0,goal_1e-11,0.0,0.17023516291901067,0.0
3114023912926376448,6.0,goal_1e-11,0.0,0.047145312045247134,0.0
5524591457617244928,6.0,goal_1e-11,0.0,0.03956220315270918,0.0
4060366016201160320,6.0,goal_1e-11,0.0,0.002329459247322015,0.0
6694638847956909696,6.0,goal_1e-11,0.0,0.04091578652084712,0.0
3039556915253606144,6.0,goal_1e-11,0.0,0.09032235596779392,0.0
6237927045205600000,6.0,goal_1e-11,0.0,0.025972055879969945,0.0
1878241773237645184,6.0,goal_1e-11,0.0,0.044604998996216776,0.0
4288946748293342080,6.0,goal_1e-11,0.0,0.3934614710493872,0.0
2337648311488015360,6.0,goal_1e-11,0.0,0.07070174328954193,0.0
4395214100433309184,6.0,goal_1e-11,0.0,0.11914337836104942,0.0
2796277112767076864,6.0,goal_1e-11,0.0,0.017225148144906798,0.0
6016504747910034432,6.0,goal_1e-11,0.0,0.028821693746585404,0.0
5166280100090122880,6.0,goal_1e-11,0.0,0.1101636606881574,0.0
1130573557111974912,6.0,goal_1e-11,0.0,0.10116169569494357,0.0
164738354017665664,6.0,goal_1e-11,0.0,0.005782855877109343,0.0
1761771910959772032,6.0,goal_1e-11,0.0,0.0451256955797741,0.0
1329848490477856768,6.0,goal_1e-11,0.0,0.4198899773009966,0.0
3311535375672171776,6.0,goal_1e-11,0.0,0.0914434797453969,0.0
6112272348126668800,6.0,goal_1e-11,0.0,0.06569894103698104,0.0
6755038496304470144,6.0,goal_1e-11,0.0,0.05444353133450086,0.0
4283053988756001920,6.0,goal_1e-11,0.0,0.04667772063716613,0.0
2599647119044490496,6.0,goal_1e-11,0.0,0.053982662507102555,0.0
490441735713670528,6.0,goal_1e-11,0.0,0.046825610508639946,0.0
4934043968492272896,6.0,goal_1e-11,0.0,0.06768154532171974,0.0
2621100450623361280,6.0,goal_1e-11,0.0,0.3051564145718587,0.0
1851315420672845056,6.0,goal_1e-11,0.0,0.06335054460666299,0.0
5541455315986463104,6.0,goal_1e-11,0.0,0.028862865844453595,0.0
5976098417137532800,6.0,goal_1e-11,0.0,0.03777330034165068,0.0
28898090451449472,6.0,goal_1e-11,0.0,0.03520949427818556,0.0
6592347918267168128,6.0,goal_1e-11,0.0,0.07530140009342273,0.0
5887064359268864256,6.0,goal_1e-11,0.0,0.011414796269466579,0.0
6518913495153329920,6.0,goal_1e-11,0.0,0.02801262489136461,0.0
4600878063941953280,6.0,goal_1e-11,0.0,0.04672751293699731,0.0
992845122843798016,6.0,goal_1e-11,0.0,0.05276456849139004,0.0
3664521351702250752,6.0,goal_1e-11,0.0,0.174188837307063,0.0
3711953493050429568,6.0,goal_1e-11,0.0,0.06509097749265262,0.0
5473228871432372992,6.0,goal_1e-11,0.0,0.04940071110778212,0.0
6752384069075512320,6.0,goal_1e-11,0.0,0.038879674531988644,0.0
4115513220094402048,6.0,goal_1e-11,0.0,0.022507467663593583,0.0
4602130957441446400,6.0,goal_1e-11,0.0,0.03410407393399709,0.0
377546664910219776,6.0,goal_1e-11,0.0,0.11674438610490619,0.0
4364333977066797056,6.0,goal_1e-11,0.0,0.01383941625137205,0.0
5768315046181771904,6.0,goal_1e-11,0.0,0.03477766236024599,0.0
123580919370477952,6.0,goal_1e-11,0.0,0.03378277113288542,0.0
4366334126156046976,6.0,goal_1e-11,0.0,0.025247172757823455,0.0
4901782819863332608,6.0,goal_1e-11,0.0,0.1837244745702592,0.0
2151838817854979456,6.0,goal_1e-11,0.0,0.02748660584030542,0.0
1343460895402697600,6.0,goal_1e-11,0.0,0.10310007730765042,0.0
6136053959995638016,6.0,goal_1e-11,0.0,0.03648380990184117,0.0
2221263218985851520,6.0,goal_1e-11,0.0,0.36589127411564215,0.0
4162186251740404608,6.0,goal_1e-11,0.0,0.11807199773632304,0.0
1678399143976755584,6.0,goal_1e-11,0.0,0.09992475053745374,0.0
2704125913666895104,6.0,goal_1e-11,0.0,0.03180967705145952,0.0
5000393997669149952,6.0,goal_1e-11,0.0,0.06906474116727733,0.0
2491206105423269504,6.0,goal_1e-11,0.0,0.12550634803883814,0.0
6274538269849968512,6.0,goal_1e-11,0.0,0.038556988109237605,0.0
707365862223681408,6.0,goal_1e-11,0.0,0.038024709062471074,0.0
4735086373076351744,6.0,goal_1e-11,0.0,0.14978478991107153,0.0
2799316059826451328,6.0,goal_1e-11,0.0,0.06914942851192571,0.0
1875970079134757760,6.0,goal_1e-11,0.0,0.04177692823950584,0.0
1783649894544856960,6.0,goal_1e-11,0.0,0.03985290206262741,0.0
2554116930949289856,6.0,goal_1e-11,0.0,0.06292260894190453,0.0
2753295523906432384,6.0,goal_1e-11,0.0,0.03408701674955891,0.0
886990809110955008,6.0,goal_1e-11,0.0,0.08138291104404437,0.0
919018036639891968,6.0,goal_1e-11,0.0,0.1006238867342385,0.0
2833555985786735232,6.0,goal_1e-11,0.0,0.08805014018140145,0.0
3023472056569280512,6.0,goal_1e-11,0.0,0.047992997891846786,0.0
868768602903736832,6.0,goal_1e-11,0.0,0.045842129518973436,0.0
5178460008866279808,6.0,goal_1e-11,0.0,0.052310084958600296,0.0
3004697238395042176,6.0,goal_1e-11,0.0,0.14140361662700235,0.0
2346247935526578688,6.0,goal_1e-11,0.0,0.04542575058211444,0.0
1933622971340170496,6.0,goal_1e-11,0.0,0.03854559297202793,0.0
1014188567684692224,6.0,goal_1e-11,0.0,0.04611990144039035,0.0
5466445022127902976,6.0,goal_1e-11,0.0,0.04693168988259609,0.0
6681692893110527232,6.0,goal_1e-11,0.0,0.054593232331799586,0.0
5185560414440293632,6.0,goal_1e-11,0.0,0.12355536742423785,0.0
5800349145690204288,6.0,goal_1e-11,0.0,0.03894866389460438,0.0
4105409399796978944,6.0,goal_1e-11,0.0,0.02426783363545498,0.0
4708692944344873216,6.0,goal_1e-11,0.0,0.03239660249854465,0.0
2027994226190382848,6.0,goal_1e-11,0.0,0.03601379879881931,0.0
2511654375999952640,6.0,goal_1e-11,0.0,0.048462237716104785,0.0
5493261389176885632,6.0,goal_1e-11,0.0,0.058087115002498975,0.0
2240388880151078528,6.0,goal_1e-11,0.0,0.04022899600004388,0.0
5658455555185799040,6.0,goal_1e-11,0.0,0.030677955349113432,0.0
5052502602489649664,6.0,goal_1e-11,0.0,0.11606294188977065,0.0
1979258613779627520,6.0,goal_1e-11,0.0,0.0469236012054845,0.0
446639254048922112,6.0,goal_1e-11,0.0,0.025737834161683053,0.0
5601915746720479104,6.0,goal_1e-11,0.0,0.050964770143912645,0.0
4776963682897871616,6.0,goal_1e-11,0.0,0.16963745794881988,0.0
3280686721529098368,6.0,goal_1e-11,0.0,0.03405156312041969,0.0
1285339370727734400,6.0,goal_1e-11,0.0,0.060990274600990095,0.0
5511484179500121088,6.0,goal_1e-11,0.0,0.04533004658584605,0.0
519978157091449088,6.0,goal_1e-11,0.0,0.022194328765519612,0.0
3855789469596668544,6.0,goal_1e-11,0.0,0.02360420382509849,0.0
572054498112591744,6.0,goal_1e-11,0.0,0.026013655710142945,0.0
357842591908022912,6.0,goal_1e-11,0.0,0.02802251196917641,0.0
5927844322167316352,6.0,goal_1e-11,0.0,0.023745732898227557,0.0
2281306105868025600,6.0,goal_1e-11,0.0,0.06193744903031615,0.0
6342743866636102528,6.0,goal_1e-11,0.0,0.027932269277111517,0.0
1690963263347609088,6.0,goal_1e-11,0.0,0.058424778414712907,0.0
1230823728796492672,6.0,goal_1e-11,0.0,0.04810570062051742,0.0
6411524297547089024,6.0,goal_1e-11,0.0,0.03785504135719633,0.0
2935813011016890752,6.0,goal_1e-11,0.0,0.03750051235361984,0.0
1510354597152530176,6.0,goal_1e-11,0.0,0.0618878715093284,0.0
263711679169833728,6.0,goal_1e-11,0.0,0.032667973513298726,0.0
2203996935067479424,6.0,goal_1e-11,0.0,0.10378630520061492,0.0
4637390027600793344,6.0,goal_1e-11,0.0,0.04495252121908057,0.0
3326809997366173568,6.0,goal_1e-11,0.0,0.05950124902156006,0.0
359891153870510208,6.0,goal_1e-11,0.0,0.16843459744832331,0.0
3194157939562713472,6.0,goal_1e-11,0.0,0.050513068559444346,0.0
5654914887224650240,6.0,goal_1e-11,0.0,0.047577681184163334,0.0
132596261882440320,6.0,goal_1e-11,0.0,0.04632403939919577,0.0
4262558915898078720,6.0,goal_1e-11,0.0,0.03773959787145293,0.0
6149021149160162176,6.0,goal_1e-11,0.0,0.027666900102826048,0.0
2811411825899219200,6.0,goal_1e-11,0.0,0.17044624328942945,0.0
1900800964403932800,6.0,goal_1e-11,0.0,0.02843883600775719,0.0
6009934130839583488,6.0,goal_1e-11,0.0,0.019706641398620904,0.0
6872322302128569344,6.0,goal_1e-11,0.0,0.033954935494598035,0.0
4548634356637185792,6.0,goal_1e-11,0.0,0.07111992381561649,0.0
6527091903161249152,6.0,goal_1e-11,0.0,0.03405597025958169,0.0
2639759162947729408,6.0,goal_1e-11,0.0,0.03153207804134457,0.0
4100927786033595648,6.0,goal_1e-11,0.0,0.027225998676105926,0.0
5371882654157606912,6.0,goal_1e-11,0.0,0.13047430054103046,0.0
6775009922429158272,6.0,goal_1e-11,0.0,0.0367568690552247,0.0
665668979685323648,6.0,goal_1e-11,0.0,0.09805608471165199,0.0
1832230956847006592,6.0,goal_1e-11,0.0,0.2625028023257961,0.0
6284599664533612544,6.0,goal_1e-11,0.0,0.0679566501918385,0.0
4641784775576833536,6.0,goal_1e-11,0.0,0.09976519527483421,0.0
4268847611328000256,6.0,goal_1e-11,0.0,3.686574428125179,0.0
4278176623883730176,6.0,goal_1e-11,0.0,0.020271037315972535,0.0
3267929947104804096,8.0,current_1e-9,0.0,0.04639390361300198,0.0
5642877846246495360,8.0,current_1e-9,0.0,0.04372308591975184,0.0
6603465041679231872,8.0,current_1e-9,0.0,0.2224781905991502,0.0
2046526391572691328,8.0,current_1e-9,0.0,0.0764808296958259,0.0
1016789806037687424,8.0,current_1e-9,0.0,0.20277074474217227,0.0
5679711000438989312,8.0,current_1e-9,0.0,0.02028495088933638,0.0
2995683893041962368,8.0,current_1e-9,0.0,0.07260356011719728,0.0
5953737099445742848,8.0,current_1e-9,0.0,0.050775803651535514,0.0
4615401513032729088,8.0,current_1e-9,0.0,0.07008860528118131,0.0
3004510772390701696,8.0,current_1e-9,0.0,0.09659341555922017,0.0
4069792782145982080,8.0,current_1e-9,0.0,0.12254987188742344,0.0
5814108395520777856,8.0,current_1e-9,0.0,0.10677800636250416,0.0
5962272505153840896,8.0,current_1e-9,0.0,0.16681675897381162,0.0
2149291627370030336,8.0,current_1e-9,0.0,0.04298365695516179,0.0
1323478680316848256,8.0,current_1e-9,0.0,0.07383035692010029,0.0
5260504054704228736,8.0,current_1e-9,0.0,0.170985500828267,0.0
5841541455445538432,8.0,current_1e-9,0.0,0.056881829897632005,0.0
3867940039451965952,8.0,current_1e-9,0.0,0.12991145389901998,0.0
87878642944408960,8.0,current_1e-9,0.0,0.062373762708686956,0.0
3151482384299373696,8.0,current_1e-9,0.0,0.26176371529590686,0.0
6181044017297795968,8.0,current_1e-9,0.0,0.47454049309821267,0.0
803645216387486720,8.0,current_1e-9,0.0,0.2312263658911483,0.0
5914174364643486592,8.0,current_1e-9,0.0,0.1005334411050224,0.0
4797122403959920768,8.0,current_1e-9,0.0,0.15212273789488587,0.0
2575048093288905088,8.0,current_1e-9,0.0,0.14381263508358372,0.0
4229058961259584256,8.0,current_1e-9,0.0,0.26600696632977927,0.0
4561522831932945920,8.0,current_1e-9,0.0,0.18529557404459543,0.0
2208326773198648320,8.0,current_1e-9,0.0,0.17321232251140253,0.0
6094128791359632256,8.0,current_1e-9,0.0,0.143694786287659,0.0
2769623267282593152,8.0,current_1e-9,0.0,0.11911573228168539,0.0
5660807578058341120,8.0,current_1e-9,0.0,0.09779515985299789,0.0
296496818102428544,8.0,current_1e-9,0.0,0.13429917919481044,0.0
158752853233960704,8.0,current_1e-9,0.0,0.03260464934876939,0.0
2259514678757235200,8.0,current_1e-9,0.0,0.05583202107669557,0.0
4227855172121285760,8.0,current_1e-9,0.0,0.1273033300635451,0.0
2196000977264781056,8.0,current_1e-9,0.0,0.09756064329838436,0.0
1422765267499632640,8.0,current_1e-9,0.0,0.09227850701155652,0.0
5351303408563334912,8.0,current_1e-9,0.0,0.08615896525511113,0.0
1364263517961035648,8.0,current_1e-9,0.0,0.06813804145648285,0.0
5274946414813497344,8.0,current_1e-9,0.0,0.11315565433833812,0.0
3180960123537829760,8.0,current_1e-9,0.0,0.16195085360615022,0.0
2757278951454094208,8.0,current_1e-9,0.0,0.06763807102190654,0.0
2703346703520007168,8.0,current_1e-9,0.0,0.06272031334389161,0.0
4002529127504102656,8.0,current_1e-9,0.0,0.2791958661160663,0.0
5421588692928858752,8.0,current_1e-9,0.0,0.049043843784783624,0.0
6050388913137070848,8.0,current_1e-9,0.0,0.05673137944938821,0.0
4345060775182367232,8.0,current_1e-9,0.0,0.04578105979677878,0.0
992946106114748032,8.0,current_1e-9,0.0,0.1290827594943396,0.0
676792841901784192,8.0,current_1e-9,0.0,0.10075549473754146,0.0
218953691837608960,8.0,current_1e-9,0.0,0.08566926876244521,0.0
2482368024800833024,8.0,current_1e-9,0.0,0.12556881775141923,0.0
4609966833215963392,8.0,current_1e-9,0.0,0.0765296088002145,0.0
6844037812175117440,8.0,current_1e-9,0.0,0.09212014729480208,0.0
6441225886185109632,8.0,current_1e-9,0.0,0.10484374463702135,0.0
1275271417631701504,8.0,current_1e-9,0.0,0.07933196967330568,0.0
6490173906174556416,8.0,current_1e-9,0.0,0.0749553107753994,0.0
5940429538445511808,8.0,current_1e-9,0.0,0.2584879331666196,0.0
3793148372312611456,8.0,current_1e-9,0.0,0.0901640700542767,0.0
3138662151736925568,8.0,current_1e-9,0.0,0.05755309469889615,0.0
5976199159903812736,8.0,current_1e-9,0.0,0.04657172839047299,0.0
1504338722359357568,8.0,current_1e-9,0.0,0.11405896667769727,0.0
1688451325954477184,8.0,current_1e-9,0.0,0.149947540517386,0.0
5889045855385067136,8.0,current_1e-9,0.0,0.05147000824235152,0.0
4081754605352170496,8.0,current_1e-9,0.0,0.23948283168353843,0.0
2691146831736184576,8.0,current_1e-9,0.0,0.08274579660603533,0.0
334398010409366400,8.0,current_1e-9,0.0,0.09562034644905315,0.0
1383626089525174016,8.0,current_1e-9,0.0,0.08093591966696505,0.0
3702063519102244480,8.0,current_1e-9,0.0,0.2240739140381713,0.0
5423016683660491264,8.0,current_1e-9,0.0,0.05763670458283301,0.0
2804852929801600768,8.0,current_1e-9,0.0,0.30182788686551465,0.0
3114023912926376448,8.0,current_1e-9,0.0,0.08362067118733381,0.0
5524591457617244928,8.0,current_1e-9,0.0,0.07028940271276786,0.0
4060366016201160320,8.0,current_1e-9,0.0,0.004141120531063011,0.0
6694638847956909696,8.0,current_1e-9,0.0,0.07262102127760464,0.0
3039556915253606144,8.0,current_1e-9,0.0,0.1602626353504761,0.0
6237927045205600000,8.0,current_1e-9,0.0,0.04613179541419394,0.0
1878241773237645184,8.0,current_1e-9,0.0,0.07922800768869473,0.0
4288946748293342080,8.0,current_1e-9,0.0,0.6934100173155369,0.0
2337648311488015360,8.0,current_1e-9,0.0,0.12551338573054047,0.0
4395214100433309184,8.0,current_1e-9,0.0,0.21114975191166077,0.0
2796277112767076864,8.0,current_1e-9,0.0,0.030615247113060594,0.0
6016504747910034432,8.0,current_1e-9,0.0,0.051223464191387985,0.0
5166280100090122880,8.0,current_1e-9,0.0,0.19525301777861376,0.0
1130573557111974912,8.0,current_1e-9,0.0,0.17944831611318915,0.0
164738354017665664,8.0,current_1e-9,0.0,0.010279860377675767,0.0
1761771910959772032,8.0,current_1e-9,0.0,0.08017540835117323,0.0
1329848490477856768,8.0,current_1e-9,0.0,0.7405022750925625,0.0
3311535375672171776,8.0,current_1e-9,0.0,0.16209828962746298,0.0
6112272348126668800,8.0,current_1e-9,0.0,0.11665738521737022,0.0
6755038496304470144,8.0,current_1e-9,0.0,0.0966880248544866,0.0
4283053988756001920,8.0,current_1e-9,0.0,0.08286418661815793,0.0
2599647119044490496,8.0,current_1e-9,0.0,0.09588773870635652,0.0
490441735713670528,8.0,current_1e-9,0.0,0.08312514949109255,0.0
4934043968492272896,8.0,current_1e-9,0.0,0.11987505543311142,0.0
2621100450623361280,8.0,current_1e-9,0.0,0.5370965428569106,0.0
1851315420672845056,8.0,current_1e-9,0.0,0.11252941814410074,0.0
5541455315986463104,8.0,current_1e-9,0.0,0.05129096321109088,0.0
5976098417137532800,8.0,current_1e-9,0.0,0.06710733523433478,0.0
28898090451449472,8.0,current_1e-9,0.0,0.06255795297812287,0.0
6592347918267168128,8.0,current_1e-9,0.0,0.13367255444388837,0.0
5887064359268864256,8.0,current_1e-9,0.0,0.02028914776518073,0.0
6518913495153329920,8.0,current_1e-9,0.0,0.049780512196909724,0.0
4600878063941953280,8.0,current_1e-9,0.0,0.08302507144826797,0.0
992845122843798016,8.0,current_1e-9,0.0,0.09372515348305384,0.0
3664521351702250752,8.0,current_1e-9,0.0,0.3082939299638709,0.0
3711953493050429568,8.0,current_1e-9,0.0,0.11561595214047132,0.0
5473228871432372992,8.0,current_1e-9,0.0,0.08776988758090665,0.0
6752384069075512320,8.0,current_1e-9,0.0,0.06907113460426322,0.0
4115513220094402048,8.0,current_1e-9,0.0,0.04000166833500327,0.0
4602130957441446400,8.0,current_1e-9,0.0,0.06060157381403681,0.0
377546664910219776,8.0,current_1e-9,0.0,0.20712506027601985,0.0
4364333977066797056,8.0,current_1e-9,0.0,0.02459951284193201,0.0
5768315046181771904,8.0,current_1e-9,0.0,0.06177941965547242,0.0
123580919370477952,8.0,current_1e-9,0.0,0.06003284646363949,0.0
4366334126156046976,8.0,current_1e-9,0.0,0.04485601407937146,0.0
4901782819863332608,8.0,current_1e-9,0.0,0.324077463452085,0.0
2151838817854979456,8.0,current_1e-9,0.0,0.04884788865702139,0.0
1343460895402697600,8.0,current_1e-9,0.0,0.18219852807485967,0.0
6136053959995638016,8.0,current_1e-9,0.0,0.0648241834832684,0.0
2221263218985851520,8.0,current_1e-9,0.0,0.6155804389036589,0.0
4162186251740404608,8.0,current_1e-9,0.0,0.2080642424941858,0.0
1678399143976755584,8.0,current_1e-9,0.0,0.1773806781523954,0.0
2704125913666895104,8.0,current_1e-9,0.0,0.05652320674386331,0.0
5000393997669149952,8.0,current_1e-9,0.0,0.12264546610590096,0.0
2491206105423269504,8.0,current_1e-9,0.0,0.22265343521370923,0.0
6274538269849968512,8.0,current_1e-9,0.0,0.06846068519344788,0.0
707365862223681408,8.0,current_1e-9,0.0,0.06754642779571321,0.0
4735086373076351744,8.0,current_1e-9,0.0,0.2647742637058828,0.0
2799316059826451328,8.0,current_1e-9,0.0,0.12276767047399473,0.0
1875970079134757760,8.0,current_1e-9,0.0,0.07420626125054852,0.0
1783649894544856960,8.0,current_1e-9,0.0,0.07081145992946136,0.0
2554116930949289856,8.0,current_1e-9,0.0,0.11177749124817077,0.0
2753295523906432384,8.0,current_1e-9,0.0,0.06055910187894291,0.0
886990809110955008,8.0,current_1e-9,0.0,0.14401142485438267,0.0
919018036639891968,8.0,current_1e-9,0.0,0.17853127535571933,0.0
2833555985786735232,8.0,current_1e-9,0.0,0.15586792949974912,0.0
3023472056569280512,8.0,current_1e-9,0.0,0.08518556369903485,0.0
868768602903736832,8.0,current_1e-9,0.0,0.0814196664665119,0.0
5178460008866279808,8.0,current_1e-9,0.0,0.09292388629159648,0.0
3004697238395042176,8.0,current_1e-9,0.0,0.24928557175890514,0.0
2346247935526578688,8.0,current_1e-9,0.0,0.08061498196217605,0.0
1933622971340170496,8.0,current_1e-9,0.0,0.0684909014052939,0.0
1014188567684692224,8.0,current_1e-9,0.0,0.0818984090787796,0.0
5466445022127902976,8.0,current_1e-9,0.0,0.08336392142769052,0.0
6681692893110527232,8.0,current_1e-9,0.0,0.09694169254990717,0.0
5185560414440293632,8.0,current_1e-9,0.0,0.21924324663277253,0.0
5800349145690204288,8.0,current_1e-9,0.0,0.06918106173514947,0.0
4105409399796978944,8.0,current_1e-9,0.0,0.043129573439058974,0.0
4708692944344873216,8.0,current_1e-9,0.0,0.0575677803873061,0.0
2027994226190382848,8.0,current_1e-9,0.0,0.06398768666953097,0.0
2511654375999952640,8.0,current_1e-9,0.0,0.0860983907838288,0.0
5493261389176885632,8.0,current_1e-9,0.0,0.10317777188760816,0.0
2240388880151078528,8.0,current_1e-9,0.0,0.07136360420587454,0.0
5658455555185799040,8.0,current_1e-9,0.0,0.054502636911171895,0.0
5052502602489649664,8.0,current_1e-9,0.0,0.2059181245024975,0.0
1979258613779627520,8.0,current_1e-9,0.0,0.0832998428437262,0.0
446639254048922112,8.0,current_1e-9,0.0,0.045737935213366984,0.0
5601915746720479104,8.0,current_1e-9,0.0,0.0905240830913135,0.0
4776963682897871616,8.0,current_1e-9,0.0,0.30070062082205173,0.0
3280686721529098368,8.0,current_1e-9,0.0,0.06049106145380691,0.0
1285339370727734400,8.0,current_1e-9,0.0,0.10834470675598755,0.0
5511484179500121088,8.0,current_1e-9,0.0,0.08054133116564156,0.0
519978157091449088,8.0,current_1e-9,0.0,0.03944380973543201,0.0
3855789469596668544,8.0,current_1e-9,0.0,0.04195033151472305,0.0
572054498112591744,8.0,current_1e-9,0.0,0.046230569555912905,0.0
357842591908022912,8.0,current_1e-9,0.0,0.04979640802713901,0.0
5927844322167316352,8.0,current_1e-9,0.0,0.04220370490654889,0.0
2281306105868025600,8.0,current_1e-9,0.0,0.11002354552010117,0.0
6342743866636102528,8.0,current_1e-9,0.0,0.04963434397730255,0.0
1690963263347609088,8.0,current_1e-9,0.0,0.10373657309493364,0.0
1230823728796492672,8.0,current_1e-9,0.0,0.08545256745639512,0.0
6411524297547089024,8.0,current_1e-9,0.0,0.06721680037736891,0.0
2935813011016890752,8.0,current_1e-9,0.0,0.06663368492736121,0.0
1510354597152530176,8.0,current_1e-9,0.0,0.10989940350011711,0.0
263711679169833728,8.0,current_1e-9,0.0,0.05798762728615695,0.0
2203996935067479424,8.0,current_1e-9,0.0,0.18427554091611908,0.0
4637390027600793344,8.0,current_1e-9,0.0,0.07982256326962042,0.0
3326809997366173568,8.0,current_1e-9,0.0,0.10563887458665831,0.0
359891153870510208,8.0,current_1e-9,0.0,0.2967188695315151,0.0
3194157939562713472,8.0,current_1e-9,0.0,0.08969433694442704,0.0
5654914887224650240,8.0,current_1e-9,0.0,0.08447082021597446,0.0
132596261882440320,8.0,current_1e-9,0.0,0.08227866023787006,0.0
4262558915898078720,8.0,current_1e-9,0.0,0.0670044619665808,0.0
6149021149160162176,8.0,current_1e-9,0.0,0.049165706031518645,0.0
2811411825899219200,8.0,current_1e-9,0.0,0.29858229099474815,0.0
1900800964403932800,8.0,current_1e-9,0.0,0.05053744116370147,0.0
6009934130839583488,8.0,current_1e-9,0.0,0.03501034547113753,0.0
6872322302128569344,8.0,current_1e-9,0.0,0.06032485073919811,0.0
4548634356637185792,8.0,current_1e-9,0.0,0.1262148353405528,0.0
6527091903161249152,8.0,current_1e-9,0.0,0.06050930368695475,0.0
2639759162947729408,8.0,current_1e-9,0.0,0.056035457339283876,0.0
4100927786033595648,8.0,current_1e-9,0.0,0.048343430113523156,0.0
5371882654157606912,8.0,current_1e-9,0.0,0.2310619373221726,0.0
6775009922429158272,8.0,current_1e-9,0.0,0.06524475809099972,0.0
665668979685323648,8.0,current_1e-9,0.0,0.1733980505540458,0.0
1832230956847006592,8.0,current_1e-9,0.0,0.46480802684473893,0.0
6284599664533612544,8.0,current_1e-9,0.0,0.12059573379065922,0.0
4641784775576833536,8.0,current_1e-9,0.0,0.1770253711320751,0.0
4268847611328000256,8.0,current_1e-9,0.0,4.923991906101068,0.0
4278176623883730176,8.0,current_1e-9,0.0,0.03602610326943534,0.0
3267929947104804096,8.0,nearterm_1e-10,0.0,0.046401460932733785,0.0
5642877846246495360,8.0,nearterm_1e-10,0.0,0.04372765174417597,0.0
6603465041679231872,8.0,nearterm_1e-10,0.0,0.22331251224972806,0.0
2046526391572691328,8.0,nearterm_1e-10,0.0,0.07653274941720933,0.0
1016789806037687424,8.0,nearterm_1e-10,0.0,0.2032617199373284,0.0
5679711000438989312,8.0,nearterm_1e-10,0.0,0.020287268669502062,0.0
2995683893041962368,8.0,nearterm_1e-10,0.0,0.07263533845516558,0.0
5953737099445742848,8.0,nearterm_1e-10,0.0,0.05079911012589705,0.0
4615401513032729088,8.0,nearterm_1e-10,0.0,0.07010595894909721,0.0
3004510772390701696,8.0,nearterm_1e-10,0.0,0.09664174340754106,0.0
4069792782145982080,8.0,nearterm_1e-10,0.0,0.12262046699724662,0.0
5814108395520777856,8.0,nearterm_1e-10,0.0,0.10684690868954518,0.0
5962272505153840896,8.0,nearterm_1e-10,0.0,0.16711601956740504,0.0
2149291627370030336,8.0,nearterm_1e-10,0.0,0.04298950937449971,0.0
1323478680316848256,8.0,nearterm_1e-10,0.0,0.07394565680383738,0.0
5260504054704228736,8.0,nearterm_1e-10,0.0,0.17118533108943734,0.0
5841541455445538432,8.0,nearterm_1e-10,0.0,0.05691700066106897,0.0
3867940039451965952,8.0,nearterm_1e-10,0.0,0.12998830012587675,0.0
87878642944408960,8.0,nearterm_1e-10,0.0,0.062387727966608436,0.0
3151482384299373696,8.0,nearterm_1e-10,0.0,0.26271249858868895,0.0
6181044017297795968,8.0,nearterm_1e-10,0.0,0.47670331707625757,0.0
803645216387486720,8.0,nearterm_1e-10,0.0,0.23149958527551695,0.0
5914174364643486592,8.0,nearterm_1e-10,0.0,0.10068259424594514,0.0
4797122403959920768,8.0,nearterm_1e-10,0.0,0.15227594946183254,0.0
2575048093288905088,8.0,nearterm_1e-10,0.0,0.1438891342612379,0.0
4229058961259584256,8.0,nearterm_1e-10,0.0,0.26705323335288605,0.0
4561522831932945920,8.0,nearterm_1e-10,0.0,0.18558109111087118,0.0
2208326773198648320,8.0,nearterm_1e-10,0.0,0.17358199211581518,0.0
6094128791359632256,8.0,nearterm_1e-10,0.0,0.14387333083861698,0.0
2769623267282593152,8.0,nearterm_1e-10,0.0,0.11940152482570682,0.0
5660807578058341120,8.0,nearterm_1e-10,0.0,0.09785509992441381,0.0
296496818102428544,8.0,nearterm_1e-10,0.0,0.13445397269601275,0.0
158752853233960704,8.0,nearterm_1e-10,0.0,0.03260757058638994,0.0
2259514678757235200,8.0,nearterm_1e-10,0.0,0.05584563630546376,0.0
4227855172121285760,8.0,nearterm_1e-10,0.0,0.12737560576853152,0.0
2196000977264781056,8.0,nearterm_1e-10,0.0,0.09760518645539194,0.0
1422765267499632640,8.0,nearterm_1e-10,0.0,0.09234567085688462,0.0
5351303408563334912,8.0,nearterm_1e-10,0.0,0.08619734982680499,0.0
1364263517961035648,8.0,nearterm_1e-10,0.0,0.06815685324733214,0.0
5274946414813497344,8.0,nearterm_1e-10,0.0,0.1131882830178272,0.0
3180960123537829760,8.0,nearterm_1e-10,0.0,0.16223116749065777,0.0
2757278951454094208,8.0,nearterm_1e-10,0.0,0.06765321094319861,0.0
2703346703520007168,8.0,nearterm_1e-10,0.0,0.06274196779320368,0.0
4002529127504102656,8.0,nearterm_1e-10,0.0,0.28001052347403393,0.0
5421588692928858752,8.0,nearterm_1e-10,0.0,0.04905289300622174,0.0
6050388913137070848,8.0,nearterm_1e-10,0.0,0.056771690118092875,0.0
4345060775182367232,8.0,nearterm_1e-10,0.0,0.04579035115066585,0.0
992946106114748032,8.0,nearterm_1e-10,0.0,0.12911956184509552,0.0
676792841901784192,8.0,nearterm_1e-10,0.0,0.10095283412964506,0.0
218953691837608960,8.0,nearterm_1e-10,0.0,0.085757058771927,0.0
2482368024800833024,8.0,nearterm_1e-10,0.0,0.12576914291635766,0.0
4609966833215963392,8.0,nearterm_1e-10,0.0,0.07654103789391081,0.0
6844037812175117440,8.0,nearterm_1e-10,0.0,0.0923992269962965,0.0
6441225886185109632,8.0,nearterm_1e-10,0.0,0.1049620082773355,0.0
1275271417631701504,8.0,nearterm_1e-10,0.0,0.07935832511392892,0.0
6490173906174556416,8.0,nearterm_1e-10,0.0,0.07498934423478504,0.0
5940429538445511808,8.0,nearterm_1e-10,0.0,0.25884500969089136,0.0
3793148372312611456,8.0,nearterm_1e-10,0.0,0.09018848937599484,0.0
3138662151736925568,8.0,nearterm_1e-10,0.0,0.05756411725729802,0.0
5976199159903812736,8.0,nearterm_1e-10,0.0,0.04659912965175107,0.0
1504338722359357568,8.0,nearterm_1e-10,0.0,0.11427625790787511,0.0
1688451325954477184,8.0,nearterm_1e-10,0.0,0.15006310600399098,0.0
5889045855385067136,8.0,nearterm_1e-10,0.0,0.05147908860368029,0.0
4081754605352170496,8.0,nearterm_1e-10,0.0,0.24106362208803858,0.0
2691146831736184576,8.0,nearterm_1e-10,0.0,0.08276660541270724,0.0
334398010409366400,8.0,nearterm_1e-10,0.0,0.09580236786282033,0.0
1383626089525174016,8.0,nearterm_1e-10,0.0,0.08098726188676109,0.0
3702063519102244480,8.0,nearterm_1e-10,0.0,0.22460948646936094,0.0
5423016683660491264,8.0,nearterm_1e-10,0.0,0.05764867439263827,0.0
2804852929801600768,8.0,nearterm_1e-10,0.0,0.30212682185161643,0.0
3114023912926376448,8.0,nearterm_1e-10,0.0,0.08378665923704948,0.0
5524591457617244928,8.0,nearterm_1e-10,0.0,0.0703046638381029,0.0
4060366016201160320,8.0,nearterm_1e-10,0.0,0.00414118419698034,0.0
6694638847956909696,8.0,nearterm_1e-10,0.0,0.07271889550610333,0.0
3039556915253606144,8.0,nearterm_1e-10,0.0,0.16044950576872055,0.0
6237927045205600000,8.0,nearterm_1e-10,0.0,0.04615482297017165,0.0
1878241773237645184,8.0,nearterm_1e-10,0.0,0.07925401159804718,0.0
4288946748293342080,8.0,nearterm_1e-10,0.0,0.697550856715751,0.0
2337648311488015360,8.0,nearterm_1e-10,0.0,0.12558188326327047,0.0
4395214100433309184,8.0,nearterm_1e-10,0.0,0.21160989878019748,0.0
2796277112767076864,8.0,nearterm_1e-10,0.0,0.030618493930414218,0.0
6016504747910034432,8.0,nearterm_1e-10,0.0,0.051228038502542615,0.0
5166280100090122880,8.0,nearterm_1e-10,0.0,0.19569795325302727,0.0
1130573557111974912,8.0,nearterm_1e-10,0.0,0.17969552444341083,0.0
164738354017665664,8.0,nearterm_1e-10,0.0,0.010280114216347034,0.0
1761771910959772032,8.0,nearterm_1e-10,0.0,0.08019056765523334,0.0
1329848490477856768,8.0,nearterm_1e-10,0.0,0.7439274144943615,0.0
3311535375672171776,8.0,nearterm_1e-10,0.0,0.16228737449332817,0.0
6112272348126668800,8.0,nearterm_1e-10,0.0,0.11673692259725407,0.0
6755038496304470144,8.0,nearterm_1e-10,0.0,0.0967468916601168,0.0
4283053988756001920,8.0,nearterm_1e-10,0.0,0.08294277627020387,0.0
2599647119044490496,8.0,nearterm_1e-10,0.0,0.09593084648863988,0.0
490441735713670528,8.0,nearterm_1e-10,0.0,0.0832178170211106,0.0
4934043968492272896,8.0,nearterm_1e-10,0.0,0.12026149602123296,0.0
2621100450623361280,8.0,nearterm_1e-10,0.0,0.5412005406122312,0.0
1851315420672845056,8.0,nearterm_1e-10,0.0,0.11256929753536227,0.0
5541455315986463104,8.0,nearterm_1e-10,0.0,0.05129923076837104,0.0
5976098417137532800,8.0,nearterm_1e-10,0.0,0.06713410477112168,0.0
28898090451449472,8.0,nearterm_1e-10,0.0,0.0625734465487184,0.0
6592347918267168128,8.0,nearterm_1e-10,0.0,0.13379289773575828,0.0
5887064359268864256,8.0,nearterm_1e-10,0.0,0.020291270235952733,0.0
6518913495153329920,8.0,nearterm_1e-10,0.0,0.049788216927389294,0.0
4600878063941953280,8.0,nearterm_1e-10,0.0,0.08304109803000403,0.0
992845122843798016,8.0,nearterm_1e-10,0.0,0.09376123878120618,0.0
3664521351702250752,8.0,nearterm_1e-10,0.0,0.3090924829771363,0.0
3711953493050429568,8.0,nearterm_1e-10,0.0,0.11564888454474558,0.0
5473228871432372992,8.0,nearterm_1e-10,0.0,0.08779019871037357,0.0
6752384069075512320,8.0,nearterm_1e-10,0.0,0.06909688000671486,0.0
4115513220094402048,8.0,nearterm_1e-10,0.0,0.040006417076318,0.0
4602130957441446400,8.0,nearterm_1e-10,0.0,0.06061321066455851,0.0
377546664910219776,8.0,nearterm_1e-10,0.0,0.20726653915560997,0.0
4364333977066797056,8.0,nearterm_1e-10,0.0,0.02460067670002506,0.0
5768315046181771904,8.0,nearterm_1e-10,0.0,0.061812596169125024,0.0
123580919370477952,8.0,nearterm_1e-10,0.0,0.06004419779413873,0.0
4366334126156046976,8.0,nearterm_1e-10,0.0,0.04487535532795964,0.0
4901782819863332608,8.0,nearterm_1e-10,0.0,0.32609965707716515,0.0
2151838817854979456,8.0,nearterm_1e-10,0.0,0.04885305335939412,0.0
1343460895402697600,8.0,nearterm_1e-10,0.0,0.18316157449962361,0.0
6136053959995638016,8.0,nearterm_1e-10,0.0,0.06483982952083119,0.0
2221263218985851520,8.0,nearterm_1e-10,0.0,0.6485288108401028,0.0
4162186251740404608,8.0,nearterm_1e-10,0.0,0.20971415854049186,0.0
1678399143976755584,8.0,nearterm_1e-10,0.0,0.17752032426044814,0.0
2704125913666895104,8.0,nearterm_1e-10,0.0,0.05653327385422146,0.0
5000393997669149952,8.0,nearterm_1e-10,0.0,0.12272003112292365,0.0
2491206105423269504,8.0,nearterm_1e-10,0.0,0.22285679617101345,0.0
6274538269849968512,8.0,nearterm_1e-10,0.0,0.06852709338596626,0.0
707365862223681408,8.0,nearterm_1e-10,0.0,0.06757691764963984,0.0
4735086373076351744,8.0,nearterm_1e-10,0.0,0.26596710662906176,0.0
2799316059826451328,8.0,nearterm_1e-10,0.0,0.12286759277341003,0.0
1875970079134757760,8.0,nearterm_1e-10,0.0,0.07424864500203059,0.0
1783649894544856960,8.0,nearterm_1e-10,0.0,0.07082824549782793,0.0
2554116930949289856,8.0,nearterm_1e-10,0.0,0.11180679163887344,0.0
2753295523906432384,8.0,nearterm_1e-10,0.0,0.0605819350257164,0.0
886990809110955008,8.0,nearterm_1e-10,0.0,0.14459615047152483,0.0
919018036639891968,8.0,nearterm_1e-10,0.0,0.17872103377330206,0.0
2833555985786735232,8.0,nearterm_1e-10,0.0,0.15642247248478533,0.0
3023472056569280512,8.0,nearterm_1e-10,0.0,0.08529272118817002,0.0
868768602903736832,8.0,nearterm_1e-10,0.0,0.08147023002788194,0.0
5178460008866279808,8.0,nearterm_1e-10,0.0,0.09295978126494557,0.0
3004697238395042176,8.0,nearterm_1e-10,0.0,0.25101684196115226,0.0
2346247935526578688,8.0,nearterm_1e-10,0.0,0.08073114557193202,0.0
1933622971340170496,8.0,nearterm_1e-10,0.0,0.06850520911410675,0.0
1014188567684692224,8.0,nearterm_1e-10,0.0,0.08195954284124866,0.0
5466445022127902976,8.0,nearterm_1e-10,0.0,0.08340474101973547,0.0
6681692893110527232,8.0,nearterm_1e-10,0.0,0.09698185178970495,0.0
5185560414440293632,8.0,nearterm_1e-10,0.0,0.21943994021202815,0.0
5800349145690204288,8.0,nearterm_1e-10,0.0,0.06922146696520164,0.0
4105409399796978944,8.0,nearterm_1e-10,0.0,0.04313485565085801,0.0
4708692944344873216,8.0,nearterm_1e-10,0.0,0.057579239765374476,0.0
2027994226190382848,8.0,nearterm_1e-10,0.0,0.06400734655245424,0.0
2511654375999952640,8.0,nearterm_1e-10,0.0,0.08612229575761765,0.0
5493261389176885632,8.0,nearterm_1e-10,0.0,0.1032166777436415,0.0
2240388880151078528,8.0,nearterm_1e-10,0.0,0.07148149068778539,0.0
5658455555185799040,8.0,nearterm_1e-10,0.0,0.05452663175174918,0.0
5052502602489649664,8.0,nearterm_1e-10,0.0,0.20615038256036103,0.0
1979258613779627520,8.0,nearterm_1e-10,0.0,0.08338862748949652,0.0
446639254048922112,8.0,nearterm_1e-10,0.0,0.04574688238130213,0.0
5601915746720479104,8.0,nearterm_1e-10,0.0,0.09057079464607634,0.0
4776963682897871616,8.0,nearterm_1e-10,0.0,0.30121955350085694,0.0
3280686721529098368,8.0,nearterm_1e-10,0.0,0.060518391171348315,0.0
1285339370727734400,8.0,nearterm_1e-10,0.0,0.10836942713655422,0.0
5511484179500121088,8.0,nearterm_1e-10,0.0,0.0805585014596912,0.0
519978157091449088,8.0,nearterm_1e-10,0.0,0.03944905666257402,0.0
3855789469596668544,8.0,nearterm_1e-10,0.0,0.04195404890471299,0.0
572054498112591744,8.0,nearterm_1e-10,0.0,0.046237386070592704,0.0
357842591908022912,8.0,nearterm_1e-10,0.0,0.04980372097954965,0.0
5927844322167316352,8.0,nearterm_1e-10,0.0,0.042207223697459315,0.0
2281306105868025600,8.0,nearterm_1e-10,0.0,0.1100557675502557,0.0
6342743866636102528,8.0,nearterm_1e-10,0.0,0.0496453656575844,0.0
1690963263347609088,8.0,nearterm_1e-10,0.0,0.10381093810165552,0.0
1230823728796492672,8.0,nearterm_1e-10,0.0,0.08549177985825879,0.0
6411524297547089024,8.0,nearterm_1e-10,0.0,0.06727617564008051,0.0
2935813011016890752,8.0,nearterm_1e-10,0.0,0.0666492063084445,0.0
1510354597152530176,8.0,nearterm_1e-10,0.0,0.1099741648968828,0.0
263711679169833728,8.0,nearterm_1e-10,0.0,0.05805878481503519,0.0
2203996935067479424,8.0,nearterm_1e-10,0.0,0.18435470606257262,0.0
4637390027600793344,8.0,nearterm_1e-10,0.0,0.07988868606528984,0.0
3326809997366173568,8.0,nearterm_1e-10,0.0,0.10573248083743864,0.0
359891153870510208,8.0,nearterm_1e-10,0.0,0.29907263483741753,0.0
3194157939562713472,8.0,nearterm_1e-10,0.0,0.08976049766820543,0.0
5654914887224650240,8.0,nearterm_1e-10,0.0,0.0845234868044326,0.0
132596261882440320,8.0,nearterm_1e-10,0.0,0.08232050302069928,0.0
4262558915898078720,8.0,nearterm_1e-10,0.0,0.06707563671765095,0.0
6149021149160162176,8.0,nearterm_1e-10,0.0,0.04917529682156043,0.0
2811411825899219200,8.0,nearterm_1e-10,0.0,0.30260453305796714,0.0
1900800964403932800,8.0,nearterm_1e-10,0.0,0.05054727166634572,0.0
6009934130839583488,8.0,nearterm_1e-10,0.0,0.03502884342431353,0.0
6872322302128569344,8.0,nearterm_1e-10,0.0,0.060349979688690325,0.0
4548634356637185792,8.0,nearterm_1e-10,0.0,0.12636667789595737,0.0
6527091903161249152,8.0,nearterm_1e-10,0.0,0.060523671461326756,0.0
2639759162947729408,8.0,nearterm_1e-10,0.0,0.05604197228374692,0.0
4100927786033595648,8.0,nearterm_1e-10,0.0,0.04839288977409052,0.0
5371882654157606912,8.0,nearterm_1e-10,0.0,0.23173742073599707,0.0
6775009922429158272,8.0,nearterm_1e-10,0.0,0.06532638655581334,0.0
665668979685323648,8.0,nearterm_1e-10,0.0,0.17415250530999835,0.0
1832230956847006592,8.0,nearterm_1e-10,0.0,0.46561398832756595,0.0
6284599664533612544,8.0,nearterm_1e-10,0.0,0.12072312202400437,0.0
4641784775576833536,8.0,nearterm_1e-10,0.0,0.17720170072668212,0.0
4268847611328000256,8.0,nearterm_1e-10,0.0,6.379841285900334,0.0
4278176623883730176,8.0,nearterm_1e-10,0.0,0.03602935477232247,0.0
3267929947104804096,8.0,goal_1e-11,0.0,0.046402176127120116,0.0
5642877846246495360,8.0,goal_1e-11,0.0,0.043728093484522196,0.0
6603465041679231872,8.0,goal_1e-11,0.0,0.22335647995823563,0.0
2046526391572691328,8.0,goal_1e-11,0.0,0.07653684585727802,0.0
1016789806037687424,8.0,goal_1e-11,0.0,0.20329163112328394,0.0
5679711000438989312,8.0,goal_1e-11,0.0,0.02028748958462387,0.0
2995683893041962368,8.0,goal_1e-11,0.0,0.0726380760564822,0.0
5953737099445742848,8.0,goal_1e-11,0.0,0.05080105926831422,0.0
4615401513032729088,8.0,goal_1e-11,0.0,0.07010756368702113,0.0
3004510772390701696,8.0,goal_1e-11,0.0,0.09664587977937321,0.0
4069792782145982080,8.0,goal_1e-11,0.0,0.12262644212716953,0.0
5814108395520777856,8.0,goal_1e-11,0.0,0.10685257887471875,0.0
5962272505153840896,8.0,goal_1e-11,0.0,0.1671355915079003,0.0
2149291627370030336,8.0,goal_1e-11,0.0,0.04299006853340076,0.0
1323478680316848256,8.0,goal_1e-11,0.0,0.0739526071891642,0.0
5260504054704228736,8.0,goal_1e-11,0.0,0.17120019840854536,0.0
5841541455445538432,8.0,goal_1e-11,0.0,0.05691975953166724,0.0
3867940039451965952,8.0,goal_1e-11,0.0,0.12999478472169607,0.0
87878642944408960,8.0,goal_1e-11,0.0,0.062389026581245004,0.0
3151482384299373696,8.0,goal_1e-11,0.0,0.26276375902502697,0.0
6181044017297795968,8.0,goal_1e-11,0.0,0.4768208950538592,0.0
803645216387486720,8.0,goal_1e-11,0.0,0.23152027758805863,0.0
5914174364643486592,8.0,goal_1e-11,0.0,0.10069227922801328,0.0
4797122403959920768,8.0,goal_1e-11,0.0,0.15228765095373278,0.0
2575048093288905088,8.0,goal_1e-11,0.0,0.14389572231973827,0.0
4229058961259584256,8.0,goal_1e-11,0.0,0.26710889649087705,0.0
4561522831932945920,8.0,goal_1e-11,0.0,0.18560086566918438,0.0
2208326773198648320,8.0,goal_1e-11,0.0,0.1736051040296613,0.0
6094128791359632256,8.0,goal_1e-11,0.0,0.14388619377210335,0.0
2769623267282593152,8.0,goal_1e-11,0.0,0.11941752867917482,0.0
5660807578058341120,8.0,goal_1e-11,0.0,0.09786005669844224,0.0
296496818102428544,8.0,goal_1e-11,0.0,0.1344652728751561,0.0
158752853233960704,8.0,goal_1e-11,0.0,0.03260785410071227,0.0
2259514678757235200,8.0,goal_1e-11,0.0,0.05584688869640091,0.0
4227855172121285760,8.0,goal_1e-11,0.0,0.12738174249670964,0.0
2196000977264781056,8.0,goal_1e-11,0.0,0.09760905030267233,0.0
1422765267499632640,8.0,goal_1e-11,0.0,0.09235097067821618,0.0
5351303408563334912,8.0,goal_1e-11,0.0,0.08620067336739146,0.0
1364263517961035648,8.0,goal_1e-11,0.0,0.06815857294275435,0.0
5274946414813497344,8.0,goal_1e-11,0.0,0.1131912837856645,0.0
3180960123537829760,8.0,goal_1e-11,0.0,0.16224956782644007,0.0
2757278951454094208,8.0,goal_1e-11,0.0,0.06765461943665091,0.0
2703346703520007168,8.0,goal_1e-11,0.0,0.06274388972628372,0.0
4002529127504102656,8.0,goal_1e-11,0.0,0.280058735143071,0.0
5421588692928858752,8.0,goal_1e-11,0.0,0.04905374321693314,0.0
6050388913137070848,8.0,goal_1e-11,0.0,0.05677474640080176,0.0
4345060775182367232,8.0,goal_1e-11,0.0,0.04579121615966935,0.0
992946106114748032,8.0,goal_1e-11,0.0,0.12912295467205076,0.0
676792841901784192,8.0,goal_1e-11,0.0,0.10096438635150005,0.0
218953691837608960,8.0,goal_1e-11,0.0,0.08576333933457987,0.0
2482368024800833024,8.0,goal_1e-11,0.0,0.12578231199114845,0.0
4609966833215963392,8.0,goal_1e-11,0.0,0.07654213149205791,0.0
6844037812175117440,8.0,goal_1e-11,0.0,0.09241265641637861,0.0
6441225886185109632,8.0,goal_1e-11,0.0,0.1049703785789354,0.0
1275271417631701504,8.0,goal_1e-11,0.0,0.07936069539814314,0.0
6490173906174556416,8.0,goal_1e-11,0.0,0.0749922650114863,0.0
5940429538445511808,8.0,goal_1e-11,0.0,0.2588712347514304,0.0
3793148372312611456,8.0,goal_1e-11,0.0,0.09019073783059028,0.0
3138662151736925568,8.0,goal_1e-11,0.0,0.057565153694543576,0.0
5976199159903812736,8.0,goal_1e-11,0.0,0.046601265084034435,0.0
1504338722359357568,8.0,goal_1e-11,0.0,0.11428941962579578,0.0
1688451325954477184,8.0,goal_1e-11,0.0,0.1500724488582668,0.0
5889045855385067136,8.0,goal_1e-11,0.0,0.051479944762613056,0.0
4081754605352170496,8.0,goal_1e-11,0.0,0.24113098534949676,0.0
2691146831736184576,8.0,goal_1e-11,0.0,0.08276853248442674,0.0
334398010409366400,8.0,goal_1e-11,0.0,0.0958130642303646,0.0
1383626089525174016,8.0,goal_1e-11,0.0,0.08099139202842101,0.0
3702063519102244480,8.0,goal_1e-11,0.0,0.22464256551610148,0.0
5423016683660491264,8.0,goal_1e-11,0.0,0.05764979146082176,0.0
2804852929801600768,8.0,goal_1e-11,0.0,0.3021506083691497,0.0
3114023912926376448,8.0,goal_1e-11,0.0,0.08379595795159153,0.0
5524591457617244928,8.0,goal_1e-11,0.0,0.07030608802936321,0.0
4060366016201160320,8.0,goal_1e-11,0.0,0.0041411905262532895,0.0
6694638847956909696,8.0,goal_1e-11,0.0,0.07272511109130492,0.0
3039556915253606144,8.0,goal_1e-11,0.0,0.16046326867140032,0.0
6237927045205600000,8.0,goal_1e-11,0.0,0.04615668272888478,0.0
1878241773237645184,8.0,goal_1e-11,0.0,0.07925635336266677,0.0
4288946748293342080,8.0,goal_1e-11,0.0,0.6977639610077023,0.0
2337648311488015360,8.0,goal_1e-11,0.0,0.12558772052466202,0.0
4395214100433309184,8.0,goal_1e-11,0.0,0.21163915483645412,0.0
2796277112767076864,8.0,goal_1e-11,0.0,0.030618807033709793,0.0
6016504747910034432,8.0,goal_1e-11,0.0,0.051228483867216616,0.0
5166280100090122880,8.0,goal_1e-11,0.0,0.1957255757031375,0.0
1130573557111974912,8.0,goal_1e-11,0.0,0.17971321413439273,0.0
164738354017665664,8.0,goal_1e-11,0.0,0.010280139391923357,0.0
1761771910959772032,8.0,goal_1e-11,0.0,0.08019199916719157,0.0
1329848490477856768,8.0,goal_1e-11,0.0,0.7441193216099302,0.0
3311535375672171776,8.0,goal_1e-11,0.0,0.16230125530066908,0.0
6112272348126668800,8.0,goal_1e-11,0.0,0.11674343030717929,0.0
6755038496304470144,8.0,goal_1e-11,0.0,0.0967517668454179,0.0
4283053988756001920,8.0,goal_1e-11,0.0,0.08294850664233204,0.0
2599647119044490496,8.0,goal_1e-11,0.0,0.09593459683602888,0.0
490441735713670528,8.0,goal_1e-11,0.0,0.08322429135086767,0.0
4934043968492272896,8.0,goal_1e-11,0.0,0.12028068934020059,0.0
2621100450623361280,8.0,goal_1e-11,0.0,0.5413879351165048,0.0
1851315420672845056,8.0,goal_1e-11,0.0,0.11257289460862367,0.0
5541455315986463104,8.0,goal_1e-11,0.0,0.05130001566631567,0.0
5976098417137532800,8.0,goal_1e-11,0.0,0.06713643754204097,0.0
28898090451449472,8.0,goal_1e-11,0.0,0.06257487409630838,0.0
6592347918267168128,8.0,goal_1e-11,0.0,0.1338022717009429,0.0
5887064359268864256,8.0,goal_1e-11,0.0,0.0202914739009259,0.0
6518913495153329920,8.0,goal_1e-11,0.0,0.049788949098123834,0.0
4600878063941953280,8.0,goal_1e-11,0.0,0.08304261060910817,0.0
992845122843798016,8.0,goal_1e-11,0.0,0.09376444160392887,0.0
3664521351702250752,8.0,goal_1e-11,0.0,0.3091419986618133,0.0
3711953493050429568,8.0,goal_1e-11,0.0,0.1156519188715477,0.0
5473228871432372992,8.0,goal_1e-11,0.0,0.08779209376469195,0.0
6752384069075512320,8.0,goal_1e-11,0.0,0.06909914337212078,0.0
4115513220094402048,8.0,goal_1e-11,0.0,0.040006873627041625,0.0
4602130957441446400,8.0,goal_1e-11,0.0,0.06061430482907241,0.0
377546664910219776,8.0,goal_1e-11,0.0,0.2072783968648161,0.0
4364333977066797056,8.0,goal_1e-11,0.0,0.024600791370138878,0.0
5768315046181771904,8.0,goal_1e-11,0.0,0.06181531758245353,0.0
123580919370477952,8.0,goal_1e-11,0.0,0.06004526632212295,0.0
4366334126156046976,8.0,goal_1e-11,0.0,0.04487697612192181,0.0
4901782819863332608,8.0,goal_1e-11,0.0,0.3261923951700606,0.0
2151838817854979456,8.0,goal_1e-11,0.0,0.04885355315837475,0.0
1343460895402697600,8.0,goal_1e-11,0.0,0.18320418130753024,0.0
6136053959995638016,8.0,goal_1e-11,0.0,0.06484127674944551,0.0
2221263218985851520,8.0,goal_1e-11,0.0,0.6493169402409844,0.0
4162186251740404608,8.0,goal_1e-11,0.0,0.20977651008966647,0.0
1678399143976755584,8.0,goal_1e-11,0.0,0.1775316854496482,0.0
2704125913666895104,8.0,goal_1e-11,0.0,0.056534223964436206,0.0
5000393997669149952,8.0,goal_1e-11,0.0,0.12272627469006654,0.0
2491206105423269504,8.0,goal_1e-11,0.0,0.22287303463384658,0.0
6274538269849968512,8.0,goal_1e-11,0.0,0.06853179930148041,0.0
707365862223681408,8.0,goal_1e-11,0.0,0.06757951530082235,0.0
4735086373076351744,8.0,goal_1e-11,0.0,0.2660271532166039,0.0
2799316059826451328,8.0,goal_1e-11,0.0,0.12287548491895174,0.0
1875970079134757760,8.0,goal_1e-11,0.0,0.07425212232536947,0.0
1783649894544856960,8.0,goal_1e-11,0.0,0.07082980294421708,0.0
2554116930949289856,8.0,goal_1e-11,0.0,0.11180950574150025,0.0
2753295523906432384,8.0,goal_1e-11,0.0,0.060583934139268596,0.0
886990809110955008,8.0,goal_1e-11,0.0,0.14462347702298375,0.0
919018036639891968,8.0,goal_1e-11,0.0,0.17873552420819255,0.0
2833555985786735232,8.0,goal_1e-11,0.0,0.1564502140826858,0.0
3023472056569280512,8.0,goal_1e-11,0.0,0.08529992226558172,0.0
868768602903736832,8.0,goal_1e-11,0.0,0.08147434916088987,0.0
5178460008866279808,8.0,goal_1e-11,0.0,0.09296296472303994,0.0
3004697238395042176,8.0,goal_1e-11,0.0,0.25108892516997217,0.0
2346247935526578688,8.0,goal_1e-11,0.0,0.08073850229751647,0.0
1933622971340170496,8.0,goal_1e-11,0.0,0.06850654966352866,0.0
1014188567684692224,8.0,goal_1e-11,0.0,0.0819643019568818,0.0
5466445022127902976,8.0,goal_1e-11,0.0,0.0834082170350859,0.0
6681692893110527232,8.0,goal_1e-11,0.0,0.09698537888053588,0.0
5185560414440293632,8.0,goal_1e-11,0.0,0.21945569337452697,0.0
5800349145690204288,8.0,goal_1e-11,0.0,0.0692247473252716,0.0
4105409399796978944,8.0,goal_1e-11,0.0,0.04313536335777981,0.0
4708692944344873216,8.0,goal_1e-11,0.0,0.05758031325319378,0.0
2027994226190382848,8.0,goal_1e-11,0.0,0.06400912078315281,0.0
2511654375999952640,8.0,goal_1e-11,0.0,0.08612449007049253,0.0
5493261389176885632,8.0,goal_1e-11,0.0,0.10322015167618015,0.0
2240388880151078528,8.0,goal_1e-11,0.0,0.07148838982986741,0.0
5658455555185799040,8.0,goal_1e-11,0.0,0.05452865909974319,0.0
5052502602489649664,8.0,goal_1e-11,0.0,0.20616801738500795,0.0
1979258613779627520,8.0,goal_1e-11,0.0,0.08339487161950046,0.0
446639254048922112,8.0,goal_1e-11,0.0,0.045747717793828156,0.0
5601915746720479104,8.0,goal_1e-11,0.0,0.09057475262272657,0.0
4776963682897871616,8.0,goal_1e-11,0.0,0.3012560216996181,0.0
3280686721529098368,8.0,goal_1e-11,0.0,0.06052070226374524,0.0
1285339370727734400,8.0,goal_1e-11,0.0,0.10837174103232751,0.0
5511484179500121088,8.0,goal_1e-11,0.0,0.08056011082216799,0.0
519978157091449088,8.0,goal_1e-11,0.0,0.03944955865154666,0.0
3855789469596668544,8.0,goal_1e-11,0.0,0.041954410563852976,0.0
572054498112591744,8.0,goal_1e-11,0.0,0.04623803531335741,0.0
357842591908022912,8.0,goal_1e-11,0.0,0.04980441789872715,0.0
5927844322167316352,8.0,goal_1e-11,0.0,0.04220756667118411,0.0
2281306105868025600,8.0,goal_1e-11,0.0,0.11005872626800572,0.0
6342743866636102528,8.0,goal_1e-11,0.0,0.049646385760998585,0.0
1690963263347609088,8.0,goal_1e-11,0.0,0.1038168983061925,0.0
1230823728796492672,8.0,goal_1e-11,0.0,0.08549516580219774,0.0
6411524297547089024,8.0,goal_1e-11,0.0,0.0672804818229972,0.0
2935813011016890752,8.0,goal_1e-11,0.0,0.06665064622458289,0.0
1510354597152530176,8.0,goal_1e-11,0.0,0.10998027781511603,0.0
263711679169833728,8.0,goal_1e-11,0.0,0.058063274035409534,0.0
2203996935067479424,8.0,goal_1e-11,0.0,0.18436175850065337,0.0
4637390027600793344,8.0,goal_1e-11,0.0,0.07989367309989628,0.0
3326809997366173568,8.0,goal_1e-11,0.0,0.10573962155658595,0.0
359891153870510208,8.0,goal_1e-11,0.0,0.2991696652523276,0.0
3194157939562713472,8.0,goal_1e-11,0.0,0.08976569430337242,0.0
5654914887224650240,8.0,goal_1e-11,0.0,0.08452776433526565,0.0
132596261882440320,8.0,goal_1e-11,0.0,0.08232402771888671,0.0
4262558915898078720,8.0,goal_1e-11,0.0,0.06708053796184305,0.0
6149021149160162176,8.0,goal_1e-11,0.0,0.049176194657232546,0.0
2811411825899219200,8.0,goal_1e-11,0.0,0.3027380620904014,0.0
1900800964403932800,8.0,goal_1e-11,0.0,0.050548192040063535,0.0
6009934130839583488,8.0,goal_1e-11,0.0,0.03503027322152488,0.0
6872322302128569344,8.0,goal_1e-11,0.0,0.0603521412204879,0.0
4548634356637185792,8.0,goal_1e-11,0.0,0.12637752837225122,0.0
6527091903161249152,8.0,goal_1e-11,0.0,0.06052499806178849,0.0
2639759162947729408,8.0,goal_1e-11,0.0,0.056042600896241725,0.0
4100927786033595648,8.0,goal_1e-11,0.0,0.04839613953863677,0.0
5371882654157606912,8.0,goal_1e-11,0.0,0.23177643013477142,0.0
6775009922429158272,8.0,goal_1e-11,0.0,0.06533159157079396,0.0
665668979685323648,8.0,goal_1e-11,0.0,0.17418817711948134,0.0
1832230956847006592,8.0,goal_1e-11,0.0,0.465671888212819,0.0
6284599664533612544,8.0,goal_1e-11,0.0,0.1207325084077087,0.0
4641784775576833536,8.0,goal_1e-11,0.0,0.17721535618036638,0.0
4268847611328000256,8.0,goal_1e-11,0.0,6.416229341553905,0.0
4278176623883730176,8.0,goal_1e-11,0.0,0.03602967050269369,0.0
3267929947104804096,15.0,current_1e-9,0.0,0.16284411903350365,0.0
5642877846246495360,15.0,current_1e-9,0.0,0.15352282824312574,0.0
6603465041679231872,15.0,current_1e-9,0.0,0.7586860029781033,0.0
2046526391572691328,15.0,current_1e-9,0.0,0.2675453468777127,0.0
1016789806037687424,15.0,current_1e-9,0.0,0.6992053964932108,0.0
5679711000438989312,15.0,current_1e-9,0.0,0.07125620196357019,0.0
2995683893041962368,15.0,current_1e-9,0.0,0.2544009924038739,0.0
5953737099445742848,15.0,current_1e-9,0.0,0.17797840833789902,0.0
4615401513032729088,15.0,current_1e-9,0.0,0.24584640522123863,0.0
3004510772390701696,15.0,current_1e-9,0.0,0.3381266980172867,0.0
4069792782145982080,15.0,current_1e-9,0.0,0.4285979708510395,0.0
5814108395520777856,15.0,current_1e-9,0.0,0.3735608805117257,0.0
5962272505153840896,15.0,current_1e-9,0.0,0.5780092978910696,0.0
2149291627370030336,15.0,current_1e-9,0.0,0.15085521669190027,0.0
1323478680316848256,15.0,current_1e-9,0.0,0.25661062437686216,0.0
5260504054704228736,15.0,current_1e-9,0.0,0.5952206754292292,0.0
5841541455445538432,15.0,current_1e-9,0.0,0.1991699692511628,0.0
3867940039451965952,15.0,current_1e-9,0.0,0.4540971710045704,0.0
87878642944408960,15.0,current_1e-9,0.0,0.21878281174454645,0.0
3151482384299373696,15.0,current_1e-9,0.0,0.8918049345285521,0.0
6181044017297795968,15.0,current_1e-9,0.0,1.6018236587973884,0.0
803645216387486720,15.0,current_1e-9,0.0,0.8035721459878985,0.0
5914174364643486592,15.0,current_1e-9,0.0,0.3496105116131783,0.0
4797122403959920768,15.0,current_1e-9,0.0,0.5299256227749438,0.0
2575048093288905088,15.0,current_1e-9,0.0,0.5024939784178369,0.0
4229058961259584256,15.0,current_1e-9,0.0,0.9054476041681557,0.0
4561522831932945920,15.0,current_1e-9,0.0,0.6431613541514444,0.0
2208326773198648320,15.0,current_1e-9,0.0,0.59884207512295,0.0
6094128791359632256,15.0,current_1e-9,0.0,0.5002171711672464,0.0
2769623267282593152,15.0,current_1e-9,0.0,0.4110923255557052,0.0
5660807578058341120,15.0,current_1e-9,0.0,0.3421851981622671,0.0
296496818102428544,15.0,current_1e-9,0.0,0.4681062638951909,0.0
158752853233960704,15.0,current_1e-9,0.0,0.11446486211755055,0.0
2259514678757235200,15.0,current_1e-9,0.0,0.19586839628485733,0.0
4227855172121285760,15.0,current_1e-9,0.0,0.4453096517489712,0.0
2196000977264781056,15.0,current_1e-9,0.0,0.34160018222402405,0.0
1422765267499632640,15.0,current_1e-9,0.0,0.3226670074129579,0.0
5351303408563334912,15.0,current_1e-9,0.0,0.3017995359952523,0.0
1364263517961035648,15.0,current_1e-9,0.0,0.23897685102444632,0.0
5274946414813497344,15.0,current_1e-9,0.0,0.39622488882303525,0.0
3180960123537829760,15.0,current_1e-9,0.0,0.5614838282022894,0.0
2757278951454094208,15.0,current_1e-9,0.0,0.2370986807333856,0.0
2703346703520007168,15.0,current_1e-9,0.0,0.21991415821111643,0.0
4002529127504102656,15.0,current_1e-9,0.0,0.9573259955117761,0.0
5421588692928858752,15.0,current_1e-9,0.0,0.17213434561141436,0.0
6050388913137070848,15.0,current_1e-9,0.0,0.19853705828514615,0.0
4345060775182367232,15.0,current_1e-9,0.0,0.16066634959759482,0.0
992946106114748032,15.0,current_1e-9,0.0,0.4515851066971418,0.0
676792841901784192,15.0,current_1e-9,0.0,0.3490887003087746,0.0
218953691837608960,15.0,current_1e-9,0.0,0.2989818971525793,0.0
2482368024800833024,15.0,current_1e-9,0.0,0.43620055004811886,0.0
4609966833215963392,15.0,current_1e-9,0.0,0.2683910801111757,0.0
6844037812175117440,15.0,current_1e-9,0.0,0.3161105485159931,0.0
6441225886185109632,15.0,current_1e-9,0.0,0.364922868745621,0.0
1275271417631701504,15.0,current_1e-9,0.0,0.2780629725612443,0.0
6490173906174556416,15.0,current_1e-9,0.0,0.262578959996235,0.0
5940429538445511808,15.0,current_1e-9,0.0,0.8973871176424243,0.0
3793148372312611456,15.0,current_1e-9,0.0,0.31599199077692136,0.0
3138662151736925568,15.0,current_1e-9,0.0,0.20192804782050292,0.0
5976199159903812736,15.0,current_1e-9,0.0,0.16307000607316685,0.0
1504338722359357568,15.0,current_1e-9,0.0,0.3951430706083138,0.0
1688451325954477184,15.0,current_1e-9,0.0,0.5236255092886436,0.0
5889045855385067136,15.0,current_1e-9,0.0,0.18063313080327778,0.0
4081754605352170496,15.0,current_1e-9,0.0,0.7963057239933358,0.0
2691146831736184576,15.0,current_1e-9,0.0,0.29014387057253643,0.0
334398010409366400,15.0,current_1e-9,0.0,0.33145598109191826,0.0
1383626089525174016,15.0,current_1e-9,0.0,0.28309822115815597,0.0
3702063519102244480,15.0,current_1e-9,0.0,0.7717063250004982,0.0
5423016683660491264,15.0,current_1e-9,0.0,0.20219984438087565,0.0
2804852929801600768,15.0,current_1e-9,0.0,1.0468189536310324,0.0
3114023912926376448,15.0,current_1e-9,0.0,0.28962311024083875,0.0
5524591457617244928,15.0,current_1e-9,0.0,0.24639704338880042,0.0
4060366016201160320,15.0,current_1e-9,0.0,0.014556573319369588,0.0
6694638847956909696,15.0,current_1e-9,0.0,0.25289327390132127,0.0
3039556915253606144,15.0,current_1e-9,0.0,0.5578342775204189,0.0
6237927045205600000,15.0,current_1e-9,0.0,0.16150091037831202,0.0
1878241773237645184,15.0,current_1e-9,0.0,0.2773938471259511,0.0
4288946748293342080,15.0,current_1e-9,0.0,2.307251362424985,0.0
2337648311488015360,15.0,current_1e-9,0.0,0.4382400068998137,0.0
4395214100433309184,15.0,current_1e-9,0.0,0.7291214588979119,0.0
2796277112767076864,15.0,current_1e-9,0.0,0.10752211055858242,0.0
6016504747910034432,15.0,current_1e-9,0.0,0.17983091871105672,0.0
5166280100090122880,15.0,current_1e-9,0.0,0.6742851246526161,0.0
1130573557111974912,15.0,current_1e-9,0.0,0.6236240507314288,0.0
164738354017665664,15.0,current_1e-9,0.0,0.036127638017327525,0.0
1761771910959772032,15.0,current_1e-9,0.0,0.28106220919413943,0.0
1329848490477856768,15.0,current_1e-9,0.0,2.4831386711383403,0.0
3311535375672171776,15.0,current_1e-9,0.0,0.5616669879619466,0.0
6112272348126668800,15.0,current_1e-9,0.0,0.40778075813946507,0.0
6755038496304470144,15.0,current_1e-9,0.0,0.3382755953812294,0.0
4283053988756001920,15.0,current_1e-9,0.0,0.28918298171922846,0.0
2599647119044490496,15.0,current_1e-9,0.0,0.3358067873695712,0.0
490441735713670528,15.0,current_1e-9,0.0,0.289984461245971,0.0
4934043968492272896,15.0,current_1e-9,0.0,0.4106681827979007,0.0
2621100450623361280,15.0,current_1e-9,0.0,1.764887207178084,0.0
1851315420672845056,15.0,current_1e-9,0.0,0.39408742895196797,0.0
5541455315986463104,15.0,current_1e-9,0.0,0.17998951258921012,0.0
5976098417137532800,15.0,current_1e-9,0.0,0.23522530677526104,0.0
28898090451449472,15.0,current_1e-9,0.0,0.21934479017703318,0.0
6592347918267168128,15.0,current_1e-9,0.0,0.46656266307757316,0.0
5887064359268864256,15.0,current_1e-9,0.0,0.07127528688051493,0.0
6518913495153329920,15.0,current_1e-9,0.0,0.17469575308707705,0.0
4600878063941953280,15.0,current_1e-9,0.0,0.29112784513681245,0.0
992845122843798016,15.0,current_1e-9,0.0,0.32823384786267945,0.0
3664521351702250752,15.0,current_1e-9,0.0,1.05672548918227,0.0
3711953493050429568,15.0,current_1e-9,0.0,0.4047711116889621,0.0
5473228871432372992,15.0,current_1e-9,0.0,0.30769405036839953,0.0
6752384069075512320,15.0,current_1e-9,0.0,0.24206815698499642,0.0
4115513220094402048,15.0,current_1e-9,0.0,0.14044960488276798,0.0
4602130957441446400,15.0,current_1e-9,0.0,0.21261179601512345,0.0
377546664910219776,15.0,current_1e-9,0.0,0.721016823629374,0.0
4364333977066797056,15.0,current_1e-9,0.0,0.0864180394305961,0.0
5768315046181771904,15.0,current_1e-9,0.0,0.21643679364814192,0.0
123580919370477952,15.0,current_1e-9,0.0,0.2106588350216452,0.0
4366334126156046976,15.0,current_1e-9,0.0,0.1572650750714067,0.0
4901782819863332608,15.0,current_1e-9,0.0,1.0794554493694217,0.0
2151838817854979456,15.0,current_1e-9,0.0,0.17144388674593905,0.0
1343460895402697600,15.0,current_1e-9,0.0,0.6131853092049231,0.0
6136053959995638016,15.0,current_1e-9,0.0,0.22732914011055658,0.0
2221263218985851520,15.0,current_1e-9,0.0,1.515626747326852,0.0095
4162186251740404608,15.0,current_1e-9,0.0,0.6835086291782478,0.0
1678399143976755584,15.0,current_1e-9,0.0,0.619152455961952,0.0
2704125913666895104,15.0,current_1e-9,0.0,0.1982719536843969,0.0
5000393997669149952,15.0,current_1e-9,0.0,0.42893961770751354,0.0
2491206105423269504,15.0,current_1e-9,0.0,0.774666699983547,0.0
6274538269849968512,15.0,current_1e-9,0.0,0.23911220018494622,0.0
707365862223681408,15.0,current_1e-9,0.0,0.23662167036023374,0.0
4735086373076351744,15.0,current_1e-9,0.0,0.8961792152391583,0.0
2799316059826451328,15.0,current_1e-9,0.0,0.4288067529474379,0.0
1875970079134757760,15.0,current_1e-9,0.0,0.2598539072280127,0.0
1783649894544856960,15.0,current_1e-9,0.0,0.24834539726278507,0.0
2554116930949289856,15.0,current_1e-9,0.0,0.3915535501683312,0.0
2753295523906432384,15.0,current_1e-9,0.0,0.21228183219043256,0.0
886990809110955008,15.0,current_1e-9,0.0,0.48975742699992486,0.0
919018036639891968,15.0,current_1e-9,0.0,0.6213990208302905,0.0
2833555985786735232,15.0,current_1e-9,0.0,0.5322360372372484,0.0
3023472056569280512,15.0,current_1e-9,0.0,0.29685593338443056,0.0
868768602903736832,15.0,current_1e-9,0.0,0.2849801238879303,0.0
5178460008866279808,15.0,current_1e-9,0.0,0.32554562252499214,0.0
3004697238395042176,15.0,current_1e-9,0.0,0.8248701449339613,0.0
2346247935526578688,15.0,current_1e-9,0.0,0.28050944423654084,0.0
1933622971340170496,15.0,current_1e-9,0.0,0.24023857286431702,0.0
1014188567684692224,15.0,current_1e-9,0.0,0.28634887751705473,0.0
5466445022127902976,15.0,current_1e-9,0.0,0.29195841251222154,0.0
6681692893110527232,15.0,current_1e-9,0.0,0.3389115192491843,0.0
5185560414440293632,15.0,current_1e-9,0.0,0.763670107125199,0.0
5800349145690204288,15.0,current_1e-9,0.0,0.24222067983155454,0.0
4105409399796978944,15.0,current_1e-9,0.0,0.15141912406524835,0.0
4708692944344873216,15.0,current_1e-9,0.0,0.2019769664063316,0.0
2027994226190382848,15.0,current_1e-9,0.0,0.2243916945644882,0.0
2511654375999952640,15.0,current_1e-9,0.0,0.3017790499381334,0.0
5493261389176885632,15.0,current_1e-9,0.0,0.36130242420586706,0.0
2240388880151078528,15.0,current_1e-9,0.0,0.2475647671082206,0.0
5658455555185799040,15.0,current_1e-9,0.0,0.19105310474494194,0.0
5052502602489649664,15.0,current_1e-9,0.0,0.7165665274480368,0.0
1979258613779627520,15.0,current_1e-9,0.0,0.29061821527048326,0.0
446639254048922112,15.0,current_1e-9,0.0,0.16052090914073683,0.0
5601915746720479104,15.0,current_1e-9,0.0,0.31697000740477904,0.0
4776963682897871616,15.0,current_1e-9,0.0,1.0408156462182794,0.0
3280686721529098368,15.0,current_1e-9,0.0,0.21194852457973928,0.0
1285339370727734400,15.0,current_1e-9,0.0,0.3795057401322066,0.0
5511484179500121088,15.0,current_1e-9,0.0,0.2824165099998833,0.0
519978157091449088,15.0,current_1e-9,0.0,0.13846977124523036,0.0
3855789469596668544,15.0,current_1e-9,0.0,0.1472691860415623,0.0
572054498112591744,15.0,current_1e-9,0.0,0.1622818607097627,0.0
357842591908022912,15.0,current_1e-9,0.0,0.1747157741234279,0.0
5927844322167316352,15.0,current_1e-9,0.0,0.14819279033179977,0.0
2281306105868025600,15.0,current_1e-9,0.0,0.3853566650367621,0.0
6342743866636102528,15.0,current_1e-9,0.0,0.17414057735644026,0.0
1690963263347609088,15.0,current_1e-9,0.0,0.36250724793336203,0.0
1230823728796492672,15.0,current_1e-9,0.0,0.29933617254842865,0.0
6411524297547089024,15.0,current_1e-9,0.0,0.23484197838799334,0.0
2935813011016890752,15.0,current_1e-9,0.0,0.23373037219644924,0.0
1510354597152530176,15.0,current_1e-9,0.0,0.3843322245971323,0.0
263711679169833728,15.0,current_1e-9,0.0,0.20204083732633757,0.0
2203996935067479424,15.0,current_1e-9,0.0,0.6438714119758135,0.0
4637390027600793344,15.0,current_1e-9,0.0,0.27900375198449534,0.0
3326809997366173568,15.0,current_1e-9,0.0,0.36893378614933203,0.0
359891153870510208,15.0,current_1e-9,0.0,0.9755344705828914,0.0
3194157939562713472,15.0,current_1e-9,0.0,0.31351398271765113,0.0
5654914887224650240,15.0,current_1e-9,0.0,0.2950807174440746,0.0
132596261882440320,15.0,current_1e-9,0.0,0.2880402791247492,0.0
4262558915898078720,15.0,current_1e-9,0.0,0.2338907596671518,0.0
6149021149160162176,15.0,current_1e-9,0.0,0.17254523997145593,0.0
2811411825899219200,15.0,current_1e-9,0.0,0.9367855704724631,0.0
1900800964403932800,15.0,current_1e-9,0.0,0.17735809988791,0.0
6009934130839583488,15.0,current_1e-9,0.0,0.1226865356005206,0.0
6872322302128569344,15.0,current_1e-9,0.0,0.21147233021780398,0.0
4548634356637185792,15.0,current_1e-9,0.0,0.43966928620865325,0.0
6527091903161249152,15.0,current_1e-9,0.0,0.21217404500923417,0.0
2639759162947729408,15.0,current_1e-9,0.0,0.19663898230356672,0.0
4100927786033595648,15.0,current_1e-9,0.0,0.16879766283592829,0.0
5371882654157606912,15.0,current_1e-9,0.0,0.793222907395947,0.0
6775009922429158272,15.0,current_1e-9,0.0,0.22732431651360183,0.0
665668979685323648,15.0,current_1e-9,0.0,0.5874653453211759,0.0
1832230956847006592,15.0,current_1e-9,0.0,1.6002066077712993,0.0
6284599664533612544,15.0,current_1e-9,0.0,0.4200878193173883,0.0
4641784775576833536,15.0,current_1e-9,0.0,0.6165188451644408,0.0
4268847611328000256,15.0,current_1e-9,0.0,7.370527880358788,0.063
4278176623883730176,15.0,current_1e-9,0.0,0.12646464997280324,0.0
3267929947104804096,15.0,nearterm_1e-10,0.0,0.16295116300617507,0.0
5642877846246495360,15.0,nearterm_1e-10,0.0,0.15358421164534722,0.0
6603465041679231872,15.0,nearterm_1e-10,0.0,0.7814890264816131,0.0
2046526391572691328,15.0,nearterm_1e-10,0.0,0.2685566757976267,0.0
1016789806037687424,15.0,nearterm_1e-10,0.0,0.7114975906186899,0.0
5679711000438989312,15.0,nearterm_1e-10,0.0,0.07128855335985033,0.0
2995683893041962368,15.0,nearterm_1e-10,0.0,0.25494249203984826,0.0
5953737099445742848,15.0,nearterm_1e-10,0.0,0.17839621544368828,0.0
4615401513032729088,15.0,nearterm_1e-10,0.0,0.24610479153291306,0.0
3004510772390701696,15.0,nearterm_1e-10,0.0,0.33895745261623095,0.0
4069792782145982080,15.0,nearterm_1e-10,0.0,0.4298319619249127,0.0
5814108395520777856,15.0,nearterm_1e-10,0.0,0.37482262943055994,0.0
5962272505153840896,15.0,nearterm_1e-10,0.0,0.585104032730222,0.0
2149291627370030336,15.0,nearterm_1e-10,0.0,0.15093623685218016,0.0
1323478680316848256,15.0,nearterm_1e-10,0.0,0.25956572115541404,0.0
5260504054704228736,15.0,nearterm_1e-10,0.0,0.5993801457304319,0.0
5841541455445538432,15.0,nearterm_1e-10,0.0,0.19986212002960121,0.0
3867940039451965952,15.0,nearterm_1e-10,0.0,0.4554452033490868,0.0
87878642944408960,15.0,nearterm_1e-10,0.0,0.2189882227687856,0.0
3151482384299373696,15.0,nearterm_1e-10,0.0,0.9172058441986874,0.0
6181044017297795968,15.0,nearterm_1e-10,0.0,1.6584441943727328,0.0
803645216387486720,15.0,nearterm_1e-10,0.0,0.8091086851086011,0.0
5914174364643486592,15.0,nearterm_1e-10,0.0,0.35319792042737336,0.0
4797122403959920768,15.0,nearterm_1e-10,0.0,0.5330138919572038,0.0
2575048093288905088,15.0,nearterm_1e-10,0.0,0.5037884619932345,0.0
4229058961259584256,15.0,nearterm_1e-10,0.0,0.933762589389414,0.0
4561522831932945920,15.0,nearterm_1e-10,0.0,0.6495729181810277,0.0
2208326773198648320,15.0,nearterm_1e-10,0.0,0.6079404241051531,0.0
6094128791359632256,15.0,nearterm_1e-10,0.0,0.5040798662283443,0.0
2769623267282593152,15.0,nearterm_1e-10,0.0,0.4187455521583859,0.0
5660807578058341120,15.0,nearterm_1e-10,0.0,0.3432747293078229,0.0
296496818102428544,15.0,nearterm_1e-10,0.0,0.47141398316672345,0.0
158752853233960704,15.0,nearterm_1e-10,0.0,0.11450380806399287,0.0
2259514678757235200,15.0,nearterm_1e-10,0.0,0.19607349038868632,0.0
4227855172121285760,15.0,nearterm_1e-10,0.0,0.44656701713035035,0.0
2196000977264781056,15.0,nearterm_1e-10,0.0,0.3423485414598539,0.0
1422765267499632640,15.0,nearterm_1e-10,0.0,0.3239738969177024,0.0
5351303408563334912,15.0,nearterm_1e-10,0.0,0.3024472290451897,0.0
1364263517961035648,15.0,nearterm_1e-10,0.0,0.2392637542286523,0.0
5274946414813497344,15.0,nearterm_1e-10,0.0,0.3967140342828196,0.0
3180960123537829760,15.0,nearterm_1e-10,0.0,0.5681139912426942,0.0
2757278951454094208,15.0,nearterm_1e-10,0.0,0.23732073463893788,0.0
2703346703520007168,15.0,nearterm_1e-10,0.0,0.22026415083598197,0.0
4002529127504102656,15.0,nearterm_1e-10,0.0,0.9779637318734526,0.0
5421588692928858752,15.0,nearterm_1e-10,0.0,0.17226464432630761,0.0
6050388913137070848,15.0,nearterm_1e-10,0.0,0.19936615554753,0.0
4345060775182367232,15.0,nearterm_1e-10,0.0,0.16080285254455065,0.0
992946106114748032,15.0,nearterm_1e-10,0.0,0.45213253729313535,0.0
676792841901784192,15.0,nearterm_1e-10,0.0,0.354237595291375,0.0
218953691837608960,15.0,nearterm_1e-10,0.0,0.3009067672513792,0.0
2482368024800833024,15.0,nearterm_1e-10,0.0,0.44095335655638107,0.0
4609966833215963392,15.0,nearterm_1e-10,0.0,0.26854841573839333,0.0
6844037812175117440,15.0,nearterm_1e-10,0.0,0.3242589178776133,0.0
6441225886185109632,15.0,nearterm_1e-10,0.0,0.36752942490396057,0.0
1275271417631701504,15.0,nearterm_1e-10,0.0,0.27847776989915507,0.0
6490173906174556416,15.0,nearterm_1e-10,0.0,0.26316236955298716,0.0
5940429538445511808,15.0,nearterm_1e-10,0.0,0.9048893490692583,0.0
3793148372312611456,15.0,nearterm_1e-10,0.0,0.3163580393541986,0.0
3138662151736925568,15.0,nearterm_1e-10,0.0,0.2020863173265359,0.0
5976199159903812736,15.0,nearterm_1e-10,0.0,0.1636139341839912,0.0
1504338722359357568,15.0,nearterm_1e-10,0.0,0.4006566268126711,0.0
1688451325954477184,15.0,nearterm_1e-10,0.0,0.5257897275399765,0.0
5889045855385067136,15.0,nearterm_1e-10,0.0,0.18076279291204492,0.0
4081754605352170496,15.0,nearterm_1e-10,0.0,0.8429308003230419,0.0
2691146831736184576,15.0,nearterm_1e-10,0.0,0.29045242260785376,0.0
334398010409366400,15.0,nearterm_1e-10,0.0,0.3361952319018319,0.0
1383626089525174016,15.0,nearterm_1e-10,0.0,0.2840704164818624,0.0
3702063519102244480,15.0,nearterm_1e-10,0.0,0.7849137893582314,0.0
5423016683660491264,15.0,nearterm_1e-10,0.0,0.2023745856417294,0.0
2804852929801600768,15.0,nearterm_1e-10,0.0,1.0524451363267882,0.0
3114023912926376448,15.0,nearterm_1e-10,0.0,0.2940944264273844,0.0
5524591457617244928,15.0,nearterm_1e-10,0.0,0.2466193570227414,0.0
4060366016201160320,15.0,nearterm_1e-10,0.0,0.014557372862830811,0.0
6694638847956909696,15.0,nearterm_1e-10,0.0,0.25530189782489093,0.0
3039556915253606144,15.0,nearterm_1e-10,0.0,0.5617706318703352,0.0
6237927045205600000,15.0,nearterm_1e-10,0.0,0.16193507954221717,0.0
1878241773237645184,15.0,nearterm_1e-10,0.0,0.2778007999121271,0.0
4288946748293342080,15.0,nearterm_1e-10,0.0,2.4165566196334987,0.0
2337648311488015360,15.0,nearterm_1e-10,0.0,0.43941803167947036,0.0
4395214100433309184,15.0,nearterm_1e-10,0.0,0.7402460845477626,0.0
2796277112767076864,15.0,nearterm_1e-10,0.0,0.10756614421031457,0.0
6016504747910034432,15.0,nearterm_1e-10,0.0,0.17989141513223939,0.0
5166280100090122880,15.0,nearterm_1e-10,0.0,0.6852815595603995,0.0
1130573557111974912,15.0,nearterm_1e-10,0.0,0.6289930667102324,0.0
164738354017665664,15.0,nearterm_1e-10,0.0,0.03613084466064824,0.0
1761771910959772032,15.0,nearterm_1e-10,0.0,0.281277233595267,0.0
1329848490477856768,15.0,nearterm_1e-10,0.0,2.5693384326747384,0.0
3311535375672171776,15.0,nearterm_1e-10,0.0,0.565619363582872,0.0
6112272348126668800,15.0,nearterm_1e-10,0.0,0.4092469884723901,0.0
6755038496304470144,15.0,nearterm_1e-10,0.0,0.3393427892563151,0.0
4283053988756001920,15.0,nearterm_1e-10,0.0,0.2908678665509132,0.0
2599647119044490496,15.0,nearterm_1e-10,0.0,0.3365276135406399,0.0
490441735713670528,15.0,nearterm_1e-10,0.0,0.29206881376281923,0.0
4934043968492272896,15.0,nearterm_1e-10,0.0,0.4217155134978315,0.0
2621100450623361280,15.0,nearterm_1e-10,0.0,1.878904963941186,0.0
1851315420672845056,15.0,nearterm_1e-10,0.0,0.3947099973091279,0.0
5541455315986463104,15.0,nearterm_1e-10,0.0,0.1801056743713555,0.0
5976098417137532800,15.0,nearterm_1e-10,0.0,0.2356726154139797,0.0
28898090451449472,15.0,nearterm_1e-10,0.0,0.2195769980910548,0.0
6592347918267168128,15.0,nearterm_1e-10,0.0,0.4689371283751702,0.0
5887064359268864256,15.0,nearterm_1e-10,0.0,0.07130444410761662,0.0
6518913495153329920,15.0,nearterm_1e-10,0.0,0.17480377124453772,0.0
4600878063941953280,15.0,nearterm_1e-10,0.0,0.29135563923482677,0.0
992845122843798016,15.0,nearterm_1e-10,0.0,0.32881518321202896,0.0
3664521351702250752,15.0,nearterm_1e-10,0.0,1.0761224558279954,0.0
3711953493050429568,15.0,nearterm_1e-10,0.0,0.4052626766462006,0.0
5473228871432372992,15.0,nearterm_1e-10,0.0,0.30799014933888724,0.0
6752384069075512320,15.0,nearterm_1e-10,0.0,0.24249122950003843,0.0
4115513220094402048,15.0,nearterm_1e-10,0.0,0.14051444081782638,0.0
4602130957441446400,15.0,nearterm_1e-10,0.0,0.2127788706168765,0.0
377546664910219776,15.0,nearterm_1e-10,0.0,0.7234996514365293,0.0
4364333977066797056,15.0,nearterm_1e-10,0.0,0.08643298937472743,0.0
5768315046181771904,15.0,nearterm_1e-10,0.0,0.21704932134441446,0.0
123580919370477952,15.0,nearterm_1e-10,0.0,0.21082148662053388,0.0
4366334126156046976,15.0,nearterm_1e-10,0.0,0.15761083102278978,0.0
4901782819863332608,15.0,nearterm_1e-10,0.0,1.1369645818419774,0.0
2151838817854979456,15.0,nearterm_1e-10,0.0,0.17151319375021779,0.0
1343460895402697600,15.0,nearterm_1e-10,0.0,0.6416651384841132,0.0
6136053959995638016,15.0,nearterm_1e-10,0.0,0.22756179737139298,0.0
2221263218985851520,15.0,nearterm_1e-10,0.0,2.241505205389823,0.0095
4162186251740404608,15.0,nearterm_1e-10,0.0,0.7338133110183462,0.0
1678399143976755584,15.0,nearterm_1e-10,0.0,0.6217401169971718,0.0
2704125913666895104,15.0,nearterm_1e-10,0.0,0.19841519161684248,0.0
5000393997669149952,15.0,nearterm_1e-10,0.0,0.4302665609286415,0.0
2491206105423269504,15.0,nearterm_1e-10,0.0,0.7785085229809064,0.0
6274538269849968512,15.0,nearterm_1e-10,0.0,0.24058636289152127,0.0
707365862223681408,15.0,nearterm_1e-10,0.0,0.23715084147297075,0.0
4735086373076351744,15.0,nearterm_1e-10,0.0,0.929272438179262,0.0
2799316059826451328,15.0,nearterm_1e-10,0.0,0.4307436900731655,0.0
1875970079134757760,15.0,nearterm_1e-10,0.0,0.26063536396490317,0.0
1783649894544856960,15.0,nearterm_1e-10,0.0,0.24859339237702047,0.0
2554116930949289856,15.0,nearterm_1e-10,0.0,0.39198655430655654,0.0
2753295523906432384,15.0,nearterm_1e-10,0.0,0.21266013010405596,0.0
886990809110955008,15.0,nearterm_1e-10,0.0,0.5068497726769852,0.0
919018036639891968,15.0,nearterm_1e-10,0.0,0.6252172369023499,0.0
2833555985786735232,15.0,nearterm_1e-10,0.0,0.5479264818721643,0.0
3023472056569280512,15.0,nearterm_1e-10,0.0,0.29935996652696895,0.0
868768602903736832,15.0,nearterm_1e-10,0.0,0.28592156670864766,0.0
5178460008866279808,15.0,nearterm_1e-10,0.0,0.3261253626433581,0.0
3004697238395042176,15.0,nearterm_1e-10,0.0,0.875990160609508,0.0
2346247935526578688,15.0,nearterm_1e-10,0.0,0.2833711323408342,0.0
1933622971340170496,15.0,nearterm_1e-10,0.0,0.24044552033857047,0.0
1014188567684692224,15.0,nearterm_1e-10,0.0,0.28756066064258023,0.0
5466445022127902976,15.0,nearterm_1e-10,0.0,0.2926671370135268,0.0
6681692893110527232,15.0,nearterm_1e-10,0.0,0.3395682144598411,0.0
5185560414440293632,15.0,nearterm_1e-10,0.0,0.7673804569822111,0.0
5800349145690204288,15.0,nearterm_1e-10,0.0,0.24297732388738255,0.0
4105409399796978944,15.0,nearterm_1e-10,0.0,0.1514912731575476,0.0
4708692944344873216,15.0,nearterm_1e-10,0.0,0.2021428959368937,0.0
2027994226190382848,15.0,nearterm_1e-10,0.0,0.22469940351702697,0.0
2511654375999952640,15.0,nearterm_1e-10,0.0,0.302139859778369,0.0
5493261389176885632,15.0,nearterm_1e-10,0.0,0.3619218512764732,0.0
2240388880151078528,15.0,nearterm_1e-10,0.0,0.250643247021866,0.0
5658455555185799040,15.0,nearterm_1e-10,0.0,0.19147615401948326,0.0
5052502602489649664,15.0,nearterm_1e-10,0.0,0.7212729490449749,0.0
1979258613779627520,15.0,nearterm_1e-10,0.0,0.29260069278031064,0.0
446639254048922112,15.0,nearterm_1e-10,0.0,0.16065151930892985,0.0
5601915746720479104,15.0,nearterm_1e-10,0.0,0.3177875047680888,0.0
4776963682897871616,15.0,nearterm_1e-10,0.0,1.0522122567337784,0.0
3280686721529098368,15.0,nearterm_1e-10,0.0,0.2124290888095633,0.0
1285339370727734400,15.0,nearterm_1e-10,0.0,0.3798626778356112,0.0
5511484179500121088,15.0,nearterm_1e-10,0.0,0.2826644278155226,0.0
519978157091449088,15.0,nearterm_1e-10,0.0,0.13854223160205045,0.0
3855789469596668544,15.0,nearterm_1e-10,0.0,0.14731843765779945,0.0
572054498112591744,15.0,nearterm_1e-10,0.0,0.16237698821212357,0.0
357842591908022912,15.0,nearterm_1e-10,0.0,0.17481755194497983,0.0
5927844322167316352,15.0,nearterm_1e-10,0.0,0.14823922123480673,0.0
2281306105868025600,15.0,nearterm_1e-10,0.0,0.3858416881113624,0.0
6342743866636102528,15.0,nearterm_1e-10,0.0,0.17430445502845823,0.0
1690963263347609088,15.0,nearterm_1e-10,0.0,0.36391994190460336,0.0
1230823728796492672,15.0,nearterm_1e-10,0.0,0.3000011620014387,0.0
6411524297547089024,15.0,nearterm_1e-10,0.0,0.23612627578086398,0.0
2935813011016890752,15.0,nearterm_1e-10,0.0,0.2339598700646552,0.0
1510354597152530176,15.0,nearterm_1e-10,0.0,0.38571361635088497,0.0
263711679169833728,15.0,nearterm_1e-10,0.0,0.20380283393927368,0.0
2203996935067479424,15.0,nearterm_1e-10,0.0,0.6451297180039026,0.0
4637390027600793344,15.0,nearterm_1e-10,0.0,0.28036926365971193,0.0
3326809997366173568,15.0,nearterm_1e-10,0.0,0.37083535724040617,0.0
359891153870510208,15.0,nearterm_1e-10,0.0,1.0447389873956714,0.0
3194157939562713472,15.0,nearterm_1e-10,0.0,0.3148083039996179,0.0
5654914887224650240,15.0,nearterm_1e-10,0.0,0.296060430563649,0.0
132596261882440320,15.0,nearterm_1e-10,0.0,0.28877921620971914,0.0
4262558915898078720,15.0,nearterm_1e-10,0.0,0.2355183983117847,0.0
6149021149160162176,15.0,nearterm_1e-10,0.0,0.17268443016015392,0.0
2811411825899219200,15.0,nearterm_1e-10,0.0,1.0562752854905735,0.0
1900800964403932800,15.0,nearterm_1e-10,0.0,0.1775007315613244,0.0
6009934130839583488,15.0,nearterm_1e-10,0.0,0.1230584667574023,0.0
6872322302128569344,15.0,nearterm_1e-10,0.0,0.21190214307475974,0.0
4548634356637185792,15.0,nearterm_1e-10,0.0,0.44299005209346126,0.0
6527091903161249152,15.0,nearterm_1e-10,0.0,0.2123884441086259,0.0
2639759162947729408,15.0,nearterm_1e-10,0.0,0.19672701102734674,0.0
4100927786033595648,15.0,nearterm_1e-10,0.0,0.16998297446987104,0.0
5371882654157606912,15.0,nearterm_1e-10,0.0,0.8107242560406053,0.0
6775009922429158272,15.0,nearterm_1e-10,0.0,0.22932701632540167,0.0
665668979685323648,15.0,nearterm_1e-10,0.0,0.6092059230981413,0.0
1832230956847006592,15.0,nearterm_1e-10,0.0,1.6172184907080922,0.0
6284599664533612544,15.0,nearterm_1e-10,0.0,0.42277353317333943,0.0
4641784775576833536,15.0,nearterm_1e-10,0.0,0.6200059663990978,0.0
4268847611328000256,15.0,nearterm_1e-10,0.011,19.653734988683762,0.063
4278176623883730176,15.0,nearterm_1e-10,0.0,0.12650793022643014,0.0
3267929947104804096,15.0,goal_1e-11,0.0,0.1629601143349318,0.0
5642877846246495360,15.0,goal_1e-11,0.0,0.15358970748994932,0.0
6603465041679231872,15.0,goal_1e-11,0.0,0.7821618885442592,0.0
2046526391572691328,15.0,goal_1e-11,0.0,0.26861081914684326,0.0
1016789806037687424,15.0,goal_1e-11,0.0,0.7119289046318151,0.0
5679711000438989312,15.0,goal_1e-11,0.0,0.07129131764276951,0.0
2995683893041962368,15.0,goal_1e-11,0.0,0.25497768960728184,0.0
5953737099445742848,15.0,goal_1e-11,0.0,0.17842155130391404,0.0
4615401513032729088,15.0,goal_1e-11,0.0,0.24612499197845517,0.0
3004510772390701696,15.0,goal_1e-11,0.0,0.339010630443784,0.0
4069792782145982080,15.0,goal_1e-11,0.0,0.4299089236280839,0.0
5814108395520777856,15.0,goal_1e-11,0.0,0.3748964872758866,0.0
5962272505153840896,15.0,goal_1e-11,0.0,0.5853787706487255,0.0
2149291627370030336,15.0,goal_1e-11,0.0,0.15094321132038394,0.0
1323478680316848256,15.0,goal_1e-11,0.0,0.25966712364585587,0.0
5260504054704228736,15.0,goal_1e-11,0.0,0.5995793571559231,0.0
5841541455445538432,15.0,goal_1e-11,0.0,0.19989872759195534,0.0
3867940039451965952,15.0,goal_1e-11,0.0,0.45552869470997587,0.0
87878642944408960,15.0,goal_1e-11,0.0,0.21900453802597836,0.0
3151482384299373696,15.0,goal_1e-11,0.0,0.9179768578184061,0.0
6181044017297795968,15.0,goal_1e-11,0.0,1.6601909071034315,0.0
803645216387486720,15.0,goal_1e-11,0.0,0.8093828686058036,0.0
5914174364643486592,15.0,goal_1e-11,0.0,0.3533349855003525,0.0
4797122403959920768,15.0,goal_1e-11,0.0,0.5331691601058375,0.0
2575048093288905088,15.0,goal_1e-11,0.0,0.5038725676205542,0.0
4229058961259584256,15.0,goal_1e-11,0.0,0.9346090085798806,0.0
4561522831932945920,15.0,goal_1e-11,0.0,0.6498444556455115,0.0
2208326773198648320,15.0,goal_1e-11,0.0,0.6082708263908627,0.0
6094128791359632256,15.0,goal_1e-11,0.0,0.5042545034781941,0.0
2769623267282593152,15.0,goal_1e-11,0.0,0.41898556892479666,0.0
5660807578058341120,15.0,goal_1e-11,0.0,0.34333918983225237,0.0
296496818102428544,15.0,goal_1e-11,0.0,0.4715669989757929,0.0
158752853233960704,15.0,goal_1e-11,0.0,0.11450733013106763,0.0
2259514678757235200,15.0,goal_1e-11,0.0,0.19608928725778735,0.0
4227855172121285760,15.0,goal_1e-11,0.0,0.4466460150125936,0.0
2196000977264781056,15.0,goal_1e-11,0.0,0.3423980127190895,0.0
1422765267499632640,15.0,goal_1e-11,0.0,0.3240438990677972,0.0
5351303408563334912,15.0,goal_1e-11,0.0,0.30248985280179863,0.0
1364263517961035648,15.0,goal_1e-11,0.0,0.23928547659237887,0.0
5274946414813497344,15.0,goal_1e-11,0.0,0.39675169328745663,0.0
3180960123537829760,15.0,goal_1e-11,0.0,0.5683720665587747,0.0
2757278951454094208,15.0,goal_1e-11,0.0,0.23733839511461424,0.0
2703346703520007168,15.0,goal_1e-11,0.0,0.22028864928998354,0.0
4002529127504102656,15.0,goal_1e-11,0.0,0.9786626460842142,0.0
5421588692928858752,15.0,goal_1e-11,0.0,0.17227530858150283,0.0
6050388913137070848,15.0,goal_1e-11,0.0,0.19940718601036717,0.0
4345060775182367232,15.0,goal_1e-11,0.0,0.16081373088028578,0.0
992946106114748032,15.0,goal_1e-11,0.0,0.4521749707309924,0.0
676792841901784192,15.0,goal_1e-11,0.0,0.3544079738654482,0.0
218953691837608960,15.0,goal_1e-11,0.0,0.30099260432232383,0.0
2482368024800833024,15.0,goal_1e-11,0.0,0.44113858319993665,0.0
4609966833215963392,15.0,goal_1e-11,0.0,0.2685620222756131,0.0
6844037812175117440,15.0,goal_1e-11,0.0,0.3244743863789605,0.0
6441225886185109632,15.0,goal_1e-11,0.0,0.367643596468733,0.0
1275271417631701504,15.0,goal_1e-11,0.0,0.2785078236622173,0.0
6490173906174556416,15.0,goal_1e-11,0.0,0.2631999491007722,0.0
5940429538445511808,15.0,goal_1e-11,0.0,0.9052407120008993,0.0
3793148372312611456,15.0,goal_1e-11,0.0,0.3163863143403659,0.0
3138662151736925568,15.0,goal_1e-11,0.0,0.2020993014322021,0.0
5976199159903812736,15.0,goal_1e-11,0.0,0.16364232152305952,0.0
1504338722359357568,15.0,goal_1e-11,0.0,0.40084767507401114,0.0
1688451325954477184,15.0,goal_1e-11,0.0,0.5259116971136119,0.0
5889045855385067136,15.0,goal_1e-11,0.0,0.18077351669010472,0.0
4081754605352170496,15.0,goal_1e-11,0.0,0.8440658998102043,0.0
2691146831736184576,15.0,goal_1e-11,0.0,0.2904766459364672,0.0
334398010409366400,15.0,goal_1e-11,0.0,0.33635278232653343,0.0
1383626089525174016,15.0,goal_1e-11,0.0,0.28412459378443644,0.0
3702063519102244480,15.0,goal_1e-11,0.0,0.7853861155484421,0.0
5423016683660491264,15.0,goal_1e-11,0.0,0.20238860916662196,0.0
2804852929801600768,15.0,goal_1e-11,0.0,1.052752122776064,0.0
3114023912926376448,15.0,goal_1e-11,0.0,0.2942341646337823,0.0
5524591457617244928,15.0,goal_1e-11,0.0,0.24663719740404771,0.0
4060366016201160320,15.0,goal_1e-11,0.0,0.014557451196314552,0.0
6694638847956909696,15.0,goal_1e-11,0.0,0.25539080141196235,0.0
3039556915253606144,15.0,goal_1e-11,0.0,0.5619556763267014,0.0
6237927045205600000,15.0,goal_1e-11,0.0,0.161959462104794,0.0
1878241773237645184,15.0,goal_1e-11,0.0,0.2778303886576306,0.0
4288946748293342080,15.0,goal_1e-11,0.0,2.4197616655015444,0.0
2337648311488015360,15.0,goal_1e-11,0.0,0.4394926773213774,0.0
4395214100433309184,15.0,goal_1e-11,0.0,0.7406602449886336,0.0
2796277112767076864,15.0,goal_1e-11,0.0,0.10757004601925729,0.0
6016504747910034432,15.0,goal_1e-11,0.0,0.17989694267411485,0.0
5166280100090122880,15.0,goal_1e-11,0.0,0.6856773542360592,0.0
1130573557111974912,15.0,goal_1e-11,0.0,0.6292331641212111,0.0
164738354017665664,15.0,goal_1e-11,0.0,0.036131156283905286,0.0
1761771910959772032,15.0,goal_1e-11,0.0,0.28129509897004656,0.0
1329848490477856768,15.0,goal_1e-11,0.0,2.572098328247696,0.0
3311535375672171776,15.0,goal_1e-11,0.0,0.5658040577475343,0.0
6112272348126668800,15.0,goal_1e-11,0.0,0.40933174995584254,0.0
6755038496304470144,15.0,goal_1e-11,0.0,0.3394061344185142,0.0
4283053988756001920,15.0,goal_1e-11,0.0,0.29094553840563026,0.0
2599647119044490496,15.0,goal_1e-11,0.0,0.33657560913635637,0.0
490441735713670528,15.0,goal_1e-11,0.0,0.2921581161475557,0.0
4934043968492272896,15.0,goal_1e-11,0.0,0.4220185442316667,0.0
2621100450623361280,15.0,goal_1e-11,0.0,1.8819021221269017,0.0
1851315420672845056,15.0,goal_1e-11,0.0,0.3947554602241086,0.0
5541455315986463104,15.0,goal_1e-11,0.0,0.1801154816965359,0.0
5976098417137532800,15.0,goal_1e-11,0.0,0.23570251523201172,0.0
28898090451449472,15.0,goal_1e-11,0.0,0.219594967258807,0.0
6592347918267168128,15.0,goal_1e-11,0.0,0.4690611442284874,0.0
5887064359268864256,15.0,goal_1e-11,0.0,0.07130698777188108,0.0
6518913495153329920,15.0,goal_1e-11,0.0,0.17481291766073032,0.0
4600878063941953280,15.0,goal_1e-11,0.0,0.29137453471258984,0.0
992845122843798016,15.0,goal_1e-11,0.0,0.3288558826578046,0.0
3664521351702250752,15.0,goal_1e-11,0.0,1.0768211018434715,0.0
3711953493050429568,15.0,goal_1e-11,0.0,0.40530071891525016,0.0
5473228871432372992,15.0,goal_1e-11,0.0,0.3080138966468178,0.0
6752384069075512320,15.0,goal_1e-11,0.0,0.2425201356613133,0.0
4115513220094402048,15.0,goal_1e-11,0.0,0.1405201313152852,0.0
4602130957441446400,15.0,goal_1e-11,0.0,0.2127925758323271,0.0
377546664910219776,15.0,goal_1e-11,0.0,0.7236510978510619,0.0
4364333977066797056,15.0,goal_1e-11,0.0,0.0864344099878641,0.0
5768315046181771904,15.0,goal_1e-11,0.0,0.21708490501480537,0.0
123580919370477952,15.0,goal_1e-11,0.0,0.21083487375269555,0.0
4366334126156046976,15.0,goal_1e-11,0.0,0.15763189193296398,0.0
4901782819863332608,15.0,goal_1e-11,0.0,1.1384614391185814,0.0
2151838817854979456,15.0,goal_1e-11,0.0,0.17151940368548924,0.0
1343460895402697600,15.0,goal_1e-11,0.0,0.6423734437887617,0.0
6136053959995638016,15.0,goal_1e-11,0.0,0.2275800003200442,0.0
2221263218985851520,15.0,goal_1e-11,0.0,2.260099654299457,0.0095
4162186251740404608,15.0,goal_1e-11,0.0,0.7349319319531584,0.0
1678399143976755584,15.0,goal_1e-11,0.0,0.6218879521614019,0.0
2704125913666895104,15.0,goal_1e-11,0.0,0.19842707223182343,0.0
5000393997669149952,15.0,goal_1e-11,0.0,0.4303473029340893,0.0
2491206105423269504,15.0,goal_1e-11,0.0,0.7787196061480887,0.0
6274538269849968512,15.0,goal_1e-11,0.0,0.2406510006447037,0.0
707365862223681408,15.0,goal_1e-11,0.0,0.2371843405874357,0.0
4735086373076351744,15.0,goal_1e-11,0.0,0.9302060755644237,0.0
2799316059826451328,15.0,goal_1e-11,0.0,0.43084768683151065,0.0
1875970079134757760,15.0,goal_1e-11,0.0,0.26068078732604066,0.0
1783649894544856960,15.0,goal_1e-11,0.0,0.24861296688511011,0.0
2554116930949289856,15.0,goal_1e-11,0.0,0.3920205713538662,0.0
2753295523906432384,15.0,goal_1e-11,0.0,0.2126857123067893,0.0
886990809110955008,15.0,goal_1e-11,0.0,0.5072929434118291,0.0
919018036639891968,15.0,goal_1e-11,0.0,0.6254092067990983,0.0
2833555985786735232,15.0,goal_1e-11,0.0,0.5483618465480606,0.0
3023472056569280512,15.0,goal_1e-11,0.0,0.29946072214526737,0.0
868768602903736832,15.0,goal_1e-11,0.0,0.2859754632848914,0.0
5178460008866279808,15.0,goal_1e-11,0.0,0.3261658696768065,0.0
3004697238395042176,15.0,goal_1e-11,0.0,0.8772128167384119,0.0
2346247935526578688,15.0,goal_1e-11,0.0,0.28347641077258173,0.0
1933622971340170496,15.0,goal_1e-11,0.0,0.24046232134083936,0.0
1014188567684692224,15.0,goal_1e-11,0.0,0.2876238221898576,0.0
5466445022127902976,15.0,goal_1e-11,0.0,0.29271195783525755,0.0
6681692893110527232,15.0,goal_1e-11,0.0,0.33961297832688647,0.0
5185560414440293632,15.0,goal_1e-11,0.0,0.7675855810766841,0.0
5800349145690204288,15.0,goal_1e-11,0.0,0.24302031465863747,0.0
4105409399796978944,15.0,goal_1e-11,0.0,0.15149760036882895,0.0
4708692944344873216,15.0,goal_1e-11,0.0,0.20215635970197324,0.0
2027994226190382848,15.0,goal_1e-11,0.0,0.2247219026502719,0.0
2511654375999952640,15.0,goal_1e-11,0.0,0.30216749132568405,0.0
5493261389176885632,15.0,goal_1e-11,0.0,0.3619658956328343,0.0
2240388880151078528,15.0,goal_1e-11,0.0,0.25074478345872275,0.0
5658455555185799040,15.0,goal_1e-11,0.0,0.19150241672211774,0.0
5052502602489649664,15.0,goal_1e-11,0.0,0.721507083109005,0.0
1979258613779627520,15.0,goal_1e-11,0.0,0.292686555705737,0.0
446639254048922112,15.0,goal_1e-11,0.0,0.16066201656189116,0.0
5601915746720479104,15.0,goal_1e-11,0.0,0.31783860878704456,0.0
4776963682897871616,15.0,goal_1e-11,0.0,1.0527074850755462,0.0
3280686721529098368,15.0,goal_1e-11,0.0,0.21245898283300302,0.0
1285339370727734400,15.0,goal_1e-11,0.0,0.37989157408338553,0.0
5511484179500121088,15.0,goal_1e-11,0.0,0.282684577331361,0.0
519978157091449088,15.0,goal_1e-11,0.0,0.1385484953835011,0.0
3855789469596668544,15.0,goal_1e-11,0.0,0.14732292672697253,0.0
572054498112591744,15.0,goal_1e-11,0.0,0.16238509916803148,0.0
357842591908022912,15.0,goal_1e-11,0.0,0.1748262449020897,0.0
5927844322167316352,15.0,goal_1e-11,0.0,0.14824347878525468,0.0
2281306105868025600,15.0,goal_1e-11,0.0,0.38587886684457645,0.0
6342743866636102528,15.0,goal_1e-11,0.0,0.17431729828624967,0.0
1690963263347609088,15.0,goal_1e-11,0.0,0.363998090742298,0.0
1230823728796492672,15.0,goal_1e-11,0.0,0.300044635755539,0.0
6411524297547089024,15.0,goal_1e-11,0.0,0.23618488937344723,0.0
2935813011016890752,15.0,goal_1e-11,0.0,0.23397797605055118,0.0
1510354597152530176,15.0,goal_1e-11,0.0,0.38579335868493014,0.0
263711679169833728,15.0,goal_1e-11,0.0,0.20386717299815763,0.0
2203996935067479424,15.0,goal_1e-11,0.0,0.6452186679382562,0.0
4637390027600793344,15.0,goal_1e-11,0.0,0.28043621475556346,0.0
3326809997366173568,15.0,goal_1e-11,0.0,0.3709306782457563,0.0
359891153870510208,15.0,goal_1e-11,0.0,1.046397595552361,0.0
3194157939562713472,15.0,goal_1e-11,0.0,0.3148769877663005,0.0
5654914887224650240,15.0,goal_1e-11,0.0,0.29611615360336907,0.0
132596261882440320,15.0,goal_1e-11,0.0,0.2888247827168342,0.0
4262558915898078720,15.0,goal_1e-11,0.0,0.23558644095071926,0.0
6149021149160162176,15.0,goal_1e-11,0.0,0.17269570186919328,0.0
2811411825899219200,15.0,goal_1e-11,0.0,1.05883600257423,0.0
1900800964403932800,15.0,goal_1e-11,0.0,0.17751228552857107,0.0
6009934130839583488,15.0,goal_1e-11,0.0,0.12307755642873128,0.0
6872322302128569344,15.0,goal_1e-11,0.0,0.21192997782372514,0.0
4548634356637185792,15.0,goal_1e-11,0.0,0.44313802174004807,0.0
6527091903161249152,15.0,goal_1e-11,0.0,0.21240513313651582,0.0
2639759162947729408,15.0,goal_1e-11,0.0,0.19673482509664433,0.0
4100927786033595648,15.0,goal_1e-11,0.0,0.17002892187824897,0.0
5371882654157606912,15.0,goal_1e-11,0.0,0.8112981170443919,0.0
6775009922429158272,15.0,goal_1e-11,0.0,0.2294013246725792,0.0
665668979685323648,15.0,goal_1e-11,0.0,0.6097782313344199,0.0
1832230956847006592,15.0,goal_1e-11,0.0,1.6179861844519132,0.0
6284599664533612544,15.0,goal_1e-11,0.0,0.42289980299539887,0.0
4641784775576833536,15.0,goal_1e-11,0.0,0.6201860995721179,0.0
4268847611328000256,15.0,goal_1e-11,0.0125,20.434371910410583,0.063
4278176623883730176,15.0,goal_1e-11,0.0,0.12651185077692273,0.0
3267929947104804096,30.0,current_1e-9,0.0,0.6462371517458761,0.0
5642877846246495360,30.0,current_1e-9,0.0,0.6106066649097975,0.0
6603465041679231872,30.0,current_1e-9,0.0,2.284825521643026,0.0
2046526391572691328,30.0,current_1e-9,0.0,1.027338388337591,0.0
1016789806037687424,30.0,current_1e-9,0.0,2.3300495408972046,0.0
5679711000438989312,30.0,current_1e-9,0.0,0.2838259770102624,0.0
2995683893041962368,30.0,current_1e-9,0.0,0.9948363544032495,0.0
5953737099445742848,30.0,current_1e-9,0.0,0.6954312591135381,0.0
4615401513032729088,30.0,current_1e-9,0.0,0.9714652928366,0.0
3004510772390701696,30.0,current_1e-9,0.0,1.3150533872400336,0.0
4069792782145982080,30.0,current_1e-9,0.0,1.6571776411607435,0.0
5814108395520777856,30.0,current_1e-9,0.0,1.4406678014649896,0.0
5962272505153840896,30.0,current_1e-9,0.0,2.0230749652387425,0.0
2149291627370030336,30.0,current_1e-9,0.0,0.5986505349592881,0.0
1323478680316848256,30.0,current_1e-9,0.0,0.9064255430674566,0.0
5260504054704228736,30.0,current_1e-9,0.0,2.1993501407447034,0.0
5841541455445538432,30.0,current_1e-9,0.0,0.7685216340904564,0.0
3867940039451965952,30.0,current_1e-9,0.0,1.7515607741881487,0.0
87878642944408960,30.0,current_1e-9,0.0,0.8649626125868668,0.0
3151482384299373696,30.0,current_1e-9,0.0,2.7058254347905812,0.0
6181044017297795968,30.0,current_1e-9,0.0,4.6237913126241725,0.0
803645216387486720,30.0,current_1e-9,0.0,2.9592221568609816,0.0
5914174364643486592,30.0,current_1e-9,0.0,1.2518437525845976,0.0
4797122403959920768,30.0,current_1e-9,0.0,1.9797754404636791,0.0
2575048093288905088,30.0,current_1e-9,0.0,1.941110786077324,0.0
4229058961259584256,30.0,current_1e-9,0.0,2.7023652398252827,0.0
4561522831932945920,30.0,current_1e-9,0.0,2.3029615661805787,0.0
2208326773198648320,30.0,current_1e-9,0.0,2.0409936614868665,0.0
6094128791359632256,30.0,current_1e-9,0.0,1.8367466942768693,0.0
2769623267282593152,30.0,current_1e-9,0.0,1.3575681430448832,0.0
5660807578058341120,30.0,current_1e-9,0.0,1.3219901586267515,0.0
296496818102428544,30.0,current_1e-9,0.0,1.7339093142415416,0.0
158752853233960704,30.0,current_1e-9,0.0,0.455103503750339,0.0
2259514678757235200,30.0,current_1e-9,0.0,0.7743558826611969,0.0
4227855172121285760,30.0,current_1e-9,0.0,1.7236320247064054,0.0
2196000977264781056,30.0,current_1e-9,0.0,1.3321330600151904,0.0
1422765267499632640,30.0,current_1e-9,0.0,1.235100278166156,0.0
5351303408563334912,30.0,current_1e-9,0.0,1.1788666355270834,0.0
1364263517961035648,30.0,current_1e-9,0.0,0.9431603714901742,0.0
5274946414813497344,30.0,current_1e-9,0.0,1.5542523543684352,0.0
3180960123537829760,30.0,current_1e-9,0.0,1.9746495652954645,0.0
2757278951454094208,30.0,current_1e-9,0.0,0.9351719328077758,0.0
2703346703520007168,30.0,current_1e-9,0.0,0.8650048484662757,0.0
4002529127504102656,30.0,current_1e-9,0.0,3.071558042158353,0.0
5421588692928858752,30.0,current_1e-9,0.0,0.6826705275485184,0.0
6050388913137070848,30.0,current_1e-9,0.0,0.7603476748807421,0.003
4345060775182367232,30.0,current_1e-9,0.0,0.6366595105675219,0.0
992946106114748032,30.0,current_1e-9,0.0,1.765864098397427,0.0
676792841901784192,30.0,current_1e-9,0.0,1.1952800257411473,0.0
218953691837608960,30.0,current_1e-9,0.0,1.1152964964195702,0.0
2482368024800833024,30.0,current_1e-9,0.0,1.5517374036461125,0.0
4609966833215963392,30.0,current_1e-9,0.0,1.0618732752755355,0.0
6844037812175117440,30.0,current_1e-9,0.0,0.9810429962071895,0.0
6441225886185109632,30.0,current_1e-9,0.0,1.343653589807458,0.0
1275271417631701504,30.0,current_1e-9,0.0,1.0931310986519125,0.0
6490173906174556416,30.0,current_1e-9,0.0,1.0253171538921046,0.0
5940429538445511808,30.0,current_1e-9,0.0,3.257227735596475,0.0
3793148372312611456,30.0,current_1e-9,0.0,1.2439766157857504,0.0
3138662151736925568,30.0,current_1e-9,0.0,0.7996533533189013,0.0
5976199159903812736,30.0,current_1e-9,0.0,0.6296048354397757,0.0
1504338722359357568,30.0,current_1e-9,0.0,1.361985908779609,0.0
1688451325954477184,30.0,current_1e-9,0.0,1.9963705428265455,0.0
5889045855385067136,30.0,current_1e-9,0.0,0.7162305572117794,0.0
4081754605352170496,30.0,current_1e-9,0.0,2.0196032641152413,0.0015
2691146831736184576,30.0,current_1e-9,0.0,1.1449479643785057,0.0
334398010409366400,30.0,current_1e-9,0.0,1.1398599856167115,0.0
1383626089525174016,30.0,current_1e-9,0.0,1.0898252600435376,0.0
3702063519102244480,30.0,current_1e-9,0.0,2.5742122310373734,0.0
5423016683660491264,30.0,current_1e-9,0.0,0.8000937764360313,0.0
2804852929801600768,30.0,current_1e-9,0.0,3.8745832235114186,0.0
3114023912926376448,30.0,current_1e-9,0.0,0.9841956963668926,0.0
5524591457617244928,30.0,current_1e-9,0.0,0.9720811730037032,0.0
4060366016201160320,30.0,current_1e-9,0.0,0.05819110038793873,0.0
6694638847956909696,30.0,current_1e-9,0.0,0.9127031933556328,0.0
3039556915253606144,30.0,current_1e-9,0.0,2.0585648223490507,0.0
6237927045205600000,30.0,current_1e-9,0.0,0.6265494046324145,0.0
1878241773237645184,30.0,current_1e-9,0.0,1.0871058811893621,0.0
4288946748293342080,30.0,current_1e-9,0.0,6.167779762379568,0.0
2337648311488015360,30.0,current_1e-9,0.0,1.688246309985699,0.0
4395214100433309184,30.0,current_1e-9,0.0,2.47908177458353,0.0
2796277112767076864,30.0,current_1e-9,0.0,0.4280211379269989,0.0
6016504747910034432,30.0,current_1e-9,0.0,0.7149078492180946,0.0
5166280100090122880,30.0,current_1e-9,0.0,2.2751831801571827,0.0
1130573557111974912,30.0,current_1e-9,0.0,2.2645496047620344,0.0
164738354017665664,30.0,current_1e-9,0.0,0.14429760335446973,0.0
1761771910959772032,30.0,current_1e-9,0.0,1.1095173985463525,0.0
1329848490477856768,30.0,current_1e-9,0.0,7.120759828774917,0.0005
3311535375672171776,30.0,current_1e-9,0.0,2.0517215627215655,0.0
6112272348126668800,30.0,current_1e-9,0.0,1.5656631295372172,0.0
6755038496304470144,30.0,current_1e-9,0.0,1.3066748339222283,0.0
4283053988756001920,30.0,current_1e-9,0.0,1.0841452517415096,0.0
2599647119044490496,30.0,current_1e-9,0.0,1.3108270123337504,0.0
490441735713670528,30.0,current_1e-9,0.0,1.0738219706035108,0.0
4934043968492272896,30.0,current_1e-9,0.0,1.2643833736067236,0.0
2621100450623361280,30.0,current_1e-9,0.0,4.337528074227113,0.001
1851315420672845056,30.0,current_1e-9,0.0,1.543774999779182,0.0
5541455315986463104,30.0,current_1e-9,0.0,0.7136609901904689,0.0
5976098417137532800,30.0,current_1e-9,0.0,0.9223874113730142,0.0
28898090451449472,30.0,current_1e-9,0.0,0.8654473589732737,0.0
6592347918267168128,30.0,current_1e-9,0.0,1.763040750023118,0.0
5887064359268864256,30.0,current_1e-9,0.0,0.28402143148235126,0.0
6518913495153329920,30.0,current_1e-9,0.0,0.6928459374056285,0.0
4600878063941953280,30.0,current_1e-9,0.0,1.150336048836203,0.0
992845122843798016,30.0,current_1e-9,0.0,1.284312921601225,0.0
3664521351702250752,30.0,current_1e-9,0.0,3.4613975480076804,0.0
3711953493050429568,30.0,current_1e-9,0.0,1.5876291767288266,0.0
5473228871432372992,30.0,current_1e-9,0.0,1.21377047677276,0.0
6752384069075512320,30.0,current_1e-9,0.0,0.9495536694330905,0.0
4115513220094402048,30.0,current_1e-9,0.0,0.5584093422088191,0.0
4602130957441446400,30.0,current_1e-9,0.0,0.8417800502796329,0.0
377546664910219776,30.0,current_1e-9,0.0,2.7397783688526895,0.0
4364333977066797056,30.0,current_1e-9,0.0,0.3445622018654809,0.0
5768315046181771904,30.0,current_1e-9,0.0,0.8413457099788454,0.0
123580919370477952,30.0,current_1e-9,0.0,0.8347326183140745,0.0
4366334126156046976,30.0,current_1e-9,0.0,0.6155379171426427,0.0
4901782819863332608,30.0,current_1e-9,0.0,2.8078150180350985,0.0015
2151838817854979456,30.0,current_1e-9,0.0,0.6807385579977097,0.0
1343460895402697600,30.0,current_1e-9,0.0,1.6595063090117226,0.0005
6136053959995638016,30.0,current_1e-9,0.0,0.8976317014298864,0.0
2221263218985851520,30.0,current_1e-9,0.0,2.0221083276326803,0.5125
4162186251740404608,30.0,current_1e-9,0.0,1.6172790160586774,0.0285
1678399143976755584,30.0,current_1e-9,0.0,2.3569282772838234,0.0
2704125913666895104,30.0,current_1e-9,0.0,0.7847721585311519,0.0
5000393997669149952,30.0,current_1e-9,0.0,1.6560208310440399,0.0
2491206105423269504,30.0,current_1e-9,0.0,2.9048702455351676,0.0
6274538269849968512,30.0,current_1e-9,0.0,0.8954356307997673,0.0
707365862223681408,30.0,current_1e-9,0.0,0.9236430768458184,0.0
4735086373076351744,30.0,current_1e-9,0.0,2.5689719812834957,0.0
2799316059826451328,30.0,current_1e-9,0.0,1.6308663496281177,0.0
1875970079134757760,30.0,current_1e-9,0.0,1.0074545982767242,0.0
1783649894544856960,30.0,current_1e-9,0.0,0.9810190167424316,0.0
2554116930949289856,30.0,current_1e-9,0.0,1.538998839310821,0.0
2753295523906432384,30.0,current_1e-9,0.0,0.8331888338839643,0.0
886990809110955008,30.0,current_1e-9,0.0,1.4231903241943906,0.0
919018036639891968,30.0,current_1e-9,0.0,2.3109404073866964,0.0
2833555985786735232,30.0,current_1e-9,0.0,1.6066815164617418,0.0005
3023472056569280512,30.0,current_1e-9,0.0,1.0845435552153802,0.0
868768602903736832,30.0,current_1e-9,0.0,1.1009096477190974,0.0
5178460008866279808,30.0,current_1e-9,0.0,1.27540129018331,0.0
3004697238395042176,30.0,current_1e-9,0.0,2.0523655505322975,0.001
2346247935526578688,30.0,current_1e-9,0.0,1.0053101207947501,0.0
1933622971340170496,30.0,current_1e-9,0.0,0.9500632525964455,0.0
1014188567684692224,30.0,current_1e-9,0.0,1.0940716334385066,0.0
5466445022127902976,30.0,current_1e-9,0.0,1.137465253519817,0.0
6681692893110527232,30.0,current_1e-9,0.0,1.3173675252343355,0.0
5185560414440293632,30.0,current_1e-9,0.0,2.873341736547618,0.0
5800349145690204288,30.0,current_1e-9,0.0,0.9376032192227809,0.0
4105409399796978944,30.0,current_1e-9,0.0,0.6017974344150012,0.0
4708692944344873216,30.0,current_1e-9,0.0,0.7996654503958279,0.0
2027994226190382848,30.0,current_1e-9,0.0,0.8843126834794457,0.0
2511654375999952640,30.0,current_1e-9,0.0,1.1882789863633467,0.0
5493261389176885632,30.0,current_1e-9,0.0,1.413717340618181,0.0
2240388880151078528,30.0,current_1e-9,0.0,0.863412438276929,0.0
5658455555185799040,30.0,current_1e-9,0.0,0.7474499354446313,0.0
5052502602489649664,30.0,current_1e-9,0.0,2.6538952080180236,0.0
1979258613779627520,30.0,current_1e-9,0.0,1.0793338458702835,0.0
446639254048922112,30.0,current_1e-9,0.0,0.6362728257902304,0.0
5601915746720479104,30.0,current_1e-9,0.0,1.2328104045584343,0.0
4776963682897871616,30.0,current_1e-9,0.0,3.6768259654168376,0.0
3280686721529098368,30.0,current_1e-9,0.0,0.8275958065512972,0.0
1285339370727734400,30.0,current_1e-9,0.0,1.4926954621841269,0.0
5511484179500121088,30.0,current_1e-9,0.0,1.1154423135341158,0.0
519978157091449088,30.0,current_1e-9,0.0,0.5501080408455274,0.0
3855789469596668544,30.0,current_1e-9,0.0,0.5853920823199544,0.0
572054498112591744,30.0,current_1e-9,0.0,0.6443550046639097,0.0
357842591908022912,30.0,current_1e-9,0.0,0.6925089704150981,0.0
5927844322167316352,30.0,current_1e-9,0.0,0.5896084174913722,0.0
2281306105868025600,30.0,current_1e-9,0.0,1.5128236066597196,0.0
6342743866636102528,30.0,current_1e-9,0.0,0.6890176364955983,0.0
1690963263347609088,30.0,current_1e-9,0.0,1.386912320660165,0.0
1230823728796492672,30.0,current_1e-9,0.0,1.1688550318887647,0.0
6411524297547089024,30.0,current_1e-9,0.0,0.885277000479422,0.0
2935813011016890752,30.0,current_1e-9,0.0,0.9238966404418645,0.0
1510354597152530176,30.0,current_1e-9,0.0,1.4779595697735273,0.0
263711679169833728,30.0,current_1e-9,0.0,0.7340858951682985,0.0
2203996935067479424,30.0,current_1e-9,0.0,2.496228048001938,0.0
4637390027600793344,30.0,current_1e-9,0.0,1.059012086842144,0.0
3326809997366173568,30.0,current_1e-9,0.0,1.3948739209944978,0.0
359891153870510208,30.0,current_1e-9,0.0,2.3392119549938344,0.002
3194157939562713472,30.0,current_1e-9,0.0,1.1977604637780888,0.0
5654914887224650240,30.0,current_1e-9,0.0,1.1330989575860113,0.0
132596261882440320,30.0,current_1e-9,0.0,1.1193649539014172,0.0
4262558915898078720,30.0,current_1e-9,0.0,0.8685268678728818,0.0
6149021149160162176,30.0,current_1e-9,0.0,0.6838983717653858,0.0
2811411825899219200,30.0,current_1e-9,0.0,1.8623979111742903,0.0315
1900800964403932800,30.0,current_1e-9,0.0,0.7029521986764442,0.0
6009934130839583488,30.0,current_1e-9,0.0,0.47578235651187617,0.0
6872322302128569344,30.0,current_1e-9,0.0,0.8287117858513746,0.0
4548634356637185792,30.0,current_1e-9,0.0,1.6187012131421752,0.0
6527091903161249152,30.0,current_1e-9,0.0,0.83751744649055,0.0
2639759162947729408,30.0,current_1e-9,0.0,0.7801699881888061,0.0
4100927786033595648,30.0,current_1e-9,0.0,0.625765934317177,0.0
5371882654157606912,30.0,current_1e-9,0.0,2.540960995566086,0.0
6775009922429158272,30.0,current_1e-9,0.0,0.8258055845896186,0.0
665668979685323648,30.0,current_1e-9,0.0,1.6800590963692326,0.0
1832230956847006592,30.0,current_1e-9,0.0,5.590545202823452,0.0
6284599664533612544,30.0,current_1e-9,0.0,1.5610207402080678,0.0
4641784775576833536,30.0,current_1e-9,0.0,2.305455609343241,0.0
4268847611328000256,30.0,current_1e-9,0.139,7.923320445510402,0.7065
4278176623883730176,30.0,current_1e-9,0.0,0.5025772762425954,0.0
3267929947104804096,30.0,nearterm_1e-10,0.0,0.6488409449669755,0.0
5642877846246495360,30.0,nearterm_1e-10,0.0,0.6119143740821575,0.0
6603465041679231872,30.0,nearterm_1e-10,0.0,3.0606086356109072,0.0
2046526391572691328,30.0,nearterm_1e-10,0.0,1.065844115216604,0.0
1016789806037687424,30.0,nearterm_1e-10,0.0,2.793079384343866,0.0
5679711000438989312,30.0,nearterm_1e-10,0.0,0.28458870519584645,0.0
2995683893041962368,30.0,nearterm_1e-10,0.0,1.0128613478097712,0.0
5953737099445742848,30.0,nearterm_1e-10,0.0,0.7102991246870711,0.0
4615401513032729088,30.0,nearterm_1e-10,0.0,0.9784315596177787,0.0
3004510772390701696,30.0,nearterm_1e-10,0.0,1.3427984461643991,0.0
4069792782145982080,30.0,nearterm_1e-10,0.0,1.698924086166665,0.0
5814108395520777856,30.0,nearterm_1e-10,0.0,1.4857817251575238,0.0
5962272505153840896,30.0,nearterm_1e-10,0.0,2.300551355750963,0.0
2149291627370030336,30.0,nearterm_1e-10,0.0,0.6005144984316966,0.0
1323478680316848256,30.0,nearterm_1e-10,0.0,1.0307699420299163,0.0
5260504054704228736,30.0,nearterm_1e-10,0.0,2.358218779770335,0.0
5841541455445538432,30.0,nearterm_1e-10,0.0,0.7953846911261709,0.0
3867940039451965952,30.0,nearterm_1e-10,0.0,1.7972099001101898,0.0
87878642944408960,30.0,nearterm_1e-10,0.0,0.8703695484033221,0.0
3151482384299373696,30.0,nearterm_1e-10,0.0,3.5654790935770007,0.0
6181044017297795968,30.0,nearterm_1e-10,0.0,6.35513929261384,0.0
803645216387486720,30.0,nearterm_1e-10,0.0,3.1639962636024785,0.0
5914174364643486592,30.0,nearterm_1e-10,0.0,1.3992191975170467,0.0
4797122403959920768,30.0,nearterm_1e-10,0.0,2.0962436936432494,0.0
2575048093288905088,30.0,nearterm_1e-10,0.0,1.9829497967100569,0.0
4229058961259584256,30.0,nearterm_1e-10,0.0,3.6447891852310295,0.0
4561522831932945920,30.0,nearterm_1e-10,0.0,2.5518929261186196,0.0
2208326773198648320,30.0,nearterm_1e-10,0.0,2.392082422543026,0.0
6094128791359632256,30.0,nearterm_1e-10,0.0,1.988181220051462,0.0
2769623267282593152,30.0,nearterm_1e-10,0.0,1.655613935709662,0.0
5660807578058341120,30.0,nearterm_1e-10,0.0,1.3607015735574763,0.0
296496818102428544,30.0,nearterm_1e-10,0.0,1.8640252098891261,0.0
158752853233960704,30.0,nearterm_1e-10,0.0,0.4559137619805152,0.0
2259514678757235200,30.0,nearterm_1e-10,0.0,0.780018035399253,0.0
4227855172121285760,30.0,nearterm_1e-10,0.0,1.765969748426843,0.0
2196000977264781056,30.0,nearterm_1e-10,0.0,1.3564311504458983,0.0
1422765267499632640,30.0,nearterm_1e-10,0.0,1.2845437744634147,0.0
5351303408563334912,30.0,nearterm_1e-10,0.0,1.2000881219610982,0.0
1364263517961035648,30.0,nearterm_1e-10,0.0,0.951249998668929,0.0
5274946414813497344,30.0,nearterm_1e-10,0.0,1.5674870251071427,0.0
3180960123537829760,30.0,nearterm_1e-10,0.0,2.235506493463865,0.0
2757278951454094208,30.0,nearterm_1e-10,0.0,0.9409660707810439,0.0
2703346703520007168,30.0,nearterm_1e-10,0.0,0.8758637097241936,0.0
4002529127504102656,30.0,nearterm_1e-10,0.0,3.806851702860907,0.0
5421588692928858752,30.0,nearterm_1e-10,0.0,0.6859591193591601,0.0
6050388913137070848,30.0,nearterm_1e-10,0.0,0.7935845015451385,0.003
4345060775182367232,30.0,nearterm_1e-10,0.0,0.6402540707875137,0.0
992946106114748032,30.0,nearterm_1e-10,0.0,1.7803984248550657,0.0
676792841901784192,30.0,nearterm_1e-10,0.0,1.4041268429448752,0.0
218953691837608960,30.0,nearterm_1e-10,0.0,1.193673686130137,0.0
2482368024800833024,30.0,nearterm_1e-10,0.0,1.7429605251816078,0.0
4609966833215963392,30.0,nearterm_1e-10,0.0,1.0654299424418223,0.0
6844037812175117440,30.0,nearterm_1e-10,0.0,1.2843775776534199,0.0
6441225886185109632,30.0,nearterm_1e-10,0.0,1.4479648219979921,0.0
1275271417631701504,30.0,nearterm_1e-10,0.0,1.1054335279999072,0.0
6490173906174556416,30.0,nearterm_1e-10,0.0,1.0448540958139383,0.0
5940429538445511808,30.0,nearterm_1e-10,0.0,3.5371940499828924,0.0
3793148372312611456,30.0,nearterm_1e-10,0.0,1.2539277926500618,0.0
3138662151736925568,30.0,nearterm_1e-10,0.0,0.8036157265905374,0.0
5976199159903812736,30.0,nearterm_1e-10,0.0,0.6509162639417054,0.0
1504338722359357568,30.0,nearterm_1e-10,0.0,1.5835151001645331,0.0
1688451325954477184,30.0,nearterm_1e-10,0.0,2.0742695711938137,0.0
5889045855385067136,30.0,nearterm_1e-10,0.0,0.7194411341601328,0.0
4081754605352170496,30.0,nearterm_1e-10,0.0,3.2819807739280855,0.0015
2691146831736184576,30.0,nearterm_1e-10,0.0,1.1531816443678709,0.0
334398010409366400,30.0,nearterm_1e-10,0.0,1.3331657682738407,0.0
1383626089525174016,30.0,nearterm_1e-10,0.0,1.1258641521782229,0.0
3702063519102244480,30.0,nearterm_1e-10,0.0,3.0669838997465133,0.0
5423016683660491264,30.0,nearterm_1e-10,0.0,0.8046252495183938,0.0
2804852929801600768,30.0,nearterm_1e-10,0.0,4.068300931727868,0.0
3114023912926376448,30.0,nearterm_1e-10,0.0,1.1671273978895134,0.0
5524591457617244928,30.0,nearterm_1e-10,0.0,0.9778013921577935,0.0
4060366016201160320,30.0,nearterm_1e-10,0.0,0.05820474025053913,0.0
6694638847956909696,30.0,nearterm_1e-10,0.0,1.0146598709163803,0.0
3039556915253606144,30.0,nearterm_1e-10,0.0,2.210260772742213,0.0
6237927045205600000,30.0,nearterm_1e-10,0.0,0.6427747332982908,0.0
1878241773237645184,30.0,nearterm_1e-10,0.0,1.099035562548597,0.0
4288946748293342080,30.0,nearterm_1e-10,0.0,9.118384263384517,0.0
2337648311488015360,30.0,nearterm_1e-10,0.0,1.7271003169682335,0.0
4395214100433309184,30.0,nearterm_1e-10,0.0,2.900622360075829,0.0
2796277112767076864,30.0,nearterm_1e-10,0.0,0.4289832712427776,0.0
6016504747910034432,30.0,nearterm_1e-10,0.0,0.7161356343581757,0.0
5166280100090122880,30.0,nearterm_1e-10,0.0,2.694024013759733,0.0
1130573557111974912,30.0,nearterm_1e-10,0.0,2.4717822612554627,0.0
164738354017665664,30.0,nearterm_1e-10,0.0,0.1443535336144359,0.0
1761771910959772032,30.0,nearterm_1e-10,0.0,1.1147335582517839,0.0
1329848490477856768,30.0,nearterm_1e-10,0.0,9.637273311841865,0.0005
3311535375672171776,30.0,nearterm_1e-10,0.0,2.201528371896518,0.0
6112272348126668800,30.0,nearterm_1e-10,0.0,1.61809538571658,0.0
6755038496304470144,30.0,nearterm_1e-10,0.0,1.3444556683385862,0.0
4283053988756001920,30.0,nearterm_1e-10,0.0,1.1519545640817037,0.0
2599647119044490496,30.0,nearterm_1e-10,0.0,1.3341048583970594,0.0
490441735713670528,30.0,nearterm_1e-10,0.0,1.159576691513132,0.0
4934043968492272896,30.0,nearterm_1e-10,0.0,1.6653160646360665,0.0
2621100450623361280,30.0,nearterm_1e-10,0.0,7.135471587983016,0.001
1851315420672845056,30.0,nearterm_1e-10,0.0,1.5618802467388642,0.0
5541455315986463104,30.0,nearterm_1e-10,0.0,0.7164300974034468,0.0
5976098417137532800,30.0,nearterm_1e-10,0.0,0.9369255465123709,0.0
28898090451449472,30.0,nearterm_1e-10,0.0,0.8717800669854792,0.0
6592347918267168128,30.0,nearterm_1e-10,0.0,1.852284208180954,0.0
5887064359268864256,30.0,nearterm_1e-10,0.0,0.2846816462103084,0.0
6518913495153329920,30.0,nearterm_1e-10,0.0,0.6954083072018749,0.0
4600878063941953280,30.0,nearterm_1e-10,0.0,1.1558938035348392,0.0
992845122843798016,30.0,nearterm_1e-10,0.0,1.3021076801028375,0.0
3664521351702250752,30.0,nearterm_1e-10,0.0,4.15377303762614,0.0
3711953493050429568,30.0,nearterm_1e-10,0.0,1.6008339660524569,0.0
5473228871432372992,30.0,nearterm_1e-10,0.0,1.2213948061688007,0.0
6752384069075512320,30.0,nearterm_1e-10,0.0,0.9629684348061058,0.0
4115513220094402048,30.0,nearterm_1e-10,0.0,0.5598503251558485,0.0
4602130957441446400,30.0,nearterm_1e-10,0.0,0.8459610934918341,0.0
377546664910219776,30.0,nearterm_1e-10,0.0,2.8222293405392134,0.0
4364333977066797056,30.0,nearterm_1e-10,0.0,0.34483887736067714,0.0
5768315046181771904,30.0,nearterm_1e-10,0.0,0.8637578648616451,0.0
123580919370477952,30.0,nearterm_1e-10,0.0,0.8387883589678291,0.0
4366334126156046976,30.0,nearterm_1e-10,0.0,0.6278307650258496,0.0
4901782819863332608,30.0,nearterm_1e-10,0.0,4.387851909244444,0.0015
2151838817854979456,30.0,nearterm_1e-10,0.0,0.6822055744189587,0.0
1343460895402697600,30.0,nearterm_1e-10,0.0,2.5188995166218913,0.0005
6136053959995638016,30.0,nearterm_1e-10,0.0,0.9038827581615408,0.0
2221263218985851520,30.0,nearterm_1e-10,0.055,7.972152151026811,0.5125
4162186251740404608,30.0,nearterm_1e-10,0.0,2.8601265391927373,0.0285
1678399143976755584,30.0,nearterm_1e-10,0.0,2.448652442808506,0.0
2704125913666895104,30.0,nearterm_1e-10,0.0,0.7882838221855017,0.0
5000393997669149952,30.0,nearterm_1e-10,0.0,1.7018631077407353,0.0
2491206105423269504,30.0,nearterm_1e-10,0.0,3.040912225343932,0.0
6274538269849968512,30.0,nearterm_1e-10,0.0,0.9565049737115646,0.0
707365862223681408,30.0,nearterm_1e-10,0.0,0.9416573779707506,0.0
4735086373076351744,30.0,nearterm_1e-10,0.0,3.6176315858817563,0.0
2799316059826451328,30.0,nearterm_1e-10,0.0,1.7030743157918318,0.0
1875970079134757760,30.0,nearterm_1e-10,0.0,1.0358741560353086,0.0
1783649894544856960,30.0,nearterm_1e-10,0.0,0.9875978737551367,0.0
2554116930949289856,30.0,nearterm_1e-10,0.0,1.5504130179145281,0.0
2753295523906432384,30.0,nearterm_1e-10,0.0,0.8453484988772846,0.0
886990809110955008,30.0,nearterm_1e-10,0.0,1.9966552837108682,0.0
919018036639891968,30.0,nearterm_1e-10,0.0,2.4535761098513595,0.0
2833555985786735232,30.0,nearterm_1e-10,0.0,2.154489750987292,0.0005
3023472056569280512,30.0,nearterm_1e-10,0.0,1.1885259406518895,0.0
868768602903736832,30.0,nearterm_1e-10,0.0,1.1353434964376297,0.0
5178460008866279808,30.0,nearterm_1e-10,0.0,1.29325384981978,0.0
3004697238395042176,30.0,nearterm_1e-10,0.0,3.394728859977502,0.001
2346247935526578688,30.0,nearterm_1e-10,0.0,1.1252060367425187,0.0
1933622971340170496,30.0,nearterm_1e-10,0.0,0.9553195426417667,0.0
1014188567684692224,30.0,nearterm_1e-10,0.0,1.1406969478000923,0.0
5466445022127902976,30.0,nearterm_1e-10,0.0,1.1615305162416112,0.0
6681692893110527232,30.0,nearterm_1e-10,0.0,1.3377861950110215,0.0
5185560414440293632,30.0,nearterm_1e-10,0.0,3.0048954137529424,0.0
5800349145690204288,30.0,nearterm_1e-10,0.0,0.9655514741399842,0.0
4105409399796978944,30.0,nearterm_1e-10,0.0,0.6034021147909584,0.0
4708692944344873216,30.0,nearterm_1e-10,0.0,0.8038963901461532,0.0
2027994226190382848,30.0,nearterm_1e-10,0.0,0.8933859267630628,0.0
2511654375999952640,30.0,nearterm_1e-10,0.0,1.1982208029378916,0.0
5493261389176885632,30.0,nearterm_1e-10,0.0,1.432313674693865,0.0
2240388880151078528,30.0,nearterm_1e-10,0.0,0.9917606026274052,0.0
5658455555185799040,30.0,nearterm_1e-10,0.0,0.7622142384620624,0.0
5052502602489649664,30.0,nearterm_1e-10,0.0,2.8294445075148773,0.0
1979258613779627520,30.0,nearterm_1e-10,0.0,1.1607238047501396,0.0
446639254048922112,30.0,nearterm_1e-10,0.0,0.6396672694141273,0.0
5601915746720479104,30.0,nearterm_1e-10,0.0,1.2607888726475762,0.0
4776963682897871616,30.0,nearterm_1e-10,0.0,4.1000348784164995,0.0
3280686721529098368,30.0,nearterm_1e-10,0.0,0.8442521430408866,0.0
1285339370727734400,30.0,nearterm_1e-10,0.0,1.5016716931726473,0.0
5511484179500121088,30.0,nearterm_1e-10,0.0,1.121705440189186,0.0
519978157091449088,30.0,nearterm_1e-10,0.0,0.5517663102146411,0.0
3855789469596668544,30.0,nearterm_1e-10,0.0,0.5863972604850131,0.0
572054498112591744,30.0,nearterm_1e-10,0.0,0.6465887983886708,0.0
357842591908022912,30.0,nearterm_1e-10,0.0,0.6948794907592385,0.0
5927844322167316352,30.0,nearterm_1e-10,0.0,0.5905448159491418,0.0
2281306105868025600,30.0,nearterm_1e-10,0.0,1.52606214688178,0.0
6342743866636102528,30.0,nearterm_1e-10,0.0,0.6934318209631498,0.0
1690963263347609088,30.0,nearterm_1e-10,0.0,1.4389165844994036,0.0
1230823728796492672,30.0,nearterm_1e-10,0.0,1.1907890605785287,0.0
6411524297547089024,30.0,nearterm_1e-10,0.0,0.9378201648076163,0.0
2935813011016890752,30.0,nearterm_1e-10,0.0,0.9299999195909655,0.0
1510354597152530176,30.0,nearterm_1e-10,0.0,1.5276395153222957,0.0
263711679169833728,30.0,nearterm_1e-10,0.0,0.8097134388605195,0.0
2203996935067479424,30.0,nearterm_1e-10,0.0,2.53335994140344,0.0
4637390027600793344,30.0,nearterm_1e-10,0.0,1.1131633582397473,0.0
3326809997366173568,30.0,nearterm_1e-10,0.0,1.4685740721311136,0.0
359891153870510208,30.0,nearterm_1e-10,0.0,4.046463008445096,0.002
3194157939562713472,30.0,nearterm_1e-10,0.0,1.2468444916344963,0.0
5654914887224650240,30.0,nearterm_1e-10,0.0,1.1686124252790056,0.0
132596261882440320,30.0,nearterm_1e-10,0.0,1.1449219904025387,0.0
4262558915898078720,30.0,nearterm_1e-10,0.0,0.9367271382018013,0.0
6149021149160162176,30.0,nearterm_1e-10,0.0,0.6874703619578888,0.0
2811411825899219200,30.0,nearterm_1e-10,0.0,4.055941191337389,0.0315
1900800964403932800,30.0,nearterm_1e-10,0.0,0.7066100652297059,0.0
6009934130839583488,30.0,nearterm_1e-10,0.0,0.4906533135315478,0.0
6872322302128569344,30.0,nearterm_1e-10,0.0,0.8431462283930578,0.0
4548634356637185792,30.0,nearterm_1e-10,0.0,1.7506991199896778,0.0
6527091903161249152,30.0,nearterm_1e-10,0.0,0.8433179245659362,0.0
2639759162947729408,30.0,nearterm_1e-10,0.0,0.7820680491519351,0.0
4100927786033595648,30.0,nearterm_1e-10,0.0,0.6771030444853461,0.0
5371882654157606912,30.0,nearterm_1e-10,0.0,3.1744731624229288,0.0
6775009922429158272,30.0,nearterm_1e-10,0.0,0.9112019195244911,0.0
665668979685323648,30.0,nearterm_1e-10,0.0,2.3835374143681403,0.0
1832230956847006592,30.0,nearterm_1e-10,0.0,6.187083548983924,0.0
6284599664533612544,30.0,nearterm_1e-10,0.0,1.6658995123052105,0.0
4641784775576833536,30.0,nearterm_1e-10,0.0,2.4346111599738305,0.0
4268847611328000256,30.0,nearterm_1e-10,0.6065,48.57874021435408,0.7065
4278176623883730176,30.0,nearterm_1e-10,0.0,0.5034728541655987,0.0
3267929947104804096,30.0,goal_1e-11,0.0,0.6489915572518912,0.0
5642877846246495360,30.0,goal_1e-11,0.0,0.6120046972348683,0.0
6603465041679231872,30.0,goal_1e-11,0.0,3.0794583036497896,0.0
2046526391572691328,30.0,goal_1e-11,0.0,1.0669400451147244,0.0
1016789806037687424,30.0,goal_1e-11,0.0,2.8038594807066746,0.0
5679711000438989312,30.0,goal_1e-11,0.0,0.28463519002803034,0.0
2995683893041962368,30.0,goal_1e-11,0.0,1.0135137650083428,0.0
5953737099445742848,30.0,goal_1e-11,0.0,0.7107866953209341,0.0
4615401513032729088,30.0,goal_1e-11,0.0,0.9787788339349659,0.0
3004510772390701696,30.0,goal_1e-11,0.0,1.3437829311452287,0.0
4069792782145982080,30.0,goal_1e-11,0.0,1.7003563186781654,0.0
5814108395520777856,30.0,goal_1e-11,0.0,1.4872088085938497,0.0
5962272505153840896,30.0,goal_1e-11,0.0,2.3070303681621445,0.0
2149291627370030336,30.0,goal_1e-11,0.0,0.6006303250654261,0.0
1323478680316848256,30.0,goal_1e-11,0.0,1.0334073737474863,0.0
5260504054704228736,30.0,goal_1e-11,0.0,2.362390398936117,0.0
5841541455445538432,30.0,goal_1e-11,0.0,0.7961357274078071,0.0
3867940039451965952,30.0,goal_1e-11,0.0,1.7987619482348414,0.0
87878642944408960,30.0,goal_1e-11,0.0,0.870648112144876,0.0
3151482384299373696,30.0,goal_1e-11,0.0,3.5862610404280213,0.0
6181044017297795968,30.0,goal_1e-11,0.0,6.400131613176403,0.0
803645216387486720,30.0,goal_1e-11,0.0,3.1695487770456974,0.0
5914174364643486592,30.0,goal_1e-11,0.0,1.402538686822393,0.0
4797122403959920768,30.0,goal_1e-11,0.0,2.0994124525080506,0.0
2575048093288905088,30.0,goal_1e-11,0.0,1.9844695484510628,0.0
4229058961259584256,30.0,goal_1e-11,0.0,3.6681137907324146,0.0
4561522831932945920,30.0,goal_1e-11,0.0,2.55795496660522,0.0
2208326773198648320,30.0,goal_1e-11,0.0,2.4002068423004608,0.0
6094128791359632256,30.0,goal_1e-11,0.0,1.9919798427677662,0.0
2769623267282593152,30.0,goal_1e-11,0.0,1.6621771753999868,0.0
5660807578058341120,30.0,goal_1e-11,0.0,1.3619407286543037,0.0
296496818102428544,30.0,goal_1e-11,0.0,1.8673330138229902,0.0
158752853233960704,30.0,goal_1e-11,0.0,0.45597135220066004,0.0
2259514678757235200,30.0,goal_1e-11,0.0,0.78029173187946,0.0
4227855172121285760,30.0,goal_1e-11,0.0,1.76743688931792,0.0
2196000977264781056,30.0,goal_1e-11,0.0,1.3573343881348163,0.0
1422765267499632640,30.0,goal_1e-11,0.0,1.2859565158495303,0.0
5351303408563334912,30.0,goal_1e-11,0.0,1.2008711431636312,0.0
1364263517961035648,30.0,goal_1e-11,0.0,0.9516282639868107,0.0
5274946414813497344,30.0,goal_1e-11,0.0,1.5681270087742933,0.0
3180960123537829760,30.0,goal_1e-11,0.0,2.2415850709633096,0.0
2757278951454094208,30.0,goal_1e-11,0.0,0.9412654228776004,0.0
2703346703520007168,30.0,goal_1e-11,0.0,0.8763046111014681,0.0
4002529127504102656,30.0,goal_1e-11,0.0,3.824358271524453,0.0
5421588692928858752,30.0,goal_1e-11,0.0,0.6861400559330609,0.0
6050388913137070848,30.0,goal_1e-11,0.0,0.7944556471879253,0.003
4345060775182367232,30.0,goal_1e-11,0.0,0.6404404994034973,0.0
992946106114748032,30.0,goal_1e-11,0.0,1.7811109231802256,0.0
676792841901784192,30.0,goal_1e-11,0.0,1.408647931810717,0.0
218953691837608960,30.0,goal_1e-11,0.0,1.1955828039852099,0.0
2482368024800833024,30.0,goal_1e-11,0.0,1.7473708980786442,0.0
4609966833215963392,30.0,goal_1e-11,0.0,1.0656536584767886,0.0
6844037812175117440,30.0,goal_1e-11,0.0,1.2910436156655505,0.0
6441225886185109632,30.0,goal_1e-11,0.0,1.450486696822337,0.0
1275271417631701504,30.0,goal_1e-11,0.0,1.1059640074958683,0.0
6490173906174556416,30.0,goal_1e-11,0.0,1.0455522226712206,0.0
5940429538445511808,30.0,goal_1e-11,0.0,3.544502629688166,0.0
3793148372312611456,30.0,goal_1e-11,0.0,1.254412005818018,0.0
3138662151736925568,30.0,goal_1e-11,0.0,0.803834956649029,0.0
5976199159903812736,30.0,goal_1e-11,0.0,0.6515019486560197,0.0
1504338722359357568,30.0,goal_1e-11,0.0,1.5884033059645652,0.0
1688451325954477184,30.0,goal_1e-11,0.0,2.076637235162511,0.0
5889045855385067136,30.0,goal_1e-11,0.0,0.7196220898093286,0.0
4081754605352170496,30.0,goal_1e-11,0.0,3.318776906038688,0.0015
2691146831736184576,30.0,goal_1e-11,0.0,1.1535957486628703,0.0
334398010409366400,30.0,goal_1e-11,0.0,1.3373377836129337,0.0
1383626089525174016,30.0,goal_1e-11,0.0,1.1269357968090585,0.0
3702063519102244480,30.0,goal_1e-11,0.0,3.0785303852038775,0.0
5423016683660491264,30.0,goal_1e-11,0.0,0.8048639278440795,0.0
2804852929801600768,30.0,goal_1e-11,0.0,4.07403573234574,0.0
3114023912926376448,30.0,goal_1e-11,0.0,1.1709846597992153,0.0
5524591457617244928,30.0,goal_1e-11,0.0,0.9781027122115176,0.0
4060366016201160320,30.0,goal_1e-11,0.0,0.0582060006928057,0.0
6694638847956909696,30.0,goal_1e-11,0.0,1.016875087649807,0.0
3039556915253606144,30.0,goal_1e-11,0.0,2.2141747290249083,0.0
6237927045205600000,30.0,goal_1e-11,0.0,0.6432574873042678,0.0
1878241773237645184,30.0,goal_1e-11,0.0,1.099553145603265,0.0
4288946748293342080,30.0,goal_1e-11,0.0,9.201156558489135,0.0
2337648311488015360,30.0,goal_1e-11,0.0,1.7284613844253771,0.0
4395214100433309184,30.0,goal_1e-11,0.0,2.9105497587152893,0.0
2796277112767076864,30.0,goal_1e-11,0.0,0.4290478240108057,0.0
6016504747910034432,30.0,goal_1e-11,0.0,0.7162255968309437,0.0
5166280100090122880,30.0,goal_1e-11,0.0,2.703791656491246,0.0
1130573557111974912,30.0,goal_1e-11,0.0,2.476985091199521,0.0
164738354017665664,30.0,goal_1e-11,0.0,0.14435855057699082,0.0
1761771910959772032,30.0,goal_1e-11,0.0,1.1150308235948818,0.0
1329848490477856768,30.0,goal_1e-11,0.0,9.702950200946969,0.0005
3311535375672171776,30.0,goal_1e-11,0.0,2.2053706024602424,0.0
6112272348126668800,30.0,goal_1e-11,0.0,1.6197310688756006,0.0
6755038496304470144,30.0,goal_1e-11,0.0,1.3456698667609719,0.0
4283053988756001920,30.0,goal_1e-11,0.0,1.153644898110498,0.0
2599647119044490496,30.0,goal_1e-11,0.0,1.3349796814487522,0.0
490441735713670528,30.0,goal_1e-11,0.0,1.1616121288844656,0.0
4934043968492272896,30.0,goal_1e-11,0.0,1.6744003116470008,0.0
2621100450623361280,30.0,goal_1e-11,0.0,7.222141709465859,0.001
1851315420672845056,30.0,goal_1e-11,0.0,1.562672773083771,0.0
5541455315986463104,30.0,goal_1e-11,0.0,0.7165940458894761,0.0
5976098417137532800,30.0,goal_1e-11,0.0,0.9374740308336856,0.0
28898090451449472,30.0,goal_1e-11,0.0,0.872089140975847,0.0
6592347918267168128,30.0,goal_1e-11,0.0,1.8547930624864073,0.0
5887064359268864256,30.0,goal_1e-11,0.0,0.28472410700376677,0.0
6518913495153329920,30.0,goal_1e-11,0.0,0.6955610914369754,0.0
4600878063941953280,30.0,goal_1e-11,0.0,1.15620934818455,0.0
992845122843798016,30.0,goal_1e-11,0.0,1.3028315380272562,0.0
3664521351702250752,30.0,goal_1e-11,0.0,4.170273463523045,0.0
3711953493050429568,30.0,goal_1e-11,0.0,1.6014792276543652,0.0
5473228871432372992,30.0,goal_1e-11,0.0,1.221796053938327,0.0
6752384069075512320,30.0,goal_1e-11,0.0,0.9634920810262619,0.0
4115513220094402048,30.0,goal_1e-11,0.0,0.5599445341979408,0.0
4602130957441446400,30.0,goal_1e-11,0.0,0.8461923759938877,0.0
377546664910219776,30.0,goal_1e-11,0.0,2.8249862576662363,0.0
4364333977066797056,30.0,goal_1e-11,0.0,0.3448618299006245,0.0
5768315046181771904,30.0,goal_1e-11,0.0,0.8644554851603912,0.0
123580919370477952,30.0,goal_1e-11,0.0,0.8390144427139404,0.0
4366334126156046976,30.0,goal_1e-11,0.0,0.628235734651331,0.0
4901782819863332608,30.0,goal_1e-11,0.0,4.432867132010844,0.0015
2151838817854979456,30.0,goal_1e-11,0.0,0.6823071185721009,0.0
1343460895402697600,30.0,goal_1e-11,0.0,2.5417155378580727,0.0005
6136053959995638016,30.0,goal_1e-11,0.0,0.9041948146838938,0.0
2221263218985851520,30.0,goal_1e-11,0.081,8.70024289519735,0.5125
4162186251740404608,30.0,goal_1e-11,0.0,2.8996321964364142,0.0285
1678399143976755584,30.0,goal_1e-11,0.0,2.4514893225296936,0.0
2704125913666895104,30.0,goal_1e-11,0.0,0.788483095351688,0.0
5000393997669149952,30.0,goal_1e-11,0.0,1.7033857628058902,0.0
2491206105423269504,30.0,goal_1e-11,0.0,3.04495764973063,0.0
6274538269849968512,30.0,goal_1e-11,0.0,0.9579643169908725,0.0
707365862223681408,30.0,goal_1e-11,0.0,0.9422847410762243,0.0
4735086373076351744,30.0,goal_1e-11,0.0,3.644350693406083,0.0
2799316059826451328,30.0,goal_1e-11,0.0,1.705154794587189,0.0
1875970079134757760,30.0,goal_1e-11,0.0,1.0367612238292438,0.0
1783649894544856960,30.0,goal_1e-11,0.0,0.9879324134234989,0.0
2554116930949289856,30.0,goal_1e-11,0.0,1.550988047274651,0.0
2753295523906432384,30.0,goal_1e-11,0.0,0.8458153723682752,0.0
886990809110955008,30.0,goal_1e-11,0.0,2.010480977682548,0.0
919018036639891968,30.0,goal_1e-11,0.0,2.4574713802023256,0.0
2833555985786735232,30.0,goal_1e-11,0.0,2.1673294962223046,0.0005
3023472056569280512,30.0,goal_1e-11,0.0,1.1909062479217922,0.0
868768602903736832,30.0,goal_1e-11,0.0,1.1364010561104692,0.0
5178460008866279808,30.0,goal_1e-11,0.0,1.2939776790595134,0.0
3004697238395042176,30.0,goal_1e-11,0.0,3.4347005090100975,0.001
2346247935526578688,30.0,goal_1e-11,0.0,1.1278295156203022,0.0
1933622971340170496,30.0,goal_1e-11,0.0,0.9556036267841485,0.0
1014188567684692224,30.0,goal_1e-11,0.0,1.1419911524525754,0.0
5466445022127902976,30.0,goal_1e-11,0.0,1.16236907889123,0.0
6681692893110527232,30.0,goal_1e-11,0.0,1.3385814772504758,0.0
5185560414440293632,30.0,goal_1e-11,0.0,3.0088315963186285,0.0
5800349145690204288,30.0,goal_1e-11,0.0,0.9663998343609594,0.0
4105409399796978944,30.0,goal_1e-11,0.0,0.6035068029183204,0.0
4708692944344873216,30.0,goal_1e-11,0.0,0.8041247263447162,0.0
2027994226190382848,30.0,goal_1e-11,0.0,0.8937833846573716,0.0
2511654375999952640,30.0,goal_1e-11,0.0,1.1986963213608397,0.0
5493261389176885632,30.0,goal_1e-11,0.0,1.4330904276527863,0.0
2240388880151078528,30.0,goal_1e-11,0.0,0.9944446526978084,0.0
5658455555185799040,30.0,goal_1e-11,0.0,0.7627139499349064,0.0
5052502602489649664,30.0,goal_1e-11,0.0,2.834208975536795,0.0
1979258613779627520,30.0,goal_1e-11,0.0,1.1626642249360162,0.0
446639254048922112,30.0,goal_1e-11,0.0,0.6398465837400561,0.0
5601915746720479104,30.0,goal_1e-11,0.0,1.2617490389650772,0.0
4776963682897871616,30.0,goal_1e-11,0.0,4.110682908925998,0.0
3280686721529098368,30.0,goal_1e-11,0.0,0.8448178328634836,0.0
1285339370727734400,30.0,goal_1e-11,0.0,1.502153958186673,0.0
5511484179500121088,30.0,goal_1e-11,0.0,1.122044821140681,0.0
519978157091449088,30.0,goal_1e-11,0.0,0.5518704726144159,0.0
3855789469596668544,30.0,goal_1e-11,0.0,0.5864703725971305,0.0
572054498112591744,30.0,goal_1e-11,0.0,0.6467242989036335,0.0
357842591908022912,30.0,goal_1e-11,0.0,0.6950239075500746,0.0
5927844322167316352,30.0,goal_1e-11,0.0,0.5906141656414147,0.0
2281306105868025600,30.0,goal_1e-11,0.0,1.5266968036807274,0.0
6342743866636102528,30.0,goal_1e-11,0.0,0.693652835233098,0.0
1690963263347609088,30.0,goal_1e-11,0.0,1.4404574842606288,0.0
1230823728796492672,30.0,goal_1e-11,0.0,1.1915907527439886,0.0
6411524297547089024,30.0,goal_1e-11,0.0,0.9391111624765774,0.0
2935813011016890752,30.0,goal_1e-11,0.0,0.9303099311194537,0.0
1510354597152530176,30.0,goal_1e-11,0.0,1.5291866392472393,0.0
263711679169833728,30.0,goal_1e-11,0.0,0.8113243097778011,0.0
2203996935067479424,30.0,goal_1e-11,0.0,2.5348979275812136,0.0
4637390027600793344,30.0,goal_1e-11,0.0,1.1145820506633082,0.0
3326809997366173568,30.0,goal_1e-11,0.0,1.4705568917671783,0.0
359891153870510208,30.0,goal_1e-11,0.0,4.100788584417234,0.002
3194157939562713472,30.0,goal_1e-11,0.0,1.248233067922017,0.0
5654914887224650240,30.0,goal_1e-11,0.0,1.1696941642939287,0.0
132596261882440320,30.0,goal_1e-11,0.0,1.1457819514855474,0.0
4262558915898078720,30.0,goal_1e-11,0.0,0.938306703475754,0.0
6149021149160162176,30.0,goal_1e-11,0.0,0.6876622595498922,0.0
2811411825899219200,30.0,goal_1e-11,0.0,4.151116279440746,0.0315
1900800964403932800,30.0,goal_1e-11,0.0,0.7068067095023249,0.0
6009934130839583488,30.0,goal_1e-11,0.0,0.4910527913884466,0.0
6872322302128569344,30.0,goal_1e-11,0.0,0.8436652528584173,0.0
4548634356637185792,30.0,goal_1e-11,0.0,1.7539592308346077,0.0
6527091903161249152,30.0,goal_1e-11,0.0,0.8436043886372051,0.0
2639759162947729408,30.0,goal_1e-11,0.0,0.7821960431966299,0.0
4100927786033595648,30.0,goal_1e-11,0.0,0.6782205503796293,0.0
5371882654157606912,30.0,goal_1e-11,0.0,3.1893800111937862,0.0
6775009922429158272,30.0,goal_1e-11,0.0,0.9130453126851807,0.0
665668979685323648,30.0,goal_1e-11,0.0,2.4009566052534552,0.0
1832230956847006592,30.0,goal_1e-11,0.0,6.202494493760976,0.0
6284599664533612544,30.0,goal_1e-11,0.0,1.6685836022264957,0.0
4641784775576833536,30.0,goal_1e-11,0.0,2.4382214190285776,0.0
4268847611328000256,30.0,goal_1e-11,0.647,63.386666859232925,0.7065
4278176623883730176,30.0,goal_1e-11,0.0,0.5035368191226341,0.0
3267929947104804096,100.0,current_1e-9,0.0,5.629645362590354,0.001
5642877846246495360,100.0,current_1e-9,0.0,5.919299416818636,0.0
6603465041679231872,100.0,current_1e-9,0.0,3.487037003096883,0.6765
2046526391572691328,100.0,current_1e-9,0.0,3.927231919142784,0.0585
1016789806037687424,100.0,current_1e-9,0.0,4.314816228616862,0.487
5679711000438989312,100.0,current_1e-9,0.0,2.6936337262206522,0.016
2995683893041962368,100.0,current_1e-9,0.0,5.263199592040139,0.0135
5953737099445742848,100.0,current_1e-9,0.0,3.4212110383773107,0.0875
4615401513032729088,100.0,current_1e-9,0.0,7.2645236838677505,0.0115
3004510772390701696,100.0,current_1e-9,0.0,6.509225223569036,0.0185
4069792782145982080,100.0,current_1e-9,0.0,7.58925550186358,0.1455
5814108395520777856,100.0,current_1e-9,0.0,6.00922966131469,0.054
5962272505153840896,100.0,current_1e-9,0.0,4.347537171461448,0.4095
2149291627370030336,100.0,current_1e-9,0.0,5.453237359832467,0.0
1323478680316848256,100.0,current_1e-9,0.0,1.9364697865631046,0.4315
5260504054704228736,100.0,current_1e-9,0.0,6.261386391876693,0.288
5841541455445538432,100.0,current_1e-9,0.0,3.028485786773445,0.181
3867940039451965952,100.0,current_1e-9,0.0,7.8828465057124655,0.041
87878642944408960,100.0,current_1e-9,0.0,6.718527792870857,0.0045
3151482384299373696,100.0,current_1e-9,0.0,4.222697398284723,0.6325
6181044017297795968,100.0,current_1e-9,0.0845,6.850889174948058,0.6985
803645216387486720,100.0,current_1e-9,0.0,8.57669307726311,0.1905
5914174364643486592,100.0,current_1e-9,0.0,2.8627448951809304,0.47
4797122403959920768,100.0,current_1e-9,0.0,6.171698178308996,0.2315
2575048093288905088,100.0,current_1e-9,0.0,9.437546068230297,0.0775
4229058961259584256,100.0,current_1e-9,0.0,4.091339467984138,0.683
4561522831932945920,100.0,current_1e-9,0.0,5.4824659914016305,0.378
2208326773198648320,100.0,current_1e-9,0.0,3.9999987209063836,0.4915
6094128791359632256,100.0,current_1e-9,0.0,4.925990661450939,0.4605
2769623267282593152,100.0,current_1e-9,0.0,2.4111070578755753,0.565
5660807578058341120,100.0,current_1e-9,0.0,5.674834407670514,0.034
296496818102428544,100.0,current_1e-9,0.0,4.854426762739391,0.169
158752853233960704,100.0,current_1e-9,0.0,4.495741468609376,0.005
2259514678757235200,100.0,current_1e-9,0.0,5.7523670533972595,0.0015
4227855172121285760,100.0,current_1e-9,0.0,7.99077759869626,0.122
2196000977264781056,100.0,current_1e-9,0.0,7.012571799381228,0.0225
1422765267499632640,100.0,current_1e-9,0.0,4.590488623732208,0.0575
5351303408563334912,100.0,current_1e-9,0.031,6.251561298683862,0.617
1364263517961035648,100.0,current_1e-9,0.0,6.657370407057342,0.004
5274946414813497344,100.0,current_1e-9,0.0,10.762578237228531,0.024
3180960123537829760,100.0,current_1e-9,0.0,4.309436118963954,0.4165
2757278951454094208,100.0,current_1e-9,0.0,7.198472640308908,0.005
2703346703520007168,100.0,current_1e-9,0.0,5.3154481247283405,0.006
4002529127504102656,100.0,current_1e-9,0.0,5.30155784975908,0.559
5421588692928858752,100.0,current_1e-9,0.0,5.717836052190959,0.0005
6050388913137070848,100.0,current_1e-9,0.0005,2.705522258785546,0.81
4345060775182367232,100.0,current_1e-9,0.0,5.110746030736311,0.0025
992946106114748032,100.0,current_1e-9,0.0,12.204243149830534,0.007
676792841901784192,100.0,current_1e-9,0.0,2.3184036581027585,0.5205
218953691837608960,100.0,current_1e-9,0.0,3.202377214120845,0.284
2482368024800833024,100.0,current_1e-9,0.0,3.486980984882501,0.362
4609966833215963392,100.0,current_1e-9,0.0,9.387946056782823,0.0
6844037812175117440,100.0,current_1e-9,0.0,1.5369523164336727,0.685
6441225886185109632,100.0,current_1e-9,0.0,3.6795320761744224,0.155
1275271417631701504,100.0,current_1e-9,0.0,6.983614006366667,0.007
6490173906174556416,100.0,current_1e-9,0.0,5.305094667052661,0.01
5940429538445511808,100.0,current_1e-9,0.0,8.5770977610124,0.2815
3793148372312611456,100.0,current_1e-9,0.0,8.884958113629754,0.002
3138662151736925568,100.0,current_1e-9,0.0,6.611188063633708,0.0005
5976199159903812736,100.0,current_1e-9,0.0,2.507335915459139,0.196
1504338722359357568,100.0,current_1e-9,0.0,2.721237102056057,0.4475
1688451325954477184,100.0,current_1e-9,0.0,7.515803172060913,0.04
5889045855385067136,100.0,current_1e-9,0.0,6.082686714957678,0.004
4081754605352170496,100.0,current_1e-9,0.0,2.5856486166207135,0.8185
2691146831736184576,100.0,current_1e-9,0.0,8.507867127855187,0.0055
334398010409366400,100.0,current_1e-9,0.0,2.2370394485888716,0.5105
1383626089525174016,100.0,current_1e-9,0.0,4.405490207069538,0.037
3702063519102244480,100.0,current_1e-9,0.0,4.838055982336479,0.491
5423016683660491264,100.0,current_1e-9,0.0,6.380323721691005,0.0
2804852929801600768,100.0,current_1e-9,0.0565,12.855809033646365,0.2915
3114023912926376448,100.0,current_1e-9,0.0,1.8592713348960173,0.542
5524591457617244928,100.0,current_1e-9,0.0,7.589507961904689,0.0
4060366016201160320,100.0,current_1e-9,0.0,0.6400123021741767,0.0195
6694638847956909696,100.0,current_1e-9,0.0,2.1289412096758333,0.358
3039556915253606144,100.0,current_1e-9,0.0,5.799217724201373,0.2395
6237927045205600000,100.0,current_1e-9,0.0,2.803075958899155,0.32
1878241773237645184,100.0,current_1e-9,0.0,6.954317175679937,0.0115
4288946748293342080,100.0,current_1e-9,0.2075,8.4961735335341,0.737
2337648311488015360,100.0,current_1e-9,0.0,7.953244568656826,0.0215
4395214100433309184,100.0,current_1e-9,0.0095,4.884726267220052,0.6715
2796277112767076864,100.0,current_1e-9,0.0,4.155474720505217,0.018
6016504747910034432,100.0,current_1e-9,0.0,7.037666489458517,0.0
5166280100090122880,100.0,current_1e-9,0.0,4.342840071269604,0.458
1130573557111974912,100.0,current_1e-9,0.0,5.8005650579886785,0.262
164738354017665664,100.0,current_1e-9,0.0,1.5657608607347244,0.0
1761771910959772032,100.0,current_1e-9,0.0,9.119296986318203,0.0005
1329848490477856768,100.0,current_1e-9,0.276,10.756878400684952,0.775
3311535375672171776,100.0,current_1e-9,0.0,5.767313040761336,0.4435
6112272348126668800,100.0,current_1e-9,0.0,6.316751533324027,0.053
6755038496304470144,100.0,current_1e-9,0.0,5.63623242046548,0.04
4283053988756001920,100.0,current_1e-9,0.0,3.2767511714823447,0.1905
2599647119044490496,100.0,current_1e-9,0.0,6.989259632096625,0.0215
490441735713670528,100.0,current_1e-9,0.0,2.912580116438576,0.2535
4934043968492272896,100.0,current_1e-9,0.0,1.9672141705027673,0.6845
2621100450623361280,100.0,current_1e-9,0.0695,5.5261570359500505,0.7875
1851315420672845056,100.0,current_1e-9,0.0,9.64733004576912,0.0155
5541455315986463104,100.0,current_1e-9,0.0,6.237910412155959,0.001
5976098417137532800,100.0,current_1e-9,0.0,5.175770373383764,0.061
28898090451449472,100.0,current_1e-9,0.0,6.386329040729022,0.004
6592347918267168128,100.0,current_1e-9,0.0,5.901645884537614,0.093
5887064359268864256,100.0,current_1e-9,0.0,2.7614455674549863,0.1
6518913495153329920,100.0,current_1e-9,0.0,6.11502689796175,0.0
4600878063941953280,100.0,current_1e-9,0.0,9.456131794241314,0.0
992845122843798016,100.0,current_1e-9,0.0,7.539690858528195,0.03
3664521351702250752,100.0,current_1e-9,0.0,6.394025120875263,0.4845
3711953493050429568,100.0,current_1e-9,0.0,11.09629983229469,0.0115
5473228871432372992,100.0,current_1e-9,0.0,9.323512371581277,0.001
6752384069075512320,100.0,current_1e-9,0.0,5.54788552423305,0.0055
4115513220094402048,100.0,current_1e-9,0.0,5.283520454245786,0.0
4602130957441446400,100.0,current_1e-9,0.0,6.949130380385398,0.0
377546664910219776,100.0,current_1e-9,0.0005,11.432701294032864,0.2025
4364333977066797056,100.0,current_1e-9,0.0,3.6220994665720547,0.0
5768315046181771904,100.0,current_1e-9,0.0,3.761904245031138,0.0605
123580919370477952,100.0,current_1e-9,0.0,6.953739416326168,0.002
4366334126156046976,100.0,current_1e-9,0.0,3.1137450809215625,0.1765
4901782819863332608,100.0,current_1e-9,0.0085,3.6964207054147984,0.7685
2151838817854979456,100.0,current_1e-9,0.0,6.5183068741499905,0.0
1343460895402697600,100.0,current_1e-9,0.0,2.2279257499898546,0.779
6136053959995638016,100.0,current_1e-9,0.0,6.7371759438075625,0.0025
2221263218985851520,100.0,current_1e-9,0.0075,2.089612096831649,0.9625
4162186251740404608,100.0,current_1e-9,0.002,1.97348701039448,0.897
1678399143976755584,100.0,current_1e-9,0.0,8.885320092350533,0.0915
2704125913666895104,100.0,current_1e-9,0.0,6.61322703118772,0.0015
5000393997669149952,100.0,current_1e-9,0.0,7.282781755257448,0.0445
2491206105423269504,100.0,current_1e-9,0.005,10.008044981885414,0.251
6274538269849968512,100.0,current_1e-9,0.0,2.602776547751507,0.2555
707365862223681408,100.0,current_1e-9,0.0,4.719443759734901,0.075
4735086373076351744,100.0,current_1e-9,0.0,3.700270395053529,0.712
2799316059826451328,100.0,current_1e-9,0.0,5.7993868204853785,0.0955
1875970079134757760,100.0,current_1e-9,0.0,4.393558618996062,0.0295
1783649894544856960,100.0,current_1e-9,0.0,7.453465403059814,0.0015
2554116930949289856,100.0,current_1e-9,0.0,11.14449199475106,0.004
2753295523906432384,100.0,current_1e-9,0.0,4.817249892284254,0.007
886990809110955008,100.0,current_1e-9,0.0,2.051639184092719,0.739
919018036639891968,100.0,current_1e-9,0.0,7.051481322761893,0.18
2833555985786735232,100.0,current_1e-9,0.0,2.443236648473751,0.7095
3023472056569280512,100.0,current_1e-9,0.0,2.711014980041782,0.2885
868768602903736832,100.0,current_1e-9,0.0,4.586774131750943,0.0335
5178460008866279808,100.0,current_1e-9,0.0,7.488859966777085,0.0245
3004697238395042176,100.0,current_1e-9,0.0,2.601716127435002,0.787
2346247935526578688,100.0,current_1e-9,0.0,2.282357692291332,0.647
1933622971340170496,100.0,current_1e-9,0.0,7.611498858698758,0.004
1014188567684692224,100.0,current_1e-9,0.0,3.948505343425389,0.06
5466445022127902976,100.0,current_1e-9,0.0,5.630849499415101,0.0835
6681692893110527232,100.0,current_1e-9,0.0,7.308495040412734,0.0175
5185560414440293632,100.0,current_1e-9,0.002,10.019915094796778,0.245
5800349145690204288,100.0,current_1e-9,0.0,3.9814294635595475,0.1135
4105409399796978944,100.0,current_1e-9,0.0,5.657652113973781,0.001
4708692944344873216,100.0,current_1e-9,0.0,6.502447413220509,0.0085
2027994226190382848,100.0,current_1e-9,0.0,5.863188376153458,0.002
2511654375999952640,100.0,current_1e-9,0.0,8.381588646486696,0.005
5493261389176885632,100.0,current_1e-9,0.0,8.459819130638149,0.0265
2240388880151078528,100.0,current_1e-9,0.0,1.7814063354615164,0.483
5658455555185799040,100.0,current_1e-9,0.0,3.806808063019318,0.047
5052502602489649664,100.0,current_1e-9,0.0,7.855159405705553,0.285
1979258613779627520,100.0,current_1e-9,0.0,2.9998992750249727,0.228
446639254048922112,100.0,current_1e-9,0.0,5.184439041379645,0.0105
5601915746720479104,100.0,current_1e-9,0.0,5.92260954905335,0.031
4776963682897871616,100.0,current_1e-9,0.1555,8.526925282874931,0.6605
3280686721529098368,100.0,current_1e-9,0.0,4.171212816115501,0.031
1285339370727734400,100.0,current_1e-9,0.0,11.441980964631126,0.013
5511484179500121088,100.0,current_1e-9,0.0,8.853529116672789,0.003
519978157091449088,100.0,current_1e-9,0.0,5.071868244471553,0.0
3855789469596668544,100.0,current_1e-9,0.0,5.771178101748515,0.0
572054498112591744,100.0,current_1e-9,0.0,5.788557355190165,0.0
357842591908022912,100.0,current_1e-9,0.0,6.177079449686407,0.0
5927844322167316352,100.0,current_1e-9,0.0,5.880715359641547,0.0
2281306105868025600,100.0,current_1e-9,0.0,10.42427847896286,0.008
6342743866636102528,100.0,current_1e-9,0.0,5.319179377389851,0.0
1690963263347609088,100.0,current_1e-9,0.0,5.304246278133376,0.049
1230823728796492672,100.0,current_1e-9,0.0,6.100454764433904,0.0085
6411524297547089024,100.0,current_1e-9,0.0,2.7374173652870923,0.1585
2935813011016890752,100.0,current_1e-9,0.0,7.063457844924054,0.0005
1510354597152530176,100.0,current_1e-9,0.0,5.967664465744156,0.1115
263711679169833728,100.0,current_1e-9,0.0,1.7680568178479976,0.4335
2203996935067479424,100.0,current_1e-9,0.0,13.99639404140116,0.072
4637390027600793344,100.0,current_1e-9,0.0,3.5156717167873013,0.1145
3326809997366173568,100.0,current_1e-9,0.0,4.570537836910873,0.1045
359891153870510208,100.0,current_1e-9,0.0005,2.890828237491066,0.7935
3194157939562713472,100.0,current_1e-9,0.0,4.39664626896428,0.095
5654914887224650240,100.0,current_1e-9,0.0,4.672731326416039,0.199
132596261882440320,100.0,current_1e-9,0.0,5.341325413001997,0.034
4262558915898078720,100.0,current_1e-9,0.0,2.369152387471573,0.3085
6149021149160162176,100.0,current_1e-9,0.0,5.607979080006761,0.001
2811411825899219200,100.0,current_1e-9,0.001,2.105359657565762,0.89
1900800964403932800,100.0,current_1e-9,0.0,5.765258798856643,0.0
6009934130839583488,100.0,current_1e-9,0.0,1.958978122989164,0.3175
6872322302128569344,100.0,current_1e-9,0.0,4.461287705836008,0.051
4548634356637185792,100.0,current_1e-9,0.0,4.358580936602172,0.223
6527091903161249152,100.0,current_1e-9,0.0,6.2802368936393576,0.001
2639759162947729408,100.0,current_1e-9,0.0,7.323659784148734,0.0
4100927786033595648,100.0,current_1e-9,0.0,1.6660675751060023,0.4555
5371882654157606912,100.0,current_1e-9,0.0,4.318974263951703,0.5745
6775009922429158272,100.0,current_1e-9,0.0,1.9883452287315349,0.3835
665668979685323648,100.0,current_1e-9,0.0,2.3967494818485524,0.7365
1832230956847006592,100.0,current_1e-9,0.1975,13.319247876874583,0.534
6284599664533612544,100.0,current_1e-9,0.0,4.5739881921847,0.244
4641784775576833536,100.0,current_1e-9,0.0,7.351579817073477,0.1745
4268847611328000256,100.0,current_1e-9,0.289,8.015385472681224,0.9825
4278176623883730176,100.0,current_1e-9,0.0,4.932827935086112,0.0
3267929947104804096,100.0,nearterm_1e-10,0.0,6.814285400269571,0.001
5642877846246495360,100.0,nearterm_1e-10,0.0,6.470118338767429,0.0
6603465041679231872,100.0,nearterm_1e-10,0.448,22.140307364730685,0.6765
2046526391572691328,100.0,nearterm_1e-10,0.0,10.575481010362994,0.0585
1016789806037687424,100.0,nearterm_1e-10,0.3115,22.52515951320548,0.487
5679711000438989312,100.0,nearterm_1e-10,0.0,3.0806108456154284,0.016
2995683893041962368,100.0,nearterm_1e-10,0.0,10.285374728566898,0.0135
5953737099445742848,100.0,nearterm_1e-10,0.0,7.351447893313422,0.0875
4615401513032729088,100.0,nearterm_1e-10,0.0,10.074302739736002,0.0115
3004510772390701696,100.0,nearterm_1e-10,0.0,13.275331415331511,0.0185
4069792782145982080,100.0,nearterm_1e-10,0.04,16.392606539371645,0.1455
5814108395520777856,100.0,nearterm_1e-10,0.0,14.585276155870032,0.054
5962272505153840896,100.0,nearterm_1e-10,0.2295,19.68051478018057,0.4095
2149291627370030336,100.0,nearterm_1e-10,0.0,6.286407883810377,0.0
1323478680316848256,100.0,nearterm_1e-10,0.0595,9.413850556362672,0.4315
5260504054704228736,100.0,nearterm_1e-10,0.1605,21.260945516536605,0.288
5841541455445538432,100.0,nearterm_1e-10,0.0,8.09074100550449,0.181
3867940039451965952,100.0,nearterm_1e-10,0.0015,17.197399470612552,0.041
87878642944408960,100.0,nearterm_1e-10,0.0,8.98694512167023,0.0045
3151482384299373696,100.0,nearterm_1e-10,0.443,25.516757872252285,0.6325
6181044017297795968,100.0,nearterm_1e-10,0.5805,41.228861079169945,0.6985
803645216387486720,100.0,nearterm_1e-10,0.1255,27.547535767551665,0.1905
5914174364643486592,100.0,nearterm_1e-10,0.1665,12.732135163832021,0.47
4797122403959920768,100.0,nearterm_1e-10,0.1185,19.197409044096457,0.2315
2575048093288905088,100.0,nearterm_1e-10,0.023,18.757944700749547,0.0775
4229058961259584256,100.0,nearterm_1e-10,0.4915,25.8128088910866,0.683
4561522831932945920,100.0,nearterm_1e-10,0.226,22.161814450525025,0.378
2208326773198648320,100.0,nearterm_1e-10,0.298,19.934813606519505,0.4915
6094128791359632256,100.0,nearterm_1e-10,0.243,18.101117854247175,0.4605
2769623267282593152,100.0,nearterm_1e-10,0.2485,13.708022512043138,0.565
5660807578058341120,100.0,nearterm_1e-10,0.0,13.395767842713767,0.034
296496818102428544,100.0,nearterm_1e-10,0.0535,17.275620787713663,0.169
158752853233960704,100.0,nearterm_1e-10,0.0,4.833881466576276,0.005
2259514678757235200,100.0,nearterm_1e-10,0.0,8.100524672003782,0.0015
4227855172121285760,100.0,nearterm_1e-10,0.038,17.07725816953965,0.122
2196000977264781056,100.0,nearterm_1e-10,0.0,13.452712964091859,0.0225
1422765267499632640,100.0,nearterm_1e-10,0.0,12.574965157966275,0.0575
5351303408563334912,100.0,nearterm_1e-10,0.2435,12.056646086130412,0.617
1364263517961035648,100.0,nearterm_1e-10,0.0,9.788542831773462,0.004
5274946414813497344,100.0,nearterm_1e-10,0.0,15.331959633624807,0.024
3180960123537829760,100.0,nearterm_1e-10,0.228,19.27722447040225,0.4165
2757278951454094208,100.0,nearterm_1e-10,0.0,9.55413482320447,0.005
2703346703520007168,100.0,nearterm_1e-10,0.0,9.01364725620229,0.006
4002529127504102656,100.0,nearterm_1e-10,0.412,28.64344477323222,0.559
5421588692928858752,100.0,nearterm_1e-10,0.0,7.202474672434515,0.0005
6050388913137070848,100.0,nearterm_1e-10,0.209,8.01862056044267,0.81
4345060775182367232,100.0,nearterm_1e-10,0.0,6.719280740753303,0.0025
992946106114748032,100.0,nearterm_1e-10,0.0,17.068457652113835,0.007
676792841901784192,100.0,nearterm_1e-10,0.1805,12.23829672774088,0.5205
218953691837608960,100.0,nearterm_1e-10,0.043,11.46149913024581,0.284
2482368024800833024,100.0,nearterm_1e-10,0.1635,15.546757099289731,0.362
4609966833215963392,100.0,nearterm_1e-10,0.0,10.821763515043015,0.0
6844037812175117440,100.0,nearterm_1e-10,0.216,10.06498741973931,0.685
6441225886185109632,100.0,nearterm_1e-10,0.016,13.38307812420723,0.155
1275271417631701504,100.0,nearterm_1e-10,0.0,11.200877621956057,0.007
6490173906174556416,100.0,nearterm_1e-10,0.0,10.550235585410311,0.01
5940429538445511808,100.0,nearterm_1e-10,0.208,30.00647848202005,0.2815
3793148372312611456,100.0,nearterm_1e-10,0.0,12.58329581091704,0.002
3138662151736925568,100.0,nearterm_1e-10,0.0,8.327304010536468,0.0005
5976199159903812736,100.0,nearterm_1e-10,0.0,6.6398727702058,0.196
1504338722359357568,100.0,nearterm_1e-10,0.178,13.737855876497594,0.4475
1688451325954477184,100.0,nearterm_1e-10,0.009,19.49000874159873,0.04
5889045855385067136,100.0,nearterm_1e-10,0.0,7.518984334603375,0.004
4081754605352170496,100.0,nearterm_1e-10,0.5045,19.692081882406928,0.8185
2691146831736184576,100.0,nearterm_1e-10,0.0,11.71765433502119,0.0055
334398010409366400,100.0,nearterm_1e-10,0.1695,11.707360290046047,0.5105
1383626089525174016,100.0,nearterm_1e-10,0.0,11.151793559373294,0.037
3702063519102244480,100.0,nearterm_1e-10,0.3385,24.48697198269135,0.491
5423016683660491264,100.0,nearterm_1e-10,0.0,8.32456473044487,0.0
2804852929801600768,100.0,nearterm_1e-10,0.2275,33.946904153238286,0.2915
3114023912926376448,100.0,nearterm_1e-10,0.1255,10.176111585634022,0.542
5524591457617244928,100.0,nearterm_1e-10,0.0,9.922349323652815,0.0
4060366016201160320,100.0,nearterm_1e-10,0.0,0.6430659390274575,0.0195
6694638847956909696,100.0,nearterm_1e-10,0.0385,9.5149745630973,0.358
3039556915253606144,100.0,nearterm_1e-10,0.1265,19.955488592691925,0.2395
6237927045205600000,100.0,nearterm_1e-10,0.0,6.573562965249256,0.32
1878241773237645184,100.0,nearterm_1e-10,0.0,11.049738688417023,0.0115
4288946748293342080,100.0,nearterm_1e-10,0.6515,53.30286191162131,0.737
2337648311488015360,100.0,nearterm_1e-10,0.0,16.431014916371353,0.0215
4395214100433309184,100.0,nearterm_1e-10,0.4605,23.704415724192742,0.6715
2796277112767076864,100.0,nearterm_1e-10,0.0,4.588937131601824,0.018
6016504747910034432,100.0,nearterm_1e-10,0.0,7.50567913854884,0.0
5166280100090122880,100.0,nearterm_1e-10,0.295,22.080427306078025,0.458
1130573557111974912,100.0,nearterm_1e-10,0.148,21.78283645646747,0.262
164738354017665664,100.0,nearterm_1e-10,0.0,1.5798694089773302,0.0
1761771910959772032,100.0,nearterm_1e-10,0.0,11.219387297479964,0.0005
1329848490477856768,100.0,nearterm_1e-10,0.683,59.16327171889612,0.775
3311535375672171776,100.0,nearterm_1e-10,0.247,19.512873446006715,0.4435
6112272348126668800,100.0,nearterm_1e-10,0.0,15.571237111525374,0.053
6755038496304470144,100.0,nearterm_1e-10,0.0,13.203379877642643,0.04
4283053988756001920,100.0,nearterm_1e-10,0.0015,11.102620416994919,0.1905
2599647119044490496,100.0,nearterm_1e-10,0.0,13.270918938458214,0.0215
490441735713670528,100.0,nearterm_1e-10,0.0255,11.084475160804814,0.2535
4934043968492272896,100.0,nearterm_1e-10,0.2965,12.77265970737798,0.6845
2621100450623361280,100.0,nearterm_1e-10,0.64,39.43023036775703,0.7875
1851315420672845056,100.0,nearterm_1e-10,0.0,15.35453848871436,0.0155
5541455315986463104,100.0,nearterm_1e-10,0.0,7.460128164032051,0.001
5976098417137532800,100.0,nearterm_1e-10,0.0,9.585096187218184,0.061
28898090451449472,100.0,nearterm_1e-10,0.0,8.936880713191005,0.004
6592347918267168128,100.0,nearterm_1e-10,0.019,17.429418578134474,0.093
5887064359268864256,100.0,nearterm_1e-10,0.0,3.084896506769504,0.1
6518913495153329920,100.0,nearterm_1e-10,0.0,7.257891030667315,0.0
4600878063941953280,100.0,nearterm_1e-10,0.0,11.714171986574987,0.0
992845122843798016,100.0,nearterm_1e-10,0.0,12.932751367757788,0.03
3664521351702250752,100.0,nearterm_1e-10,0.3725,31.359982974255196,0.4845
3711953493050429568,100.0,nearterm_1e-10,0.0,15.71319087261633,0.0115
5473228871432372992,100.0,nearterm_1e-10,0.0,12.304472213137647,0.001
6752384069075512320,100.0,nearterm_1e-10,0.0,9.796299942450288,0.0055
4115513220094402048,100.0,nearterm_1e-10,0.0,5.924150670270841,0.0
4602130957441446400,100.0,nearterm_1e-10,0.0,8.754072491557297,0.0
377546664910219776,100.0,nearterm_1e-10,0.1275,25.374963772823364,0.2025
4364333977066797056,100.0,nearterm_1e-10,0.0,3.710000927693322,0.0
5768315046181771904,100.0,nearterm_1e-10,0.0,8.83778160504796,0.0605
123580919370477952,100.0,nearterm_1e-10,0.0,8.720227805724157,0.002
4366334126156046976,100.0,nearterm_1e-10,0.0,6.536999529587637,0.1765
4901782819863332608,100.0,nearterm_1e-10,0.552,26.52120193512246,0.7685
2151838817854979456,100.0,nearterm_1e-10,0.0,7.115141812064546,0.0
1343460895402697600,100.0,nearterm_1e-10,0.435,16.50764360793662,0.779
6136053959995638016,100.0,nearterm_1e-10,0.0,9.269018800079294,0.0025
2221263218985851520,100.0,nearterm_1e-10,0.579,19.903685146532332,0.9625
4162186251740404608,100.0,nearterm_1e-10,0.482,15.992352926771614,0.897
1678399143976755584,100.0,nearterm_1e-10,0.04,22.640419284140236,0.0915
2704125913666895104,100.0,nearterm_1e-10,0.0,8.139257305753254,0.0015
5000393997669149952,100.0,nearterm_1e-10,0.0,16.461142053770196,0.0445
2491206105423269504,100.0,nearterm_1e-10,0.1705,26.89714123474839,0.251
6274538269849968512,100.0,nearterm_1e-10,0.0,9.349266884184333,0.2555
707365862223681408,100.0,nearterm_1e-10,0.0,9.54134116290127,0.075
4735086373076351744,100.0,nearterm_1e-10,0.4735,24.541220836242996,0.712
2799316059826451328,100.0,nearterm_1e-10,0.0105,16.23755639946187,0.0955
1875970079134757760,100.0,nearterm_1e-10,0.0,10.45175745369662,0.0295
1783649894544856960,100.0,nearterm_1e-10,0.0,10.115486076470246,0.0015
2554116930949289856,100.0,nearterm_1e-10,0.0,15.251665050819556,0.004
2753295523906432384,100.0,nearterm_1e-10,0.0,8.687394248055483,0.007
886990809110955008,100.0,nearterm_1e-10,0.3515,14.268916858739386,0.739
919018036639891968,100.0,nearterm_1e-10,0.097,22.06633399098972,0.18
2833555985786735232,100.0,nearterm_1e-10,0.3755,15.937759012137038,0.7095
3023472056569280512,100.0,nearterm_1e-10,0.0435,11.204448143616919,0.2885
868768602903736832,100.0,nearterm_1e-10,0.0,11.339427933207189,0.0335
5178460008866279808,100.0,nearterm_1e-10,0.0,12.948104993331128,0.0245
3004697238395042176,100.0,nearterm_1e-10,0.4735,19.894649793658427,0.787
2346247935526578688,100.0,nearterm_1e-10,0.212,10.415257581071371,0.647
1933622971340170496,100.0,nearterm_1e-10,0.0,9.800297949874068,0.004
1014188567684692224,100.0,nearterm_1e-10,0.0,11.232598973505667,0.06
5466445022127902976,100.0,nearterm_1e-10,0.0,11.656589666401096,0.0835
6681692893110527232,100.0,nearterm_1e-10,0.0,13.042370916966027,0.0175
5185560414440293632,100.0,nearterm_1e-10,0.1685,26.669090952788995,0.245
5800349145690204288,100.0,nearterm_1e-10,0.0,9.739143948741473,0.1135
4105409399796978944,100.0,nearterm_1e-10,0.0,6.363187524602145,0.001
4708692944344873216,100.0,nearterm_1e-10,0.0,8.334153066019171,0.0085
2027994226190382848,100.0,nearterm_1e-10,0.0,9.192749290857602,0.002
2511654375999952640,100.0,nearterm_1e-10,0.0,12.067015106983352,0.005
5493261389176885632,100.0,nearterm_1e-10,0.0,14.12010561394339,0.0265
2240388880151078528,100.0,nearterm_1e-10,0.0635,8.86780334024017,0.483
5658455555185799040,100.0,nearterm_1e-10,0.0,7.881031078736122,0.047
5052502602489649664,100.0,nearterm_1e-10,0.1865,25.03299767235224,0.285
1979258613779627520,100.0,nearterm_1e-10,0.0135,11.089287272145748,0.228
446639254048922112,100.0,nearterm_1e-10,0.0,6.711382099288505,0.0105
5601915746720479104,100.0,nearterm_1e-10,0.0,12.583116698912146,0.031
4776963682897871616,100.0,nearterm_1e-10,0.5285,33.415273659029246,0.6605
3280686721529098368,100.0,nearterm_1e-10,0.0,8.617159030973944,0.031
1285339370727734400,100.0,nearterm_1e-10,0.0,14.792482905693754,0.013
5511484179500121088,100.0,nearterm_1e-10,0.0,11.385787901898475,0.003
519978157091449088,100.0,nearterm_1e-10,0.0,5.820895630236287,0.0
3855789469596668544,100.0,nearterm_1e-10,0.0,6.164713967992837,0.0
572054498112591744,100.0,nearterm_1e-10,0.0,6.796575053186985,0.0
357842591908022912,100.0,nearterm_1e-10,0.0,7.222181630916399,0.0
5927844322167316352,100.0,nearterm_1e-10,0.0,6.2409810917646205,0.0
2281306105868025600,100.0,nearterm_1e-10,0.0,15.01051808188797,0.008
6342743866636102528,100.0,nearterm_1e-10,0.0,7.216857776576076,0.0
1690963263347609088,100.0,nearterm_1e-10,0.0,13.877483853692322,0.049
1230823728796492672,100.0,nearterm_1e-10,0.0,11.968552477191544,0.0085
6411524297547089024,100.0,nearterm_1e-10,0.0,9.193109440678546,0.1585
2935813011016890752,100.0,nearterm_1e-10,0.0,9.574162362170723,0.0005
1510354597152530176,100.0,nearterm_1e-10,0.017,14.844956387318831,0.1115
263711679169833728,100.0,nearterm_1e-10,0.0225,7.677564294543386,0.4335
2203996935067479424,100.0,nearterm_1e-10,0.026,23.466175674032453,0.072
4637390027600793344,100.0,nearterm_1e-10,0.0,10.934952062166548,0.1145
3326809997366173568,100.0,nearterm_1e-10,0.002,14.06958176926725,0.1045
359891153870510208,100.0,nearterm_1e-10,0.511,22.61910244972659,0.7935
3194157939562713472,100.0,nearterm_1e-10,0.0,12.141504322793319,0.095
5654914887224650240,100.0,nearterm_1e-10,0.0105,11.44542257224659,0.199
132596261882440320,100.0,nearterm_1e-10,0.0,11.424952139408614,0.034
4262558915898078720,100.0,nearterm_1e-10,0.0115,9.099517309103442,0.3085
6149021149160162176,100.0,nearterm_1e-10,0.0,7.201735483463247,0.001
2811411825899219200,100.0,nearterm_1e-10,0.5135,18.250596759539352,0.89
1900800964403932800,100.0,nearterm_1e-10,0.0,7.392677672498769,0.0
6009934130839583488,100.0,nearterm_1e-10,0.0,5.10360022434798,0.3175
6872322302128569344,100.0,nearterm_1e-10,0.0,8.687922056509615,0.051
4548634356637185792,100.0,nearterm_1e-10,0.0775,16.142335399329927,0.223
6527091903161249152,100.0,nearterm_1e-10,0.0,8.660838315561861,0.001
2639759162947729408,100.0,nearterm_1e-10,0.0,8.098126980254191,0.0
4100927786033595648,100.0,nearterm_1e-10,0.0,6.650140404957721,0.4555
5371882654157606912,100.0,nearterm_1e-10,0.407,24.372681027038656,0.5745
6775009922429158272,100.0,nearterm_1e-10,0.0185,8.608998168101513,0.3835
665668979685323648,100.0,nearterm_1e-10,0.408,16.495568054321954,0.7365
1832230956847006592,100.0,nearterm_1e-10,0.462,46.85768947107627,0.534
6284599664533612544,100.0,nearterm_1e-10,0.0735,15.464695536710773,0.244
4641784775576833536,100.0,nearterm_1e-10,0.098,22.064389446492708,0.1745
4268847611328000256,100.0,nearterm_1e-10,0.837,76.135509014607,0.9825
4278176623883730176,100.0,nearterm_1e-10,0.0,5.295186565761451,0.0
3267929947104804096,100.0,goal_1e-11,0.0,6.843393875458594,0.001
5642877846246495360,100.0,goal_1e-11,0.0,6.484711462452199,0.0
6603465041679231872,100.0,goal_1e-11,0.5185,29.118219002556863,0.6765
2046526391572691328,100.0,goal_1e-11,0.0,10.995781167566227,0.0585
1016789806037687424,100.0,goal_1e-11,0.3535,26.72314660092019,0.487
5679711000438989312,100.0,goal_1e-11,0.0,3.0898386848993633,0.016
2995683893041962368,100.0,goal_1e-11,0.0,10.48137513978908,0.0135
5953737099445742848,100.0,goal_1e-11,0.0,7.5244180166573065,0.0875
4615401513032729088,100.0,goal_1e-11,0.0,10.14915752948045,0.0115
3004510772390701696,100.0,goal_1e-11,0.0,13.558570840153596,0.0185
4069792782145982080,100.0,goal_1e-11,0.042,16.795159918765574,0.1455
5814108395520777856,100.0,goal_1e-11,0.0,15.048880617298877,0.054
5962272505153840896,100.0,goal_1e-11,0.2615,22.27969622847911,0.4095
2149291627370030336,100.0,goal_1e-11,0.0,6.307033233089882,0.0
1323478680316848256,100.0,goal_1e-11,0.102,10.830683483261543,0.4315
5260504054704228736,100.0,goal_1e-11,0.1735,22.71496554149736,0.288
5841541455445538432,100.0,goal_1e-11,0.0,8.402024146296101,0.181
3867940039451965952,100.0,goal_1e-11,0.003,17.631798485083714,0.041
87878642944408960,100.0,goal_1e-11,0.0,9.045610206368766,0.0045
3151482384299373696,100.0,goal_1e-11,0.5005,32.77552834170767,0.6325
6181044017297795968,100.0,goal_1e-11,0.621,52.95911273450933,0.6985
803645216387486720,100.0,goal_1e-11,0.1325,29.2318010547899,0.1905
5914174364643486592,100.0,goal_1e-11,0.1985,14.297383710603611,0.47
4797122403959920768,100.0,goal_1e-11,0.128,20.281351755981813,0.2315
2575048093288905088,100.0,goal_1e-11,0.025,19.14020771092426,0.0775
4229058961259584256,100.0,goal_1e-11,0.5485,33.85663208092622,0.683
4561522831932945920,100.0,goal_1e-11,0.2465,24.411223229148586,0.378
2208326773198648320,100.0,goal_1e-11,0.336,23.22756566595877,0.4915
6094128791359632256,100.0,goal_1e-11,0.262,19.566183955175212,0.4605
2769623267282593152,100.0,goal_1e-11,0.3005,16.813365741318915,0.565
5660807578058341120,100.0,goal_1e-11,0.0,13.795602960925601,0.034
296496818102428544,100.0,goal_1e-11,0.062,18.56234508971117,0.169
158752853233960704,100.0,goal_1e-11,0.0,4.84306548760688,0.005
2259514678757235200,100.0,goal_1e-11,0.0,8.163225403425313,0.0015
4227855172121285760,100.0,goal_1e-11,0.043,17.485689894622038,0.122
2196000977264781056,100.0,goal_1e-11,0.0,13.7003616667323,0.0225
1422765267499632640,100.0,goal_1e-11,0.0,13.096081583215309,0.0575
5351303408563334912,100.0,goal_1e-11,0.2505,12.280513889299089,0.617
1364263517961035648,100.0,goal_1e-11,0.0,9.876044210424178,0.004
5274946414813497344,100.0,goal_1e-11,0.0,15.457223013836467,0.024
3180960123537829760,100.0,goal_1e-11,0.261,21.741334054091382,0.4165
2757278951454094208,100.0,goal_1e-11,0.0,9.614692280536646,0.005
2703346703520007168,100.0,goal_1e-11,0.0,9.133654051673462,0.006
4002529127504102656,100.0,goal_1e-11,0.4475,34.60433585216284,0.559
5421588692928858752,100.0,goal_1e-11,0.0,7.239403469730243,0.0005
6050388913137070848,100.0,goal_1e-11,0.225,8.406386496134182,0.81
4345060775182367232,100.0,goal_1e-11,0.0,6.759926092940679,0.0025
992946106114748032,100.0,goal_1e-11,0.0,17.199958917895692,0.007
676792841901784192,100.0,goal_1e-11,0.2295,14.50695795284953,0.5205
218953691837608960,100.0,goal_1e-11,0.0585,12.318754597716895,0.284
2482368024800833024,100.0,goal_1e-11,0.185,17.487666283909743,0.362
4609966833215963392,100.0,goal_1e-11,0.0,10.857818904933572,0.0
6844037812175117440,100.0,goal_1e-11,0.318,13.428065882176627,0.685
6441225886185109632,100.0,goal_1e-11,0.0255,14.452116116317512,0.155
1275271417631701504,100.0,goal_1e-11,0.0,11.330214213953331,0.007
6490173906174556416,100.0,goal_1e-11,0.0,10.76040589431846,0.01
5940429538445511808,100.0,goal_1e-11,0.2175,32.21644745910115,0.2815
3793148372312611456,100.0,goal_1e-11,0.0,12.6837623231754,0.002
3138662151736925568,100.0,goal_1e-11,0.0,8.370268257743172,0.0005
5976199159903812736,100.0,goal_1e-11,0.0,6.89017659670042,0.196
1504338722359357568,100.0,goal_1e-11,0.225,16.055701369446172,0.4475
1688451325954477184,100.0,goal_1e-11,0.011,20.21685837838323,0.04
5889045855385067136,100.0,goal_1e-11,0.0,7.5545097879460315,0.004
4081754605352170496,100.0,goal_1e-11,0.6235,31.17966641538521,0.8185
2691146831736184576,100.0,goal_1e-11,0.0,11.802924559103312,0.0055
334398010409366400,100.0,goal_1e-11,0.219,13.830141334098895,0.5105
1383626089525174016,100.0,goal_1e-11,0.0,11.540427412678815,0.037
3702063519102244480,100.0,goal_1e-11,0.3705,28.791499713900258,0.491
5423016683660491264,100.0,goal_1e-11,0.0,8.373808153035489,0.0
2804852929801600768,100.0,goal_1e-11,0.234,35.33036991567065,0.2915
3114023912926376448,100.0,goal_1e-11,0.191,12.23666045090543,0.542
5524591457617244928,100.0,goal_1e-11,0.0,9.981818814488822,0.0
4060366016201160320,100.0,goal_1e-11,0.0,0.6432331968305787,0.0195
6694638847956909696,100.0,goal_1e-11,0.064,10.681495342082641,0.358
3039556915253606144,100.0,goal_1e-11,0.1355,21.361483573758857,0.2395
6237927045205600000,100.0,goal_1e-11,0.0,6.763355011209003,0.32
1878241773237645184,100.0,goal_1e-11,0.0,11.174656981276428,0.0115
4288946748293342080,100.0,goal_1e-11,0.689,70.61019436492936,0.737
2337648311488015360,100.0,goal_1e-11,0.0,16.799930040008956,0.0215
4395214100433309184,100.0,goal_1e-11,0.494,27.419413476946545,0.6715
2796277112767076864,100.0,goal_1e-11,0.0,4.600080842838667,0.018
6016504747910034432,100.0,goal_1e-11,0.0,7.51895974174368,0.0
5166280100090122880,100.0,goal_1e-11,0.325,25.903812912185245,0.458
1130573557111974912,100.0,goal_1e-11,0.1575,23.65269786000484,0.262
164738354017665664,100.0,goal_1e-11,0.0,1.5805392530738638,0.0
1761771910959772032,100.0,goal_1e-11,0.0,11.27171391503239,0.0005
1329848490477856768,100.0,goal_1e-11,0.7145,72.9532884898271,0.775
3311535375672171776,100.0,goal_1e-11,0.269,20.889435249667905,0.4435
6112272348126668800,100.0,goal_1e-11,0.002,16.087658345099186,0.053
6755038496304470144,100.0,goal_1e-11,0.0,13.59160052794583,0.04
4283053988756001920,100.0,goal_1e-11,0.011,11.843289463779492,0.1905
2599647119044490496,100.0,goal_1e-11,0.0,13.509026610752557,0.0215
490441735713670528,100.0,goal_1e-11,0.0445,12.031198006135567,0.2535
4934043968492272896,100.0,goal_1e-11,0.3915,16.9898900851411,0.6845
2621100450623361280,100.0,goal_1e-11,0.7055,58.65261406440839,0.7875
1851315420672845056,100.0,goal_1e-11,0.0,15.529582924120161,0.0155
5541455315986463104,100.0,goal_1e-11,0.0,7.490383798312417,0.001
5976098417137532800,100.0,goal_1e-11,0.0,9.744887509902888,0.061
28898090451449472,100.0,goal_1e-11,0.0,9.004984517743189,0.004
6592347918267168128,100.0,goal_1e-11,0.025,18.29494221912692,0.093
5887064359268864256,100.0,goal_1e-11,0.0,3.0928615004428495,0.1
6518913495153329920,100.0,goal_1e-11,0.0,7.2860730298017735,0.0
4600878063941953280,100.0,goal_1e-11,0.0,11.770725544778024,0.0
992845122843798016,100.0,goal_1e-11,0.0,13.112781105940059,0.03
3664521351702250752,100.0,goal_1e-11,0.3995,36.684491050312474,0.4845
3711953493050429568,100.0,goal_1e-11,0.0,15.839300482390684,0.0115
5473228871432372992,100.0,goal_1e-11,0.0,12.381386890213486,0.001
6752384069075512320,100.0,goal_1e-11,0.0,9.941326905958176,0.0055
4115513220094402048,100.0,goal_1e-11,0.0,5.940384228479228,0.0
4602130957441446400,100.0,goal_1e-11,0.0,8.79926725726317,0.0
377546664910219776,100.0,goal_1e-11,0.13,26.05503928450783,0.2025
4364333977066797056,100.0,goal_1e-11,0.0,3.713185002370434,0.0
5768315046181771904,100.0,goal_1e-11,0.0,9.093839538676814,0.0605
123580919370477952,100.0,goal_1e-11,0.0,8.764412722099573,0.002
4366334126156046976,100.0,goal_1e-11,0.0,6.681908088696231,0.1765
4901782819863332608,100.0,goal_1e-11,0.635,39.404773767902505,0.7685
2151838817854979456,100.0,goal_1e-11,0.0,7.1309913817637725,0.0
1343460895402697600,100.0,goal_1e-11,0.5555,24.956694422806184,0.779
6136053959995638016,100.0,goal_1e-11,0.0,9.335878381910993,0.0025
2221263218985851520,100.0,goal_1e-11,0.8265,67.71702414888408,0.9625
4162186251740404608,100.0,goal_1e-11,0.6365,27.955948126970444,0.897
1678399143976755584,100.0,goal_1e-11,0.041,23.454073346991617,0.0915
2704125913666895104,100.0,goal_1e-11,0.0,8.177073084532507,0.0015
5000393997669149952,100.0,goal_1e-11,0.0015,16.908685337875514,0.0445
2491206105423269504,100.0,goal_1e-11,0.1785,28.009186255450526,0.251
6274538269849968512,100.0,goal_1e-11,0.0095,10.045774415823663,0.2555
707365862223681408,100.0,goal_1e-11,0.0,9.738325513402948,0.075
4735086373076351744,100.0,goal_1e-11,0.5525,33.54691410918864,0.712
2799316059826451328,100.0,goal_1e-11,0.0125,16.95146765651823,0.0955
1875970079134757760,100.0,goal_1e-11,0.0,10.765185520748929,0.0295
1783649894544856960,100.0,goal_1e-11,0.0,10.185186523933114,0.0015
2554116930949289856,100.0,goal_1e-11,0.0,15.360318875913737,0.004
2753295523906432384,100.0,goal_1e-11,0.0,8.822971761462247,0.007
886990809110955008,100.0,goal_1e-11,0.461,20.125429180440545,0.739
919018036639891968,100.0,goal_1e-11,0.1025,23.333901437496664,0.18
2833555985786735232,100.0,goal_1e-11,0.463,21.37295059851349,0.7095
3023472056569280512,100.0,goal_1e-11,0.068,12.357782304348762,0.2885
868768602903736832,100.0,goal_1e-11,0.0,11.712511163180823,0.0335
5178460008866279808,100.0,goal_1e-11,0.0,13.131508364549902,0.0245
3004697238395042176,100.0,goal_1e-11,0.594,32.07723769080242,0.787
2346247935526578688,100.0,goal_1e-11,0.262,11.763607571508786,0.647
1933622971340170496,100.0,goal_1e-11,0.0,9.85581633672628,0.004
1014188567684692224,100.0,goal_1e-11,0.0,11.73828461222428,0.06
5466445022127902976,100.0,goal_1e-11,0.0,11.912571632821088,0.0835
6681692893110527232,100.0,goal_1e-11,0.0,13.2452067936169,0.0175
5185560414440293632,100.0,goal_1e-11,0.174,27.740432366449763,0.245
5800349145690204288,100.0,goal_1e-11,0.0,10.05010648387242,0.1135
4105409399796978944,100.0,goal_1e-11,0.0,6.381096972760515,0.001
4708692944344873216,100.0,goal_1e-11,0.0,8.38020554526776,0.0085
2027994226190382848,100.0,goal_1e-11,0.0,9.29186409824075,0.002
2511654375999952640,100.0,goal_1e-11,0.0,12.168531518481839,0.005
5493261389176885632,100.0,goal_1e-11,0.0,14.303101570325145,0.0265
2240388880151078528,100.0,goal_1e-11,0.115,10.315928354745989,0.483
5658455555185799040,100.0,goal_1e-11,0.0,8.051232711892597,0.047
5052502602489649664,100.0,goal_1e-11,0.1945,26.52640177582876,0.285
1979258613779627520,100.0,goal_1e-11,0.025,11.979616722152004,0.228
446639254048922112,100.0,goal_1e-11,0.0,6.749613101629093,0.0105
5601915746720479104,100.0,goal_1e-11,0.0,12.877106653135446,0.031
4776963682897871616,100.0,goal_1e-11,0.542,36.606429451426465,0.6605
3280686721529098368,100.0,goal_1e-11,0.0,8.803559261536725,0.031
1285339370727734400,100.0,goal_1e-11,0.0,14.877917360471345,0.013
5511484179500121088,100.0,goal_1e-11,0.0,11.450108571866684,0.003
519978157091449088,100.0,goal_1e-11,0.0,5.839547166030065,0.0
3855789469596668544,100.0,goal_1e-11,0.0,6.175754929454094,0.0
572054498112591744,100.0,goal_1e-11,0.0,6.821479456747651,0.0
357842591908022912,100.0,goal_1e-11,0.0,7.2480101430512365,0.0
5927844322167316352,100.0,goal_1e-11,0.0,6.251347580916135,0.0
2281306105868025600,100.0,goal_1e-11,0.0,15.137451868085765,0.008
6342743866636102528,100.0,goal_1e-11,0.0,7.265918977694442,0.0
1690963263347609088,100.0,goal_1e-11,0.0,14.403163431157282,0.049
1230823728796492672,100.0,goal_1e-11,0.0,12.200187869817851,0.0085
6411524297547089024,100.0,goal_1e-11,0.0,9.786159275695484,0.1585
2935813011016890752,100.0,goal_1e-11,0.0,9.639662438836636,0.0005
1510354597152530176,100.0,goal_1e-11,0.0195,15.344243521070261,0.1115
263711679169833728,100.0,goal_1e-11,0.05,8.561021545262891,0.4335
2203996935067479424,100.0,goal_1e-11,0.0275,23.77648232990426,0.072
4637390027600793344,100.0,goal_1e-11,0.0,11.531801016846686,0.1145
3326809997366173568,100.0,goal_1e-11,0.007,14.82721976013667,0.1045
359891153870510208,100.0,goal_1e-11,0.6235,37.29615871356218,0.7935
3194157939562713472,100.0,goal_1e-11,0.0,12.656290709063779,0.095
5654914887224650240,100.0,goal_1e-11,0.0135,11.820495532882916,0.199
132596261882440320,100.0,goal_1e-11,0.0,11.696014121240601,0.034
4262558915898078720,100.0,goal_1e-11,0.0245,9.885992245651813,0.3085
6149021149160162176,100.0,goal_1e-11,0.0,7.241725425658007,0.001
2811411825899219200,100.0,goal_1e-11,0.706,37.95389243813406,0.89
1900800964403932800,100.0,goal_1e-11,0.0,7.433435087130524,0.0
6009934130839583488,100.0,goal_1e-11,0.0,5.285708585837596,0.3175
6872322302128569344,100.0,goal_1e-11,0.0,8.850926355188857,0.051
4548634356637185792,100.0,goal_1e-11,0.092,17.462908913979312,0.223
6527091903161249152,100.0,goal_1e-11,0.0,8.723503017340125,0.001
2639759162947729408,100.0,goal_1e-11,0.0,8.118251203881247,0.0
4100927786033595648,100.0,goal_1e-11,0.01,7.270584287483133,0.4555
5371882654157606912,100.0,goal_1e-11,0.442,29.945766655439627,0.5745
6775009922429158272,100.0,goal_1e-11,0.0445,9.590307614517107,0.3835
665668979685323648,100.0,goal_1e-11,0.498,23.315178314095977,0.7365
1832230956847006592,100.0,goal_1e-11,0.474,50.52677869095773,0.534
6284599664533612544,100.0,goal_1e-11,0.086,16.512472295930976,0.244
4641784775576833536,100.0,goal_1e-11,0.1035,23.217531778211924,0.1745
4268847611328000256,100.0,goal_1e-11,0.9475,274.25051354207926,0.9825
4278176623883730176,100.0,goal_1e-11,0.0,5.305092210903149,0.0
3267929947104804096,300.0,current_1e-9,0.2095,10.115661565839646,0.6945
5642877846246495360,300.0,current_1e-9,0.1515,14.712242334266241,0.424
6603465041679231872,300.0,current_1e-9,0.0485,3.5217022170035106,0.9685
2046526391572691328,300.0,current_1e-9,0.045,4.24357683771767,0.8875
1016789806037687424,300.0,current_1e-9,0.085,4.389703960853394,0.9585
5679711000438989312,300.0,current_1e-9,0.099,5.628838378472385,0.834
2995683893041962368,300.0,current_1e-9,0.111,6.167758456266671,0.8195
5953737099445742848,300.0,current_1e-9,0.0465,3.88487496032647,0.898
4615401513032729088,300.0,current_1e-9,0.312,10.604840720567482,0.8255
3004510772390701696,300.0,current_1e-9,0.1875,7.521535495848804,0.846
4069792782145982080,300.0,current_1e-9,0.2655,8.616149754363732,0.907
5814108395520777856,300.0,current_1e-9,0.177,6.622974986998765,0.8825
5962272505153840896,300.0,current_1e-9,0.0715,4.456176483692418,0.9475
2149291627370030336,300.0,current_1e-9,0.211,11.073037785136057,0.6585
1323478680316848256,300.0,current_1e-9,0.004,1.975405764574201,0.9475
5260504054704228736,300.0,current_1e-9,0.189,6.5663649447221015,0.939
5841541455445538432,300.0,current_1e-9,0.031,3.27402210735517,0.923
3867940039451965952,300.0,current_1e-9,0.2625,8.935987056328013,0.868
87878642944408960,300.0,current_1e-9,0.261,10.246289813964903,0.7765
3151482384299373696,300.0,current_1e-9,0.076,4.273575226935648,0.971
6181044017297795968,300.0,current_1e-9,0.213,6.932114706815857,0.965
803645216387486720,300.0,current_1e-9,0.292,9.059988105951168,0.9185
5914174364643486592,300.0,current_1e-9,0.024,2.935001065041134,0.956
4797122403959920768,300.0,current_1e-9,0.175,6.5453591567991465,0.924
2575048093288905088,300.0,current_1e-9,0.345,11.03119736653449,0.8965
4229058961259584256,300.0,current_1e-9,0.079,4.132997515397254,0.9705
4561522831932945920,300.0,current_1e-9,0.1365,5.661692111421713,0.943
2208326773198648320,300.0,current_1e-9,0.0695,4.077863335425247,0.9565
6094128791359632256,300.0,current_1e-9,0.123,5.125676526760552,0.952
2769623267282593152,300.0,current_1e-9,0.0155,2.443593751776543,0.9595
5660807578058341120,300.0,current_1e-9,0.1425,6.294105295127918,0.87
296496818102428544,300.0,current_1e-9,0.096,5.061782354302899,0.9085
158752853233960704,300.0,current_1e-9,0.315,12.226926814330545,0.771
2259514678757235200,300.0,current_1e-9,0.1735,8.266262789363708,0.763
4227855172121285760,300.0,current_1e-9,0.292,9.095097771252533,0.9045
2196000977264781056,300.0,current_1e-9,0.2105,8.281359426097362,0.818
1422765267499632640,300.0,current_1e-9,0.069,4.945310525785855,0.8705
5351303408563334912,300.0,current_1e-9,0.257,7.365669253246751,0.9665
1364263517961035648,300.0,current_1e-9,0.2285,9.178268288164766,0.779
5274946414813497344,300.0,current_1e-9,0.422,15.282422639669683,0.844
3180960123537829760,300.0,current_1e-9,0.081,4.419790669237745,0.953
2757278951454094208,300.0,current_1e-9,0.2805,11.095473898941949,0.791
2703346703520007168,300.0,current_1e-9,0.124,6.639984978126296,0.787
4002529127504102656,300.0,current_1e-9,0.1415,5.3870101772972765,0.9575
5421588692928858752,300.0,current_1e-9,0.1955,9.525865536264394,0.686
6050388913137070848,300.0,current_1e-9,0.0245,2.8781688876850704,0.979
4345060775182367232,300.0,current_1e-9,0.168,7.973822119571938,0.7625
992946106114748032,300.0,current_1e-9,0.4505,17.682370943361317,0.8095
676792841901784192,300.0,current_1e-9,0.0105,2.3563236871244957,0.957
218953691837608960,300.0,current_1e-9,0.03,3.337446768641438,0.938
2482368024800833024,300.0,current_1e-9,0.042,3.5754950792854197,0.952
4609966833215963392,300.0,current_1e-9,0.3255,18.94142464454554,0.5665
6844037812175117440,300.0,current_1e-9,0.0005,1.5503419187875038,0.969
6441225886185109632,300.0,current_1e-9,0.035,3.8390760543607856,0.919
1275271417631701504,300.0,current_1e-9,0.231,9.020515801037687,0.782
6490173906174556416,300.0,current_1e-9,0.113,6.179729829622505,0.8135
5940429538445511808,300.0,current_1e-9,0.3025,8.962213158097187,0.939
3793148372312611456,300.0,current_1e-9,0.3145,12.68790926440351,0.7465
3138662151736925568,300.0,current_1e-9,0.2555,11.007398485095187,0.693
5976199159903812736,300.0,current_1e-9,0.0105,2.7159843482923516,0.9305
1504338722359357568,300.0,current_1e-9,0.0185,2.772399028419382,0.9505
1688451325954477184,300.0,current_1e-9,0.2225,8.180135563605198,0.873
5889045855385067136,300.0,current_1e-9,0.259,10.476149153590343,0.763
4081754605352170496,300.0,current_1e-9,0.018,2.5991071413870928,0.984
2691146831736184576,300.0,current_1e-9,0.3415,12.507455006675404,0.783
334398010409366400,300.0,current_1e-9,0.0065,2.274467036228002,0.9555
1383626089525174016,300.0,current_1e-9,0.069,4.820650009736607,0.87
3702063519102244480,300.0,current_1e-9,0.1065,4.9340285244639075,0.9505
5423016683660491264,300.0,current_1e-9,0.19,10.05572374190245,0.654
2804852929801600768,300.0,current_1e-9,0.4285,14.02355658026868,0.9305
3114023912926376448,300.0,current_1e-9,0.0035,1.8867031633798124,0.9555
5524591457617244928,300.0,current_1e-9,0.256,11.935295014042575,0.6935
4060366016201160320,300.0,current_1e-9,0.0505,4.673760259677376,0.8235
6694638847956909696,300.0,current_1e-9,0.0055,2.1813945115441893,0.949
3039556915253606144,300.0,current_1e-9,0.1405,6.0743566135669935,0.9165
6237927045205600000,300.0,current_1e-9,0.023,3.122060727914044,0.9405
1878241773237645184,300.0,current_1e-9,0.237,9.081139505252539,0.814
4288946748293342080,300.0,current_1e-9,0.3235,8.584701582620957,0.974
2337648311488015360,300.0,current_1e-9,0.2375,9.21082573423673,0.838
4395214100433309184,300.0,current_1e-9,0.116,4.988481963499717,0.9725
2796277112767076864,300.0,current_1e-9,0.292,9.89450937773243,0.831
6016504747910034432,300.0,current_1e-9,0.193,19.980030543678904,0.349
5166280100090122880,300.0,current_1e-9,0.088,4.422829944025378,0.9535
1130573557111974912,300.0,current_1e-9,0.157,6.025706416544047,0.927
164738354017665664,300.0,current_1e-9,0.131,9.630628922295486,0.5525
1761771910959772032,300.0,current_1e-9,0.3365,15.799336518947904,0.6915
1329848490477856768,300.0,current_1e-9,0.393,10.931003682978632,0.977
3311535375672171776,300.0,current_1e-9,0.153,6.102496893439221,0.945
6112272348126668800,300.0,current_1e-9,0.169,6.944317423817539,0.8675
6755038496304470144,300.0,current_1e-9,0.134,6.264331650981709,0.865
4283053988756001920,300.0,current_1e-9,0.035,3.4377450330556103,0.923
2599647119044490496,300.0,current_1e-9,0.221,8.282881665960085,0.8435
490441735713670528,300.0,current_1e-9,0.0235,3.018450459831733,0.929
4934043968492272896,300.0,current_1e-9,0.0055,1.985129778211363,0.9715
2621100450623361280,300.0,current_1e-9,0.157,5.564355193045898,0.9825
1851315420672845056,300.0,current_1e-9,0.363,12.520511919634734,0.841
5541455315986463104,300.0,current_1e-9,0.282,11.507538947674112,0.742
5976098417137532800,300.0,current_1e-9,0.1495,6.194058183862124,0.8825
28898090451449472,300.0,current_1e-9,0.2205,9.24974415945527,0.773
6592347918267168128,300.0,current_1e-9,0.156,6.290208627406236,0.904
5887064359268864256,300.0,current_1e-9,0.1595,6.2823083827001565,0.901
6518913495153329920,300.0,current_1e-9,0.22,11.48539297303629,0.6355
4600878063941953280,300.0,current_1e-9,0.323,16.17629686810678,0.632
992845122843798016,300.0,current_1e-9,0.2595,9.37425818692517,0.854
3664521351702250752,300.0,current_1e-9,0.185,6.53821992354467,0.953
3711953493050429568,300.0,current_1e-9,0.423,15.859305561103085,0.7975
5473228871432372992,300.0,current_1e-9,0.346,14.439768213577409,0.722
6752384069075512320,300.0,current_1e-9,0.1195,6.790366581054557,0.7775
4115513220094402048,300.0,current_1e-9,0.2345,11.785798347503723,0.6455
4602130957441446400,300.0,current_1e-9,0.234,11.567607249814332,0.644
377546664910219776,300.0,current_1e-9,0.407,12.975910246399218,0.92
4364333977066797056,300.0,current_1e-9,0.1635,15.661858619644354,0.391
5768315046181771904,300.0,current_1e-9,0.045,4.173642996217594,0.875
123580919370477952,300.0,current_1e-9,0.3105,11.662266950276516,0.762
4366334126156046976,300.0,current_1e-9,0.0345,3.5593639006030515,0.926
4901782819863332608,300.0,current_1e-9,0.065,3.7216996746977093,0.9795
2151838817854979456,300.0,current_1e-9,0.192,16.224526986947023,0.427
1343460895402697600,300.0,current_1e-9,0.0085,2.240784433560866,0.9775
6136053959995638016,300.0,current_1e-9,0.2565,9.932171673357177,0.7675
2221263218985851520,300.0,current_1e-9,0.0105,2.0915536256029243,0.996
4162186251740404608,300.0,current_1e-9,0.0075,1.9811014929905923,0.9895
1678399143976755584,300.0,current_1e-9,0.3175,9.699749822221552,0.9095
2704125913666895104,300.0,current_1e-9,0.2615,11.484080152385932,0.7235
5000393997669149952,300.0,current_1e-9,0.2285,8.164357169139453,0.874
2491206105423269504,300.0,current_1e-9,0.3745,10.862430159830176,0.937
6274538269849968512,300.0,current_1e-9,0.0145,2.7102279412648533,0.9295
707365862223681408,300.0,current_1e-9,0.1025,5.4686196371643625,0.876
4735086373076351744,300.0,current_1e-9,0.0585,3.7330970140645205,0.975
2799316059826451328,300.0,current_1e-9,0.1555,6.2295394344281165,0.8945
1875970079134757760,300.0,current_1e-9,0.072,4.861512268951887,0.8465
1783649894544856960,300.0,current_1e-9,0.2955,11.153179197343103,0.7545
2554116930949289856,300.0,current_1e-9,0.3995,16.486763864732588,0.7545
2753295523906432384,300.0,current_1e-9,0.0935,5.839334733467142,0.815
886990809110955008,300.0,current_1e-9,0.0085,2.066516865955122,0.974
919018036639891968,300.0,current_1e-9,0.2265,7.4737621430042624,0.914
2833555985786735232,300.0,current_1e-9,0.0135,2.465554799146678,0.9695
3023472056569280512,300.0,current_1e-9,0.0195,2.7922392542286514,0.9375
868768602903736832,300.0,current_1e-9,0.0775,5.035261329470163,0.8625
5178460008866279808,300.0,current_1e-9,0.2585,9.261049086452978,0.83
3004697238395042176,300.0,current_1e-9,0.0125,2.6160312939577453,0.9805
2346247935526578688,300.0,current_1e-9,0.007,2.3361587927406835,0.965
1933622971340170496,300.0,current_1e-9,0.3025,12.2225081703016,0.7335
1014188567684692224,300.0,current_1e-9,0.054,4.230543562123714,0.8885
5466445022127902976,300.0,current_1e-9,0.1685,6.471663439311966,0.908
6681692893110527232,300.0,current_1e-9,0.2195,8.964172034295675,0.831
5185560414440293632,300.0,current_1e-9,0.364,10.863972994159104,0.93
5800349145690204288,300.0,current_1e-9,0.0665,4.380027781192537,0.9015
4105409399796978944,300.0,current_1e-9,0.2945,12.469741896916787,0.691
4708692944344873216,300.0,current_1e-9,0.2645,10.523315707067766,0.7755
2027994226190382848,300.0,current_1e-9,0.172,7.688756246308364,0.774
2511654375999952640,300.0,current_1e-9,0.3105,11.779845430256144,0.784
5493261389176885632,300.0,current_1e-9,0.3125,10.6699874333134,0.845
2240388880151078528,300.0,current_1e-9,0.0055,1.8167264475330145,0.9605
5658455555185799040,300.0,current_1e-9,0.055,4.37180237239326,0.8645
5052502602489649664,300.0,current_1e-9,0.2755,8.294551723550303,0.9365
1979258613779627520,300.0,current_1e-9,0.021,3.117001028995217,0.924
446639254048922112,300.0,current_1e-9,0.191,8.267421762718,0.805
5601915746720479104,300.0,current_1e-9,0.158,6.751985569977624,0.8585
4776963682897871616,300.0,current_1e-9,0.32,8.822299718289038,0.965
3280686721529098368,300.0,current_1e-9,0.0565,4.797502150832353,0.861
1285339370727734400,300.0,current_1e-9,0.453,18.22581028495059,0.795
5511484179500121088,300.0,current_1e-9,0.35,14.234516888183789,0.7565
519978157091449088,300.0,current_1e-9,0.1855,10.453337398878459,0.5955
3855789469596668544,300.0,current_1e-9,0.1375,16.26142049727024,0.328
572054498112591744,300.0,current_1e-9,0.182,11.175108499566516,0.6115
357842591908022912,300.0,current_1e-9,0.2095,12.047497796859243,0.614
5927844322167316352,300.0,current_1e-9,0.1735,17.354881884053814,0.362
2281306105868025600,300.0,current_1e-9,0.3835,14.643282950679717,0.794
6342743866636102528,300.0,current_1e-9,0.136,7.968583881426342,0.7335
1690963263347609088,300.0,current_1e-9,0.1025,5.767527784784294,0.866
1230823728796492672,300.0,current_1e-9,0.156,7.13894375944881,0.81
6411524297547089024,300.0,current_1e-9,0.013,2.870328622638889,0.919
2935813011016890752,300.0,current_1e-9,0.229,10.584576287705227,0.703
1510354597152530176,300.0,current_1e-9,0.18,6.542875940016469,0.8945
263711679169833728,300.0,current_1e-9,0.004,1.8151301215959201,0.9615
2203996935067479424,300.0,current_1e-9,0.5065,17.615270360800874,0.901
4637390027600793344,300.0,current_1e-9,0.0405,3.7190556480074326,0.9045
3326809997366173568,300.0,current_1e-9,0.079,4.841975080955842,0.891
359891153870510208,300.0,current_1e-9,0.031,2.9041146627718417,0.979
3194157939562713472,300.0,current_1e-9,0.075,4.733657334027295,0.8925
5654914887224650240,300.0,current_1e-9,0.0925,5.168821107079242,0.9185
132596261882440320,300.0,current_1e-9,0.109,6.083452884531843,0.838
4262558915898078720,300.0,current_1e-9,0.013,2.452843509553121,0.939
6149021149160162176,300.0,current_1e-9,0.171,9.054641353226067,0.696
2811411825899219200,300.0,current_1e-9,0.0095,2.1108151844639704,0.988
1900800964403932800,300.0,current_1e-9,0.176,9.325686928539477,0.685
6009934130839583488,300.0,current_1e-9,0.0045,2.125482799974239,0.9315
6872322302128569344,300.0,current_1e-9,0.099,5.232531202102899,0.875
4548634356637185792,300.0,current_1e-9,0.078,4.529862933471193,0.923
6527091903161249152,300.0,current_1e-9,0.1795,9.242281093260553,0.7225
2639759162947729408,300.0,current_1e-9,0.2125,17.147407433400623,0.4585
4100927786033595648,300.0,current_1e-9,0.004,1.7192220684783404,0.9535
5371882654157606912,300.0,current_1e-9,0.081,4.379877402144309,0.9625
6775009922429158272,300.0,current_1e-9,0.0045,2.0412695957480196,0.948
665668979685323648,300.0,current_1e-9,0.0075,2.4157413166201596,0.9735
1832230956847006592,300.0,current_1e-9,0.4475,13.949974956382611,0.9565
6284599664533612544,300.0,current_1e-9,0.0905,4.80556735830485,0.928
4641784775576833536,300.0,current_1e-9,0.2375,7.83362164444171,0.92
4268847611328000256,300.0,current_1e-9,0.2965,8.021418571547825,0.9985
4278176623883730176,300.0,current_1e-9,0.169,13.481357179865398,0.486
3267929947104804096,300.0,nearterm_1e-10,0.589,42.178400875062216,0.6945
5642877846246495360,300.0,nearterm_1e-10,0.3665,42.77632054034322,0.424
6603465041679231872,300.0,nearterm_1e-10,0.6965,34.01789330053653,0.9685
2046526391572691328,300.0,nearterm_1e-10,0.6575,35.5734170021953,0.8875
1016789806037687424,300.0,nearterm_1e-10,0.748,41.33624457317715,0.9585
5679711000438989312,300.0,nearterm_1e-10,0.5495,21.986643380636263,0.834
2995683893041962368,300.0,nearterm_1e-10,0.665,44.506435519544105,0.8195
5953737099445742848,300.0,nearterm_1e-10,0.6505,30.66548399067177,0.898
4615401513032729088,300.0,nearterm_1e-10,0.727,54.72153448000244,0.8255
3004510772390701696,300.0,nearterm_1e-10,0.7185,53.86355320212868,0.846
4069792782145982080,300.0,nearterm_1e-10,0.7805,62.241032094091175,0.907
5814108395520777856,300.0,nearterm_1e-10,0.7545,52.21085889160164,0.8825
5962272505153840896,300.0,nearterm_1e-10,0.7195,41.02307468968338,0.9475
2149291627370030336,300.0,nearterm_1e-10,0.547,40.157469757749794,0.6585
1323478680316848256,300.0,nearterm_1e-10,0.5525,18.917031771795155,0.9475
5260504054704228736,300.0,nearterm_1e-10,0.7795,56.34419938949788,0.939
5841541455445538432,300.0,nearterm_1e-10,0.635,28.05344397415105,0.923
3867940039451965952,300.0,nearterm_1e-10,0.7565,64.42407911854512,0.868
87878642944408960,300.0,nearterm_1e-10,0.6715,50.573156762588624,0.7765
3151482384299373696,300.0,nearterm_1e-10,0.7255,40.64587790807546,0.971
6181044017297795968,300.0,nearterm_1e-10,0.792,65.27707895672008,0.965
803645216387486720,300.0,nearterm_1e-10,0.7965,74.51962772460978,0.9185
5914174364643486592,300.0,nearterm_1e-10,0.6325,27.522863830000176,0.956
4797122403959920768,300.0,nearterm_1e-10,0.759,54.650617430464116,0.924
2575048093288905088,300.0,nearterm_1e-10,0.792,73.52296766732758,0.8965
4229058961259584256,300.0,nearterm_1e-10,0.7315,39.76823326988205,0.9705
4561522831932945920,300.0,nearterm_1e-10,0.7605,50.71318118565096,0.943
2208326773198648320,300.0,nearterm_1e-10,0.7155,38.26960138604471,0.9565
6094128791359632256,300.0,nearterm_1e-10,0.7395,45.463769117714094,0.952
2769623267282593152,300.0,nearterm_1e-10,0.5995,23.584323690113575,0.9595
5660807578058341120,300.0,nearterm_1e-10,0.718,49.05720526358632,0.87
296496818102428544,300.0,nearterm_1e-10,0.711,44.91736013967704,0.9085
158752853233960704,300.0,nearterm_1e-10,0.6005,33.52122767678321,0.771
2259514678757235200,300.0,nearterm_1e-10,0.641,44.85184386652257,0.763
4227855172121285760,300.0,nearterm_1e-10,0.781,65.35491590588366,0.9045
2196000977264781056,300.0,nearterm_1e-10,0.697,56.94926709552129,0.818
1422765267499632640,300.0,nearterm_1e-10,0.6855,41.23937003402819,0.8705
5351303408563334912,300.0,nearterm_1e-10,0.7875,51.788433688795806,0.9665
1364263517961035648,300.0,nearterm_1e-10,0.67,51.48330199808275,0.779
5274946414813497344,300.0,nearterm_1e-10,0.762,75.03395962421733,0.844
3180960123537829760,300.0,nearterm_1e-10,0.7135,40.67440655599393,0.953
2757278951454094208,300.0,nearterm_1e-10,0.6905,52.73730808960844,0.791
2703346703520007168,300.0,nearterm_1e-10,0.645,43.710189383041914,0.787
4002529127504102656,300.0,nearterm_1e-10,0.752,50.39268792464379,0.9575
5421588692928858752,300.0,nearterm_1e-10,0.589,43.49812760773361,0.686
6050388913137070848,300.0,nearterm_1e-10,0.6405,25.473634806460275,0.979
4345060775182367232,300.0,nearterm_1e-10,0.632,39.80539494681159,0.7625
992946106114748032,300.0,nearterm_1e-10,0.749,82.33378776892513,0.8095
676792841901784192,300.0,nearterm_1e-10,0.5985,22.667762954677507,0.957
218953691837608960,300.0,nearterm_1e-10,0.6675,30.22889775330368,0.938
2482368024800833024,300.0,nearterm_1e-10,0.681,33.30037944074576,0.952
4609966833215963392,300.0,nearterm_1e-10,0.5225,62.91705247347259,0.5665
6844037812175117440,300.0,nearterm_1e-10,0.5035,15.213092538399463,0.969
6441225886185109632,300.0,nearterm_1e-10,0.66,34.0249414887877,0.919
1275271417631701504,300.0,nearterm_1e-10,0.6705,54.529996672079484,0.782
6490173906174556416,300.0,nearterm_1e-10,0.668,44.802001921312346,0.8135
5940429538445511808,300.0,nearterm_1e-10,0.8045,75.6591462244356,0.939
3793148372312611456,300.0,nearterm_1e-10,0.666,64.46181588754992,0.7465
3138662151736925568,300.0,nearterm_1e-10,0.61,48.74652423896008,0.693
5976199159903812736,300.0,nearterm_1e-10,0.5935,23.277130705625407,0.9305
1504338722359357568,300.0,nearterm_1e-10,0.6355,26.335646584761555,0.9505
1688451325954477184,300.0,nearterm_1e-10,0.7515,64.08728714486278,0.873
5889045855385067136,300.0,nearterm_1e-10,0.66,45.41735353133711,0.763
4081754605352170496,300.0,nearterm_1e-10,0.6465,25.520702847913743,0.984
2691146831736184576,300.0,nearterm_1e-10,0.698,62.08905469769689,0.783
334398010409366400,300.0,nearterm_1e-10,0.606,21.880850014995914,0.9555
1383626089525174016,300.0,nearterm_1e-10,0.675,39.225751034768365,0.87
3702063519102244480,300.0,nearterm_1e-10,0.7495,45.82797850604764,0.9505
5423016683660491264,300.0,nearterm_1e-10,0.572,47.8103379439691,0.654
2804852929801600768,300.0,nearterm_1e-10,0.836,101.52894088784774,0.9305
3114023912926376448,300.0,nearterm_1e-10,0.559,18.274555617901704,0.9555
5524591457617244928,300.0,nearterm_1e-10,0.61,54.905060768968426,0.6935
4060366016201160320,300.0,nearterm_1e-10,0.0865,5.527360037823611,0.8235
6694638847956909696,300.0,nearterm_1e-10,0.5715,20.718609184575513,0.949
3039556915253606144,300.0,nearterm_1e-10,0.741,52.386992875973796,0.9165
6237927045205600000,300.0,nearterm_1e-10,0.634,25.47369593238798,0.9405
1878241773237645184,300.0,nearterm_1e-10,0.7105,54.08528514845887,0.814
4288946748293342080,300.0,nearterm_1e-10,0.829,80.8762265474257,0.974
2337648311488015360,300.0,nearterm_1e-10,0.744,63.69437889576846,0.838
4395214100433309184,300.0,nearterm_1e-10,0.753,46.208290909330216,0.9725
2796277112767076864,300.0,nearterm_1e-10,0.6305,31.685618869557363,0.831
6016504747910034432,300.0,nearterm_1e-10,0.3205,48.75619041388988,0.349
5166280100090122880,300.0,nearterm_1e-10,0.7275,41.577342223240045,0.9535
1130573557111974912,300.0,nearterm_1e-10,0.7545,53.00982059450535,0.927
164738354017665664,300.0,nearterm_1e-10,0.2255,12.807381429714372,0.5525
1761771910959772032,300.0,nearterm_1e-10,0.6315,62.51676721174329,0.6915
1329848490477856768,300.0,nearterm_1e-10,0.8505,99.47604449425403,0.977
3311535375672171776,300.0,nearterm_1e-10,0.7385,51.08496392481901,0.945
6112272348126668800,300.0,nearterm_1e-10,0.7185,54.13697033527454,0.8675
6755038496304470144,300.0,nearterm_1e-10,0.711,48.51149151911464,0.865
4283053988756001920,300.0,nearterm_1e-10,0.6545,30.616838614685076,0.923
2599647119044490496,300.0,nearterm_1e-10,0.7335,56.69604161941815,0.8435
490441735713670528,300.0,nearterm_1e-10,0.6435,27.782661809553865,0.929
4934043968492272896,300.0,nearterm_1e-10,0.572,19.38903280722001,0.9715
2621100450623361280,300.0,nearterm_1e-10,0.787,53.655762316590454,0.9825
1851315420672845056,300.0,nearterm_1e-10,0.756,71.25321418299312,0.841
5541455315986463104,300.0,nearterm_1e-10,0.6445,45.66755065293697,0.742
5976098417137532800,300.0,nearterm_1e-10,0.6925,43.42667894781326,0.8825
28898090451449472,300.0,nearterm_1e-10,0.6615,48.58752109423513,0.773
6592347918267168128,300.0,nearterm_1e-10,0.7425,52.462688839656124,0.904
5887064359268864256,300.0,nearterm_1e-10,0.587,22.343584193134753,0.901
6518913495153329920,300.0,nearterm_1e-10,0.557,44.96200477972218,0.6355
4600878063941953280,300.0,nearterm_1e-10,0.586,65.35505094187604,0.632
992845122843798016,300.0,nearterm_1e-10,0.7445,58.89157846657636,0.854
3664521351702250752,300.0,nearterm_1e-10,0.765,59.177924976215934,0.953
3711953493050429568,300.0,nearterm_1e-10,0.738,77.39487350438698,0.7975
5473228871432372992,300.0,nearterm_1e-10,0.6555,65.68337405649055,0.722
6752384069075512320,300.0,nearterm_1e-10,0.6545,45.5201961189111,0.7775
4115513220094402048,300.0,nearterm_1e-10,0.529,39.037784481980125,0.6455
4602130957441446400,300.0,nearterm_1e-10,0.5655,51.05190908835224,0.644
377546664910219776,300.0,nearterm_1e-10,0.8295,88.78094082816496,0.92
4364333977066797056,300.0,nearterm_1e-10,0.285,27.369432258529567,0.391
5768315046181771904,300.0,nearterm_1e-10,0.656,33.95913926350192,0.875
123580919370477952,300.0,nearterm_1e-10,0.6765,51.16044142855231,0.762
4366334126156046976,300.0,nearterm_1e-10,0.6455,28.002367910998277,0.926
4901782819863332608,300.0,nearterm_1e-10,0.7105,36.11401280842209,0.9795
2151838817854979456,300.0,nearterm_1e-10,0.3735,45.86037713663997,0.427
1343460895402697600,300.0,nearterm_1e-10,0.62,22.043480467455602,0.9775
6136053959995638016,300.0,nearterm_1e-10,0.668,50.69863170387278,0.7675
2221263218985851520,300.0,nearterm_1e-10,0.604,20.838178760688823,0.996
4162186251740404608,300.0,nearterm_1e-10,0.573,19.573042903959312,0.9895
1678399143976755584,300.0,nearterm_1e-10,0.7955,74.28452842864945,0.9095
2704125913666895104,300.0,nearterm_1e-10,0.6225,48.25294745229269,0.7235
5000393997669149952,300.0,nearterm_1e-10,0.7335,60.84364658068956,0.874
2491206105423269504,300.0,nearterm_1e-10,0.8315,82.60732260355883,0.937
6274538269849968512,300.0,nearterm_1e-10,0.621,24.859102696279816,0.9295
707365862223681408,300.0,nearterm_1e-10,0.675,40.37257578729178,0.876
4735086373076351744,300.0,nearterm_1e-10,0.7085,36.053940740153706,0.975
2799316059826451328,300.0,nearterm_1e-10,0.7295,51.26838809028859,0.8945
1875970079134757760,300.0,nearterm_1e-10,0.659,39.123974314880094,0.8465
1783649894544856960,300.0,nearterm_1e-10,0.6705,55.213537114236956,0.7545
2554116930949289856,300.0,nearterm_1e-10,0.6955,76.56345665691536,0.7545
2753295523906432384,300.0,nearterm_1e-10,0.6665,40.538334648596035,0.815
886990809110955008,300.0,nearterm_1e-10,0.5845,20.263710975891893,0.974
919018036639891968,300.0,nearterm_1e-10,0.77,61.87019965731645,0.914
2833555985786735232,300.0,nearterm_1e-10,0.6285,23.97306494784087,0.9695
3023472056569280512,300.0,nearterm_1e-10,0.6465,26.089645920969012,0.9375
868768602903736832,300.0,nearterm_1e-10,0.6775,40.84229824421461,0.8625
5178460008866279808,300.0,nearterm_1e-10,0.7225,59.0788875632461,0.83
3004697238395042176,300.0,nearterm_1e-10,0.638,25.588385704006484,0.9805
2346247935526578688,300.0,nearterm_1e-10,0.6145,22.178019375700522,0.965
1933622971340170496,300.0,nearterm_1e-10,0.6445,55.141466647827166,0.7335
1014188567684692224,300.0,nearterm_1e-10,0.672,36.0175400441575,0.8885
5466445022127902976,300.0,nearterm_1e-10,0.7515,47.7572457870347,0.908
6681692893110527232,300.0,nearterm_1e-10,0.725,57.2439816744337,0.831
5185560414440293632,300.0,nearterm_1e-10,0.8125,82.59086315780928,0.93
5800349145690204288,300.0,nearterm_1e-10,0.6805,35.75532313737731,0.9015
4105409399796978944,300.0,nearterm_1e-10,0.583,41.36636750378144,0.691
4708692944344873216,300.0,nearterm_1e-10,0.671,48.38589809065845,0.7755
2027994226190382848,300.0,nearterm_1e-10,0.6715,46.72467278432858,0.774
2511654375999952640,300.0,nearterm_1e-10,0.698,61.7529993878254,0.784
5493261389176885632,300.0,nearterm_1e-10,0.735,64.32860719734143,0.845
2240388880151078528,300.0,nearterm_1e-10,0.533,17.28971720841153,0.9605
5658455555185799040,300.0,nearterm_1e-10,0.659,33.70896515193098,0.8645
5052502602489649664,300.0,nearterm_1e-10,0.794,68.7025176602106,0.9365
1979258613779627520,300.0,nearterm_1e-10,0.6255,28.42358348031602,0.924
446639254048922112,300.0,nearterm_1e-10,0.6545,39.98309476723097,0.805
5601915746720479104,300.0,nearterm_1e-10,0.7185,50.26286647805799,0.8585
4776963682897871616,300.0,nearterm_1e-10,0.816,76.59140441322025,0.965
3280686721529098368,300.0,nearterm_1e-10,0.668,36.32179461089465,0.861
1285339370727734400,300.0,nearterm_1e-10,0.7295,76.63344154222521,0.795
5511484179500121088,300.0,nearterm_1e-10,0.6835,62.6076913516684,0.7565
519978157091449088,300.0,nearterm_1e-10,0.504,37.816686231667624,0.5955
3855789469596668544,300.0,nearterm_1e-10,0.2855,41.13474063852971,0.328
572054498112591744,300.0,nearterm_1e-10,0.5225,42.81722024099461,0.6115
357842591908022912,300.0,nearterm_1e-10,0.5255,44.91545179532787,0.614
5927844322167316352,300.0,nearterm_1e-10,0.3155,41.97347918150716,0.362
2281306105868025600,300.0,nearterm_1e-10,0.731,73.5778869979206,0.794
6342743866636102528,300.0,nearterm_1e-10,0.6125,41.264162977495815,0.7335
1690963263347609088,300.0,nearterm_1e-10,0.6895,46.443493763202234,0.866
1230823728796492672,300.0,nearterm_1e-10,0.6825,50.812323792722104,0.81
6411524297547089024,300.0,nearterm_1e-10,0.6225,25.83036474179936,0.919
2935813011016890752,300.0,nearterm_1e-10,0.633,52.82910297823981,0.703
1510354597152530176,300.0,nearterm_1e-10,0.727,51.71947585376426,0.8945
263711679169833728,300.0,nearterm_1e-10,0.5345,17.17047819415063,0.9615
2203996935067479424,300.0,nearterm_1e-10,0.831,97.9247834258802,0.901
4637390027600793344,300.0,nearterm_1e-10,0.662,32.69083051656035,0.9045
3326809997366173568,300.0,nearterm_1e-10,0.683,41.619538587431975,0.891
359891153870510208,300.0,nearterm_1e-10,0.6535,28.54684284876345,0.979
3194157939562713472,300.0,nearterm_1e-10,0.6795,39.418294109425986,0.8925
5654914887224650240,300.0,nearterm_1e-10,0.7185,40.853778102422325,0.9185
132596261882440320,300.0,nearterm_1e-10,0.6845,45.58055101761728,0.838
4262558915898078720,300.0,nearterm_1e-10,0.6005,22.832983431327843,0.939
6149021149160162176,300.0,nearterm_1e-10,0.582,42.83926204833214,0.696
2811411825899219200,300.0,nearterm_1e-10,0.599,20.913761153008046,0.988
1900800964403932800,300.0,nearterm_1e-10,0.587,43.78976493215232,0.685
6009934130839583488,300.0,nearterm_1e-10,0.533,18.499546740777085,0.9315
6872322302128569344,300.0,nearterm_1e-10,0.6785,38.52271422963458,0.875
4548634356637185792,300.0,nearterm_1e-10,0.7265,40.56373265720873,0.923
6527091903161249152,300.0,nearterm_1e-10,0.63,47.803386212602945,0.7225
2639759162947729408,300.0,nearterm_1e-10,0.406,50.60074252096935,0.4585
4100927786033595648,300.0,nearterm_1e-10,0.5355,16.24807241192442,0.9535
5371882654157606912,300.0,nearterm_1e-10,0.736,41.60013990237605,0.9625
6775009922429158272,300.0,nearterm_1e-10,0.5415,19.2906640898982,0.948
665668979685323648,300.0,nearterm_1e-10,0.6195,23.500077219910633,0.9735
1832230956847006592,300.0,nearterm_1e-10,0.855,112.29293738196107,0.9565
6284599664533612544,300.0,nearterm_1e-10,0.7025,41.72107679156275,0.928
4641784775576833536,300.0,nearterm_1e-10,0.7855,63.99869528941406,0.92
4268847611328000256,300.0,nearterm_1e-10,0.8445,79.72669954597875,0.9985
4278176623883730176,300.0,nearterm_1e-10,0.3955,35.848554748695285,0.486
3267929947104804096,300.0,goal_1e-11,0.6095,46.96106580237467,0.6945
5642877846246495360,300.0,goal_1e-11,0.3715,44.89313237736084,0.424
6603465041679231872,300.0,goal_1e-11,0.8925,138.61458743459977,0.9685
2046526391572691328,300.0,goal_1e-11,0.784,70.0649559139152,0.8875
1016789806037687424,300.0,goal_1e-11,0.9085,134.5206813395869,0.9585
5679711000438989312,300.0,goal_1e-11,0.5785,24.04569949393967,0.834
2995683893041962368,300.0,goal_1e-11,0.735,67.16471012756321,0.8195
5953737099445742848,300.0,goal_1e-11,0.7605,51.96358480200636,0.898
4615401513032729088,300.0,goal_1e-11,0.7565,65.1727762644268,0.8255
3004510772390701696,300.0,goal_1e-11,0.7805,81.48018663432167,0.846
4069792782145982080,300.0,goal_1e-11,0.8485,95.69542650741752,0.907
5814108395520777856,300.0,goal_1e-11,0.8305,89.55460605777296,0.8825
5962272505153840896,300.0,goal_1e-11,0.88,118.10529556928381,0.9475
2149291627370030336,300.0,goal_1e-11,0.5645,43.518323056932076,0.6585
1323478680316848256,300.0,goal_1e-11,0.8245,68.55292145022077,0.9475
5260504054704228736,300.0,goal_1e-11,0.886,120.99511088109651,0.939
5841541455445538432,300.0,goal_1e-11,0.7785,57.095280283820784,0.923
3867940039451965952,300.0,goal_1e-11,0.8165,99.490156215548,0.868
87878642944408960,300.0,goal_1e-11,0.701,59.29330310113347,0.7765
3151482384299373696,300.0,goal_1e-11,0.909,152.19908973927312,0.971
6181044017297795968,300.0,goal_1e-11,0.9315,216.9442686974116,0.965
803645216387486720,300.0,goal_1e-11,0.877,144.95801055129746,0.9185
5914174364643486592,300.0,goal_1e-11,0.853,84.85093366598008,0.956
4797122403959920768,300.0,goal_1e-11,0.8625,110.56660114782662,0.924
2575048093288905088,300.0,goal_1e-11,0.8415,105.25525421517817,0.8965
4229058961259584256,300.0,goal_1e-11,0.918,155.49861996723823,0.9705
4561522831932945920,300.0,goal_1e-11,0.8845,127.08555176210503,0.943
2208326773198648320,300.0,goal_1e-11,0.8895,121.11461883080472,0.9565
6094128791359632256,300.0,goal_1e-11,0.878,108.16289620875764,0.952
2769623267282593152,300.0,goal_1e-11,0.8625,93.68329671016598,0.9595
5660807578058341120,300.0,goal_1e-11,0.8085,83.1083263102466,0.87
296496818102428544,300.0,goal_1e-11,0.8375,104.36822503492141,0.9085
158752853233960704,300.0,goal_1e-11,0.6085,34.98317554355478,0.771
2259514678757235200,300.0,goal_1e-11,0.673,54.62595811950897,0.763
4227855172121285760,300.0,goal_1e-11,0.8445,99.2471860892912,0.9045
2196000977264781056,300.0,goal_1e-11,0.761,82.37627346182448,0.818
1422765267499632640,300.0,goal_1e-11,0.796,80.15176794884493,0.8705
5351303408563334912,300.0,goal_1e-11,0.8505,76.17017914552027,0.9665
1364263517961035648,300.0,goal_1e-11,0.7045,63.68774730806663,0.779
5274946414813497344,300.0,goal_1e-11,0.7855,88.68688814947981,0.844
3180960123537829760,300.0,goal_1e-11,0.8795,116.09547796764599,0.953
2757278951454094208,300.0,goal_1e-11,0.717,61.429087434998536,0.791
2703346703520007168,300.0,goal_1e-11,0.7055,60.05359691673449,0.787
4002529127504102656,300.0,goal_1e-11,0.9055,160.66221646822635,0.9575
5421588692928858752,300.0,goal_1e-11,0.605,49.56537191416536,0.686
6050388913137070848,300.0,goal_1e-11,0.812,57.09615176605705,0.979
4345060775182367232,300.0,goal_1e-11,0.6585,46.7624061524811,0.7625
992946106114748032,300.0,goal_1e-11,0.769,96.03964204096401,0.8095
676792841901784192,300.0,goal_1e-11,0.8515,85.32773023076321,0.957
218953691837608960,300.0,goal_1e-11,0.831,76.97912427782971,0.938
2482368024800833024,300.0,goal_1e-11,0.8595,98.96031992628326,0.952
4609966833215963392,300.0,goal_1e-11,0.528,67.32183509329803,0.5665
6844037812175117440,300.0,goal_1e-11,0.832,76.41808963782779,0.969
6441225886185109632,300.0,goal_1e-11,0.8235,85.65663068664057,0.919
1275271417631701504,300.0,goal_1e-11,0.714,70.69744299868827,0.782
6490173906174556416,300.0,goal_1e-11,0.75,68.30727694404155,0.8135
5940429538445511808,300.0,goal_1e-11,0.9,155.22730480742064,0.939
3793148372312611456,300.0,goal_1e-11,0.6975,76.78204335723154,0.7465
3138662151736925568,300.0,goal_1e-11,0.6265,55.226487534154195,0.693
5976199159903812736,300.0,goal_1e-11,0.7705,48.31604772606162,0.9305
1504338722359357568,300.0,goal_1e-11,0.8595,92.22031746668448,0.9505
1688451325954477184,300.0,goal_1e-11,0.831,110.92567120975168,0.873
5889045855385067136,300.0,goal_1e-11,0.6805,51.09397412273873,0.763
4081754605352170496,300.0,goal_1e-11,0.8975,136.17463471596125,0.984
2691146831736184576,300.0,goal_1e-11,0.726,73.03351786867849,0.783
334398010409366400,300.0,goal_1e-11,0.854,82.5123984759158,0.9555
1383626089525174016,300.0,goal_1e-11,0.7805,72.85648143371908,0.87
3702063519102244480,300.0,goal_1e-11,0.9005,141.8040317795857,0.9505
5423016683660491264,300.0,goal_1e-11,0.5965,55.39588640172953,0.654
2804852929801600768,300.0,goal_1e-11,0.894,164.9356816901515,0.9305
3114023912926376448,300.0,goal_1e-11,0.8345,74.58092212911832,0.9555
5524591457617244928,300.0,goal_1e-11,0.637,63.19648084193014,0.6935
4060366016201160320,300.0,goal_1e-11,0.088,5.5481876099474805,0.8235
6694638847956909696,300.0,goal_1e-11,0.8195,68.40731615055503,0.949
3039556915253606144,300.0,goal_1e-11,0.8565,115.26944941190573,0.9165
6237927045205600000,300.0,goal_1e-11,0.7645,47.65499298326956,0.9405
1878241773237645184,300.0,goal_1e-11,0.749,70.06081263692712,0.814
4288946748293342080,300.0,goal_1e-11,0.9425,267.799696674261,0.974
2337648311488015360,300.0,goal_1e-11,0.7935,95.72630358862881,0.838
4395214100433309184,300.0,goal_1e-11,0.9,136.72887107005906,0.9725
2796277112767076864,300.0,goal_1e-11,0.643,33.61710659009839,0.831
6016504747910034432,300.0,goal_1e-11,0.3245,50.39324319197793,0.349
5166280100090122880,300.0,goal_1e-11,0.8915,131.31359454639778,0.9535
1130573557111974912,300.0,goal_1e-11,0.876,123.87271813424074,0.927
164738354017665664,300.0,goal_1e-11,0.2275,12.889691683189197,0.5525
1761771910959772032,300.0,goal_1e-11,0.6465,69.20202215401075,0.6915
1329848490477856768,300.0,goal_1e-11,0.953,278.99266548445036,0.977
3311535375672171776,300.0,goal_1e-11,0.872,112.56789862201735,0.945
6112272348126668800,300.0,goal_1e-11,0.8105,92.87327990372654,0.8675
6755038496304470144,300.0,goal_1e-11,0.799,81.83911095042922,0.865
4283053988756001920,300.0,goal_1e-11,0.8265,74.38849007959888,0.923
2599647119044490496,300.0,goal_1e-11,0.7845,81.45930242247724,0.8435
490441735713670528,300.0,goal_1e-11,0.815,75.21847393837118,0.929
4934043968492272896,300.0,goal_1e-11,0.8655,91.92593146905966,0.9715
2621100450623361280,300.0,goal_1e-11,0.9365,225.34382630819826,0.9825
1851315420672845056,300.0,goal_1e-11,0.785,89.80168709551745,0.841
5541455315986463104,300.0,goal_1e-11,0.6615,50.37081064310078,0.742
5976098417137532800,300.0,goal_1e-11,0.767,63.2643059696328,0.8825
28898090451449472,300.0,goal_1e-11,0.6875,58.57600583203745,0.773
6592347918267168128,300.0,goal_1e-11,0.8435,102.85049018274829,0.904
5887064359268864256,300.0,goal_1e-11,0.6065,24.033906782473064,0.901
6518913495153329920,300.0,goal_1e-11,0.57,49.42522124939094,0.6355
4600878063941953280,300.0,goal_1e-11,0.5965,72.48997457158575,0.632
992845122843798016,300.0,goal_1e-11,0.796,79.22754216209901,0.854
3664521351702250752,300.0,goal_1e-11,0.908,168.15852420678328,0.953
3711953493050429568,300.0,goal_1e-11,0.756,91.04751762587539,0.7975
5473228871432372992,300.0,goal_1e-11,0.6745,75.22412569835704,0.722
6752384069075512320,300.0,goal_1e-11,0.7075,64.03144646847478,0.7775
4115513220094402048,300.0,goal_1e-11,0.5485,41.63642189163125,0.6455
4602130957441446400,300.0,goal_1e-11,0.585,57.765124121211926,0.644
377546664910219776,300.0,goal_1e-11,0.877,132.40046533947356,0.92
4364333977066797056,300.0,goal_1e-11,0.2875,27.774361438631914,0.391
5768315046181771904,300.0,goal_1e-11,0.766,60.74743293687007,0.875
123580919370477952,300.0,goal_1e-11,0.6945,57.69881907228149,0.762
4366334126156046976,300.0,goal_1e-11,0.7665,47.17770012010551,0.926
4901782819863332608,300.0,goal_1e-11,0.909,165.99848343162972,0.9795
2151838817854979456,300.0,goal_1e-11,0.3785,48.04433971869646,0.427
1343460895402697600,300.0,goal_1e-11,0.896,117.96127263673948,0.9775
6136053959995638016,300.0,goal_1e-11,0.696,60.37052986238644,0.7675
2221263218985851520,300.0,goal_1e-11,0.905,167.5256953609315,0.996
4162186251740404608,300.0,goal_1e-11,0.89,119.89817300118828,0.9895
1678399143976755584,300.0,goal_1e-11,0.8645,123.70587590745872,0.9095
2704125913666895104,300.0,goal_1e-11,0.6395,53.995600471068244,0.7235
5000393997669149952,300.0,goal_1e-11,0.8105,96.74872441232154,0.874
2491206105423269504,300.0,goal_1e-11,0.8975,140.23470592793538,0.937
6274538269849968512,300.0,goal_1e-11,0.811,65.56158040829877,0.9295
707365862223681408,300.0,goal_1e-11,0.759,63.146032750874554,0.876
4735086373076351744,300.0,goal_1e-11,0.9075,152.0568789304869,0.975
2799316059826451328,300.0,goal_1e-11,0.8345,97.18711591333191,0.8945
1875970079134757760,300.0,goal_1e-11,0.7635,69.0456952159441,0.8465
1783649894544856960,300.0,goal_1e-11,0.693,64.88361215704937,0.7545
2554116930949289856,300.0,goal_1e-11,0.712,88.58978015272027,0.7545
2753295523906432384,300.0,goal_1e-11,0.726,58.63246473626754,0.815
886990809110955008,300.0,goal_1e-11,0.8795,102.50719354348452,0.974
919018036639891968,300.0,goal_1e-11,0.863,122.42044566786991,0.914
2833555985786735232,300.0,goal_1e-11,0.8845,109.49557219732095,0.9695
3023472056569280512,300.0,goal_1e-11,0.846,76.96184604543197,0.9375
868768602903736832,300.0,goal_1e-11,0.78,73.76728439302302,0.8625
5178460008866279808,300.0,goal_1e-11,0.775,79.70145085428743,0.83
3004697238395042176,300.0,goal_1e-11,0.9035,138.2918498623141,0.9805
2346247935526578688,300.0,goal_1e-11,0.8365,73.71435586861757,0.965
1933622971340170496,300.0,goal_1e-11,0.6675,62.85315749224655,0.7335
1014188567684692224,300.0,goal_1e-11,0.803,73.79057138573233,0.8885
5466445022127902976,300.0,goal_1e-11,0.8185,74.42606750490879,0.908
6681692893110527232,300.0,goal_1e-11,0.775,79.4460057288608,0.831
5185560414440293632,300.0,goal_1e-11,0.8875,138.77196430041553,0.93
5800349145690204288,300.0,goal_1e-11,0.8035,65.44975928906089,0.9015
4105409399796978944,300.0,goal_1e-11,0.598,44.14010255452751,0.691
4708692944344873216,300.0,goal_1e-11,0.693,55.40731892331955,0.7755
2027994226190382848,300.0,goal_1e-11,0.7055,60.614259271668374,0.774
2511654375999952640,300.0,goal_1e-11,0.7205,74.51218514169042,0.784
5493261389176885632,300.0,goal_1e-11,0.7815,84.02281410786489,0.845
2240388880151078528,300.0,goal_1e-11,0.826,65.21111928686268,0.9605
5658455555185799040,300.0,goal_1e-11,0.7505,55.02385682522008,0.8645
5052502602489649664,300.0,goal_1e-11,0.881,134.79743710682348,0.9365
1979258613779627520,300.0,goal_1e-11,0.8245,74.8257199067119,0.924
446639254048922112,300.0,goal_1e-11,0.6865,46.44145780927687,0.805
5601915746720479104,300.0,goal_1e-11,0.7985,79.16427842616109,0.8585
4776963682897871616,300.0,goal_1e-11,0.915,169.91807445276092,0.965
3280686721529098368,300.0,goal_1e-11,0.7515,58.71529483489788,0.861
1285339370727734400,300.0,goal_1e-11,0.751,86.14936874499195,0.795
5511484179500121088,300.0,goal_1e-11,0.704,70.94165815357006,0.7565
519978157091449088,300.0,goal_1e-11,0.5165,40.9186817873385,0.5955
3855789469596668544,300.0,goal_1e-11,0.2895,42.64231855181741,0.328
572054498112591744,300.0,goal_1e-11,0.5405,46.80615848412508,0.6115
357842591908022912,300.0,goal_1e-11,0.541,48.94460686883991,0.614
5927844322167316352,300.0,goal_1e-11,0.319,43.35073091890095,0.362
2281306105868025600,300.0,goal_1e-11,0.7565,87.61598370444021,0.794
6342743866636102528,300.0,goal_1e-11,0.643,49.33230675421878,0.7335
1690963263347609088,300.0,goal_1e-11,0.787,85.34377723938748,0.866
1230823728796492672,300.0,goal_1e-11,0.738,75.57386088349915,0.81
6411524297547089024,300.0,goal_1e-11,0.797,64.05815817337283,0.919
2935813011016890752,300.0,goal_1e-11,0.654,62.204586188815654,0.703
1510354597152530176,300.0,goal_1e-11,0.8215,89.56403256222768,0.8945
263711679169833728,300.0,goal_1e-11,0.791,57.18540650824575,0.9615
2203996935067479424,300.0,goal_1e-11,0.858,123.22803591250928,0.901
4637390027600793344,300.0,goal_1e-11,0.807,73.19663730640383,0.9045
3326809997366173568,300.0,goal_1e-11,0.8115,87.84826975172635,0.891
359891153870510208,300.0,goal_1e-11,0.902,153.00427112903924,0.979
3194157939562713472,300.0,goal_1e-11,0.793,77.50283897023718,0.8925
5654914887224650240,300.0,goal_1e-11,0.818,73.60260601017467,0.9185
132596261882440320,300.0,goal_1e-11,0.77,73.21854812490567,0.838
4262558915898078720,300.0,goal_1e-11,0.81,64.7786505963291,0.939
6149021149160162176,300.0,goal_1e-11,0.6065,49.38425318766914,0.696
2811411825899219200,300.0,goal_1e-11,0.9045,139.33463320386525,0.988
1900800964403932800,300.0,goal_1e-11,0.605,50.37150435491176,0.685
6009934130839583488,300.0,goal_1e-11,0.7195,38.95549522784805,0.9315
6872322302128569344,300.0,goal_1e-11,0.7585,59.0586713203872,0.875
4548634356637185792,300.0,goal_1e-11,0.856,99.6238653775909,0.923
6527091903161249152,300.0,goal_1e-11,0.6545,57.28541742999785,0.7225
2639759162947729408,300.0,goal_1e-11,0.4115,53.273530375933014,0.4585
4100927786033595648,300.0,goal_1e-11,0.8005,50.708988069914916,0.9535
5371882654157606912,300.0,goal_1e-11,0.896,144.9432510188072,0.9625
6775009922429158272,300.0,goal_1e-11,0.7985,62.52182011110331,0.948
665668979685323648,300.0,goal_1e-11,0.8885,114.14415114151902,0.9735
1832230956847006592,300.0,goal_1e-11,0.9325,215.3833524429234,0.9565
6284599664533612544,300.0,goal_1e-11,0.844,95.1364859095506,0.928
4641784775576833536,300.0,goal_1e-11,0.878,122.47756611742426,0.92
4268847611328000256,300.0,goal_1e-11,0.9645,579.6439782319031,0.9985
4278176623883730176,300.0,goal_1e-11,0.4005,37.33514343513531,0.486
3267929947104804096,1000.0,current_1e-9,0.3655,10.431388757701942,0.9725
5642877846246495360,1000.0,current_1e-9,0.492,15.73357734315115,0.962
6603465041679231872,1000.0,current_1e-9,0.058,3.523919589570936,0.998
2046526391572691328,1000.0,current_1e-9,0.078,4.2575606977558165,0.988
1016789806037687424,1000.0,current_1e-9,0.099,4.394284932750039,0.996
5679711000438989312,1000.0,current_1e-9,0.168,5.829961739928232,0.987
2995683893041962368,1000.0,current_1e-9,0.1905,6.2085292911916365,0.9845
5953737099445742848,1000.0,current_1e-9,0.0795,3.9025217243577432,0.9925
4615401513032729088,1000.0,current_1e-9,0.4025,10.797429768102704,0.9855
3004510772390701696,1000.0,current_1e-9,0.2545,7.573382562757788,0.985
4069792782145982080,1000.0,current_1e-9,0.309,8.672409574409022,0.992
5814108395520777856,1000.0,current_1e-9,0.23,6.65216578604636,0.992
5962272505153840896,1000.0,current_1e-9,0.089,4.46259289343246,0.995
2149291627370030336,1000.0,current_1e-9,0.39,11.582963477182425,0.9745
1323478680316848256,1000.0,current_1e-9,0.006,1.9770880111147857,0.9965
5260504054704228736,1000.0,current_1e-9,0.2185,6.584252872045032,0.995
5841541455445538432,1000.0,current_1e-9,0.0465,3.283328732297067,0.9925
3867940039451965952,1000.0,current_1e-9,0.321,8.99741351776645,0.9855
87878642944408960,1000.0,current_1e-9,0.3825,10.467711796887754,0.979
3151482384299373696,1000.0,current_1e-9,0.0855,4.277195208123264,0.998
6181044017297795968,1000.0,current_1e-9,0.2315,6.938572160407776,0.9985
803645216387486720,1000.0,current_1e-9,0.3315,9.092865175838847,0.992
5914174364643486592,1000.0,current_1e-9,0.0355,2.9384421040051287,0.996
4797122403959920768,1000.0,current_1e-9,0.2015,6.5681869582371455,0.9945
2575048093288905088,1000.0,current_1e-9,0.395,11.136302355988347,0.9905
4229058961259584256,1000.0,current_1e-9,0.0845,4.135794765478267,0.997
4561522831932945920,1000.0,current_1e-9,0.1615,5.672479970361795,0.9975
2208326773198648320,1000.0,current_1e-9,0.0785,4.082402668562273,0.995
6094128791359632256,1000.0,current_1e-9,0.1415,5.136677381985574,0.994
2769623267282593152,1000.0,current_1e-9,0.021,2.4452729623164275,0.9975
5660807578058341120,1000.0,current_1e-9,0.2025,6.3236882673089365,0.99
296496818102428544,1000.0,current_1e-9,0.1375,5.07229097477764,0.993
158752853233960704,1000.0,current_1e-9,0.4625,13.280090511736152,0.985
2259514678757235200,1000.0,current_1e-9,0.289,8.401732155463147,0.985
4227855172121285760,1000.0,current_1e-9,0.34,9.154444115037085,0.994
2196000977264781056,1000.0,current_1e-9,0.298,8.34753511796605,0.979
1422765267499632640,1000.0,current_1e-9,0.1185,4.961651519787239,0.9885
5351303408563334912,1000.0,current_1e-9,0.2745,7.419795407974826,0.998
1364263517961035648,1000.0,current_1e-9,0.3435,9.312005258486327,0.982
5274946414813497344,1000.0,current_1e-9,0.4975,15.625071874995463,0.9855
3180960123537829760,1000.0,current_1e-9,0.096,4.426191738027743,0.997
2757278951454094208,1000.0,current_1e-9,0.3905,11.381933428357598,0.9855
2703346703520007168,1000.0,current_1e-9,0.2195,6.70100173802016,0.9835
4002529127504102656,1000.0,current_1e-9,0.154,5.392947864639415,0.996
5421588692928858752,1000.0,current_1e-9,0.357,9.763415294809649,0.978
6050388913137070848,1000.0,current_1e-9,0.0315,2.884607644913605,0.9975
4345060775182367232,1000.0,current_1e-9,0.284,8.136667068131862,0.9815
992946106114748032,1000.0,current_1e-9,0.5525,18.168973533109686,0.982
676792841901784192,1000.0,current_1e-9,0.015,2.358118668880944,0.997
218953691837608960,1000.0,current_1e-9,0.044,3.3435062650440104,0.9955
2482368024800833024,1000.0,current_1e-9,0.052,3.5800630092107477,0.9955
4609966833215963392,1000.0,current_1e-9,0.578,19.98521280259166,0.9775
6844037812175117440,1000.0,current_1e-9,0.003,1.5509919036757802,0.9975
6441225886185109632,1000.0,current_1e-9,0.063,3.84841201799101,0.994
1275271417631701504,1000.0,current_1e-9,0.3415,9.129051731998196,0.983
6490173906174556416,1000.0,current_1e-9,0.19,6.220292323819614,0.982
5940429538445511808,1000.0,current_1e-9,0.3315,8.987391398344174,0.9945
3793148372312611456,1000.0,current_1e-9,0.4545,12.940665717923439,0.9835
3138662151736925568,1000.0,current_1e-9,0.415,11.311174631830104,0.9795
5976199159903812736,1000.0,current_1e-9,0.021,2.724019104374144,0.9965
1504338722359357568,1000.0,current_1e-9,0.0255,2.7750648588189333,0.993
1688451325954477184,1000.0,current_1e-9,0.286,8.21711672991733,0.991
5889045855385067136,1000.0,current_1e-9,0.3825,10.776122148295602,0.977
4081754605352170496,1000.0,current_1e-9,0.0195,2.6000344672100466,0.9995
2691146831736184576,1000.0,current_1e-9,0.4635,12.760480055141496,0.989
334398010409366400,1000.0,current_1e-9,0.012,2.2762104885847454,0.996
1383626089525174016,1000.0,current_1e-9,0.1145,4.840611962253741,0.9865
3702063519102244480,1000.0,current_1e-9,0.1245,4.940575397751523,0.997
5423016683660491264,1000.0,current_1e-9,0.3665,10.291635983788694,0.9785
2804852929801600768,1000.0,current_1e-9,0.4625,14.120688080638335,0.992
3114023912926376448,1000.0,current_1e-9,0.0055,1.8879360670581455,0.997
5524591457617244928,1000.0,current_1e-9,0.4135,12.265107114586932,0.9765
4060366016201160320,1000.0,current_1e-9,0.3225,8.946123041792296,0.986
6694638847956909696,1000.0,current_1e-9,0.011,2.1835683928661416,0.997
3039556915253606144,1000.0,current_1e-9,0.1755,6.09052167743131,0.9955
6237927045205600000,1000.0,current_1e-9,0.0345,3.13684105769465,0.995
1878241773237645184,1000.0,current_1e-9,0.3255,9.223161993743329,0.985
4288946748293342080,1000.0,current_1e-9,0.3365,8.592343055143592,0.9975
2337648311488015360,1000.0,current_1e-9,0.312,9.299660018032412,0.9875
4395214100433309184,1000.0,current_1e-9,0.123,4.995074378475265,0.9965
2796277112767076864,1000.0,current_1e-9,0.3805,10.451064897523663,0.986
6016504747910034432,1000.0,current_1e-9,0.5985,22.065044212269836,0.9645
5166280100090122880,1000.0,current_1e-9,0.1035,4.427581281153222,0.995
1130573557111974912,1000.0,current_1e-9,0.187,6.039233878337875,0.9935
164738354017665664,1000.0,current_1e-9,0.486,14.866172002678773,0.968
1761771910959772032,1000.0,current_1e-9,0.501,16.4014397691349,0.9745
1329848490477856768,1000.0,current_1e-9,0.404,10.946875117048238,0.9995
3311535375672171776,1000.0,current_1e-9,0.173,6.131040517059145,0.993
6112272348126668800,1000.0,current_1e-9,0.233,6.977181465452511,0.9865
6755038496304470144,1000.0,current_1e-9,0.19,6.29503634657687,0.991
4283053988756001920,1000.0,current_1e-9,0.0535,3.4456297968598437,0.9945
2599647119044490496,1000.0,current_1e-9,0.2985,8.34877630127885,0.9885
490441735713670528,1000.0,current_1e-9,0.036,3.0230472001837176,0.9925
4934043968492272896,1000.0,current_1e-9,0.007,1.9860904438054485,0.9965
2621100450623361280,1000.0,current_1e-9,0.163,5.567568730171706,0.9995
1851315420672845056,1000.0,current_1e-9,0.4465,12.69914646630193,0.989
5541455315986463104,1000.0,current_1e-9,0.4185,11.925824349654649,0.9835
5976098417137532800,1000.0,current_1e-9,0.2005,6.239214553316333,0.993
28898090451449472,1000.0,current_1e-9,0.3275,9.428123134465125,0.98
6592347918267168128,1000.0,current_1e-9,0.1975,6.310768063456824,0.985
5887064359268864256,1000.0,current_1e-9,0.209,6.5579733170299805,0.9895
6518913495153329920,1000.0,current_1e-9,0.4175,11.919747127757331,0.9715
4600878063941953280,1000.0,current_1e-9,0.536,16.737423326120155,0.9675
992845122843798016,1000.0,current_1e-9,0.3325,9.479090867653616,0.985
3664521351702250752,1000.0,current_1e-9,0.2015,6.549600479359685,0.9965
3711953493050429568,1000.0,current_1e-9,0.527,16.23310937104184,0.982
5473228871432372992,1000.0,current_1e-9,0.489,14.813267120437407,0.9765
6752384069075512320,1000.0,current_1e-9,0.218,6.850794317691704,0.983
4115513220094402048,1000.0,current_1e-9,0.4345,12.405778762438844,0.975
4602130957441446400,1000.0,current_1e-9,0.4225,11.891169658962705,0.9715
377546664910219776,1000.0,current_1e-9,0.445,13.10492508544324,0.993
4364333977066797056,1000.0,current_1e-9,0.5605,19.357892823134723,0.952
5768315046181771904,1000.0,current_1e-9,0.089,4.189611288647091,0.986
123580919370477952,1000.0,current_1e-9,0.4315,11.979494242617951,0.9835
4366334126156046976,1000.0,current_1e-9,0.054,3.57579031225438,0.995
4901782819863332608,1000.0,current_1e-9,0.0695,3.7236281467309347,0.9975
2151838817854979456,1000.0,current_1e-9,0.5255,17.50577813790294,0.953
1343460895402697600,1000.0,current_1e-9,0.009,2.241574668975572,0.9995
6136053959995638016,1000.0,current_1e-9,0.3665,10.130399438313622,0.98
2221263218985851520,1000.0,current_1e-9,0.0105,2.091730703872872,1.0
4162186251740404608,1000.0,current_1e-9,0.0075,1.981612135819148,0.9995
1678399143976755584,1000.0,current_1e-9,0.365,9.747230599927496,0.9945
2704125913666895104,1000.0,current_1e-9,0.408,11.865275018486736,0.978
5000393997669149952,1000.0,current_1e-9,0.2955,8.21067849183971,0.9885
2491206105423269504,1000.0,current_1e-9,0.4035,10.924895707858452,0.991
6274538269849968512,1000.0,current_1e-9,0.023,2.7145538218265695,0.995
707365862223681408,1000.0,current_1e-9,0.15,5.5030436200889286,0.9895
4735086373076351744,1000.0,current_1e-9,0.0655,3.735392228728232,0.9975
2799316059826451328,1000.0,current_1e-9,0.197,6.2517034348574,0.989
1875970079134757760,1000.0,current_1e-9,0.128,4.881078641118198,0.985
1783649894544856960,1000.0,current_1e-9,0.414,11.384896236802916,0.9795
2554116930949289856,1000.0,current_1e-9,0.5315,16.89791568846398,0.975
2753295523906432384,1000.0,current_1e-9,0.173,5.885906879390176,0.984
886990809110955008,1000.0,current_1e-9,0.0115,2.0673652157151428,0.997
919018036639891968,1000.0,current_1e-9,0.2625,7.500836759580779,0.992
2833555985786735232,1000.0,current_1e-9,0.0175,2.46688014152962,0.9975
3023472056569280512,1000.0,current_1e-9,0.0265,2.795783279329039,0.9955
868768602903736832,1000.0,current_1e-9,0.1275,5.054874426810216,0.9915
5178460008866279808,1000.0,current_1e-9,0.3495,9.355044094626614,0.9935
3004697238395042176,1000.0,current_1e-9,0.0165,2.617104412236093,0.999
2346247935526578688,1000.0,current_1e-9,0.011,2.3384980622006766,0.9985
1933622971340170496,1000.0,current_1e-9,0.4365,12.541951206689701,0.9805
1014188567684692224,1000.0,current_1e-9,0.086,4.243339849726196,0.989
5466445022127902976,1000.0,current_1e-9,0.212,6.510926204133538,0.9955
6681692893110527232,1000.0,current_1e-9,0.303,9.08217094616163,0.99
5185560414440293632,1000.0,current_1e-9,0.3935,10.919773890381846,0.9955
5800349145690204288,1000.0,current_1e-9,0.1005,4.396751832727642,0.9915
4105409399796978944,1000.0,current_1e-9,0.4545,13.124629044694915,0.972
4708692944344873216,1000.0,current_1e-9,0.384,10.787778798325446,0.989
2027994226190382848,1000.0,current_1e-9,0.267,7.778979468244508,0.975
2511654375999952640,1000.0,current_1e-9,0.4255,11.994120350570658,0.988
5493261389176885632,1000.0,current_1e-9,0.384,10.801815545964518,0.9815
2240388880151078528,1000.0,current_1e-9,0.0065,1.8184972874687055,0.9965
5658455555185799040,1000.0,current_1e-9,0.097,4.393841351079958,0.9925
5052502602489649664,1000.0,current_1e-9,0.305,8.321920654869537,0.992
1979258613779627520,1000.0,current_1e-9,0.0355,3.1222373229802534,0.994
446639254048922112,1000.0,current_1e-9,0.285,8.448147508237643,0.982
5601915746720479104,1000.0,current_1e-9,0.22,6.791037937869618,0.9845
4776963682897871616,1000.0,current_1e-9,0.337,8.842420823474457,0.9975
3280686721529098368,1000.0,current_1e-9,0.1095,4.824592586621603,0.991
1285339370727734400,1000.0,current_1e-9,0.56,18.827726743519634,0.9835
5511484179500121088,1000.0,current_1e-9,0.4825,14.63608399503055,0.9785
519978157091449088,1000.0,current_1e-9,0.3785,10.917131392845882,0.97
3855789469596668544,1000.0,current_1e-9,0.533,17.89363431946658,0.9575
572054498112591744,1000.0,current_1e-9,0.398,11.599152822299297,0.9705
357842591908022912,1000.0,current_1e-9,0.421,12.579660810032081,0.9755
5927844322167316352,1000.0,current_1e-9,0.5695,19.21301188846852,0.965
2281306105868025600,1000.0,current_1e-9,0.4965,14.944460869768493,0.989
6342743866636102528,1000.0,current_1e-9,0.2665,8.119799555587935,0.9805
1690963263347609088,1000.0,current_1e-9,0.153,5.791682524869973,0.9835
1230823728796492672,1000.0,current_1e-9,0.2445,7.188073779076728,0.984
6411524297547089024,1000.0,current_1e-9,0.026,2.875927803918651,0.9945
2935813011016890752,1000.0,current_1e-9,0.3795,10.797454526904275,0.9775
1510354597152530176,1000.0,current_1e-9,0.2255,6.57103684224045,0.992
263711679169833728,1000.0,current_1e-9,0.0055,1.817085013741841,0.998
2203996935067479424,1000.0,current_1e-9,0.556,17.891858677734177,0.9915
4637390027600793344,1000.0,current_1e-9,0.0625,3.7278241534882874,0.993
3326809997366173568,1000.0,current_1e-9,0.121,4.855011175774284,0.9925
359891153870510208,1000.0,current_1e-9,0.036,2.905078699962106,0.9975
3194157939562713472,1000.0,current_1e-9,0.1115,4.749938656039991,0.99
5654914887224650240,1000.0,current_1e-9,0.1195,5.198822234496385,0.994
132596261882440320,1000.0,current_1e-9,0.177,6.119658011527387,0.9905
4262558915898078720,1000.0,current_1e-9,0.019,2.45616513306131,0.992
6149021149160162176,1000.0,current_1e-9,0.3275,9.263509534423488,0.9765
2811411825899219200,1000.0,current_1e-9,0.0115,2.111229060410031,0.999
1900800964403932800,1000.0,current_1e-9,0.337,9.542765013992437,0.979
6009934130839583488,1000.0,current_1e-9,0.0115,2.1309039635057614,0.9945
6872322302128569344,1000.0,current_1e-9,0.1455,5.26423744960651,0.99
4548634356637185792,1000.0,current_1e-9,0.101,4.5386886585964294,0.9925
6527091903161249152,1000.0,current_1e-9,0.3265,9.429945148742878,0.986
2639759162947729408,1000.0,current_1e-9,0.5305,18.367611800262413,0.9595
4100927786033595648,1000.0,current_1e-9,0.006,1.721119324858913,0.9975
5371882654157606912,1000.0,current_1e-9,0.092,4.38377330130523,0.9965
6775009922429158272,1000.0,current_1e-9,0.01,2.0434610513730758,0.9965
665668979685323648,1000.0,current_1e-9,0.0125,2.416986514841004,0.998
1832230956847006592,1000.0,current_1e-9,0.4695,14.004081497502476,0.994
6284599664533612544,1000.0,current_1e-9,0.1185,4.8189873509528365,0.9955
4641784775576833536,1000.0,current_1e-9,0.271,7.864257885109585,0.9925
4268847611328000256,1000.0,current_1e-9,0.297,8.022083074107995,0.9995
4278176623883730176,1000.0,current_1e-9,0.4655,14.737563140346104,0.9665
3267929947104804096,1000.0,nearterm_1e-10,0.836,92.53401907589965,0.9725
5642877846246495360,1000.0,nearterm_1e-10,0.8715,124.31799994914421,0.962
6603465041679231872,1000.0,nearterm_1e-10,0.7195,35.14157337073738,0.998
2046526391572691328,1000.0,nearterm_1e-10,0.731,41.964894198175315,0.988
1016789806037687424,1000.0,nearterm_1e-10,0.7705,43.72223171318095,0.996
5679711000438989312,1000.0,nearterm_1e-10,0.783,53.03233023450874,0.987
2995683893041962368,1000.0,nearterm_1e-10,0.787,60.28751642134397,0.9845
5953737099445742848,1000.0,nearterm_1e-10,0.725,38.38655207177963,0.9925
4615401513032729088,1000.0,nearterm_1e-10,0.8705,99.58439737024251,0.9855
3004510772390701696,1000.0,nearterm_1e-10,0.8145,73.16615165485736,0.985
4069792782145982080,1000.0,nearterm_1e-10,0.848,83.74662960229922,0.992
5814108395520777856,1000.0,nearterm_1e-10,0.8315,65.14470574847572,0.992
5962272505153840896,1000.0,nearterm_1e-10,0.7505,44.30050118952445,0.995
2149291627370030336,1000.0,nearterm_1e-10,0.8495,98.22037300825531,0.9745
1323478680316848256,1000.0,nearterm_1e-10,0.583,19.717031251200762,0.9965
5260504054704228736,1000.0,nearterm_1e-10,0.8165,64.87262653499396,0.995
5841541455445538432,1000.0,nearterm_1e-10,0.689,32.50152483712504,0.9925
3867940039451965952,1000.0,nearterm_1e-10,0.8335,86.65031662927355,0.9855
87878642944408960,1000.0,nearterm_1e-10,0.859,95.50719039269691,0.979
3151482384299373696,1000.0,nearterm_1e-10,0.7395,42.57436990350019,0.998
6181044017297795968,1000.0,nearterm_1e-10,0.8135,69.00076666034879,0.9985
803645216387486720,1000.0,nearterm_1e-10,0.842,88.96897162813656,0.992
5914174364643486592,1000.0,nearterm_1e-10,0.6575,29.24949255071663,0.996
4797122403959920768,1000.0,nearterm_1e-10,0.799,64.42000175734843,0.9945
2575048093288905088,1000.0,nearterm_1e-10,0.8625,105.53015741282202,0.9905
4229058961259584256,1000.0,nearterm_1e-10,0.743,41.22620435265908,0.997
4561522831932945920,1000.0,nearterm_1e-10,0.792,56.14834232882114,0.9975
2208326773198648320,1000.0,nearterm_1e-10,0.737,40.61196896767885,0.995
6094128791359632256,1000.0,nearterm_1e-10,0.7695,50.81497153797956,0.994
2769623267282593152,1000.0,nearterm_1e-10,0.622,24.391762929363757,0.9975
5660807578058341120,1000.0,nearterm_1e-10,0.8075,61.82783958556838,0.99
296496818102428544,1000.0,nearterm_1e-10,0.769,50.235433830926645,0.993
158752853233960704,1000.0,nearterm_1e-10,0.8655,103.66106356579249,0.985
2259514678757235200,1000.0,nearterm_1e-10,0.8305,78.43934897912509,0.985
4227855172121285760,1000.0,nearterm_1e-10,0.845,88.4216817046072,0.994
2196000977264781056,1000.0,nearterm_1e-10,0.8195,80.19445620708584,0.979
1422765267499632640,1000.0,nearterm_1e-10,0.763,48.87099950163988,0.9885
5351303408563334912,1000.0,nearterm_1e-10,0.83,71.66391568884033,0.998
1364263517961035648,1000.0,nearterm_1e-10,0.8415,87.27931874867058,0.982
5274946414813497344,1000.0,nearterm_1e-10,0.877,139.21235960701344,0.9855
3180960123537829760,1000.0,nearterm_1e-10,0.7435,43.94123533036382,0.997
2757278951454094208,1000.0,nearterm_1e-10,0.862,101.61158513822639,0.9855
2703346703520007168,1000.0,nearterm_1e-10,0.7985,64.41839835583913,0.9835
4002529127504102656,1000.0,nearterm_1e-10,0.7715,53.60166794318695,0.996
5421588692928858752,1000.0,nearterm_1e-10,0.854,88.59680910820151,0.978
6050388913137070848,1000.0,nearterm_1e-10,0.6725,28.632086399367942,0.9975
4345060775182367232,1000.0,nearterm_1e-10,0.829,75.1654485215345,0.9815
992946106114748032,1000.0,nearterm_1e-10,0.899,157.77432249196855,0.982
676792841901784192,1000.0,nearterm_1e-10,0.623,23.521240573401972,0.997
218953691837608960,1000.0,nearterm_1e-10,0.7095,33.18863117618905,0.9955
2482368024800833024,1000.0,nearterm_1e-10,0.707,35.60382243928153,0.9955
4609966833215963392,1000.0,nearterm_1e-10,0.8885,159.06810167028533,0.9775
6844037812175117440,1000.0,nearterm_1e-10,0.5225,15.49184248330012,0.9975
6441225886185109632,1000.0,nearterm_1e-10,0.7095,37.98686008091308,0.994
1275271417631701504,1000.0,nearterm_1e-10,0.828,86.2373705103438,0.983
6490173906174556416,1000.0,nearterm_1e-10,0.792,60.361409284983836,0.982
5940429538445511808,1000.0,nearterm_1e-10,0.8395,88.37243104961195,0.9945
3793148372312611456,1000.0,nearterm_1e-10,0.8675,117.4576694996905,0.9835
3138662151736925568,1000.0,nearterm_1e-10,0.857,100.79666333528745,0.9795
5976199159903812736,1000.0,nearterm_1e-10,0.65,26.94076355480178,0.9965
1504338722359357568,1000.0,nearterm_1e-10,0.6675,27.639907263772336,0.993
1688451325954477184,1000.0,nearterm_1e-10,0.8345,80.16641714747011,0.991
5889045855385067136,1000.0,nearterm_1e-10,0.8545,96.14577779091553,0.977
4081754605352170496,1000.0,nearterm_1e-10,0.657,25.962278612072815,0.9995
2691146831736184576,1000.0,nearterm_1e-10,0.883,115.96940322025806,0.989
334398010409366400,1000.0,nearterm_1e-10,0.631,22.70502136839236,0.996
1383626089525174016,1000.0,nearterm_1e-10,0.754,47.474570389800675,0.9865
3702063519102244480,1000.0,nearterm_1e-10,0.777,49.04398538882694,0.997
5423016683660491264,1000.0,nearterm_1e-10,0.8545,93.17733036761219,0.9785
2804852929801600768,1000.0,nearterm_1e-10,0.8735,134.85450056617543,0.992
3114023912926376448,1000.0,nearterm_1e-10,0.5865,18.842366504213395,0.997
5524591457617244928,1000.0,nearterm_1e-10,0.8535,108.64326173296375,0.9765
4060366016201160320,1000.0,nearterm_1e-10,0.7605,40.88396460278818,0.986
6694638847956909696,1000.0,nearterm_1e-10,0.6035,21.768061545857023,0.997
3039556915253606144,1000.0,nearterm_1e-10,0.7895,60.026355273862826,0.9955
6237927045205600000,1000.0,nearterm_1e-10,0.684,30.74480389290811,0.995
1878241773237645184,1000.0,nearterm_1e-10,0.8435,86.04044029782078,0.985
4288946748293342080,1000.0,nearterm_1e-10,0.842,85.43826102691725,0.9975
2337648311488015360,1000.0,nearterm_1e-10,0.8475,88.25841720958294,0.9875
4395214100433309184,1000.0,nearterm_1e-10,0.766,49.605828740075,0.9965
2796277112767076864,1000.0,nearterm_1e-10,0.8435,87.81648906051889,0.986
6016504747910034432,1000.0,nearterm_1e-10,0.8995,156.68765467895588,0.9645
5166280100090122880,1000.0,nearterm_1e-10,0.7535,44.053884019054024,0.995
1130573557111974912,1000.0,nearterm_1e-10,0.797,59.659722382691754,0.9935
164738354017665664,1000.0,nearterm_1e-10,0.8315,74.88490565203436,0.968
1761771910959772032,1000.0,nearterm_1e-10,0.8795,138.349471001791,0.9745
1329848490477856768,1000.0,nearterm_1e-10,0.8615,108.36524030353792,0.9995
3311535375672171776,1000.0,nearterm_1e-10,0.771,59.634589044550566,0.993
6112272348126668800,1000.0,nearterm_1e-10,0.8005,68.07662061602699,0.9865
6755038496304470144,1000.0,nearterm_1e-10,0.801,61.45744518146328,0.991
4283053988756001920,1000.0,nearterm_1e-10,0.698,34.097380088757106,0.9945
2599647119044490496,1000.0,nearterm_1e-10,0.8365,80.25149658717314,0.9885
490441735713670528,1000.0,nearterm_1e-10,0.6855,30.060483535590002,0.9925
4934043968492272896,1000.0,nearterm_1e-10,0.5885,19.828138614759542,0.9965
2621100450623361280,1000.0,nearterm_1e-10,0.7945,55.48897399438851,0.9995
1851315420672845056,1000.0,nearterm_1e-10,0.869,117.75716063383041,0.989
5541455315986463104,1000.0,nearterm_1e-10,0.867,103.42623821127331,0.9835
5976098417137532800,1000.0,nearterm_1e-10,0.7835,60.45582225664446,0.993
28898090451449472,1000.0,nearterm_1e-10,0.825,86.71304919300775,0.98
6592347918267168128,1000.0,nearterm_1e-10,0.7965,62.05958308500988,0.985
5887064359268864256,1000.0,nearterm_1e-10,0.801,58.473632575359645,0.9895
6518913495153329920,1000.0,nearterm_1e-10,0.8595,103.18329339982273,0.9715
4600878063941953280,1000.0,nearterm_1e-10,0.8935,143.14073786240473,0.9675
992845122843798016,1000.0,nearterm_1e-10,0.85,89.56790082082436,0.985
3664521351702250752,1000.0,nearterm_1e-10,0.788,64.76817193670148,0.9965
3711953493050429568,1000.0,nearterm_1e-10,0.89,144.51683187618647,0.982
5473228871432372992,1000.0,nearterm_1e-10,0.8805,130.93714986251317,0.9765
6752384069075512320,1000.0,nearterm_1e-10,0.796,65.78049190693969,0.983
4115513220094402048,1000.0,nearterm_1e-10,0.853,103.46559159960188,0.975
4602130957441446400,1000.0,nearterm_1e-10,0.862,105.77432192926516,0.9715
377546664910219776,1000.0,nearterm_1e-10,0.879,123.7626386311402,0.993
4364333977066797056,1000.0,nearterm_1e-10,0.87,117.86100221747542,0.952
5768315046181771904,1000.0,nearterm_1e-10,0.738,41.303440076423826,0.986
123580919370477952,1000.0,nearterm_1e-10,0.8635,106.90092343506633,0.9835
4366334126156046976,1000.0,nearterm_1e-10,0.7125,35.18778055995005,0.995
4901782819863332608,1000.0,nearterm_1e-10,0.721,37.13592650166119,0.9975
2151838817854979456,1000.0,nearterm_1e-10,0.8765,133.8077510821282,0.953
1343460895402697600,1000.0,nearterm_1e-10,0.6345,22.388807733596035,0.9995
6136053959995638016,1000.0,nearterm_1e-10,0.8485,92.74476583111787,0.98
2221263218985851520,1000.0,nearterm_1e-10,0.6055,20.91072314412133,1.0
4162186251740404608,1000.0,nearterm_1e-10,0.579,19.797518203723673,0.9995
1678399143976755584,1000.0,nearterm_1e-10,0.8545,94.79348748703025,0.9945
2704125913666895104,1000.0,nearterm_1e-10,0.856,103.77566432662704,0.978
5000393997669149952,1000.0,nearterm_1e-10,0.821,79.70691487445248,0.9885
2491206105423269504,1000.0,nearterm_1e-10,0.8675,105.50504762661683,0.991
6274538269849968512,1000.0,nearterm_1e-10,0.662,26.99732465254853,0.995
707365862223681408,1000.0,nearterm_1e-10,0.766,53.49155916366975,0.9895
4735086373076351744,1000.0,nearterm_1e-10,0.7235,37.24145973094449,0.9975
2799316059826451328,1000.0,nearterm_1e-10,0.795,61.40436690196639,0.989
1875970079134757760,1000.0,nearterm_1e-10,0.756,48.004859755593586,0.985
1783649894544856960,1000.0,nearterm_1e-10,0.858,103.639744681648,0.9795
2554116930949289856,1000.0,nearterm_1e-10,0.8795,148.73316630306647,0.975
2753295523906432384,1000.0,nearterm_1e-10,0.7925,56.90097693244308,0.984
886990809110955008,1000.0,nearterm_1e-10,0.5985,20.644689131236387,0.997
919018036639891968,1000.0,nearterm_1e-10,0.8175,73.46307167171967,0.992
2833555985786735232,1000.0,nearterm_1e-10,0.6465,24.614960794298298,0.9975
3023472056569280512,1000.0,nearterm_1e-10,0.68,27.832551628652073,0.9955
868768602903736832,1000.0,nearterm_1e-10,0.7665,49.704360399838336,0.9915
5178460008866279808,1000.0,nearterm_1e-10,0.853,88.9864631339377,0.9935
3004697238395042176,1000.0,nearterm_1e-10,0.6485,26.117262816561574,0.999
2346247935526578688,1000.0,nearterm_1e-10,0.6385,23.307445017039743,0.9985
1933622971340170496,1000.0,nearterm_1e-10,0.856,111.66485813559179,0.9805
1014188567684692224,1000.0,nearterm_1e-10,0.7375,41.87192779041298,0.989
5466445022127902976,1000.0,nearterm_1e-10,0.8155,63.299735291592455,0.9955
6681692893110527232,1000.0,nearterm_1e-10,0.84,84.99660194884406,0.99
5185560414440293632,1000.0,nearterm_1e-10,0.852,105.7964583608809,0.9955
5800349145690204288,1000.0,nearterm_1e-10,0.7515,43.27720534864346,0.9915
4105409399796978944,1000.0,nearterm_1e-10,0.8665,108.94936362900829,0.972
4708692944344873216,1000.0,nearterm_1e-10,0.8595,97.0864887953949,0.989
2027994226190382848,1000.0,nearterm_1e-10,0.8255,73.88469984091002,0.975
2511654375999952640,1000.0,nearterm_1e-10,0.8625,109.81131286863761,0.988
5493261389176885632,1000.0,nearterm_1e-10,0.844,101.2761395609567,0.9815
2240388880151078528,1000.0,nearterm_1e-10,0.558,18.10803524021904,0.9965
5658455555185799040,1000.0,nearterm_1e-10,0.7545,43.112830577344795,0.9925
5052502602489649664,1000.0,nearterm_1e-10,0.8285,81.6319328809044,0.992
1979258613779627520,1000.0,nearterm_1e-10,0.675,31.011447306152437,0.994
446639254048922112,1000.0,nearterm_1e-10,0.8215,77.55193099362546,0.982
5601915746720479104,1000.0,nearterm_1e-10,0.8135,66.08456444255319,0.9845
4776963682897871616,1000.0,nearterm_1e-10,0.8385,87.21706766394635,0.9975
3280686721529098368,1000.0,nearterm_1e-10,0.77,47.0953285823404,0.991
1285339370727734400,1000.0,nearterm_1e-10,0.8965,160.5119904087247,0.9835
5511484179500121088,1000.0,nearterm_1e-10,0.89,128.59265261069118,0.9785
519978157091449088,1000.0,nearterm_1e-10,0.841,93.40804677086768,0.97
3855789469596668544,1000.0,nearterm_1e-10,0.8795,131.19029283412283,0.9575
572054498112591744,1000.0,nearterm_1e-10,0.8575,100.57089432403961,0.9705
357842591908022912,1000.0,nearterm_1e-10,0.863,106.74378981147646,0.9755
5927844322167316352,1000.0,nearterm_1e-10,0.8975,138.33257990004532,0.965
2281306105868025600,1000.0,nearterm_1e-10,0.89,134.3730427677047,0.989
6342743866636102528,1000.0,nearterm_1e-10,0.8255,75.11404908861026,0.9805
1690963263347609088,1000.0,nearterm_1e-10,0.76,56.68856703140549,0.9835
1230823728796492672,1000.0,nearterm_1e-10,0.8055,69.60430131438993,0.984
6411524297547089024,1000.0,nearterm_1e-10,0.675,28.540471684588383,0.9945
2935813011016890752,1000.0,nearterm_1e-10,0.857,98.75920038845932,0.9775
1510354597152530176,1000.0,nearterm_1e-10,0.8,64.33894598343319,0.992
263711679169833728,1000.0,nearterm_1e-10,0.5595,18.103188540424895,0.998
2203996935067479424,1000.0,nearterm_1e-10,0.8965,163.10738135663823,0.9915
4637390027600793344,1000.0,nearterm_1e-10,0.721,36.92246071830782,0.993
3326809997366173568,1000.0,nearterm_1e-10,0.757,47.945183741321266,0.9925
359891153870510208,1000.0,nearterm_1e-10,0.666,29.010307680830053,0.9975
3194157939562713472,1000.0,nearterm_1e-10,0.7435,46.72155389555206,0.99
5654914887224650240,1000.0,nearterm_1e-10,0.77,50.507454339808625,0.994
132596261882440320,1000.0,nearterm_1e-10,0.7975,59.478393405356265,0.9905
4262558915898078720,1000.0,nearterm_1e-10,0.6395,24.45700235535795,0.992
6149021149160162176,1000.0,nearterm_1e-10,0.8385,84.56542322381952,0.9765
2811411825899219200,1000.0,nearterm_1e-10,0.6065,21.096413974802292,0.999
1900800964403932800,1000.0,nearterm_1e-10,0.8415,86.90745939473895,0.979
6009934130839583488,1000.0,nearterm_1e-10,0.596,21.15585066286353,0.9945
6872322302128569344,1000.0,nearterm_1e-10,0.7725,51.38254242340764,0.99
4548634356637185792,1000.0,nearterm_1e-10,0.7645,44.97055892197923,0.9925
6527091903161249152,1000.0,nearterm_1e-10,0.8455,86.45808170570872,0.986
2639759162947729408,1000.0,nearterm_1e-10,0.8745,141.67099232362233,0.9595
4100927786033595648,1000.0,nearterm_1e-10,0.565,17.162514794273214,0.9975
5371882654157606912,1000.0,nearterm_1e-10,0.7525,43.64826500879343,0.9965
6775009922429158272,1000.0,nearterm_1e-10,0.5765,20.36117132141046,0.9965
665668979685323648,1000.0,nearterm_1e-10,0.633,24.112508785144527,0.998
1832230956847006592,1000.0,nearterm_1e-10,0.8805,136.3238391502431,0.994
6284599664533612544,1000.0,nearterm_1e-10,0.753,47.47799120864208,0.9955
4641784775576833536,1000.0,nearterm_1e-10,0.8285,76.90394438361368,0.9925
4268847611328000256,1000.0,nearterm_1e-10,0.845,80.17630200842822,0.9995
4278176623883730176,1000.0,nearterm_1e-10,0.8655,111.49084840863928,0.9665
3267929947104804096,1000.0,goal_1e-11,0.937,228.74125278230105,0.9725
5642877846246495360,1000.0,goal_1e-11,0.9365,223.80100409334506,0.962
6603465041679231872,1000.0,goal_1e-11,0.94,292.87320601631467,0.998
2046526391572691328,1000.0,goal_1e-11,0.934,250.17457916447924,0.988
1016789806037687424,1000.0,goal_1e-11,0.956,331.27595421986734,0.996
5679711000438989312,1000.0,goal_1e-11,0.9135,142.8139917932098,0.987
2995683893041962368,1000.0,goal_1e-11,0.94,272.0590052085106,0.9845
5953737099445742848,1000.0,goal_1e-11,0.9195,212.45903212038667,0.9925
4615401513032729088,1000.0,goal_1e-11,0.9625,287.816158262902,0.9855
3004510772390701696,1000.0,goal_1e-11,0.9515,315.10233905297827,0.985
4069792782145982080,1000.0,goal_1e-11,0.9605,356.02332846797617,0.992
5814108395520777856,1000.0,goal_1e-11,0.9565,326.41425373573514,0.992
5962272505153840896,1000.0,goal_1e-11,0.9385,316.07665159445156,0.995
2149291627370030336,1000.0,goal_1e-11,0.933,217.02100068025555,0.9745
1323478680316848256,1000.0,goal_1e-11,0.908,167.5068497457343,0.9965
5260504054704228736,1000.0,goal_1e-11,0.961,378.5943844384787,0.995
5841541455445538432,1000.0,goal_1e-11,0.9235,209.19768964209825,0.9925
3867940039451965952,1000.0,goal_1e-11,0.953,367.3042657565243,0.9855
87878642944408960,1000.0,goal_1e-11,0.956,268.93081659116666,0.979
3151482384299373696,1000.0,goal_1e-11,0.9425,336.26634898838506,0.998
6181044017297795968,1000.0,goal_1e-11,0.963,507.85133807138766,0.9985
803645216387486720,1000.0,goal_1e-11,0.9625,461.2618378044622,0.992
5914174364643486592,1000.0,goal_1e-11,0.9245,226.12535080270595,0.996
4797122403959920768,1000.0,goal_1e-11,0.945,358.7822224059405,0.9945
2575048093288905088,1000.0,goal_1e-11,0.9645,393.84103114672007,0.9905
4229058961259584256,1000.0,goal_1e-11,0.9485,336.063696917244,0.997
4561522831932945920,1000.0,goal_1e-11,0.9515,365.389233128528,0.9975
2208326773198648320,1000.0,goal_1e-11,0.943,305.75825697991496,0.995
6094128791359632256,1000.0,goal_1e-11,0.9485,326.51734628505864,0.994
2769623267282593152,1000.0,goal_1e-11,0.9185,207.23156529853162,0.9975
5660807578058341120,1000.0,goal_1e-11,0.955,307.24874565123264,0.99
296496818102428544,1000.0,goal_1e-11,0.942,321.3332622456405,0.993
158752853233960704,1000.0,goal_1e-11,0.934,186.8508825146226,0.985
2259514678757235200,1000.0,goal_1e-11,0.9485,250.3589776680605,0.985
4227855172121285760,1000.0,goal_1e-11,0.963,369.42515217627584,0.994
2196000977264781056,1000.0,goal_1e-11,0.948,323.8189408353368,0.979
1422765267499632640,1000.0,goal_1e-11,0.941,281.0454731852006,0.9885
5351303408563334912,1000.0,goal_1e-11,0.957,303.75711259200693,0.998
1364263517961035648,1000.0,goal_1e-11,0.9475,279.0243457179568,0.982
5274946414813497344,1000.0,goal_1e-11,0.96,361.9804180138299,0.9855
3180960123537829760,1000.0,goal_1e-11,0.9445,313.0278065426565,0.997
2757278951454094208,1000.0,goal_1e-11,0.953,275.6324756172398,0.9855
2703346703520007168,1000.0,goal_1e-11,0.945,258.1633375519596,0.9835
4002529127504102656,1000.0,goal_1e-11,0.952,392.91639478683965,0.996
5421588692928858752,1000.0,goal_1e-11,0.9405,237.56435555281473,0.978
6050388913137070848,1000.0,goal_1e-11,0.9175,197.83566546268318,0.9975
4345060775182367232,1000.0,goal_1e-11,0.9485,225.6349974265027,0.9815
992946106114748032,1000.0,goal_1e-11,0.969,387.5565278319553,0.982
676792841901784192,1000.0,goal_1e-11,0.915,198.99151607359096,0.997
218953691837608960,1000.0,goal_1e-11,0.9375,235.85866333743098,0.9955
2482368024800833024,1000.0,goal_1e-11,0.9365,265.8908919290588,0.9955
4609966833215963392,1000.0,goal_1e-11,0.9555,299.38304854271,0.9775
6844037812175117440,1000.0,goal_1e-11,0.8925,142.67326920596645,0.9975
6441225886185109632,1000.0,goal_1e-11,0.9365,257.0081721805991,0.994
1275271417631701504,1000.0,goal_1e-11,0.95,296.7606403090105,0.983
6490173906174556416,1000.0,goal_1e-11,0.9395,273.9058724090887,0.982
5940429538445511808,1000.0,goal_1e-11,0.9655,478.22914416142214,0.9945
3793148372312611456,1000.0,goal_1e-11,0.9595,324.04047586225346,0.9835
3138662151736925568,1000.0,goal_1e-11,0.949,256.0771737437149,0.9795
5976199159903812736,1000.0,goal_1e-11,0.9275,179.61949346410736,0.9965
1504338722359357568,1000.0,goal_1e-11,0.923,223.72584526310803,0.993
1688451325954477184,1000.0,goal_1e-11,0.958,385.978958846602,0.991
5889045855385067136,1000.0,goal_1e-11,0.9415,243.6675728739088,0.977
4081754605352170496,1000.0,goal_1e-11,0.92,234.37405843114254,0.9995
2691146831736184576,1000.0,goal_1e-11,0.966,313.9248582801097,0.989
334398010409366400,1000.0,goal_1e-11,0.9235,192.8655764184346,0.996
1383626089525174016,1000.0,goal_1e-11,0.9365,266.19293976135657,0.9865
3702063519102244480,1000.0,goal_1e-11,0.947,357.5438487691343,0.997
5423016683660491264,1000.0,goal_1e-11,0.949,256.22635996409696,0.9785
2804852929801600768,1000.0,goal_1e-11,0.967,549.1212725994083,0.992
3114023912926376448,1000.0,goal_1e-11,0.9075,165.50371397850947,0.997
5524591457617244928,1000.0,goal_1e-11,0.947,281.546310825192,0.9765
4060366016201160320,1000.0,goal_1e-11,0.7945,46.650861581924325,0.986
6694638847956909696,1000.0,goal_1e-11,0.904,179.50173470915183,0.997
3039556915253606144,1000.0,goal_1e-11,0.9475,358.021137521925,0.9955
6237927045205600000,1000.0,goal_1e-11,0.918,188.95210497400802,0.995
1878241773237645184,1000.0,goal_1e-11,0.952,296.0915977207114,0.985
4288946748293342080,1000.0,goal_1e-11,0.9665,623.5272723131694,0.9975
2337648311488015360,1000.0,goal_1e-11,0.958,359.81936808707354,0.9875
4395214100433309184,1000.0,goal_1e-11,0.941,355.23100312300096,0.9965
2796277112767076864,1000.0,goal_1e-11,0.93,180.6163256330571,0.986
6016504747910034432,1000.0,goal_1e-11,0.947,243.2533803185695,0.9645
5166280100090122880,1000.0,goal_1e-11,0.9465,330.3856655692527,0.995
1130573557111974912,1000.0,goal_1e-11,0.95,369.65737935457327,0.9935
164738354017665664,1000.0,goal_1e-11,0.864,89.36681620907918,0.968
1761771910959772032,1000.0,goal_1e-11,0.9495,304.13494650264295,0.9745
1329848490477856768,1000.0,goal_1e-11,0.9715,707.3513882390214,0.9995
3311535375672171776,1000.0,goal_1e-11,0.9485,348.6081977207124,0.993
6112272348126668800,1000.0,goal_1e-11,0.9535,333.2337655421393,0.9865
6755038496304470144,1000.0,goal_1e-11,0.949,303.2354823523611,0.991
4283053988756001920,1000.0,goal_1e-11,0.9325,234.80266129986563,0.9945
2599647119044490496,1000.0,goal_1e-11,0.952,321.70821094688495,0.9885
490441735713670528,1000.0,goal_1e-11,0.923,222.3235718429858,0.9925
4934043968492272896,1000.0,goal_1e-11,0.9065,177.60974330693602,0.9965
2621100450623361280,1000.0,goal_1e-11,0.952,453.30095496241887,0.9995
1851315420672845056,1000.0,goal_1e-11,0.9685,360.53708246151706,0.989
5541455315986463104,1000.0,goal_1e-11,0.948,241.0629662774818,0.9835
5976098417137532800,1000.0,goal_1e-11,0.939,262.6829182175894,0.993
28898090451449472,1000.0,goal_1e-11,0.9405,262.6351705316742,0.98
6592347918267168128,1000.0,goal_1e-11,0.9485,343.42073729943763,0.985
5887064359268864256,1000.0,goal_1e-11,0.9195,142.76084477559093,0.9895
6518913495153329920,1000.0,goal_1e-11,0.938,238.54514146696508,0.9715
4600878063941953280,1000.0,goal_1e-11,0.9545,316.33929881263697,0.9675
992845122843798016,1000.0,goal_1e-11,0.952,321.6070572554744,0.985
3664521351702250752,1000.0,goal_1e-11,0.9495,435.50467562065654,0.9965
3711953493050429568,1000.0,goal_1e-11,0.956,371.07072471208267,0.982
5473228871432372992,1000.0,goal_1e-11,0.9565,322.1350649315094,0.9765
6752384069075512320,1000.0,goal_1e-11,0.941,268.83709578169686,0.983
4115513220094402048,1000.0,goal_1e-11,0.94,210.9095428158737,0.975
4602130957441446400,1000.0,goal_1e-11,0.9475,265.68621880565104,0.9715
377546664910219776,1000.0,goal_1e-11,0.9625,469.5080166536371,0.993
4364333977066797056,1000.0,goal_1e-11,0.91,157.8355285607045,0.952
5768315046181771904,1000.0,goal_1e-11,0.932,234.8086970476366,0.986
123580919370477952,1000.0,goal_1e-11,0.9505,265.59925062361424,0.9835
4366334126156046976,1000.0,goal_1e-11,0.937,197.85441462727619,0.995
4901782819863332608,1000.0,goal_1e-11,0.9345,316.4253800263522,0.9975
2151838817854979456,1000.0,goal_1e-11,0.933,234.33141035244117,0.953
1343460895402697600,1000.0,goal_1e-11,0.9285,204.9828216307329,0.9995
6136053959995638016,1000.0,goal_1e-11,0.9505,270.3142529088265,0.98
2221263218985851520,1000.0,goal_1e-11,0.908,203.85922377102054,1.0
4162186251740404608,1000.0,goal_1e-11,0.91,185.32469687489714,0.9995
1678399143976755584,1000.0,goal_1e-11,0.971,428.79354115510336,0.9945
2704125913666895104,1000.0,goal_1e-11,0.951,252.68709992931315,0.978
5000393997669149952,1000.0,goal_1e-11,0.9615,355.686885118083,0.9885
2491206105423269504,1000.0,goal_1e-11,0.9655,472.12316138983624,0.991
6274538269849968512,1000.0,goal_1e-11,0.924,201.02747465353232,0.995
707365862223681408,1000.0,goal_1e-11,0.938,254.88258440819698,0.9895
4735086373076351744,1000.0,goal_1e-11,0.938,310.928890352107,0.9975
2799316059826451328,1000.0,goal_1e-11,0.9445,332.61686954877416,0.989
1875970079134757760,1000.0,goal_1e-11,0.935,260.86938760556114,0.985
1783649894544856960,1000.0,goal_1e-11,0.9465,286.61074579356205,0.9795
2554116930949289856,1000.0,goal_1e-11,0.9565,364.55829105983827,0.975
2753295523906432384,1000.0,goal_1e-11,0.9345,249.35788918487006,0.984
886990809110955008,1000.0,goal_1e-11,0.9125,187.1152418965699,0.997
919018036639891968,1000.0,goal_1e-11,0.9505,394.94402008052884,0.992
2833555985786735232,1000.0,goal_1e-11,0.9235,215.0534160461105,0.9975
3023472056569280512,1000.0,goal_1e-11,0.9285,215.30659671592048,0.9955
868768602903736832,1000.0,goal_1e-11,0.9495,272.4333538585935,0.9915
5178460008866279808,1000.0,goal_1e-11,0.9585,323.0161530187904,0.9935
3004697238395042176,1000.0,goal_1e-11,0.925,234.65567260463737,0.999
2346247935526578688,1000.0,goal_1e-11,0.924,190.93443433347613,0.9985
1933622971340170496,1000.0,goal_1e-11,0.9555,281.0564285749957,0.9805
1014188567684692224,1000.0,goal_1e-11,0.939,255.96427684871796,0.989
5466445022127902976,1000.0,goal_1e-11,0.955,291.8951629174203,0.9955
6681692893110527232,1000.0,goal_1e-11,0.9525,318.5117483494638,0.99
5185560414440293632,1000.0,goal_1e-11,0.9685,468.82412174247577,0.9955
5800349145690204288,1000.0,goal_1e-11,0.935,245.9571167115332,0.9915
4105409399796978944,1000.0,goal_1e-11,0.941,219.8456343328191,0.972
4708692944344873216,1000.0,goal_1e-11,0.952,256.6248244323157,0.989
2027994226190382848,1000.0,goal_1e-11,0.947,264.8339302363159,0.975
2511654375999952640,1000.0,goal_1e-11,0.962,316.23376054067984,0.988
5493261389176885632,1000.0,goal_1e-11,0.95,337.58146140305126,0.9815
2240388880151078528,1000.0,goal_1e-11,0.9045,153.73598835163784,0.9965
5658455555185799040,1000.0,goal_1e-11,0.9345,226.86664850150888,0.9925
5052502602489649664,1000.0,goal_1e-11,0.952,431.13644993352204,0.992
1979258613779627520,1000.0,goal_1e-11,0.932,224.569031820781,0.994
446639254048922112,1000.0,goal_1e-11,0.9405,223.97892134686026,0.982
5601915746720479104,1000.0,goal_1e-11,0.948,305.46097649456897,0.9845
4776963682897871616,1000.0,goal_1e-11,0.9685,500.91145345382057,0.9975
3280686721529098368,1000.0,goal_1e-11,0.944,239.186519392282,0.991
1285339370727734400,1000.0,goal_1e-11,0.9635,358.538108364957,0.9835
5511484179500121088,1000.0,goal_1e-11,0.9585,309.6073074821832,0.9785
519978157091449088,1000.0,goal_1e-11,0.936,207.3223680758254,0.97
3855789469596668544,1000.0,goal_1e-11,0.934,214.59419261523732,0.9575
572054498112591744,1000.0,goal_1e-11,0.941,229.14477980307908,0.9705
357842591908022912,1000.0,goal_1e-11,0.9435,236.89009549367037,0.9755
5927844322167316352,1000.0,goal_1e-11,0.9435,218.47676851993583,0.965
2281306105868025600,1000.0,goal_1e-11,0.9695,358.74034467762544,0.989
6342743866636102528,1000.0,goal_1e-11,0.9485,232.7850510261123,0.9805
1690963263347609088,1000.0,goal_1e-11,0.9355,301.69532123251014,0.9835
1230823728796492672,1000.0,goal_1e-11,0.948,299.7735214358508,0.984
6411524297547089024,1000.0,goal_1e-11,0.9205,204.13205319346494,0.9945
2935813011016890752,1000.0,goal_1e-11,0.948,278.0798965542975,0.9775
1510354597152530176,1000.0,goal_1e-11,0.9505,321.9011891656423,0.992
263711679169833728,1000.0,goal_1e-11,0.893,151.1304388517761,0.998
2203996935067479424,1000.0,goal_1e-11,0.9695,464.54873963175237,0.9915
4637390027600793344,1000.0,goal_1e-11,0.9305,243.45823102532003,0.993
3326809997366173568,1000.0,goal_1e-11,0.9445,290.499297577596,0.9925
359891153870510208,1000.0,goal_1e-11,0.927,261.79895834556993,0.9975
3194157939562713472,1000.0,goal_1e-11,0.94,270.4097681390601,0.99
5654914887224650240,1000.0,goal_1e-11,0.936,270.8285615132095,0.994
132596261882440320,1000.0,goal_1e-11,0.953,284.4835805314933,0.9905
4262558915898078720,1000.0,goal_1e-11,0.916,190.12554760548537,0.992
6149021149160162176,1000.0,goal_1e-11,0.949,235.35015593257367,0.9765
2811411825899219200,1000.0,goal_1e-11,0.919,199.58239087197944,0.999
1900800964403932800,1000.0,goal_1e-11,0.9455,238.86378714455594,0.979
6009934130839583488,1000.0,goal_1e-11,0.901,149.57601206274342,0.9945
6872322302128569344,1000.0,goal_1e-11,0.944,245.4152789284081,0.99
4548634356637185792,1000.0,goal_1e-11,0.9415,299.2232373116622,0.9925
6527091903161249152,1000.0,goal_1e-11,0.946,260.3584985116579,0.986
2639759162947729408,1000.0,goal_1e-11,0.93,252.24366206041603,0.9595
4100927786033595648,1000.0,goal_1e-11,0.912,143.61779072485615,0.9975
5371882654157606912,1000.0,goal_1e-11,0.943,339.75399666541756,0.9965
6775009922429158272,1000.0,goal_1e-11,0.9045,166.87975276283385,0.9965
665668979685323648,1000.0,goal_1e-11,0.9265,212.23962918362918,0.998
1832230956847006592,1000.0,goal_1e-11,0.976,656.830229422411,0.994
6284599664533612544,1000.0,goal_1e-11,0.9415,298.2763363473196,0.9955
4641784775576833536,1000.0,goal_1e-11,0.96,401.74641684879214,0.9925
4268847611328000256,1000.0,goal_1e-11,0.965,765.0885690409704,0.9995
4278176623883730176,1000.0,goal_1e-11,0.9265,194.78027340701718,0.9665
