source_id,ra,dec,distance_pc,teff_gspphot,logg_gspphot,lum_flame,phot_g_mean_mag,hz_inner_m,hz_outer_m
6860437234266288640,304.9917308706363,-19.463167999860755,255.0664034522666,4373.449,4.6105,0.15704969,14.611749,56320637121.71293,99005751571.85326
195906656809372800,84.38594382726423,41.83143425211112,118.67454360356855,4154.4756,4.4147,0.20063534,12.236613,63657962413.91294,111903997085.51013
6596289907969731968,342.92462716886433,-35.4969782521548,207.70937703475852,4247.6973,4.4318,0.18844868,13.590362,61694374755.82393,108452216676.02733
4895459322334072320,65.27457282667102,-26.648531969053675,293.6466626208334,4300.2993,4.6458,0.11827064,15.007185,48875081072.14869,85917247779.46138
36041716280616960,56.4935814508468,9.926036662291995,266.674798338238,4241.897,4.5422,0.07131103,15.674356,37951362482.07521,66714500363.22696
6100143154323163520,222.2173245258307,-44.44391179251963,245.84678376866452,4543.9297,4.6201,0.16337946,14.051795,57444406328.03226,100981219545.06725
6730137822118411520,280.9605566409363,-38.20287977628704,253.37922146263458,4099.339,4.6788,0.08137918,15.400301,40542046933.15289,71268650924.5951
2099734198768715264,287.9042719212256,39.145287636141234,268.9449591115413,5026.9014,4.5237,0.3838368,12.983393,88048573113.2623,154780123262.26108
2610697009040629760,343.9599936704832,-7.414562562920368,238.49573888333657,4505.577,4.6556,0.16179465,14.039661,57165116877.39922,100490258089.7439
5715234301290863872,115.77163026266577,-20.98300681866471,252.87790734649877,5066.843,4.3297,0.82780963,12.045125,129304683167.85674,227304021989.81134
3267929947104804096,51.98086835565923,1.3687693064123154,275.15141883393215,4200.12,4.572,0.1331513,15.064011,51858711605.110176,91162156190.03577
1605198298364601088,218.36887175001752,52.9098929455557,13.232961200211555,4666.703,4.5354,0.261601,6.918849,72689003854.1977,127779617301.58963
2198940384172439808,329.22119244522736,56.63317207594698,205.47839662416123,5348.2227,4.7619,0.22604059,14.473897,67568181929.65054,118777751392.12254
3057944426165545600,109.66362919741438,-7.148140116845251,214.29584283938607,4172.773,4.6601,0.102512345,14.639095,45502693110.49876,79988944731.08728
2099704855552041472,288.6212777648727,39.335946869468685,209.79198659120644,4400.0117,4.6569,0.15559457,14.025136,56059114792.49057,98546022845.74658
1554416941520632704,197.89276582784925,47.63527265858477,247.48724639619317,4565.4883,4.6208,0.20738956,13.756648,64720589215.48147,113771983147.21478
1377723326991409792,237.4699357358209,40.06876204741217,277.36926865516295,4541.1167,4.5878,0.1898342,13.974468,61920755354.22277,108850169938.47583
4696251420520838272,36.79390471714849,-66.67775926925012,292.3102483459569,4049.9355,4.6553,0.08857321,15.629678,42296088829.346245,74352071942.11392
4027684647878072064,177.95225612166172,32.84903622284031,128.8273629292541,4430.2827,4.6209,0.1766921,12.712942,59738949802.37669,105014785442.07272
4045975023892584960,275.8311374016114,-32.166755554333456,153.63725827037922,3910.2183,4.6452,0.07657655,14.529811,39327552132.99194,69133696907.47005
4233548988792037120,298.65823766470953,-3.834334414716129,157.1424386255597,4732.85,4.5112,0.28540847,12.653676,75924588370.9774,133467434294.24448
1747017809240873088,321.6240174649075,13.188174664996742,266.8477534745247,4684.131,4.5429,0.24152985,13.76641,69844855495.15044,122779903870.42236
4830707673825042688,63.009228862520864,-49.03776971916659,227.27798838413185,4087.8328,4.7134,0.07394253,15.171892,38645254386.9884,67934289290.8112
5862554806311101056,199.00874281200475,-62.15142459755009,280.5604800440602,4549.7207,4.6391,0.17352895,14.75142,59201810275.488174,104070550694.80553
645958343969813504,144.1427686046654,26.233413844840804,215.13688984024384,5393.603,4.4349,0.6857149,11.763745,117684918398.96452,206877698659.2324
5218976874914807552,138.59301124086454,-72.06783097585172,270.93637321610777,4806.796,4.6384,0.2248572,13.790948,67391080023.664696,118466424883.70529
954379494523699712,105.30853741307206,46.369281080380006,297.1244476962353,5447.9575,4.5988,0.500433,13.013684,100536089254.80652,176731862163.71252
1845559168064938880,314.63491805538854,27.496824565039407,90.56447216415846,4531.758,4.6437,0.17870693,11.73846,60078587629.629105,105611832991.03221
5876111509851301504,227.7547351208699,-61.42480135558261,259.67642142154506,4742.0723,4.6057,0.21316367,13.778551,65615374473.78546,115344921443.3913
964223319047973888,99.70483418990568,43.9102269619542,206.7778703894347,4827.762,4.5382,0.2913617,12.794367,76712343191.42702,134852224347.03488
5790083619766689920,213.5896472384005,-75.93191869089887,280.94810560531147,5106.4116,4.3821,0.54612905,12.848216,105025959174.66455,184624580864.9366
5517437175972544000,118.35649878391403,-48.57085459058156,259.56109502815724,4081.0208,4.591,0.11990766,15.160623,49212166108.311966,86509807790.40103
1851490758417377152,317.25452325980035,29.20184249190695,176.6074239129049,5054.524,4.4575,0.5225109,11.698677,102729859617.10773,180588279537.442
876989067228916224,122.57450853511725,30.61706862321959,91.55045962533441,4674.4106,4.5873,0.20004313,11.403431,63563944227.11242,111738723009.76604
2625737194237042560,334.67166130062486,-6.113007634248411,226.94612176880963,4192.2993,4.6497,0.11014185,14.730579,47165582322.42552,82912128924.68486
6355780879085277824,319.07857463304805,-79.21888968330674,227.5514008940201,4518.733,4.3404,0.4203966,12.867182,92146451360.13286,161983761864.6546
1606760360788968576,218.90616223689807,53.69821109300018,47.59961912579118,4877.1343,4.5023,0.35227275,9.311442,84350671093.99567,148279600765.23447
2057692099637158144,306.45995881601954,36.54241703027251,221.8924673651882,5471.1494,4.4775,0.5909694,12.061252,109252532881.79166,192054452539.5706
6221291743512484608,216.38671255786204,-28.8233210272691,285.42919542201076,5037.9165,4.577,0.34499028,13.299002,83474234855.18607,146738918113.8534
6891978821249046528,318.98152306958184,-11.901963608988313,223.55771474769315,4095.1416,4.3512,0.070359536,15.329999,37697322128.89975,66267924163.434296
5368448436972855424,179.58674274410262,-53.064289969467495,275.6428400013504,4071.8745,4.7732,0.05459959,15.543572,33208075525.157646,58376301186.32975
1192884839566058496,237.73093641949168,15.538360340856402,288.974489970322,4666.3804,4.6037,0.2177812,13.893502,66322243774.202446,116587523266.22957
4564626856336533760,253.639728899065,20.880450545824534,82.63711486017878,4005.4,4.7311,0.065520845,12.91222,36377995274.40965,63948686429.75172
2046526391572691328,293.6118048185264,34.343384018266754,285.17279796587667,5031.399,4.6076,0.33137882,13.353279,81810941546.90338,143815023561.39856
2949531170916663040,104.27971360775088,-13.14383829209329,234.84645883305518,4039.8984,4.6456,0.09212942,15.2077,43136825924.544495,75829999256.83086
3205278876905741952,68.05383822506994,-2.2039522792223893,87.75258850885109,4534.5576,4.4291,0.25548673,11.663319,71834519516.51848,126277523781.66933
1923364390413485440,351.41195367338844,40.19898283633918,274.53716250327767,5105.2847,4.5735,0.3310806,13.416486,81774120921.87474,143750296778.4535
4491328910104418944,260.13720522760406,9.263406048642494,158.06941494561957,4761.964,4.5694,0.26888478,12.422876,73693999548.23117,129546293942.68007
246214570820543744,64.09902206052926,48.35027693509873,190.3125406364987,4326.75,4.2024,0.41470066,12.995682,91520077794.01982,160882663069.48746
2310934229086793344,358.4115683415998,-36.72867471016597,289.5541571764353,4457.8364,4.5922,0.18439892,14.2128,61027868799.51773,107280569363.36273
2879548557176664704,357.3997840655983,36.47299415424271,168.71708073420817,5283.9365,4.4235,0.7367802,11.235174,121988247006.41039,214442497369.16348
6213540495777042432,232.9447069505241,-26.9037872440835,287.50349713977835,4811.0356,4.5313,0.31103063,13.75655,79259366599.97902,139329623391.54208
4230832301715595648,307.42534959510976,1.5816873576239894,298.837640440282,4261.9434,4.6372,0.12590384,15.123216,50427623929.238235,88646454696.6609
247701282339379328,54.07995566868314,45.15681040449274,281.439385324659,4467.6904,4.6112,0.1889706,14.575391,61779748832.88829,108602295316.76152
3651717848034329472,220.8794318072617,0.0906147440017373,296.52292833527736,5045.2617,4.6204,0.2640124,13.722318,73023253691.3923,128367193331.18439
6216031027059909632,220.37447574665575,-32.18448386403926,221.66947527373202,4019.043,4.6577,0.08030224,15.222481,40272894767.46474,70795509749.12224
6513122401769244928,343.3685219363892,-51.49553446111355,136.96932289250557,4131.604,4.4432,0.21381707,12.907638,65715861301.00501,115521566708.08249
6888757733215999744,314.8972473469965,-12.712488491103098,252.75978513217137,4222.719,4.4403,0.17995207,13.935654,60287523011.96671,105979119399.9836
463515932901756672,51.3131779143271,62.12716766159432,114.92639801851246,4902.8677,4.584,0.2697936,11.627204,73818435902.05788,129765039954.14383
2255038085886495744,289.5047119592117,66.54138888052131,83.18713066388737,5166.702,4.5214,0.42606243,10.309916,92765317925.38133,163071664142.51245
5972885197508395520,260.003838280223,-37.52154478316808,258.5761521062956,4013.9978,4.6692,0.09045325,15.711873,42742616610.30653,75137020778.1178
6716092862437029376,282.0627686380927,-42.39661194177626,202.61903576795902,4221.3984,4.6557,0.13386208,14.364582,51996941854.35246,91405150417.65117
106045323814384128,34.83529207467066,26.23838374498216,283.37790734928467,4909.472,4.5483,0.31554988,13.392143,79833106124.77498,140338197082.4992
964621621432330752,100.12606230757788,44.44006724867183,288.39495001632247,4934.9214,4.63,0.24339873,13.882327,70114553262.90878,123254004156.9028
4438304549537359232,247.50104568802985,4.9924089313501305,250.57530575873167,4337.014,4.4445,0.22299434,13.7375555,67111344165.52944,117974678690.98332
129879639232381824,40.184113493169534,30.350774113817,169.2233971550754,5446.525,4.4403,0.7013404,11.32883,119018218598.99706,209221500063.50006
6323303332824852096,220.20668520020251,-13.080534184974816,194.72972219019718,5036.036,4.4108,0.6864167,11.610035,117745125749.26128,206983536843.43823
629481303234202368,150.03574257951885,21.60411394390321,99.82650755301177,5251.0347,4.3385,0.89872503,9.829598,134729418683.41977,236840136001.38004
936077268781557760,118.99879292914454,51.832828508149376,294.33263381206166,3905.7537,4.6859,0.0760924,15.791651,39203032124.30748,68914803839.57208
1264426384689864576,226.62670083057776,23.801513987088512,179.19511797261558,4100.617,4.653,0.10465485,14.504461,45975736717.12114,80820505597.46558
2879451529571952768,355.3481449688787,36.682930668896944,248.64046779370153,4177.703,4.4779,0.19471525,14.410367,62711761623.066,110240675695.28444
210407600270161408,88.53441123742768,48.32631147137368,287.1543340553984,4337.3496,4.6383,0.12829168,15.133194,50903572565.71195,89483122299.7252
1412212257975913984,251.52924409648816,49.82097620378047,263.98901632509234,4614.9897,4.5457,0.24303384,13.518088,70061977608.33755,123161581690.44603
2056731646182381952,308.818683316572,36.209664868741626,63.05313674388407,4681.0386,4.3442,0.4347206,9.770809,93703136375.63245,164720250260.3223
5248208044375139840,136.31774215674403,-66.32827653345524,280.31392482204313,5326.037,4.4556,0.626752,12.689875,112511491412.95346,197783358589.0866
6037123786391497472,245.1238771665025,-32.14378831201496,261.9553395125758,4741.6113,4.5165,0.32722607,13.356422,81296709084.46104,142911057022.15784
4128582393256742656,257.9256175376653,-18.80897783415565,203.0707568557016,5242.5605,4.4341,0.61034423,11.881721,111029002726.90994,195177299530.46277
5576277059693608832,103.6065500409951,-38.32661433190271,273.3699382368207,4012.1626,4.6976,0.079282776,15.510422,40016439234.38922,70344687917.29474
448032674580379520,49.5488436227086,56.83688318537572,178.85751860089607,4592.65,4.586,0.19335368,13.24118,62492117177.55466,109854563880.54346
2197849874799004800,329.50086946372704,55.11161311410387,291.1878093677947,4704.423,4.5686,0.2512303,13.848889,71233621742.31256,125221208747.0126
326737992073141760,37.093875232075575,34.30541406237034,186.05382434517006,5077.0254,4.5173,0.4313234,12.102995,93336288514.22679,164075370335.53552
6166397903941106560,200.3301587657673,-35.355922345436646,235.4254277461966,4404.289,4.6398,0.15138936,14.157964,55296379091.40893,97205213771.2136
464146605901717760,41.93280505156532,59.50330558759091,288.1783456928695,4075.4214,4.6628,0.10127185,15.767658,45226542631.93912,79503501258.25087
3791271398589093376,166.31410506792628,-2.39263168594384,212.92423769265935,4450.0854,4.5717,0.18439241,13.517499,61026791529.29177,107278675635.70238
4191315548876530176,303.252673039028,-9.895797483544085,276.9235806801987,4199.3613,4.517,0.17206846,14.875034,58952150637.08454,103631675330.45387
5078344492996423424,44.95876040573306,-22.406001163782072,274.86048343774434,5297.5444,4.5305,0.45839465,12.804745,96220761021.59216,169145969374.79883
6168528551316745344,203.1261956458239,-33.40285418888484,179.3577513887858,4236.563,4.3219,0.29716986,12.934061,77473182601.41371,136189699941.43254
3825136910776197504,141.91489212286805,-4.301109871071684,269.8956421330495,4442.531,4.6675,0.16225356,14.424938,57246130273.14534,100632671111.73969
1145574159889385088,126.24048686692234,82.16862213667473,281.70828146138564,4033.37,4.232,0.23598568,13.93058,69038578764.49208,121362554249.15977
5449915857669043712,163.03886305036036,-32.94135099219783,289.1642057261435,5138.98,4.5521,0.38087016,13.159658,87707653361.77559,154180822225.43707
4046601912940765696,278.6575344051201,-31.762120388566068,276.57288432566327,5262.0522,4.4069,0.7400936,12.37399,122262238113.76862,214924144894.73007
4475133138192561280,271.66605910174064,7.372143266287454,234.73618492168694,4411.9194,4.6419,0.15076636,14.277962,55182483507.12166,97004997323.04544
4520925873350964480,285.66478412728014,22.380727087917656,281.72774550819065,4852.7983,4.5497,0.28866792,13.85366,76356898339.44138,134227389712.49167
5973643035879970048,259.766180584371,-37.356799007413656,287.61231615787733,4242.526,4.6263,0.12301134,15.35171,49844999048.92531,87622261486.00555
112792030241690752,43.04080004382941,23.4316570362789,233.23385953182333,5472.3213,4.7781,0.075937465,15.3977785,39163100299.46632,68844607894.85132
4746264115660094208,38.165495855529606,-50.64236871074787,219.12874574668183,4659.325,4.3379,0.47277457,12.4148445,97718337916.8215,171778551916.93884
6042244521273838208,242.80549718873985,-27.77472365541678,125.06068389860027,4945.5527,4.3685,0.67573184,10.767632,116825112754.987,205366250842.97717
6356591562752574080,323.77434986986,-76.93797556412692,258.33223076564104,4235.0747,4.5035,0.15091243,14.652402,55209208812.275154,97051977596.31526
2269940694689733504,314.7504377121383,67.54460947199217,132.38998212261947,4506.626,4.6217,0.16405533,12.617459,57563102034.546165,101189874102.83379
3477990818959580800,172.8077619775083,-33.45119717282907,267.3110589122011,5142.5444,4.3759,0.058830798,15.106776,34470801932.81893,60596041292.42908
4604736353323783168,269.05033622418506,34.31962763803645,267.3662375915145,4168.4316,4.6672,0.098632835,15.163756,44633379904.404335,78460783621.42656
2882605959713353984,89.24042100091349,-40.60947229058991,279.4527965526248,5452.724,4.5704,0.54031676,12.747922,104465584095.09962,183639500461.91196
6338760610885086208,221.89159230416,-2.988353638555083,241.9163684963066,5355.3623,4.6345,0.34829804,13.085794,83873454868.27176,147440704873.6988
2009540916346758144,348.1328696412808,57.40009278870978,284.9538330099339,4346.424,4.6142,0.14005587,15.233116,53186287293.78234,93495894505.91211
4562662922411121408,249.67088022365812,18.870851863718737,257.43901441729446,4218.44,4.5574,0.14705245,14.704133,54498575363.16514,95802758796.30083
5679711000438989312,139.2479021214168,-19.9629200100692,282.56537539027244,4571.229,4.7718,0.23823172,15.220277,69366344824.91731,121938732481.69675
2197818298198447616,330.82065761987604,55.15125995185045,129.14988124616403,4402.3726,4.6559,0.15624833,12.889432,56176762826.12289,98752835704.86865
3984429340749204736,167.47037469864495,19.71454684679027,235.4880541511048,4866.6445,4.4036,0.6168265,12.174713,111617047178.42245,196211019776.80582
140517178009827968,43.094134070655606,35.80934764906346,247.5539726357155,4962.063,4.5263,0.36852586,12.885969,86274609353.42902,151661681705.50153
846417971052104576,176.02706144567628,58.54764533829743,215.36818556612553,3953.6978,4.6936,0.077674285,15.020952,39608431940.28893,69627454042.40266
1447512937778215424,200.325378276194,25.704595389652187,239.31168365249007,4496.533,4.6504,0.18638876,13.844534,61356259682.94227,107857845968.96167
6770787660345723136,291.00025980583314,-23.30657530521166,207.3109289575753,4376.0767,4.6436,0.14693137,14.109957,54476134232.90593,95763309651.52937
1449395610922504576,200.23897584155247,27.235456239807544,71.48754367518934,5248.173,4.4812,0.54715943,9.635527,105124988564.24275,184798664107.66885
6810488997992587264,327.86593534396263,-26.475478279146976,253.76049983656216,4895.832,4.6466,0.19926797,13.678403,63440670681.69604,111522021093.08672
1729962043135511296,316.4993697941502,1.568211159847163,228.3242388147788,4622.2085,4.6009,0.18766974,13.59944,61566737941.23363,108227844591.43175
89373772599759104,37.92309339750384,22.219543487747146,245.194376886754,4161.522,4.4762,0.19100654,14.667954,62111659964.697,109185760148.46736
591357799125452032,137.2395477850425,9.897031730230768,137.65600643617688,4826.792,4.6985,0.08253462,13.972209,40828845090.011826,71772811895.07341
5990439209890341248,244.36117739080063,-45.87345037039629,283.1321434966173,3960.1536,4.578,0.092229776,16.425913,43160313867.07839,75871288587.39044
262976380768546176,79.82137505273327,51.96898327408024,259.9157948298129,4733.505,4.4958,0.30667284,13.353131,78702164173.66096,138350120178.9619
3004442980626224384,92.94544021306778,-9.87212921993418,227.6758733333883,3912.243,4.7488,0.050425548,15.617706,31913492219.960007,56100560007.71916
2998494004244136320,89.22519720670212,-12.047292350400443,277.01176038250526,4871.6753,4.5646,0.2895746,13.397395,76476719404.9256,134438022532.86922
5333164559113928576,176.46904958130264,-63.42715372900511,256.2251976027691,4411.302,4.5701,0.15943323,14.419263,56746416285.66623,99754226523.22379
1176882268157828480,214.80696815667176,9.329233622144072,185.32162403914083,4445.771,4.6682,0.15054922,13.568586,55142731131.52785,96935116831.21211
2995683893041962368,89.18125110573989,-14.406778733375775,279.73305317885365,4228.7188,4.4093,0.22067043,13.918858,66760731708.97322,117358338898.93187
5950417978743316608,260.0076718627535,-49.17621626316164,174.28381325353254,5323.8506,4.6118,0.40209252,12.108495,90118097443.04144,158418129189.34653
161335090652114304,71.4235155528623,32.823823170978564,212.40240756078387,5211.9756,4.5352,0.4118753,13.711787,91207781334.25287,160333678766.52875
3630492978651219968,204.0151298758068,-7.986514032319435,280.4697953647905,4156.8345,4.6716,0.09667222,15.341224,44187543970.29584,77677050979.36215
6618705647229769216,332.869266891068,-27.728937109350674,172.33300356444954,4869.849,4.621,0.29432094,12.376263,77100926747.5274,135535313335.12714
777443373258024960,167.59016847504648,40.51014966735828,146.6970636111541,3901.7632,4.7465,0.0546129,14.557941,33212122923.23743,58383416086.112114
5295196086102917120,115.37446950366012,-58.25750016818163,294.1484349339437,4334.567,4.2777,0.31898472,13.931194,80266431845.32655,141099938085.9951
5789485558462310528,204.35886912125247,-77.38963544754293,295.0856207534002,4118.6343,4.5347,0.123426534,15.437524,49929047848.63243,87770010428.64857
5209581754211435904,118.11487019864704,-79.14651842796172,234.2322588259838,4476.8604,4.659,0.16750997,14.092979,58166019928.95183,102249740296.15742
519020654258961408,30.678131357857342,67.6317452275367,201.25441751259004,4474.3667,4.5621,0.20420982,13.337193,64222517919.77412,112896426237.91872
1634732245839788800,269.2653001812012,68.82239270262274,56.1463552178681,5418.9673,4.4457,0.6738701,8.875959,116664066620.29811,205083148690.41876
6315059125920828288,232.04412202859308,-11.646694019696657,76.50755032806642,4370.7515,4.384,0.28358024,10.775954,75681024096.85336,133039273938.6791
3861488444525766016,155.0724824475293,5.825219157673254,234.1453183250922,4379.696,4.6607,0.149403,14.247647,54932412981.034584,96565399661.39763
5444902634404772608,155.2171011646612,-37.88886175985211,205.50136823510084,5273.232,4.5012,0.52849066,12.009229,103316021873.46431,181618691082.82672
4214240091447638528,293.78768629141183,-1.3565147785059872,147.6667665248363,5133.3013,4.5275,0.42900166,11.787024,93084742921.92848,163633179662.75848
2372696756452620032,12.721132246718698,-14.3296139689202,239.24792980890427,4589.7515,4.622,0.17442016,13.75439,59353639915.25037,104337451219.44012
512135684252326016,26.000525770759204,63.91848173049242,287.71645436959193,4739.584,4.5328,0.2653941,13.823409,73214086706.58037,128702657684.19919
3518961680225633024,180.9256781860414,-18.717570621379707,272.1209616701328,5214.592,4.4969,0.4878595,12.751052,99265057961.26686,174497522942.43753
4144416460215906304,271.5087877585528,-16.019899472555572,275.3704267322568,4694.7915,4.5159,0.2694008,14.032387,73764679172.30278,129670541281.8375
670598017295943296,120.69106725875548,20.358125466170105,117.01843053689362,4474.17,4.5317,0.42068782,11.505646,92178361993.8798,162039857399.76767
1995391473008497152,346.375497836192,52.49962544356467,282.45169761298854,4133.278,4.6857,0.088052645,15.616826,42171613776.99534,74133257902.71812
3011495278269436288,89.3412999128777,-9.17299013158532,266.4003510634421,5229.137,4.5137,0.45429835,12.777117,95789872913.1583,168388513436.81512
6779762458361359616,313.08170193334803,-34.56924660755623,117.23178384019158,3924.3513,4.7067,0.06749869,13.87674,36922975272.97693,64906703900.917336
283520862910679808,85.57595207177135,61.773764005740574,296.6860260636092,5272.763,4.4599,0.55550826,12.809539,105923976874.00108,186203201452.19138
5512956696149630336,120.77227916633753,-51.62068940783038,241.29058268555477,5453.637,4.5232,0.60280263,12.255154,110340916408.97635,193967716213.67422
5545343262123580544,118.70414726112833,-36.28525598342015,207.75934526253036,4973.8423,4.6351,0.13395591,14.437842,52015162168.86528,91437179812.63686
6227892485474962944,226.6457931349185,-23.633300151132453,289.40597182914394,5444.226,4.6232,0.8380676,12.420697,130103369047.70293,228708027694.38306
4539743774329288448,258.9744811594419,10.442324647435566,278.6151485190818,4485.392,4.6687,0.16162515,14.66263,57135165249.28181,100437606280.31644
4260209534423809408,280.3618511211098,-1.1854125934835436,232.0485644107641,5487.2515,4.4796,0.6803485,12.080858,117223513214.21466,206066596913.4089
5758438648623099904,138.90698947141826,-5.6604954285543485,177.67903036177233,4288.097,4.6654,0.12103973,14.019995,49443930860.08776,86917225827.73322
5340637527324331904,164.74346995930438,-56.89379491188196,201.82318805088676,4202.9614,4.6261,0.11874309,14.307335,48972603237.5802,86088681480.79887
3327129130616863488,96.46698217384336,9.027576925251452,257.9658048780761,4512.196,4.6407,0.1748683,14.001709,59429840043.09718,104471403023.12872
4072553862027540736,280.5883110680118,-27.40538706131163,247.22145854685328,5108.43,4.5055,0.43298972,12.834511,93516406497.43428,164391998790.2266
6124418068956688128,213.47838750860527,-32.05376042323545,88.38511202571749,4937.2734,4.6239,0.24445757,11.131506,70266894913.13963,123521804742.04549
4069792782145982080,271.97512565163373,-21.9198633483205,173.25079990749146,4505.2285,4.6129,0.15251978,13.783944,55502443374.492905,97567453089.89806
5962272505153840896,264.6611555594082,-37.641914642771184,188.360025932201,4914.4526,4.577,0.30664337,12.575891,78698382605.49057,138343472580.17816
929861695190610048,122.70428159903648,46.82410320305187,208.63200062179493,4187.6733,4.4692,0.14322554,14.193956,53784762038.32684,94547950109.47981
4638990160616522368,42.55199430159378,-77.42470009626179,258.8208719897261,5049.41,4.5448,0.36199203,13.081241,85506380233.79767,150311215779.41275
6239024800187025024,231.32851214383496,-24.29055737747585,162.1590332761417,3918.1194,4.2654,0.19215538,13.46894,62298170292.52218,109513625672.11794
516633614517320832,40.5621537591592,66.83894262935873,114.07473701524442,4249.9062,4.6774,0.111763574,13.075112,47511545521.264885,83520295811.06564
6670436471022736640,300.71884362916376,-49.03542738377823,295.15235954161795,4476.644,4.6754,0.14676555,14.574566,54445385922.85968,95709257359.13228
441749794560352384,51.02239790497568,49.98373910184537,260.2998039005518,4207.618,4.6594,0.12667155,15.111446,50581133763.41966,88916308826.22191
2114128489599888384,271.99189967032305,43.60712487192796,222.03504073007875,4261.4683,4.5462,0.10716388,14.422514,46523591315.22634,81783576312.02946
2707342569293505792,336.29744196523563,4.45480923692968,233.05955458915005,4690.2217,4.6054,0.22783603,13.68427,67835998139.40963,119248544097.69904
4397661033499875968,236.56872088605104,-5.582912120038535,194.50602211964718,5130.0166,4.4689,0.50712776,12.092948,101206337686.19853,177910088353.6332
1100829053162276736,104.41090606688964,65.36092607679821,123.38806085217232,5411.5024,4.5599,0.4429098,11.157537,94581601238.16344,166264499018.66626
3447806437340772480,83.50352785876301,30.992714393173976,209.3479795548081,5469.951,4.5538,0.5176782,12.169184,102253682108.68752,179751209601.58752
4081573396398324864,286.646932316732,-22.0937753239042,291.7483336881173,5495.8403,4.7161,0.23292045,14.1817045,68588740441.3284,120571785828.44043
6047998398756304768,250.88124724398,-23.271340238017576,97.0803981154551,5407.49,4.4518,0.7262386,9.978531,121112419829.00476,212902885383.6189
3881348996069267968,149.2985070189649,11.993200567269144,102.03500825175873,4020.879,4.6952,0.08046046,13.213039,40312550210.52443,70865219843.76399
2095087628269712896,279.440874097908,35.94724844048586,236.64705860418493,4160.2954,4.2137,0.109244004,14.609071,46972948531.89689,82573498998.17664
391143294420880768,7.483372596664511,48.80756724811739,155.64320215151332,4099.3164,4.6641,0.100279726,14.111148,45004463274.97077,79113109125.47493
1523156073594708992,197.0560311364003,38.74023812776197,70.71715889221234,4607.942,4.4187,0.5113849,9.845338,101630243804.36101,178655270687.6662
4629276830082982912,61.53746635032376,-73.97345719746943,184.92167237998015,4497.3604,4.6606,0.16809277,13.390455,58267117559.572556,102427459288.93282
4144255523572638976,270.42889752125166,-16.82583689019777,224.19899120327736,4950.4473,4.3752,0.5217309,13.061358,102653153832.66388,180453438842.68283
629080836188422400,153.82180187786577,22.3038069742924,236.23487613011025,4583.897,4.5938,0.20836464,13.68044,64872558648.84847,114039129414.29153
4823257005078739840,81.96735014722925,-33.59923382724676,266.8986678244245,4843.9136,4.4335,0.4182221,13.015643,91907828786.54703,161564288498.4564
165492722072854784,66.02546480042797,31.03496311636475,295.1499144970716,4917.983,4.4773,0.38511443,13.938926,88194989563.09981,155037507968.81757
1517842305695883776,188.18898049108452,33.8959754817406,289.86122871984617,4391.855,4.6406,0.16701506,14.659703,58080030303.30134,102098579585.8034
2194146753984559488,312.3592475829872,60.45144142651524,252.42618330505655,5172.776,4.5915,0.41074258,12.866039,91082277319.48848,160113055919.52188
3019053222416366080,88.02886386636757,-6.560074659036116,193.21132409877092,5204.7476,4.4292,0.55453163,11.859676,105830824306.52992,186039449044.1105
528091315952705024,5.328131263433938,65.5406551464502,156.45935454000676,5167.1646,4.3517,0.7136613,12.887273,120059102010.91173,211051263534.9711
1258172018953316096,209.6520759387248,25.606811078943117,255.44638615822072,4745.5176,4.5496,0.2797989,13.24903,75174754540.43024,132149305350.01949
2153187437586491520,283.9133384682968,56.50773023642998,173.63993164193838,4874.008,4.5659,0.28764293,12.386251,76221215344.38867,133988873289.60957
5385136858807992832,175.3739891899444,-37.80677514752621,109.806159545423,5382.576,4.5914,0.46063575,10.885372,96455686780.90837,169558944130.64944
608947923586205056,133.21226553230983,14.802648016602031,255.1209952826935,4274.627,4.4456,0.24896851,13.892797,70912243787.99075,124656260132.57323
3106350631735513344,102.59965041999816,-1.3957651761337295,279.14171614820725,4401.8745,4.6744,0.159247,14.727612,56713264561.49416,99695949281.78448
1911781688247417856,351.5709287704916,32.98025686177556,205.17476179908508,4303.96,4.6483,0.14660008,14.0847025,54414685193.87455,95655288709.23212
3132005227308078976,97.77257758413334,5.870700524343423,272.69265396586724,4006.8975,4.7129,0.06322939,15.828678,35736211792.6837,62820498625.033455
5749872834567948288,133.98803578501133,-9.056186465794248,297.89966430730766,4543.014,4.646,0.18201338,14.330819,60631829757.16489,106584374415.2267
6379051561651357952,348.62140822268185,-73.55182883590739,170.92271749769486,5197.758,4.6132,0.37467015,12.029316,86990848000.04346,152920753852.70798
3702140729729950080,192.1759154813448,1.0542731453013705,244.8378708491869,4447.1523,4.6695,0.14803346,14.094302,54680057472.11702,96121785240.45834
2395124933937501568,352.3819707765606,-17.017248864016207,217.4495722456883,5149.5225,4.4336,0.5403378,12.127874,104467618026.54071,183643075899.28735
2195685692305745024,316.6886438014504,61.72805269930405,239.1261712929408,4882.294,4.5373,0.34957445,12.917343,84027000109.01315,147710621244.26523
1847034918824644480,320.54341812233724,27.104962614642837,204.78263914535958,4672.584,4.5927,0.21023019,13.215892,65162323071.13826,114548504767.15884
2007992460386346880,337.39679466186425,58.12529749430092,272.4172070329426,5273.2783,4.4903,0.50319666,12.80453,100813314196.1315,177219194428.98904
992640128348325504,100.13630780293931,52.34479337877374,250.9367381409686,5419.003,4.4839,0.61780214,12.297953,111705285142.15546,196366132828.84167
3464318872903914240,179.06976178292788,-34.73082742365632,293.6486167973138,3948.3076,4.6753,0.08324753,15.804724,41004799779.580666,72082121717.78917
5847704149426876544,211.9379656593259,-67.77478466536492,278.30215235725075,4991.581,4.5548,0.32689175,13.553171,81255168901.83968,142838033753.76025
4854660843874060800,50.24603550351408,-37.11635113806536,253.65115300078028,4337.488,4.6614,0.1390203,14.402336,52989293360.98976,93149599908.26619
3240921406042422400,80.00128428287458,6.2175459206511565,96.68194061605926,4481.6777,4.2744,0.41869003,11.113942,91959230192.11148,161654646758.76437
5492536982812004992,112.82761413383538,-52.508755614218,168.70912312086256,3945.35,4.6322,0.07499662,14.509164,38919733939.155785,68416795450.937004
4118591753970848384,267.5758027275766,-21.37288618190129,295.01410531538346,4720.4985,4.4319,0.30958825,14.212536,79075373510.02158,139006182907.09055
5898088651281573760,220.15077272231215,-51.97031146953894,294.6778103073297,5214.311,4.4139,0.5723068,12.811777,107513616416.28406,188997620437.04672
5681908889824097152,142.3068064966647,-17.647757319696513,99.12560338058513,4675.8633,4.5928,0.23682444,11.426356,69161161277.27321,121578041403.2066
6392406539119259008,342.16317375851247,-65.4492378891752,141.8450330479676,4252.5386,4.6693,0.110798255,13.43372,47305918324.84839,83158824844.73347
4501559243030436864,270.33647310016187,15.446473068230045,278.59652277844225,5116.786,4.3042,0.819806,12.240888,128678077451.74196,226202515099.378
3465656218344493312,180.09420359882083,-34.32995952172064,163.51802136053746,4768.0225,4.4338,0.3889867,12.110984,88637274510.28677,155814998349.66202
1891353483758955392,342.5985232372936,34.75883727105081,295.20271861789314,4555.1265,4.8181,0.21859673,14.139206,66446306912.18521,116805613203.52559
883878843310920704,106.06205244477464,26.592654202269355,160.4550690901987,5293.8203,4.5776,0.50268936,11.562625,100762483681.17635,177129839734.27844
4041610031434097792,268.46782232268384,-34.117989924070784,284.66122572109686,4728.072,4.5577,0.2597642,13.876695,72433365775.86443,127330232469.15114
4643812549896640384,42.44389560850517,-73.28858694290498,132.3606574694559,5280.092,4.5655,0.47578567,11.179405,98029027925.36626,172324712247.74908
5274254478402579584,118.47477856786512,-66.84988425018201,147.16664117226088,5064.6567,4.4083,0.66769195,11.071197,116128037681.24843,204140866239.66827
2126416940793910528,293.5429570803819,44.622545251682425,126.7887986120295,3985.5056,4.7554,0.059212677,14.167823,34582498383.07476,60792391894.45774
827503862793292800,151.05892155396197,52.1831352188406,126.01620938272335,5331.686,4.5444,0.42710388,11.179263,92878624647.4993,163270845432.97244
3927713580347080192,192.98264375195467,11.109463215884707,241.81182817958108,5359.8154,4.4247,0.6947853,12.004424,118460709093.101,208241457037.34598
6481684787351841536,313.2065306126755,-47.76935593949062,290.87252286706325,4518.914,4.6031,0.1814349,14.220717,60535402192.9313,106414864907.57397
5079501522825735296,45.11847316064242,-21.812924473076038,224.38995905476813,5008.446,4.4579,0.3926312,12.725292,89051537281.4373,156543228694.73715
6890088451523023360,315.82495439276204,-11.248481452172088,290.0960152592869,4430.903,4.3869,0.26999262,13.772955,73845657890.92732,129812893345.1038
6768817743524055424,295.9340067084897,-22.616617763388497,187.2925945451591,5344.4365,4.5878,0.46165264,12.140939,96562094881.54968,169745998370.72418
2124953422092955648,270.24716238962594,51.41645720338969,219.99294929927547,5439.954,4.3552,0.86771184,11.5238495,132384390133.63048,232717822655.96094
865758518024860032,113.85355167967684,22.67361480906408,216.00724620004115,4321.5938,4.6138,0.15072252,14.110583,55174459913.639305,96990892690.29227
2319936862792031616,4.119734517617204,-31.075960718881426,142.7479926305152,3950.0486,4.6866,0.07050608,14.207606,37736559474.571785,66336899286.87882
6226451545428170240,228.3086002217748,-25.944258516430427,254.89699653739495,4846.502,4.5506,0.3098693,13.267042,79111258418.67387,139069264799.1425
4975942027300106240,10.105213247911514,-47.63401862945704,208.28777080453747,4161.3804,4.6788,0.09968155,14.434402,44870035026.54703,78876798415.08794
522585305322738560,18.112888634761283,61.63478578376551,191.50493092035856,3947.2349,4.6756,0.08290582,14.914898,40920556088.57102,71934030176.75116
274994974877051008,64.28225810727116,53.36687122722058,29.584221397196735,5056.0117,4.5146,0.37984622,8.154951,87589676390.43242,153973431128.4444
3770758948316764032,147.6945625047846,-9.901601288894804,199.38622826169552,4306.607,4.6399,0.15181595,14.09374,55374232278.524025,97342071479.08961
5250209670940642432,142.3642348242447,-63.57879077052959,244.00319270304794,4444.892,4.6683,0.15278848,14.4679165,55551312261.82299,97653359449.73094
5373389985820818688,172.66734335173146,-49.05273738369691,208.83247591116543,4530.7803,4.5687,0.20676391,13.2866745,64622891380.41986,113600240637.15912
6374042667711848960,302.7304237009649,-72.5401608128468,200.37538379433533,5110.806,4.509,0.48721644,12.040147,99199614491.2206,174382480210.88248
39164608478826112,60.03294998259536,14.259302296892812,288.53499289359,4393.08,4.6071,0.15154132,15.109506,55324124535.991684,97253987342.21698
1250232823446363904,208.492708358587,21.416543493535784,45.2199498434349,4034.7341,4.5793,0.091473915,10.958745,42983091743.94295,75559750749.87866
3042433512549806976,118.72457961702472,-8.239343066837387,286.28342623229474,5150.512,4.5361,0.40793544,13.0647545,90770501689.71048,159564987180.85947
6014978763204440704,235.46950126967076,-33.60730422808508,200.99194918012705,3916.7644,4.643,0.075343095,15.325785,39009532494.511986,68574651858.7737
1849661102346891904,323.66100055527943,29.953199987544064,179.875146117605,3989.24,4.6822,0.07532757,14.564961,39005513186.614815,68567586338.57551
1237160248667131392,222.5981939697221,19.39318609423072,289.14383501054044,4496.205,4.5603,0.192732,14.083026,62391572471.38287,109677816870.74673
3953343162030593152,183.59356988865147,21.77613261219617,283.02863235563126,4198.7876,4.581,0.1464937,14.786904,54394938667.40855,95620576394.28662
1550556865432518912,200.70501616070132,45.08118497160884,181.56257352097444,4905.727,4.5674,0.29151648,12.460223,76732716425.11554,134888038347.30836
2136118378560202496,291.8507056534259,50.64411997706358,185.72007535615927,4169.157,4.701,0.08644793,14.456855,41785568635.09674,73454631179.59111
2818523982503968128,346.8794387366002,17.183149374505337,159.12770652318196,4194.4907,4.658,0.110642456,13.903952,47272647008.888885,83100337373.52045
4141551755680720896,259.0530279632239,-12.395119517796216,280.1675252732635,4607.805,4.5442,0.22043617,14.368623,66725286267.01438,117296029543.06738
4598188211824102784,261.79195008120894,27.652322472729395,143.82492684252134,4340.7393,4.5269,0.1606302,12.962294,56959034279.931465,100127986576.30057
5885022673568150528,237.5576156877109,-53.550143113369714,252.9756384546513,4574.1963,4.592,0.19476399,13.920168,62719609955.46322,110254472237.4985
6562699582927555072,325.3484497178222,-47.98350175092386,198.87119946892184,5393.369,4.5449,0.5412095,11.891759,104551850264.97318,183791147307.9002
1773568334991865216,325.5890545218986,17.39202180416175,247.55303302257127,4683.912,4.5828,0.2455941,13.507617,70430047618.1575,123808610023.49791
5867505872811272320,209.13449656978696,-60.13597209189063,236.1732356190065,4626.826,4.5584,0.23850979,13.615911,69406816081.69472,122009876690.97914
2985168301272795648,79.38039682912297,-14.1772124863405,231.51837848507387,4498.7925,4.673,0.16217574,14.046152,57232400441.42492,100608535512.82065
5839533300537716096,205.9289437264149,-73.23200976823274,111.76717683029227,4206.297,4.3283,0.28338695,12.020354,75655227379.32393,132993926024.70627
290314642176854400,21.81803487442345,23.587552101169887,284.93180034904003,4065.328,4.529,0.112471074,15.071901,47661690096.11815,83784234168.96559
4520694799806293504,286.61330422257566,22.25754246682352,66.16524931017953,4232.4673,4.6622,0.121169604,11.868369,49470450084.22746,86963843832.27356
6449517715688780800,313.54628583471776,-64.99636940609302,183.884603072622,4988.4253,4.5418,0.3659564,12.200018,85973318540.13345,151132044170.5504
4185913751339885568,288.7280753715731,-13.125800657090098,217.93188741860854,4540.6704,4.6247,0.16102931,14.035948,57029752042.97754,100252300959.7605
6844867526841988864,324.60814167712914,-11.269807812061709,147.5739433417415,4786.7456,4.5381,0.31244108,11.923259,79438874520.69554,139645179420.5911
1934185916994193024,341.5595789829249,44.07162661770693,242.32694995747315,5247.1963,4.5316,0.42453647,12.785851,92599047527.7277,162779378285.58447
4075595248609690496,283.4380878237465,-23.03520316954408,280.3174692077687,4611.905,4.5467,0.22172086,14.062231,66919439467.58674,117637330432.49457
5928156549120717824,247.16332845790404,-57.75058211306125,45.56307750327242,4146.271,4.5402,0.14596483,10.501089,54296661872.792496,95447816134.27733
6080261922514131072,195.81766603445791,-52.410204382712095,179.46567193713977,5141.311,4.7375,0.20980115,14.568122,65095797132.30079,114431559169.41296
5311938109157234432,138.40639665080388,-52.00387084065677,297.53013197145333,4730.429,4.5883,0.23697145,13.848763,69182624021.88074,121615770648.99036
4065769119383033088,272.1533383567063,-25.089172068526963,250.29043999936354,4270.52,4.6518,0.13396448,15.099486,52016826010.38724,91440104670.89127
5000213024926792832,9.335494736524115,-39.460510689084295,295.2040712338087,5407.707,4.3744,0.8565745,12.177626,131532049744.41058,231219497971.75333
4916641375187461888,25.54336219010389,-50.8590614678589,155.29432446997401,5081.138,4.4742,0.51583993,11.445173,102071969760.24101,179431778420.63422
3580794778198206208,182.98462539982637,-10.534100781612592,278.53403245246335,4620.166,4.644,0.18851681,14.040032,61705525956.03612,108471819312.18982
2315739786390720384,6.796311116150092,-32.91144865096677,218.19720277897378,4578.6455,4.3874,0.37032342,12.669065,86484764393.03984,152031112143.55426
4420249950132011264,227.8219620997841,1.9184063484578229,258.2274324719529,4248.581,4.6186,0.13398556,14.793989,52020918406.96929,91447298673.30391
99306760644910976,34.31488362998566,20.848368856038885,280.7150266119641,4599.167,4.5927,0.20868543,14.197959,64922477062.31909,114126880730.60304
2464383862860945536,25.65327091732899,-9.878951023275947,263.03319770485547,4635.664,4.5522,0.24676308,13.463366,70597465278.60098,124102912647.64595
2182400190235794048,310.1987158421971,53.11731605003354,66.75069732556967,4634.8853,4.5687,0.23969707,10.538368,69579352033.99905,122313176733.45099
3236006554706067200,82.36495338197307,3.431113825942403,264.3222792834982,4631.5073,4.5852,0.21916553,13.721319,66532699113.45903,116957481599.44904
4323029448388806784,292.41594419445266,18.029550319031756,205.39039054961773,5083.727,4.5501,0.36562425,12.508578,85934294054.95473,151063443233.44672
1749464080880030080,308.2844995436247,8.42888454359504,244.52089218902114,4634.6816,4.5364,0.26636532,13.358016,73347929262.54185,128937938808.88936
5791920250862617216,223.1560088786901,-77.27639669214722,136.26852301137635,4574.2417,4.5629,0.20927894,12.288021,65014732620.12471,114289056290.11395
2175959319837832576,321.6941828634484,54.09578844229933,98.1114833913548,5266.8584,4.6,0.38159987,10.836756,87791632802.53525,154328449242.3514
6081164445453664896,196.8745985872162,-51.434765533309005,181.26704490708985,4922.9937,4.5844,0.31838158,12.456709,80190511591.51778,140966478271.40494
1431725153394552320,251.41529599219936,58.33564677233269,111.00013381699081,4123.6523,4.6815,0.0974994,13.302454,44376187603.84681,78008666629.92018
5809193342325212672,249.59620223595323,-68.42403668439881,275.22451617053554,5225.5557,4.3871,0.97450835,11.956858,140294872811.53653,246623618521.3326
3630696972417747456,204.2017863738136,-7.147295041888069,269.1868859446057,4413.797,4.4694,0.28555602,13.616655,75944211519.34335,133501929723.47726
4378382127896351616,254.2080033204967,-2.526381399846813,134.26448040333432,4258.377,4.4917,0.18548925,13.235113,61208028326.15216,107597270847.02538
5803266046928957696,262.0452229543174,-73.71470524623233,235.2570730043183,4135.995,4.6784,0.09663585,15.055688,44179231074.624115,77662437783.81291
1195542908922747392,232.978811509228,16.0805366116426,260.69088252975564,4409.808,4.6655,0.13966969,14.525831,53112910653.078835,93366906095.41226
3719000022554754560,202.0759123537915,6.876787651514008,254.84614263184167,4004.7644,4.6698,0.10195187,15.25927,45378132129.95612,79769979638.9755
156879732097431808,73.42253475997649,30.084225504269256,272.8125836494142,4598.955,4.5711,0.21713595,14.346302,66223919921.96088,116414680283.86806
5883488373807464320,232.47962778467328,-56.52258797223744,242.50688993807287,4569.606,4.6873,0.1773861,14.322118,59856154253.15689,105220818529.2337
3026740281870110848,112.03711699676258,-18.42199247680436,266.69735840527994,5192.604,4.3955,0.5825231,12.612737,108468989267.42166,190677065343.78333
6771508836893021952,292.19381544575816,-23.134116655854143,213.76418683560127,4880.5923,4.5464,0.32484046,12.806061,80999824096.27695,142389164463.9816
2610819913824888064,343.873703635326,-6.653256071543352,269.78606634554944,5381.799,4.3335,0.9517992,11.908834,138650578212.86786,243733121700.51508
4954534329748297344,28.44550048401061,-46.16530943188757,120.02335187038011,4388.905,4.6197,0.13359262,12.65139,51944581417.29865,91313106280.93553
5008198503002758656,23.468396272263,-40.31629028915126,292.1732750487513,4196.0728,4.6645,0.103301264,15.155803,45677448343.16127,80296146034.82034
1981783745300866176,339.0281451516949,43.46021126206985,295.7950286004544,4582.8604,4.6028,0.20895208,14.147451,64963941509.611946,114199770864.26523
114044442705286016,40.70445953901313,24.62594771120795,264.8418633728125,5056.9834,4.497,0.43874535,13.019889,94135900340.78517,165481003756.9592
1391858236161116800,228.1775064821732,40.574822671872106,232.4688455822468,4725.189,4.6098,0.069680154,15.259628,37514880574.81036,65947211115.71927
4168407911307875584,264.2592034961022,-8.445894453332564,244.62997540560983,5261.966,4.5315,0.44957048,13.256104,95290128064.32307,167510014597.28372
5767405750065901696,248.04450264810023,-84.57037712745783,127.73580700418538,4732.3174,4.6026,0.21299355,12.091643,65589186344.46593,115298885468.69272
1003750388406223616,103.49610904439288,60.75595766598507,292.0284786686466,5082.0474,4.5393,0.38860568,13.206845,88593852911.79852,155738667750.21423
6810165329257036928,328.1350728593436,-27.7010877759816,259.5563592600064,3998.5803,4.7263,0.06191941,15.594199,35364084701.63037,62166338370.234436
1698646341364989696,222.3534271007,72.44641155257116,244.09295504295557,3988.2107,4.664,0.08695113,15.213895,41907005833.59903,73668104991.69514
4082215854785187712,287.4134062218037,-20.46705360768909,249.46491710571283,4114.2095,4.539,0.14446913,14.9707575,54017756901.890274,94957530553.84923
5111285380328212608,59.98591728091025,-12.831610393454694,289.6689720687143,4576.8813,4.5858,0.21443535,13.991381,65810805714.92993,115688468993.61366
4455821831352776448,238.7736004693965,10.018898437226536,221.95813716576504,5028.011,4.5982,0.36183614,12.725294,85487966810.43654,150278846919.399
3108636275893542272,105.4890498375,-3.2369294382576084,264.62402726217226,4735.9585,4.5557,0.2340755,13.576658,68758595536.48218,120870373206.2371
3770782656536226560,148.47772392153672,-10.038673604128345,155.21508207823214,4258.211,4.6639,0.1114676,13.707656,47448593416.47994,83409632637.39107
6907757805245571968,307.06728964709976,-7.274026123795874,177.6369169352333,4225.532,4.661,0.12355165,14.061103,49954347677.779396,87814484865.14905
847528168558763904,156.36326203155306,50.731299109177655,199.81965536916857,4438.657,4.6174,0.1671646,13.590352,58106025996.34983,102144277277.79391
3079511308082273920,128.6514152710653,2.327582832138195,203.28253443530468,5036.9814,4.5683,0.3746841,12.419131,86992467439.21432,152923600656.30307
5335787405404245504,175.0519309261881,-60.94469114786263,297.35697241166514,5356.3794,4.3985,0.8523437,12.421243,131206815542.28412,230647770479.59418
2441960766322239744,1.2310045182222369,-6.827633321601119,131.89283674427006,5494.742,4.4529,0.7252438,10.642008,121029441643.36497,212757018467.81
5690979792032120448,147.91335655921222,-12.266845418491323,249.8237256271214,5425.4893,4.4498,0.6563693,12.221604,115139184000.42645,202402565558.6444
6748384492450341504,297.32781028855,-31.670361013923124,160.17629736221588,4508.8135,4.4782,0.08555074,14.547702,41568169717.92076,73072466767.29228
4195915390133155584,300.3395657323808,-7.028488596165657,245.2807333282932,5331.6245,4.4876,0.5316141,12.584281,103620876834.05038,182154594013.54123
6369540923510144640,309.4415839314796,-75.3823127307556,202.25281817052306,4436.4795,4.6633,0.14746325,13.818589,54574644823.378006,95936480900.04346
1797254632953478144,323.0794138272418,23.092695060786188,264.11689740469456,5060.6074,4.4284,0.48404136,12.809088,98875855370.2771,173813345756.17133
4915535545663719552,19.19918955532697,-52.20249900259577,251.18520230592978,5488.4956,4.5651,0.6095197,12.366805,110953981387.93259,195045419913.52362
1841642673282015488,317.8791334538843,25.883667751441152,174.43352116831406,4151.393,4.6453,0.10538313,14.175268,46135429077.17505,81101227956.71825
2100394279405389824,286.8227183104074,39.19802796580394,158.4843163466177,4950.181,4.5537,0.32636613,12.036689,81189816190.83684,142723150567.05005
2420292518874394112,357.9489229241021,-13.389030216258249,274.333888603176,4618.612,4.5866,0.23339707,13.703327,68658880394.602264,120695084483.14293
3775718913988978688,157.57341906902968,-6.908379817494595,124.80775944029473,5137.0903,4.762,0.0771583,13.988689,39476654667.07661,69395803467.3873
1878074681829220096,334.46666773519354,22.5433894826018,107.46204184117782,3968.1448,4.7037,0.07200044,13.612378,38134371453.04083,67036210870.082306
969550525901154304,93.05164748501622,47.62524449407421,217.307198814017,5451.374,4.5635,0.5792823,12.1359415,108166841091.51031,190145920655.60236
3341660310647188224,84.17163085271793,14.21357093466298,202.7275919178339,4283.636,4.6286,0.12315897,14.2227745,49874900400.71587,87674824914.94264
3294270294337272320,70.26548254403734,11.199280043695753,183.47386227336094,4971.972,4.5437,0.3358906,12.931798,82365993717.19124,144790746850.2204
1508943889373385088,209.84523023107784,46.66249274611064,146.78428917811829,4039.1333,4.6513,0.09486225,14.055148,43771933220.70465,76946451030.08081
6476418916928169088,315.41453384432714,-52.60828969716548,237.7876177073292,5046.0957,4.5349,0.38319167,12.748018,87974548601.11179,154649995961.9544
3341297884127664000,85.5870000945522,13.263235302535822,278.03357297196277,3958.2148,4.5085,0.12967603,15.198535,51177476842.6544,89964617186.5609
6409471028302274688,330.0051134583172,-60.93294226480786,246.42969856470933,5335.1646,4.6433,0.3613243,13.13925,85427481357.20421,150172519859.50635
5783684294593674624,202.27200882369857,-80.6203764755725,298.0237734495292,4202.0293,4.6784,0.09637105,15.7644205,44118659943.373726,77555960110.98328
6225406627122547968,222.6851073529619,-27.565262285248963,124.89566491312017,4502.756,4.6378,0.17299178,12.59498,59110107751.389015,103909347310.33649
1645937093958755328,231.55851208232772,68.28395996524733,294.72111631595885,4337.257,4.662,0.1794978,14.455651,60211380184.85686,105845268324.95891
1347757958642429312,260.49216089167334,41.03014970239502,178.85265719011386,4508.19,4.6193,0.17709519,13.231306,59807052607.52548,105134503004.80795
3616001995216793856,211.7274838037264,-8.46069656593347,250.5224263861768,5367.512,4.5919,0.4548303,12.631686,95845937958.69315,168487069885.28162
6096251673433777536,214.69752120056205,-45.60327834883479,265.1527173222738,4363.894,4.6585,0.13106802,14.719125,51451422536.764,90446184880.4167
6742076280705488384,291.09065275809786,-37.172307356121,207.86330982670194,5330.299,4.4336,0.6211169,12.125593,112004556417.17238,196892220228.08197
203568496213286144,71.40769196513855,41.90033959747901,177.0895325704946,5126.123,4.5639,0.35683724,12.332353,84895389094.38084,149237157671.17474
3225922796129095296,72.08246886252557,-2.41766158971955,240.0018246729176,4704.8154,4.5317,0.2902079,13.0987425,76560301070.44344,134584950302.77953
159975544524227840,72.827871927956,30.795867234354564,217.6130007308965,4175.4243,4.3812,0.17609678,15.233513,59638227138.48685,104837725601.34003
889974230834460032,106.4559770343158,32.10743116523103,217.95648300501833,4648.0435,4.6097,0.19913442,13.373371,63419408053.23767,111484643630.42833
5818276232395264,42.109436876128,4.8122896839697145,97.52887668699164,4778.1973,4.5694,0.28358635,11.179967,75681839401.48547,133040707158.40079
5233054094093396992,159.23082328763638,-67.52743128042869,287.823244447317,4114.93,4.731,0.07349856,15.813666,38529061679.88221,67730034742.529785
2814819074994552192,346.25422363988,12.84796940359636,208.7961233467472,4900.29,4.5194,0.36094928,12.523645,85383137078.0995,150094567284.65915
3871368174972951168,162.7084980006065,11.580442536754408,206.2582703852369,4583.7085,4.4659,0.16323625,14.9265995,57419224408.05001,100936952380.46684
2279758027854534400,333.84033884774203,75.39680881209911,298.9752955501924,4268.2607,4.6538,0.12990713,15.138696,51223059091.79482,90044745982.41826
1863597717168475776,308.0373556374944,32.74720118775725,290.03963347859445,4260.32,4.6376,0.146911,14.97401,54472357921.15783,95756671292.9827
3044313711793665280,118.00394787115845,-5.681516359062107,226.41436060142,4876.9736,4.5458,0.3228704,12.904087,80753830735.7162,141956734030.15375
4861688299426678272,56.75849282087895,-34.82464510627954,199.1649327075668,5413.633,4.5758,0.4352009,12.185401,93754885927.15726,164811220524.5817
1803890563586212096,307.4012457977067,13.265138737035814,207.21394316637557,5205.402,4.5795,0.37954488,12.46165,87554926130.25604,153912343828.9764
1826106436560143872,295.77664281866606,21.178202770325058,276.1270809532224,4497.782,4.6116,0.16768098,14.419908,58195703038.742805,102301920078.6321
2026130966299737728,292.19565765334926,27.78920550025973,292.68249874988055,3974.7183,4.6379,0.078860305,15.656234,39909679812.88483,70157016092.12386
3790922892058511104,167.15798446424031,-3.397570723882548,132.35722102751086,4251.1987,4.6451,0.12738857,13.314819,50724088145.349045,89167607581.82411
2914744959472948736,87.49432958376829,-24.87864311464569,157.49951882304782,4707.466,4.5934,0.21671185,12.553256,66159215547.33363,116300936804.26016
2054245238075563392,305.4114066102716,31.91059660678177,292.7653846605972,5386.392,4.4729,0.5979725,12.576626,109897958076.71548,193189042092.75247
5138356490474648448,30.14550516306321,-18.438030550528072,217.22280742691868,4479.6064,4.3874,0.34465283,12.8653145,83433399977.02321,146667134696.45132
3417499365691212544,79.35714027568578,24.809584922465515,212.63213674420606,4511.604,4.541,0.19463691,14.09911,62699144908.01159,110218496838.29405
4328074179526710784,244.92017195803305,-16.118505432450853,228.45379850047965,3993.6948,4.6722,0.07309802,15.558078,38423933680.692894,67545230786.060135
5204276335730302336,151.4471225705559,-76.7749279357662,284.93148648424346,4334.5435,4.5383,0.19760016,15.46321,63174623636.84543,111054338393.19144
5085595291145730176,55.371726235831225,-23.987414202630926,245.6127705708714,4577.6,4.6539,0.19335015,13.882457,62491546725.05412,109853561085.09512
1851211138865691264,318.1484883760348,28.64102534881741,268.591781817033,4606.854,4.5646,0.24724711,13.64937,70666670425.9841,124224568011.9931
5270681477928794752,118.30155505509995,-69.31791284392742,114.64031743714776,4811.4873,4.5445,0.28554052,11.645556,75942150362.9147,133498306427.43954
3127892985100271488,104.8590002974736,3.085196159104903,182.67442509694584,4637.3413,4.5825,0.22044398,12.849119,66726468286.893425,117298107409.5916
3546629653389238144,174.94557756473446,-18.901072173385177,281.3903464706731,4956.43,4.4745,0.43247688,13.0161915,93461008919.90791,164294615680.25916
4387339849128576256,260.6557479878771,2.733128398876799,124.27969710816197,4527.575,4.6461,0.17654854,12.562087,59714676316.63939,104972115209.25029
389045116996664832,9.065689847213774,45.77107174281248,292.56005821434013,4686.927,4.5489,0.27186605,13.644611,74101415831.11703,130262488882.06891
4847818239416546816,51.635352153468205,-43.14495130619268,223.1905123529737,3998.3696,4.6707,0.0733046,15.152668,38478189706.15498,67640607167.66193
1840733411525230336,319.1605131313084,25.041584684840835,142.07292633803783,5401.9507,4.7106,0.08677969,14.134522,41865671799.28717,73595444110.32587
2755562442003909120,4.515918062393896,12.739882981706645,271.69528822611386,3977.949,4.7091,0.06219639,15.983975,35443092355.44734,62305225509.04954
3330885886971893632,96.09966269687256,11.465403045518393,236.97976345597394,4289.1,4.4484,0.2572492,13.588866,72081868151.74107,126712336645.69221
3592460905806783488,176.42175243581403,-6.768490799062991,281.58847453171603,5435.288,4.4429,0.6488153,12.421877,114474711751.03964,201234493288.6697
972064318719625216,90.0176551585341,51.74974265558246,238.6067840572757,5010.192,4.521,0.3944766,12.843536,89260566850.93227,156910680674.79672
5673563325985707520,151.42706538104255,-17.234073675067673,228.9670042707975,4433.149,4.6658,0.1405031,14.131855,53271137520.35885,93645052272.63081
6463420761045955584,322.2884930692394,-54.21263991447745,259.60540269655763,5218.515,4.4802,0.56587446,12.389988,106907719098.08556,187932516730.31885
4135053126599528704,261.44344471539426,-17.022047960196414,266.5994494104353,4302.9395,4.6642,0.13979849,14.98868,53137394728.61804,93409946522.93909
6630029418705179648,278.47678523661034,-63.737794994614674,291.65454528796437,4159.1743,4.5468,0.1479972,15.0336275,54673360268.95879,96110012262.27493
1104805849281240320,92.17358688250796,66.14525919988029,123.88943137766626,4661.1675,4.5995,0.20533055,12.094851,64398507544.12235,113205797472.2993
5582568426569757568,100.12054222297256,-34.43740041711615,268.74913949690125,5256.7485,4.5443,0.41440848,12.854352,91487831585.3828,160825977629.04135
1704050509734821888,243.3047872310048,75.45638811058551,280.732256041434,4588.6,4.6544,0.2019716,14.1016,63869596178.5365,112276026966.47997
3923609206519514880,177.61407512836564,14.828115769977048,178.57384658691498,5101.0654,4.4795,0.49743417,11.833335,100234406844.39523,176201536242.2527
2694268345247524864,327.5141338953041,3.352658617756649,130.84466651684264,4183.363,4.5828,0.12398474,13.066369,50041824463.181854,87968259845.8039
6339065038167391872,225.77789864265225,-3.4880435463571478,293.4259766480235,5079.484,4.519,0.3723849,13.387373,86725147762.81056,152453680804.09857
3217948691127523072,87.04509836208773,-1.4917170528402928,267.21235901633617,4555.794,4.6634,0.19001192,14.206354,61949733226.15057,108901109987.0226
5747474627909334272,130.45392312606504,-12.21245370747763,203.80669596626592,4679.926,4.6293,0.22559018,13.131433,67500829954.529625,118659353709.54156
5140557472235008256,26.098214237841542,-17.860943420812106,254.21870882251187,4432.263,4.6469,0.14877824,14.149981,54817436949.18325,96363283900.14319
1764186885172088192,316.8166118685398,17.495228439590996,287.7922518351427,4591.659,4.5836,0.22716671,13.907474,67736283038.43351,119073255446.50945
4431956072477193728,246.8263768908444,1.5524926588512895,249.2510027637432,4826.4106,4.5952,0.23252638,13.513462,68530694428.44403,120469747047.89635
1925512939214645248,356.2925009915235,43.45869061434149,217.49835324663033,4982.1553,4.5659,0.3593347,12.665473,85191957286.88617,149758493335.89462
2008018024032925440,338.4951677633532,58.48444805246012,289.6074019119806,5022.099,4.5577,0.33126014,13.593341,81796290350.9962,143789268301.2249
5891435746973244928,219.4490574106566,-57.74754793949264,297.679955079351,5096.304,4.4885,0.44531775,13.530218,94838356742.90643,166715848169.1092
4023745711895135232,171.00205852889673,31.49694749462116,119.90312739633352,4134.4854,4.6694,0.10381246,13.423885,45790328436.106224,80494577356.10251
6105607314793319424,220.0789929510927,-38.20013859534527,290.5170581267196,4868.1465,4.5454,0.33263576,13.377757,81965951631.56192,144087514973.37726
829653992144662656,160.55870521684585,45.2641023512963,202.0980031124369,5496.2114,4.534,0.49293274,12.034215,99779850649.03802,175402474298.83527
3290884863675754368,77.22980849758132,9.868239330563815,254.18520878684598,5084.361,4.5929,0.33632278,13.173383,82418965565.99791,144883865784.43842
2920417511760486528,100.7001762813648,-25.752587902834662,207.73212741505995,4115.538,4.6873,0.09541222,14.672606,43898635145.53334,77169179676.88492
2161728272118351104,315.0163326615631,41.88205878882664,201.78628266212112,4819.839,4.5755,0.28065974,12.802859,75290308492.14955,132352437033.56816
4663379630624556160,71.38224141466006,-64.31295884259063,284.5718449335525,4503.02,4.6088,0.18797527,14.132396,61616833485.96425,108315907285.85294
6064002275849056512,202.7128781136703,-55.124838327666616,279.3554704940815,4139.0205,4.3917,0.18000685,14.598513,60296698508.566635,105995248957.1645
454971387523202176,34.479012465254094,52.15457874250614,266.4310789806692,4332.4307,4.5381,0.1222675,14.895188,49694066117.91766,87356937280.97105
2398882274407111680,348.3707067125709,-19.777663983300947,290.95566896927613,4392.0645,4.6384,0.15327398,14.7184,55639502061.89408,97808387835.11908
5764819561277281408,239.2664901312424,-88.80057198737029,259.7850428004706,4785.1064,4.5867,0.23678406,13.608835,69155264827.67796,121567676065.49702
2044913781658736896,293.1800185108599,31.95497149649557,294.96371767855254,4382.469,4.6458,0.1591412,14.517547,56694421944.89656,99662825945.23921
2632224931316290304,349.074983345767,-5.689855566009928,287.60152860075135,4449.0986,4.5905,0.19836932,14.269205,63297458050.89268,111270268363.14818
4213212288587196800,291.9507872666588,-4.144810753909897,206.5977640636581,5119.764,4.5503,0.36248368,13.06511,85564427019.15471,150413255917.88248
5027328665295637632,16.731731015163124,-32.896509301852056,152.54475163235676,4000.1128,4.6749,0.086348794,14.299693,41761602518.00478,73412501268.49263
4950121199311734272,37.39304564106699,-42.44749808828066,223.0437539526874,3915.8958,4.6672,0.073743686,15.271599,38593257585.75995,67842884387.59906
3094825207252056320,121.60973376988588,4.39523851604121,190.5322599013786,4988.5815,4.5482,0.35146233,12.332686,84253588886.81335,148108940464.18768
3653427584320288128,217.6651736308277,0.2830965609748231,243.36359348762792,5285.184,4.4305,0.6426802,12.119587,113932198385.73872,200280811899.1407
5921564152241733504,263.6266655197139,-53.65391526234609,167.20078178718043,4500.4946,4.6181,0.1764016,13.172118,59689821109.59505,104928422371.60393
157438971199413760,74.63110896218848,31.44410397472194,246.02671623236657,5018.18,4.6134,0.2712388,14.849156,74015882985.42062,130112131142.79205
4859027554303529216,60.16681262681436,-33.99927728704978,268.8483797187883,4592.481,4.5991,0.21406452,13.726268,65753876712.45506,115588393799.78943
3067012991909973888,121.27301820856114,-6.560205898905672,296.5852685085273,4516.124,4.67,0.15981106,14.579646,56813616237.95543,99872356965.66904
5562240385015899904,102.16052262498388,-43.85532874698846,204.93359323532408,4687.6245,4.6421,0.22966337,13.152956,68107491355.44156,119725800593.2499
744812818787736320,149.0760625745539,30.516091661370076,297.6875463158191,4499.6597,4.6722,0.15871587,14.657613,56618608855.440186,99529554514.30013
2082146200315692672,300.37283766189927,44.82044249358543,277.867596469564,5304.8286,4.3866,0.80841875,12.148099,127781271763.54015,224626025100.11795
4311361121787670400,282.11843385529033,9.168625406135291,182.92098948015905,4250.081,4.6208,0.11052416,13.894414,47247368915.82545,83055901146.76685
6093089443633812224,214.784829201472,-47.29205405176454,254.54878226242354,5258.235,4.3963,0.692075,12.175307,118229430608.11787,207834893805.84933
107844605873818240,33.31066307648439,28.40919504043337,281.29254933670376,4300.9224,4.6252,0.13328823,14.911784,51885369957.99504,91209018768.26495
2752879221315872512,1.526005036946806,8.889789322518729,237.39887379270277,5227.6733,4.5169,0.49052098,12.45173,99535456125.31981,174972854451.878
2973475098191208832,74.5053330988161,-21.087054048085708,283.951263949126,4292.306,4.527,0.21688873,14.474118,66186209583.83962,116348389478.96019
3094541361453899648,122.29786168656425,3.762666181812639,242.7548302342051,4299.3784,4.4695,0.24494681,13.800486,70337173351.94699,123645346839.73837
5215483004917431168,132.60792604929364,-76.95756232552202,280.2200412278853,4299.872,4.6809,0.10420098,15.257808,45875933979.994026,80645062891.14738
1202891529248649344,239.01394021086992,18.47502268882628,282.10369142993557,4245.6924,4.6601,0.10901259,15.106926,46923170236.22824,82485993994.21176
6358023264330656256,329.93092534530206,-75.9057998505913,211.61876583826106,4641.615,4.629,0.19392669,13.372058,62584647398.09433,110017222268.22899
5248527040188726016,141.95304682515498,-65.47805264996856,289.769987215216,4377.1074,4.6153,0.1554148,15.030207,56026720796.857994,98489077611.3188
4297408903319261312,298.7210012736778,7.554031962170999,179.33813930818218,4470.031,4.6108,0.17416994,13.299361,59311050807.38798,104262584050.88203
837449907539581056,163.34599632258167,52.83838584615917,188.44591656174157,5179.351,4.5123,0.44724587,11.979884,95043448753.00374,167076378334.22763
1731381203409367168,314.4013293084722,3.375299178244052,224.99666633056577,4721.8047,4.6201,0.20783468,13.414689,64790006854.833115,113894012050.07506
2817102898084675456,348.3486378497726,15.215058860375745,241.62895401439997,4055.7559,4.6711,0.10481897,15.042214,46011772228.10986,80883852232.57207
3535643882960805888,165.537740876744,-26.18391091651682,179.6848406283314,4273.7,4.5847,0.11932196,13.784653,49091828301.05133,86298266592.37444
4697679376887773696,27.402715226367896,-67.77788032262104,289.59982240034583,4118.7295,4.6914,0.079001576,15.456097,39945411082.31172,70219827902.59009
1245547392083616512,210.16743789087255,17.892507833076504,186.62087672352743,5417.5957,4.537,0.54122823,11.763926,104553659397.30832,183794327572.1104
2235933487237775872,298.1789921247362,59.43989455834578,73.79689722254389,5223.287,4.5319,0.4384005,10.011426,94098898072.15388,165415957663.68103
6621687114743222016,336.4641853782408,-26.93729892729067,276.0760131493253,4816.8364,4.5721,0.26723593,13.440401,73467699633.8991,129148482514.3279
4943919850651698688,30.66349999318445,-45.762199354997,260.20927699272875,4516.7485,4.6723,0.13057433,14.287802,51354430847.66411,90275683700.63058
2752215837847761536,2.2137194990009608,9.032858266424066,260.54503055925363,5052.998,4.4286,0.52316713,12.556216,102794349431.90453,180701645843.45322
210536105691279616,89.67138275107652,49.44623178006341,221.74139861784863,4182.8735,4.3988,0.18740818,14.081475,61523819432.32651,108152398370.51082
124387995264825600,50.90915364184779,32.414861936222046,203.72897215213922,4565.165,4.3852,0.25104663,14.032333,71207578165.05573,125175426879.62427
2446305074201908352,357.8078006417771,-5.224215961952925,160.6652825319382,4910.4907,4.4775,0.5332792,11.60125,103783028504.01945,182439639580.74997
3540655250801218560,176.6320592572652,-21.62723420556724,171.52787928186507,4414.822,4.6756,0.14185119,13.757974,53526088654.84244,94093229530.09145
6912077309689157376,317.47219589491385,-4.97154216743103,203.21639765928424,4294.354,4.6101,0.15242252,13.752009,55484743937.39861,97536339342.58493
773316356363593728,177.60897414401762,45.28282893422581,203.97841567644576,4413.734,4.5709,0.17187624,13.448406,58919213314.09649,103573774983.72751
2458984466199096448,27.881222110998944,-14.238412000336048,203.1535710738367,4959.873,4.3678,0.61553097,11.8432665,111499770082.62636,196004858987.3537
2509352410968306944,26.166122767698308,-0.4406420755861115,295.52159959431106,5477.2593,4.5328,0.5487278,12.721507,105275545138.39403,185063326716.96634
5613720962547375744,112.2795759084489,-25.011768271814717,260.35368614196665,5397.184,4.5627,0.502283,12.611903,100721748662.35368,177058231859.0849
935273452766508416,123.45838514317114,51.001793335046,248.3375019048411,5089.7505,4.3778,0.65842193,12.245857,115319077895.19818,202718800089.45364
5682091855429479808,142.37126995490834,-16.908172768768356,219.61017814283218,4852.5957,4.5872,0.30131787,12.861744,78012008915.1486,137136899882.41914
5792463654427653248,230.8604970201125,-74.91118893986031,278.22878624330684,4615.4155,4.5896,0.20234658,14.048098,63928858756.01478,112380204339.5207
6609912169843132544,344.17661806150574,-27.582534669252173,242.07347878783273,4519.7427,4.6219,0.1817748,13.84567,60592079148.31267,106514497029.13913
3509445338367764096,192.7320704519398,-20.364574780308445,211.22526607071936,4648.11,4.5204,0.28389645,12.975717,75723206918.14735,133113426898.21692
5527589340487615744,124.96617734773774,-40.70689430831417,253.94830373864696,5403.8164,4.3599,0.8416956,11.951063,130384674091.96306,229202532351.13507
297312174693999104,27.846565994429376,25.168325679505305,218.0862872467524,4465.5376,4.6068,0.17193553,13.814402,58929374750.45204,103591637719.2157
3434367557689121536,97.24825199896942,28.62667455603352,229.71933442001387,4353.1772,4.6804,0.11773339,14.479931,48763946030.78666,85721884075.17233
2126330212512697856,293.12434150809247,44.423428709961584,147.53953768429326,5372.7896,4.5036,0.57180935,11.2382965,107466880753.40086,188915464061.24152
3301600566561918848,59.34663581476559,8.812401557476013,293.5230940978955,5046.7466,4.5995,0.3297011,13.532496,81603580647.46251,143450504927.64462
5369840659209766016,174.69424083270914,-51.11787712756526,121.36446678411565,4402.8945,4.6708,0.15001379,12.801755,55044585917.360725,96762587875.7815
4083389239845076224,290.3445350059063,-19.61524994302558,270.4446128579479,5180.204,4.4767,0.558928,12.602759,106249513607.88121,186775460763.32803
4285748651218268416,282.84972594028625,6.24029317849334,174.63025516785734,5027.8535,4.5339,0.37767476,12.087744,87338956397.65607,153532691772.72174
1550315075953537792,201.5712927617094,45.78951273655613,124.15653507135094,4575.1685,4.5829,0.22681591,12.083121,67683962280.92379,118981281062.2555
2007600548904008448,337.4925800906557,57.03891713869092,225.46508838460602,4667.041,4.2907,0.56245035,12.852498,106583778664.89734,187363063547.76688
3895643368785266688,177.2343955152577,2.807562501681698,252.87110369147442,4903.67,4.5162,0.34796146,13.194065,83832919252.8156,147369447528.63376
4174703951105600896,272.79165457150407,-3.374429223548551,186.17086908536086,4326.9688,4.5695,0.17389356,13.771563,59263973520.64352,104179827136.28912
4199914069106583936,288.8064476715491,-11.01296017926323,209.26600238643323,4285.8706,4.5827,0.16341037,14.236976,57449840066.84232,100990771485.9228
5186601411433601664,47.23964222109319,-2.863296799282549,155.39347323902072,5013.879,4.3087,0.7098043,11.204464,119734231292.5239,210480175008.96304
6234238218055156480,234.7364757187353,-27.546089923897032,117.71515774674144,5330.059,4.5099,0.51228654,10.843846,101719798206.42516,178812697899.7158
5952456816904528128,261.0786788565808,-44.62195927256486,207.66110438733585,4102.306,4.3452,0.16177143,14.061941,57161014697.129616,100483046888.63837
4970481165362531968,36.10908183355421,-32.8442972486844,210.75620849514831,4191.6846,4.6641,0.1108588,14.532178,47318841568.35758,83181542546.48122
5979857269540412672,258.4394440865446,-32.73432382969877,250.6553377077271,4719.1177,4.5573,0.23798472,13.742349,69330375789.18251,121875502703.08923
2149815647740244992,271.4676949595533,55.17530014093772,279.97127272947625,4104.4414,4.5384,0.14362521,14.582853,53859752785.46513,94679775949.18607
6132311321196127488,189.6982415145915,-45.68622124276513,297.0096058624495,5427.843,4.3443,0.89542234,12.195447,134481634855.15222,236404558113.79388
777064179185223552,167.15137986301733,40.358033421165246,267.47439836909024,4809.995,4.6098,0.23990932,13.521423,69610151220.71582,122367318461.67937
1325897502818923392,248.4036833213424,33.76921156484258,281.9226157007881,5326.3706,4.6372,0.3704739,13.144437,86502334042.75264,152061997738.31253
1165190993517308416,234.64054415884735,9.949852857170471,285.16680000076957,5186.997,4.6415,0.285294,13.47966,75909361143.7536,133440666431.65103
4894325382249288192,69.30926204824038,-25.47721782525973,232.4692168459166,4964.041,4.5572,0.32608813,12.893699,81155229915.88014,142662351536.33667
766202000735686144,175.85806367397183,37.64224770217391,257.91927445063567,4762.3667,4.6355,0.19206883,13.797214,62284138642.90913,109488959509.11394
3171390627164187648,68.51678259573453,-17.240589306987513,161.0810154677077,5380.744,4.4825,0.6158598,11.28506,111529548904.28745,196057207021.2211
1661144336203510400,208.7700883437627,60.80100413473281,210.78914313827374,4201.7437,4.6649,0.116336316,14.5848875,48473755819.29336,85211760229.70517
451424156853862016,39.27000407645411,52.00141480730671,214.92485662911685,4384.9385,4.6305,0.16225217,14.025542,57245885063.45164,100632240058.90973
1997533596537601280,355.95329227542146,55.84215450480847,258.8828338432138,4361.997,4.6014,0.15959695,14.505296,56775544904.01455,99805431568.10977
3138865183429812992,114.4548824636884,6.419144073769367,233.54163707945642,5081.816,4.6026,0.3017814,12.990651,78071990439.33888,137242341088.10098
3577099766293626496,184.3357627741415,-12.401119284836415,88.7470432267206,4590.2075,4.5886,0.19270174,11.455682,62386674366.51649,109669206517.98161
5819685535115518976,241.46278218442492,-68.67282592178044,251.7237976323074,3959.5342,4.7184,0.067794725,15.387309,37003854875.86872,65048881729.1587
2096550975167705984,281.1560014665881,36.71442934345302,254.86289699621057,4872.197,4.5703,0.29495373,13.251712,77183765738.98099,135680935562.20868
1047939073530849280,158.199734004774,59.94399919524421,113.92303573922953,5144.679,4.6327,0.33426735,11.280134,82166728653.39113,144440459843.32968
2898905772919964288,97.76248899115878,-26.75436897824014,231.92530885499244,4880.6377,4.6043,0.2953688,13.018731,77238054597.72498,135776369661.26392
5939309956370226176,253.847845047869,-48.12244048721597,106.44623217724728,4586.2583,4.6043,0.20960946,11.793932,65066052145.41189,114379270613.51352
5878827097352299392,218.26175028115605,-59.74514975170084,220.34026512167225,4201.178,4.6414,0.11705955,14.844462,48624197021.63136,85476220027.49934
1146261560815607552,148.50921459819892,82.04605321622518,258.1344169343754,4070.2542,4.6836,0.08195002,15.29803,40683990973.39609,71518173605.8647
2362952128492318592,10.445830982066804,-19.33072593530616,269.8446822266226,4112.5747,4.5979,0.11627927,15.1370125,48461869707.37793,85190865696.12752
6237603342110137600,233.6611400240924,-26.27469644796256,289.86012688522254,4621.8,4.5064,0.2812244,14.1299515,75366008811.44199,132485510226.4296
4081553330310383744,285.9776991179109,-22.276358417916576,107.98360843941902,5220.3286,4.5443,0.41738963,10.931451,91816312076.09279,161403411754.81577
6369358060982265856,312.55354545838446,-75.9579476003973,267.42496040022013,4367.957,4.5701,0.1652291,14.444027,57768658961.629,101551221543.07414
3581581856725370112,180.8122256001198,-10.146440572480422,206.3708905579232,4910.825,4.1993,0.9595457,11.438407,139213659254.59317,244722958900.17953
5810129404670874752,265.5104725890283,-69.99304675112806,288.81890834847997,4964.229,4.6206,0.31440207,13.5161495,79687777724.9978,140082725053.41718
2105915343901864832,285.6285198793645,44.3107820657457,284.647534758814,4038.9182,4.6817,0.08063049,15.617365,40355122211.50279,70940056940.2207
4260666347147579264,287.6252166328389,-3.2503713859580685,257.20655292365797,4516.1733,4.5955,0.18930636,14.529182,61834609119.64871,108698733926.11932
5351774205706274688,155.84912397471854,-57.4455239463311,265.2459929346448,5340.149,4.4317,0.70188737,12.254722,119064620251.7069,209303069284.5795
2217986193299814528,325.4447714044162,65.98147013217523,138.12522821376348,5259.1816,4.5853,0.38979915,11.51091,88729791543.06436,155977633554.64996
4324792579697202816,247.13988526118695,-16.660819707882542,271.6640033033289,4585.7246,4.5702,0.24077623,14.968125,69735805613.3504,122588205657.15282
5587771388616301952,116.37238453369469,-35.243843646793,251.77861291080805,4593.825,4.6655,0.1598618,13.964822,56822634681.69817,99888210440.4589
3336054897290445824,85.8481419772853,8.636240032004643,192.18066747957468,4549.8257,4.6639,0.1860907,13.489143,61307181713.387436,107771572064.58635
5376597055078094464,169.52843250844404,-44.8169229143602,277.1484829250034,3925.321,4.724,0.06863274,15.682626,37231855982.77896,65449683674.990395
5886657166337536128,228.9735448352601,-55.296802299442135,155.309087111997,4119.6636,4.6627,0.10880856,14.145298,46879238529.73772,82408766678.59157
6151117509814711168,184.07619578147464,-38.76658928060541,285.6824151862324,4391.274,4.4521,0.11926717,14.880485,49080556067.04292,86278451191.5386
218953691837608960,59.03741393673775,35.05494733670979,245.32624168601194,5075.086,4.5252,0.4119523,12.905073,91216306573.51385,160348665239.75592
2726583468728696832,329.3109652425128,10.666416869429854,262.2084469515953,4012.3718,4.4919,0.14044528,14.824908,53260175292.04481,93625781829.17351
4815456897792153216,71.59873611041826,-40.73720152114851,260.39534475351843,4887.405,4.5594,0.30427137,13.157627,78393411130.17078,137807364828.82654
6766972419413805824,294.51844805326664,-26.08906824342568,181.9976307199658,4267.963,4.4559,0.2355677,13.158715,68977410785.33011,121255027380.52766
6578955179446540800,321.66339987111536,-41.99398775950304,269.6138828263874,4409.4883,4.5302,0.21317045,14.197856,65616417964.68972,115346755790.55981
5099183055840418048,52.20541210783287,-20.90392496243518,175.51307680798985,4616.33,4.6222,0.17883357,13.020477,60099871093.30666,105649247079.81277
5876399684968605184,227.1071913240269,-60.47017504313018,286.99064006267696,4298.423,4.6524,0.13550858,15.282081,52315745029.12218,91965572840.6674
3998302845325262464,167.53788534426704,27.26814120464224,245.99120792880527,4352.8,4.4226,0.21083823,13.666639,65256488165.880684,114714037091.60077
4735773743938585728,52.608699510305,-52.723471911417874,125.93224062189067,4453.566,4.671,0.153443,12.767862,55670171316.694916,97862301156.71632
313116103860292480,16.98870759397422,30.971424565389903,254.01973447217142,5308.144,4.5691,0.47832724,12.666295,98290506792.15549,172784364571.47333
1275271417631701504,230.4024470951766,29.987756082491188,255.29348471281835,4233.5522,4.3925,0.14783396,14.318209,54643199760.14437,96056993262.56958
4371791449044102912,268.92990757482187,0.6718756365773292,204.48768710631083,4467.6167,4.5748,0.17867562,13.853217,60073324423.05455,105602580827.89589
3727350431114862976,209.57484184342525,11.436387807496516,141.9750909780309,4960.3687,4.5212,0.3514327,11.701003,84250037316.3558,148102697177.17282
4259044399995084416,282.5328939782709,-2.425302468918711,176.4188798984323,4360.8433,4.6735,0.11742851,13.914595,48700766038.82733,85610820299.83331
4974127626956124288,6.138844628119712,-49.00058282203472,180.5476370136495,4188.094,4.6811,0.09361224,14.423669,43482583140.9634,76437804047.79883
53455888818419328,60.624836476562784,22.97000767425292,182.11166606280733,5433.4146,4.5775,0.5290082,12.300053,103366597119.01984,181707597040.80328
5620357782225334656,112.4372650261473,-20.54961432794222,289.27768059582917,5406.846,4.4692,0.63757414,12.575896,113478703213.1089,199483615121.99142
6359791794424442496,294.71039923069844,-81.74877803479221,57.36356563142364,4914.1313,4.5377,0.32599375,9.791206,81143484647.96936,142641704591.6935
3345876761644676736,93.3055722212413,15.943720737815978,215.3595607891022,4714.4204,4.5754,0.23963492,13.091519,69570330986.98308,122297318682.38078
4934003488423163904,19.361874848817564,-46.84562295886741,85.11859765833988,3965.0767,4.6644,0.086794324,13.017048,41869201636.82392,73601649193.15363
6338211954582905472,220.5272198711889,-4.070004907947607,229.92117299149032,4496.538,4.6144,0.15720788,14.178581,56348994768.27293,99055601329.49031
1895293171359864832,332.7045438082243,30.41839990214841,190.09839068009728,4840.0034,4.5624,0.2736698,12.7245245,74346829817.10954,130693900836.39256
1943255449114125696,351.6548872023109,50.45857560676477,258.3569372177602,4708.0293,4.5775,0.21539804,13.716256,65958366405.116974,115947865154.25826
6269962828306462848,214.44670045908336,-27.120239603206453,170.07893023195666,4288.747,4.6714,0.11899751,13.941113,49025039732.36243,86180859318.99501
320265235838450432,19.527334275480417,35.06241503931323,166.20182774613107,4835.258,4.6842,0.0847092,14.311395,41363216910.605736,72712181306.01219
1569103358849466240,190.0999896466068,52.41235242805287,199.27270991175038,5408.3125,4.5558,0.4357329,12.165877,93812172534.02075,164911924349.2786
2562358526513456000,24.17752474038806,5.98970318563542,240.85308866019824,4512.917,4.6204,0.17501017,13.835264,59453942759.333824,104513773061.14473
3401164127595363456,81.84893377664444,19.627496286767343,263.12606570150166,4265.262,4.6388,0.11424933,15.097584,48036996814.289856,84443983873.5411
4623728870503908736,86.98976660613965,-78.35312433859012,179.08954573473594,4328.6196,4.6212,0.1428812,13.854644,53720069002.912895,94434226563.01529
5427690879388300544,138.7411952760535,-42.371248686036175,247.57808353960914,4906.627,4.5822,0.27429038,13.23779,74431077383.47116,130841999189.89142
1439262683560370176,261.33282452368667,61.89862027848073,281.6701516566205,4398.0845,4.6705,0.14149645,14.747735,53459118012.19903,93975502189.86566
4808902635962790016,83.97371212508979,-38.73944309617872,235.5132732852476,5194.1865,4.5088,0.49046615,12.345741,99529892977.36096,174963075023.36087
5443323220309247872,162.2774689876448,-36.11092058785812,169.85002677228724,4822.1733,4.5279,0.30677527,12.26748,78715306500.91794,138373223006.8768
2356706215251960832,13.59478321356509,-19.42950929927717,293.86893378971564,4838.9277,4.535,0.30446777,13.411961,78418707598.6382,137851833357.6061
2316518446781486976,4.237231691657876,-31.751840020342303,273.9272083928194,5228.4653,4.5399,0.43075302,12.82905,93274554367.61153,163966848204.1171
4614955935945277568,74.77772214525982,-83.51533524815011,267.6585163719055,4432.477,4.65,0.16074872,14.501947,56980043840.854164,100164919172.86995
1982899646524522240,338.78912646005847,44.9987816377479,246.2845557104764,5028.897,4.5343,0.37705666,12.978744,87267457954.66853,153407005036.10153
3392086731394065920,76.61119028011781,14.342053479332057,291.7669713428576,4202.101,4.3124,0.24462795,14.494181,70291377665.36722,123564842843.32973
3738246836159972224,203.47687075117813,11.15744884045264,164.8955336118879,5344.7974,4.4857,0.53134674,11.475221,103594816989.37312,182108783549.7401
4605870259050232832,273.0319772959978,35.76805659480676,247.08447581740361,4225.2607,4.5233,0.14414786,14.433782,53957661213.615654,94851888659.72437
5723032175187265920,125.00705685137196,-15.079427023791196,256.0546363960872,4265.548,4.5896,0.14338571,14.7021055,53814827549.729294,94600802113.73465
800703438665973888,146.1808386144051,38.70460358600471,73.72265624399729,4954.0986,4.5543,0.3517512,10.269049,84288206160.45229,148169793987.32138
2253693554963506304,285.1548423528512,65.09928329411837,271.1182053683624,5361.9756,4.5247,0.53736025,12.594079,104179384199.32266,183136391171.4409
3827970317880998912,146.85057305479876,-0.5113728907215819,253.70233563104475,4305.988,4.6481,0.117130145,14.697903,48638856687.66105,85501990177.2568
4224030104313919232,303.9737519164793,-1.3719762977378724,53.03956791236588,3956.7158,4.6707,0.07884791,11.881456,39906543254.37883,70151502352.43436
6089690333493371648,213.8995646880324,-50.88550133798733,74.33113114317568,4996.494,4.4155,0.51606786,9.840255,102094518125.80356,179471416073.781
5776548945165088128,266.2914025931846,-78.64337982808496,219.27901246847298,4151.8057,4.4622,0.20588814,14.02664,64485887671.42228,113359402538.18443
2051772676936128256,291.3596740383193,37.31672914448614,218.81746581204197,5264.9854,4.7674,0.06834041,15.324321,37152479850.83105,65310148790.408264
5317759713981644544,129.43337573610515,-54.57898688309016,124.49940970659644,4893.736,4.4933,0.39084926,11.289696,88849229171.71503,156187592333.4359
1780541815692177792,327.23865322274617,19.870424315167917,299.32731876891046,4053.1873,4.6536,0.08604563,15.854723,41688227164.15624,73283515120.14835
2613257664246856960,330.9897683524765,-12.780036168512362,236.97144088389462,5156.9346,4.2595,0.844826,11.761934,130626909757.91306,229628357153.38397
4559700425769307648,252.20085658052943,18.29728129571353,186.09770044537132,5326.9785,4.3613,0.82813036,11.303319,129329729913.6889,227348051532.48468
6552970661663768576,346.02483313714384,-37.2352996586988,199.71846593409532,4129.3906,4.6668,0.09036427,14.6193695,42721588212.71117,75100055068.66069
3336115404789508992,85.46917091906037,8.837715782780917,186.21863728252077,5386.2324,4.4382,0.75446534,11.359791,123443624244.149,217000897355.50403
6844607977673817728,325.7745849824103,-11.64368409356542,277.9629522815477,4561.6353,4.6695,0.15311086,14.372681,55609887343.21918,97756328277.02739
4411701865704214784,241.9248122458687,1.3710235292130708,181.01226751327687,4933.7725,4.5622,0.29892343,12.63838,77701427184.73674,136590929893.1688
5231706573875709184,165.02543745461568,-69.67617714809907,172.7599806968378,4401.186,4.6574,0.120248474,13.857193,49282054446.423874,86632664132.1346
2789401046220103296,12.44295732479032,20.36987476534284,101.89285021309703,5430.9277,4.4704,0.6905352,10.215191,118097832839.9641,207603558781.8316
539611758268617856,2.6815431891560757,75.0031628225159,235.9881225218813,4474.5776,4.674,0.14746025,14.196172,54574089685.853294,95935505026.71054
923403679285368576,115.86566809472168,39.92723362204279,210.78548947869248,4255.36,4.4936,0.21821435,13.70938,66388165924.262,116703407466.86058
1557277527177318912,196.87458888951485,51.0117726832986,266.6447946266744,4687.053,4.4068,0.4338807,12.898936,93612573247.71175,164561049814.39856
3148308201607132416,114.79843755981724,8.037331328607374,179.141001669406,5226.3447,4.4673,0.5108173,11.725661,101573827060.4363,178556095990.45117
6839581732065927808,329.6119557648201,-14.76902486615946,179.91760166619028,4895.7188,4.5303,0.3492049,12.232643,83982574109.23683,147632525013.0795
91293107584807040,26.23095152057429,16.406315080559814,289.5090720044179,4766.1357,4.5858,0.25676858,13.693698,72014501209.51247,126593912652.51137
985242992073779712,114.55896889963282,53.47493609279728,288.51003622896235,5105.394,4.6788,0.29503343,13.577147,77194193019.60959,135699265623.94528
6204290751129085440,226.21833422812185,-33.9407888294664,281.31886742732615,4950.8223,4.5922,0.30211076,13.614112,78114582160.82854,137317212851.1407
3255659362980199168,64.81186559390014,0.9082777179488633,208.12818360636135,4687.465,4.6535,0.18780218,13.398279,61588458173.57588,108266026473.54918
4666863497638956544,55.27975031169999,-70.60208424746119,145.12842037822637,4990.6577,4.5464,0.3337837,11.841897,82107263791.49416,144335926875.57394
4207172258896713856,294.6561543377589,-7.100836425496324,100.66400717566171,3954.3315,4.6259,0.08626611,13.313288,41741603145.72245,73377344477.21736
5642500610680952576,132.36663676336656,-29.418584866539494,136.12344078550387,4632.723,4.5491,0.13966893,13.836936,53112766148.32977,93366652071.27443
5922029176943393664,263.43168474635945,-52.94825310051828,206.49441236569922,4732.8735,4.5927,0.20871101,13.420463,64926455936.34736,114133875172.31589
3368726404274295296,95.62969287298898,15.017317136962998,53.119146073495706,4866.9253,4.3698,0.3505817,9.568436,84147969070.97319,147923271945.81604
2246435128952500480,307.58323721879924,66.73902387220309,152.46219997699515,4097.384,4.6741,0.09124205,14.055658,42928581132.21045,75463926832.41203
4174584967629359872,272.24759877083454,-3.717383579030028,233.33771022286072,5286.037,4.4789,0.5642207,12.608943,106751386656.17824,187657700753.49228
3392343600502180736,74.59353817379493,13.460614699065609,277.57216559176237,4921.405,4.5505,0.3006731,13.577104,77928497870.62566,136990096256.78406
3919615539769243392,177.4396184192504,11.887401947389057,176.65687436258128,4559.637,4.2198,0.35592216,12.94626,84786465567.3483,149045681576.28595
6686409213878897920,302.936709841048,-41.57476801063391,261.95229346430665,4399.816,4.6742,0.15743983,14.553433,56390549084.287544,99128649442.90547
5067287597908672896,38.650524730369405,-30.07300441581021,288.1435807007047,4813.0645,4.5508,0.30358586,13.405065,78305052883.4324,137652040331.92856
5130280165251501312,38.29477105174792,-19.798454719001143,248.92125539769026,4446.559,4.6449,0.16082475,14.268809,56993517293.70797,100188604084.72874
1383888597925662720,238.46743664906103,41.51290539196482,259.2809549197007,3947.5059,4.5906,0.093774445,15.445922,43520238685.587425,76503998531.50632
1437076815788788992,255.05957109627627,59.14631126090746,186.82942828346123,4634.8955,4.5075,0.27693525,12.69819,74789070683.41121,131471313727.68076
807107578501779072,149.93253608761276,42.13558446641871,221.9275810663998,4760.845,4.5799,0.23440772,13.150114,68807372279.8345,120956117586.65645
208703219810559104,78.89674693635394,45.46887552647631,230.4140516411119,4566.105,4.6269,0.19756602,13.712396,63169165962.07054,111044744375.42926
4293117440740454144,288.4489862785445,4.274916674536639,218.4457870162606,4719.229,4.5677,0.2688572,13.121133,73690219987.6532,129539649873.03247
3110871960988463488,108.43803878472922,-0.950681191870118,162.3753803106814,4159.398,4.2099,0.3485737,12.409648,83906639068.35413,147499039204.36987
5556915037885540096,99.7851226566031,-44.4964746706225,191.82493400448402,5243.2915,4.458,0.6237882,11.6303425,112245152643.08826,197315163067.32358
2752878671560059648,1.6146563769397624,8.891737398792317,208.992829900119,5329.3306,4.5611,0.43287203,12.325289,93503696387.52919,164369655754.91974
6026130044534968704,252.26822712434145,-34.4032553000815,259.56493599576703,4948.6377,4.4788,0.36385387,13.602218,85725991451.06924,150697269182.40594
3402464093936736128,81.59103177496478,21.839703898083204,135.57241959088793,4689.03,4.8435,0.105462946,14.014067,46152896998.41334,81131934723.52661
4254061825712815488,283.2413598146527,-5.603935841565904,244.4178225432786,4050.5046,4.675,0.08297967,15.420807,40938777429.32792,71966061375.76591
4821198444433432320,81.0252712191656,-37.843763057628834,254.96802589703273,4619.476,4.5009,0.08491878,15.391766,41414353904.37339,72802074758.21428
564776246533065472,6.634679671974112,79.54067874374942,294.0145049433369,4311.262,4.6489,0.1379812,15.019628,52790889066.7103,92800826043.58545
6864994709962637312,295.5463100416227,-21.90692786113428,190.06108400038855,5056.4644,4.5969,0.3226955,12.576679,80731955459.68022,141918279597.54312
521287499341092864,34.55569416703883,70.68524242185289,243.3459588964356,5043.4565,4.7673,0.072553284,15.721533,38280495863.45733,67293082202.07762
2685695315646625536,319.2437305028214,-2.2750294287098343,227.71911341380024,5182.335,4.5394,0.4145259,12.599762,91500791914.2083,160848760522.87143
5586581575291894656,112.4696088363007,-36.92418496040642,212.71064241051118,4176.635,4.6606,0.09726153,14.63468,44322022091.77924,77913449361.33824
270453820051129216,65.40260675007444,49.75535729961414,281.8603470798308,4287.4453,4.5548,0.14213108,14.872175,53578869439.362816,94186012593.40622
141044359475741312,39.8509136315048,35.395527562483075,290.55787966982894,4230.116,4.6622,0.12339273,15.1759205,49922210108.56888,87757990401.37898
3144061372303852800,118.02836899845788,6.875806490948495,269.8631300284015,5269.936,4.5858,0.42452785,12.876224,92598107434.35773,162777725700.39728
2739754935130823168,358.46634512618874,2.597224530848124,169.44274699266816,4593.9414,4.5889,0.21616353,12.792224,66075465174.16878,116153712464.06511
6326944674817742208,220.42311883524,-8.994458826005905,281.2272486338312,4607.34,4.574,0.19366202,14.126034,62541925237.99806,109942121207.84923
3086087285267943808,116.64589171359876,0.9881691958390478,54.07996925766686,4945.129,4.5244,0.35528553,9.557906,84710603802.63033,148912324579.3607
6300575362326807168,211.39006370348704,-16.430874779463707,213.2671827551411,4303.3267,4.626,0.14702788,14.305885,54494022273.65961,95794754944.22269
2783767938913185152,17.065826017265806,16.680580524301988,281.6331317549745,4426.539,4.6492,0.15804823,14.483406,56499399968.9445,99319997840.14455
4231630551455358720,308.92538515902635,1.6649234827344912,270.42508223705397,4360.015,4.6535,0.139372,14.675435,53056278407.760414,93267352569.43146
6535719118065602688,353.1576607727371,-41.42939414395279,167.62294946086033,3954.1904,4.7308,0.060309634,14.745213,34901361072.89444,61352918938.66707
6724666343033811456,274.3105058684178,-41.92691762349046,208.57632359588098,4212.3213,4.7105,0.08158191,14.910809,40592514243.94305,71357367144.61566
1634996094269874304,253.5360190154203,64.89038158784035,298.40556763555827,4235.4585,4.4559,0.246559,14.43361,70568266196.6219,124051583735.11429
1330376810110980352,244.6723668326423,36.79219495867567,212.81915679440823,3959.2732,4.5635,0.11316766,14.731909,47809057845.66865,84043291160.28067
4233067132115062912,310.1063119399118,3.607443163514798,111.60283781278885,4527.083,4.6516,0.1834055,12.293377,60863257803.50202,106991200559.8404
3521389573698357760,185.528905589042,-15.874416938783549,125.14526915365053,4552.089,4.6389,0.19020377,12.480806,61980999837.809456,108956073399.09662
5609332532455066496,106.6414691775249,-29.17503402806914,162.80841592142608,4820.892,4.5368,0.27893227,12.361862,75058243677.47563,131944491517.24661
6182642913362895104,198.14308416821407,-30.050571092767388,298.47587602892105,4616.1553,4.6869,0.17987627,14.332709,60274824420.69292,105956796613.21808
6840499549398019072,328.53540291602155,-13.838413956545136,235.70532765896007,5201.6797,4.5759,0.47516206,12.47594,97964763771.97227,172211742630.7302
1639618097554998272,232.93983441129987,61.752058942628594,181.3869729534686,4165.785,4.6627,0.11160944,14.321851,47478772449.99987,83462684201.57872
6343565098742729600,346.964466502668,-85.32556712125844,214.9587095892892,4925.6187,4.5501,0.32311985,12.844877,80785019958.62465,142011561400.95068
3339035462857479680,82.6535800046575,10.64198083255993,222.9682038688593,4222.9883,4.6644,0.11571335,14.657372,48343796244.57604,84983304977.30736
1910798518694217600,347.9336962527988,32.2561795911554,225.45474233001656,4488.2764,4.627,0.17585915,13.735606,59597974795.111725,104766966218.77534
3963325490659915392,169.6461120877469,10.601666003917376,34.72287011503568,5313.7476,4.4839,0.5557824,8.045288,105950110074.41856,186249140867.6621
4136133529878868736,258.7612398127778,-15.777038774729547,110.45664956577865,4506.903,4.6692,0.1689847,12.331609,58421500855.501335,102698848872.30237
3288138902105331072,72.64950191704062,6.522532760645785,132.5592626594127,4986.676,4.5534,0.37620872,11.456357,87169277461.9672,153234414064.72128
980964075072061696,104.67384430297362,50.90921570944803,215.3853444989219,5113.284,4.337,0.8030002,11.631902,127352315034.24454,223871964323.3562
5423016683660491264,142.68432343572326,-45.35562833140631,294.9601903015984,4388.83,4.6685,0.13647354,14.809314,52501685461.56061,92292436548.21706
6479378664790801408,319.05445610649144,-48.070731503847824,212.71712989368152,4458.0225,4.6732,0.16486837,13.802543,57705563917.52673,101440307097.12593
318450418881710080,25.630177558163048,35.90456071512608,158.35658997830419,4446.8374,4.6382,0.17368634,13.228629,59228652082.23577,104117735765.61446
2394311608865648384,355.5363889508824,-17.539862752062227,225.6508985639754,4240.7095,4.6164,0.14475638,14.26655,54071432366.53695,95051886370.64917
100118745686935168,35.28583539562006,22.62484208630352,268.9481763392734,5341.832,4.4291,0.7633625,12.248464,124169355835.21948,218276657099.8069
4220169036092162432,300.27243307431934,-6.271523269052027,162.86561272697963,4302.8564,4.6241,0.14706787,13.781584,54501432663.41036,95807781629.36348
6593902524628561152,339.2248228308969,-39.14308124721261,248.92394262910355,4143.943,4.3186,0.17340773,14.502929,59181128720.13487,104034194697.50024
5463212354863181056,148.8592084804722,-31.21874982707787,202.4564611193231,5246.655,4.7223,0.07944296,14.793887,40056843715.55623,70415714742.08305
989450754354284800,111.78307735381468,57.55219287067502,127.19434705356772,4351.4854,4.5299,0.18404669,12.733961,60969554680.52147,107178059280.49564
1808378289019222912,304.807907049777,15.623488967033984,291.23714144443244,4331.22,4.6725,0.12869406,14.771561,50983338237.333405,89623341954.04926
6148713049682839424,181.91179417921225,-41.9307322011192,269.8868768629917,5203.462,4.5014,0.49051213,13.019296,99534558209.84227,174971276010.9859
2804852929801600768,12.874260813384463,24.713695986960246,120.24415056722569,4125.305,4.6584,0.098042,13.395983,44499496629.69694,78225430917.46725
5891417055274331776,219.73631856960037,-57.97550278638402,258.14187694076753,4501.1763,4.5808,0.18171684,14.4664545,60582418301.75668,106497514277.8249
1402288615778948736,233.4574931209661,49.33299042215137,299.5479878866733,4487.9043,4.6746,0.15706567,14.6224,56323502396.035484,99010788422.50449
2908845804710860544,84.2608473818724,-26.5578433028956,254.43869884691844,5481.6904,4.5507,0.6188841,12.352318,111803057367.92932,196538006109.9389
3051866222808358400,108.49327074539272,-7.597405533113087,270.7019967294284,4687.807,4.3204,0.45289832,12.945551,95642159216.45944,168128848306.8287
6474027474840717312,307.1556275427985,-53.33111170227969,263.6262199916781,5289.7153,4.5499,0.4092842,12.8404255,90920435454.923,159828554957.60147
1015643285991669248,134.90517914493728,48.87193458018872,294.423374360075,5478.387,4.7489,0.08301059,15.56592,40946404051.014435,71979468173.88855
1451574258853494912,205.9675172509748,26.84514815313519,237.2508226945862,4504.7734,4.6437,0.1789829,13.754611,60124958220.4352,105693347608.55452
1618494795558342784,220.5729127794004,60.78369104689015,156.75685561584575,5032.457,4.5989,0.34466362,11.98054,83434705985.94223,146669430522.65634
2084704115342087808,304.75030486823925,49.119115474371846,291.01295717451853,5391.256,4.6164,0.42804548,13.076904,92980949127.81659,163450721098.3723
6898092586935833728,322.7258686009277,-6.8853821805927975,225.52460825460827,4500.176,4.6103,0.18320945,13.582488,60830719433.28155,106934001530.08441
5384405168181227392,174.0247696927977,-39.86090585480193,191.33710230514583,4100.0815,4.6735,0.09694044,14.5325,44248801348.61591,77784735002.30377
486736037932550528,54.068212302014814,62.18698556207698,265.54385828939235,4175.1626,4.6831,0.09818225,15.486279,44531313728.62194,78281362028.20909
3795795824513627136,175.0820453432502,0.0395539339985887,185.7669130173297,5323.4297,4.5502,0.4852539,11.902847,98999621592.29608,174030913746.4573
5278999970587397760,100.3285289636068,-69.54510973677105,239.621224320899,4541.361,4.6411,0.18425405,13.822171,61003891314.98762,107238419469.50455
2634993845192708992,345.2655544504265,-5.88449729297606,260.0915639446089,4835.2686,4.5605,0.29892248,13.281951,77701303714.29738,136590712845.1333
744916830011154560,149.07161300243217,31.188448837042653,195.21565095936245,5261.951,4.7465,0.075556174,15.034219,39064655286.89267,68671551925.379745
6446528521528853248,295.60671015070807,-58.89354598893915,274.6481514690546,4066.9238,4.6734,0.0836736,15.279664,41109599390.756874,72266348402.69893
2150663852241177216,277.125714424025,55.79352057729092,273.49797739781815,4893.448,4.5469,0.3431275,13.133196,83248569653.82935,146342222444.10004
4380867535273359104,257.13384518364995,1.0079039704898534,155.03607705235626,4843.624,4.4714,0.352888,12.085186,84424298859.03038,148409030625.87445
2536095110736247680,15.325087217519869,-1.0609178697647696,277.2369882227096,4121.487,4.4908,0.18238561,14.640199,60693796242.78372,106693304974.15665
6131317744940776320,184.6885471854479,-46.70068359797986,203.49040449030522,4503.1094,4.6479,0.17048974,13.701796,58681085852.74727,103155171972.72417
6891813035511007488,320.3036475006547,-12.151256071606674,253.6840228332083,4550.0776,4.6171,0.19139877,13.876385,62175400092.13881,109297808583.02295
1401294863425993600,236.08529709660067,47.58304316217605,281.1571125904758,4753.546,4.5484,0.263651,13.507867,72973256718.84312,128279303916.28214
82552058863495680,37.16454678325981,16.879698248807518,288.7185972051153,4363.9565,4.4031,0.30560485,14.187182,78565004275.68326,138109007516.20114
5517560115118623232,120.12966972272405,-48.77322029838461,219.9049141446081,5463.382,4.3791,0.880224,11.541474,133335446696.69795,234389679982.6164
6085080188619114240,198.32206428712743,-48.5789952611404,273.9655900408187,4428.42,4.5769,0.17959218,14.236597,60227207685.974495,105873091405.87094
5214377136737369728,110.5997811508034,-75.46361939753338,288.5516096477401,4987.3467,4.4467,0.44273204,12.994331,94562619367.91125,166231130888.85455
6364851570840616960,275.490441705067,-78.37266320716475,118.6606845706396,4450.2026,4.6786,0.15228161,12.65094,55459091025.14503,97491244223.14969
3337055865188581376,87.33992254173262,11.25841645651905,283.39303707316697,4673.0996,4.5847,0.2276092,13.766102,67802221499.276054,119189168319.78001
415862308677878400,7.372490972221239,51.51859005500408,176.71206589009216,4686.482,4.5948,0.22599354,12.769629,67561149457.280624,118765389045.95647
3057451570075963008,114.95662717681806,-4.474094683591244,233.8827708271205,4169.176,4.692,0.091539234,14.874376,42998435525.494316,75586723502.71106
3174700432042196992,70.73181365780614,-13.231612896765126,290.13226459563174,3916.7,4.6665,0.08017537,16.138552,40241068495.51543,70739562513.16924
2101840897409846784,290.5494155532918,42.00235255070174,275.16290653304713,4333.675,4.6448,0.13065037,14.599048,51369381805.36375,90301965910.48154
6831311205601912832,322.14736413104407,-18.906261007669297,294.1677453395449,4367.36,4.4975,0.19528145,14.196771,62802873193.60066,110400840245.59276
3956507659574340864,193.55248906376693,22.74477276489353,192.75612864088626,4149.2354,4.6892,0.09581661,14.4418545,43991565583.92024,77332541605.4177
2126699927599021056,292.4374966584164,45.445436110339145,299.83012781531846,4979.3906,4.5628,0.29899234,13.524118,77710382817.2858,136606672952.49187
2987166457498103424,75.30640232913692,-14.848088481295452,291.3914587179924,4417.894,4.6613,0.16553086,14.484795,57821386715.37759,101643911383.87428
4518930912590631936,283.90562191571263,20.557361124251194,269.83871320188456,4770.6274,4.5558,0.24592857,13.964061,70477989981.41794,123892887651.54521
3659935112608953216,213.31200469121765,0.0345492399008426,266.87296436930086,5205.179,4.3414,0.8125152,12.083854,128104611712.4241,225194422694.47186
4608658895414880000,265.44903596661885,35.971256669659475,211.84201067087577,4218.0117,4.5781,0.15281232,13.999184,55555646003.568886,97660977711.5369
1695211776277328128,226.97307069508804,70.66370242894351,284.6604972249998,4151.0947,4.6782,0.10407122,15.26435,45847360757.35531,80594834173.45618
6859008620764498176,306.5618347600048,-21.68743970962629,242.71779310007557,5464.498,4.4524,0.68185675,12.067261,117353376427.64561,206294882772.80862
100373110829918848,33.06079975555185,21.779804348297475,151.35202134115602,4920.532,4.555,0.3457319,11.925161,83563908291.92357,146896554576.3288
2311759962319099008,354.9349515128285,-36.2172763389994,135.47886632067517,4786.5537,4.5632,0.2858342,11.845833,75981193786.69151,133566940656.60507
3825684605005674240,143.61346917177303,-3.167830068569211,282.61813735932043,4152.1475,4.6716,0.09871711,15.290144,44652443915.65975,78494296146.47556
5514122251493807872,121.3792789180108,-50.7417590836042,294.6410545605194,4020.6782,4.5278,0.12744385,15.369928,50735092756.901726,89186952530.55356
4623951693407234944,82.74129907756571,-77.89221730652793,268.71965959061356,5198.38,4.3805,0.67191637,12.419693,116494823665.01355,204785637390.07648
2368463258729154432,5.653404075797473,-15.949448501715825,204.28159399249697,5011.0557,4.7667,0.30271724,13.148941,78192949411.99522,137454974229.5074
5835247296833862144,243.99723815673764,-56.964569900591606,246.04900029001567,4758.138,4.3598,0.5229781,12.830615,102775777000.37096,180668997463.81
4049053209744689792,272.4565528642837,-31.66887883365624,254.93278094529404,4340.911,4.662,0.11453566,15.116255,48097153956.08642,84549733796.48875
318542782154333440,26.93630610985012,36.36606594585081,193.39828385792632,5418.5356,4.5727,0.5378855,11.93024,104230287533.0991,183225873873.9742
2979052817599474432,70.68488091443291,-17.508415256843282,231.68298432693894,5129.9263,4.4834,0.44381288,12.565331,94677976682.14577,166433916904.40363
5401577753099623552,165.65227518530125,-35.16024858295234,181.70741982635883,3964.2146,4.7058,0.068587825,14.805755,37219671255.090904,65428264206.31769
5917690504081054080,254.97475238290085,-54.97036600729443,275.56003495301115,4982.667,4.5692,0.3144075,13.478316,79688465860.99634,140083934724.06723
4273969961105562240,272.946366676186,-1.8847403180472209,292.94869803136294,5044.1514,4.5334,0.46229547,14.295983,96629300625.28044,169864138993.91403
4595858548545600128,263.88271752156203,29.10836270916627,94.97041210695102,4557.28,4.6582,0.18169124,11.820765,60578150770.64937,106490012407.35205
6179926295008629632,198.38980329101693,-32.649005451606165,192.1697716283023,4166.5625,4.6927,0.08301387,14.713146,40947213001.28586,71980890223.31303
2959175498498075776,75.30484061311888,-26.12730192532414,237.92009357453577,4971.164,4.366,0.6742253,12.072828,116694809650.1645,205137191700.8155
2841230787404000640,351.27592510313747,24.91946095997158,277.2157765287976,3986.407,4.5131,0.14472888,14.800226,54066296029.823975,95042857231.37479
6328382423710050944,218.84204175950543,-9.25795128231326,291.26331693798977,4213.4316,4.6637,0.109713,15.475562,47073670449.67339,82750557527.32062
4106467370498859392,279.19819999898664,-12.216194832548323,266.42012134840326,4441.348,4.5004,0.19550627,14.728954,62839014057.2759,110464372079.63237
1177739307407548160,220.02134045570384,10.24134085231286,163.5914976632335,4238.0215,4.4874,0.19574618,13.131917,62877557797.498795,110532127917.7084
2838095255119284096,350.7288519598183,22.25411028365476,250.93863119885313,4507.0737,4.5904,0.18054709,13.89632,60387112523.5486,106154187278.23805
6569131558449549952,336.65169723283145,-42.34371656632546,79.56736570243139,4097.7256,4.6705,0.09818287,12.471388,44531454331.28141,78281609192.88417
2263722234879203328,295.9918617457613,71.84899847508143,294.9121565433875,4662.667,4.5777,0.24215347,13.787551,69934965619.54935,122938307983.83937
2160820831421123200,273.2260867739711,63.33935604652044,167.67010764208328,3981.6763,4.6756,0.08049729,14.549896,40321775495.59031,70881436923.82718
4945382579073810048,38.751813631005696,-46.29164254056642,270.02819733740887,4431.38,4.3612,0.36003116,13.288782,85274476549.28918,149903553512.961
5319403964895512960,124.72448281437534,-55.13983721760837,294.40838558834776,4645.9414,4.5064,0.2516451,13.901931,71292403505.47784,125324540899.10315
5642478311210040320,132.11526116946436,-29.53636045122717,63.742559626680034,4467.6733,4.6761,0.12842573,11.288995,50930159801.75949,89529859862.04036
1929372774782316928,343.87586031194826,39.59905219011137,239.65443915824963,4241.5874,4.6592,0.10159692,14.8726225,45299070256.25189,79630997187.30597
1980696328314534016,327.5962162008246,51.34863500051541,195.5448138106823,4149.431,4.6662,0.09739609,14.507806,44352670951.35461,77967326830.276
2069650804715564288,309.8997465322057,43.48266006205209,284.259535120078,4217.192,4.6469,0.1350055,15.035531,52218542778.169624,91794701515.3087
3096148568277279232,121.44285952724888,6.741402088591676,187.28002248257278,4774.6206,4.5617,0.47706404,12.100674,98160634772.34856,172556063231.39166
4553157884907530112,261.42938990968184,17.22302232613324,264.12876206476056,4358.773,4.6037,0.17055488,14.368147,58692295092.91141,103174876637.0127
4882851119419518720,62.20912990270978,-32.51801259497993,151.9357254726896,4229.1924,4.6658,0.12208688,13.6442795,49657347204.33521,87292389296.0419
4017572267638298496,173.55166160580507,25.86060727420592,256.5637106136945,4915.7827,4.5339,0.2889616,13.171745,76395729799.03397,134295651330.9334
470168424928494080,61.39622832845447,58.49329121837608,227.23709531156194,4400.142,4.6399,0.14705597,14.268032,54499227626.48106,95803905406.5509
5371809059901953280,175.20174387494075,-48.16731436217177,146.33588434301078,4104.4233,4.6929,0.08538615,14.039827,41528164225.911896,73002141323.44513
4470069234316351104,273.5021670605617,3.620236058500893,264.0672584340419,5005.068,4.7794,0.077439465,15.748781,39548515765.5143,69522127714.11461
5456019830830634624,160.72876419208836,-27.95911174448572,236.8757119827826,4171.284,4.6569,0.12750937,14.709938,50748132758.99619,89209875481.60384
2551666909804943872,12.844284028573826,3.671411548485476,277.1841874516335,4437.88,4.6514,0.1471573,14.691445,54518000940.30585,95836906916.1166
4907060887993360128,9.815124307811164,-58.76471048936507,213.70738368217698,4507.915,4.6748,0.16128567,13.793636,57075129909.31747,100332070472.1686
3800551143584481024,173.91016905692,2.820989792463364,279.2521057158503,4304.7915,4.6674,0.14648321,14.732705,54392991098.5991,95617152773.32684
2935416602714802816,106.32107027349024,-16.99235635472744,261.7603633098642,4184.732,4.6591,0.12004521,15.078644,49240384461.0312,86559412684.12851
320599934049835776,21.78135931985669,36.40534965920499,296.7521842099229,4425.674,4.6453,0.17403314,14.621968,59287753602.39296,104221630016.83815
58817038793821312,48.24312087822166,18.56096914257114,265.81683564915704,4200.4937,4.6793,0.095883034,15.275417,44006811320.01277,77359342004.65404
518616996056721536,30.89601409769393,66.37716011351642,295.469254978318,5208.492,4.5301,0.46467903,13.103824,96878086989.53374,170301479234.233
3540862611822309504,176.3841478895603,-21.34926088719485,189.6671728371395,4187.432,4.4562,0.13565819,14.025281,52344616999.59762,92016326725.60843
102519391887216512,35.533894367466274,24.06640641722607,244.32862645615046,4965.823,4.5401,0.3447901,12.981961,83450013452.47687,146696339437.51193
5522743728332822144,128.77870901842104,-44.84255197875203,298.2266685226712,4425.455,4.5512,0.18997766,14.2450905,61944148067.23419,108891291865.55905
5191599791295404544,144.70315455364258,-85.1035678216194,238.46946233390645,5300.2583,4.4652,0.5223303,12.443081,102712104374.02681,180557067689.07874
2615469714138753792,333.349572822895,-10.606617558265643,250.62447988791547,4450.706,4.6023,0.16736041,14.087447,58140047586.57109,102204083652.18286
6199767738251021184,227.82318971747327,-35.7125047754196,260.32441987889973,4668.763,4.5363,0.26911187,13.515351,73725112574.36536,129600987367.56856
389860542307991296,10.31294543963683,46.01803815949869,233.32648962379494,4291.2104,4.6211,0.15082681,14.427246,55193545148.53623,97024442524.26897
2520872544048369152,35.00238355172037,7.971268819175951,271.0732493732585,4848.3594,4.6606,0.22020523,13.741152,66690324727.63236,117234570836.99583
3435262727654749568,97.6718073899461,29.38290299107801,239.38591168976725,5462.476,4.5842,0.5207811,12.485916,102559672327.06355,180289108195.9959
6383424010156611072,336.1461387566742,-71.13721360589518,268.40990588140545,4846.8984,4.4632,0.35997197,13.102694,85267466595.29651,149891230751.73172
319872018697472128,19.870596419483515,33.84286870269711,126.14854644432315,4212.282,4.4384,0.20134033,12.617446,63769704624.66136,112100428129.66786
4834318332571503360,54.96136654290729,-46.1599134913535,183.36569969653752,4112.672,4.6735,0.09672315,14.394487,44199182139.39681,77697509655.57124
3221368893844564352,80.84489227177076,-0.163410543103607,293.5260765367975,4734.721,4.5767,0.2690584,13.707079,73717787966.9401,129588111478.72627
6350304830142758400,352.88550185278274,-82.78524562290117,242.1069579634838,3955.3694,4.6585,0.09714123,15.670843,44294603291.10445,77865249995.94151
6828275518422408192,322.916272715502,-21.80966333978726,181.54657184627675,5188.469,4.5696,0.3239891,12.265551,80893610028.74657,142202451313.69135
1530028639745296384,195.837632410778,45.51465453517098,222.1372117838934,4634.2188,4.5768,0.23202845,13.271626,68457279583.64443,120340691478.61705
4226328019190201728,310.2814972520533,-0.7992581231883678,291.9585722444044,4358.1987,4.5572,0.17337589,14.722662,59175695243.659035,104024643217.80063
249848044434161280,55.63343232457641,50.32677367718248,294.5057206953416,4257.402,4.6599,0.1170434,15.383039,48620842712.355095,85470323504.87685
1330701818876140928,244.7522386348292,37.68421080422592,216.37450144576,4049.344,4.6611,0.09400938,14.819471,43574720647.16656,76599772085.0191
4219745621032261248,306.63974819160995,-3.3306202497909254,217.41998693445694,3995.4688,4.7382,0.060776252,15.371262,35036117519.83314,61589806587.496155
549247534575295616,40.69868191152463,76.78103117481294,122.57145413185488,4318.8735,4.6668,0.13243718,12.937157,51719459749.34539,90917366085.69138
1103879201495734912,96.30511799219497,65.46898311266537,256.8272759838406,5403.4277,4.5435,0.5105847,12.716116,101550698671.566,178515438717.38443
5634179403599046528,138.8353517614684,-31.688288243707685,147.8501162349099,3923.1128,4.6844,0.073073566,14.403363,38417506027.305565,67533931648.000305
4063412762919622528,268.8522179053533,-28.14996973200418,86.97553552486758,5056.3335,4.553,0.35663164,10.601479,84870928352.94545,149194158262.5462
6117328383628429312,211.5315659137604,-38.84247059123665,260.4332927948432,3956.6638,4.7134,0.061914925,15.723348,35362803917.526505,62164086886.59923
1932721887200895872,341.85960701606297,41.26020961282873,224.59304175163115,4922.9395,4.5813,0.2749882,13.192186,74525697000.93611,131008330517.43506
1086237155174888704,113.5907639685222,60.17655535821003,268.78006511454186,5144.524,4.6737,0.050611667,15.129712,31972333787.086708,56203997288.87874
2917160586520946816,90.8855735054644,-21.353786816960238,252.58602617676488,4015.8052,4.6612,0.09454927,15.266268,43699664967.20015,76819411047.60448
2990890950059821440,89.60342727016862,-17.638379895223885,193.73537714043277,5304.1997,4.4645,0.62096894,11.664471,111991214982.39124,196868767390.0983
2278730087561935360,316.74971789555286,77.56950335810241,243.82002455167455,5492.4863,4.4335,0.73268723,12.074465,121648939849.8046,213846031104.39334
3761154400715374592,161.5430940180383,-10.194497423883323,189.90675537712994,4527.093,4.6064,0.1716777,13.263382,58885173703.0951,103513936930.70403
5384533330006063488,174.51972754885628,-39.48018408698037,278.0560363020767,4707.027,4.6337,0.24968375,13.717523,71014029549.42798,124835188786.88918
140040883316509440,42.1763197356828,34.487343071885086,205.67974525548414,5255.2046,4.4403,0.60311013,11.8462,110369056221.38164,194017183041.79718
2618077236028480000,326.5565697461464,-9.659903031748508,274.6390019315145,5420.166,4.4698,0.60672987,12.427878,110699766667.29073,194598537194.0795
3474703657148315136,186.7135886129346,-28.908219589209363,198.8611020932634,3920.4905,4.6373,0.08391746,14.952171,41169461122.99217,72371579026.73361
2992499054532944640,89.30108566688159,-15.23038829865526,272.41523538817637,3965.4531,4.698,0.07917037,15.528934,39988061801.36925,70294803377.14383
5387327051613375616,166.49255837308831,-44.4765453267829,170.77892028951362,5065.4326,4.6041,0.30283055,12.3110895,78207582232.63171,137480697187.88943
259946199739405440,74.71785163309283,51.492859038299294,223.36778661280655,4529.8975,4.5966,0.2011174,13.839563,63734390990.33781,112038350477.75172
389788764814588032,11.382139744627974,46.67174270997327,224.1695798679905,4511.5225,4.6709,0.16493696,13.933838,57717566259.30882,101461405950.57446
3566622176395259008,168.56407857439885,-10.663981983914224,295.87204394737154,4182.0195,4.6851,0.10159262,15.258196,45298111624.517876,79629312013.62616
2125189061179114368,273.0476471244069,51.878354325394106,112.18652888200506,4494.105,4.6089,0.19015686,12.215157,61973356172.2932,108942636639.71541
2917305653334985728,88.33602364475055,-22.566360840643824,290.20932615662326,4515.9526,4.3656,0.32874173,13.633152,81484768394.27126,143241645493.08737
4564276764962366720,250.1500716434217,20.996173752984987,284.1041008024708,4894.335,4.5185,0.33585706,13.479465,82361881330.00964,144783517706.438
5562110505204964224,103.38372290930153,-43.78486270434361,181.82116285359038,4686.8423,4.5313,0.22374304,13.175355,67223912401.04954,118172561799.7397
3264261323479432192,52.64410157665631,0.424900461927626,169.67656459703142,4421.1206,4.5867,0.17714101,13.1818695,59814789073.77139,105148102898.10341
1730085124014622208,316.33721075816374,2.305988788969844,182.28743214442707,4444.612,4.6094,0.16468522,13.401685,57673502853.17793,101383947120.84961
1932775243576893440,342.4461829776671,41.51754981902764,220.8448027936366,5446.0376,4.4759,0.5612717,12.647961,106472043599.28273,187166645064.0023
6373361863855674880,314.3682331969736,-72.1915868372576,203.43307093919864,3975.242,4.6675,0.0818128,14.992433,40649915349.31794,71458272245.64311
1361676264021835392,260.1675086569653,45.601268776504384,237.5442825553825,4326.5503,4.6405,0.11901006,14.433442,49027624862.19993,86185403705.1304
4362075472806997632,261.0007414628177,-5.995031151760504,291.61862444882337,5209.876,4.2901,0.80613476,13.106666,127600636679.82558,224308487637.16708
5062730190932572672,40.938708994206834,-33.10956663284694,270.3119972715617,5110.203,4.4629,0.5432114,12.564923,104745037152.04477,184130749519.91028
3201829300908860800,70.16746562636446,-3.5040321804494985,274.115160854239,4728.152,4.6458,0.21760885,13.755324,66295995178.972725,116541380998.82574
1065537891005175552,151.17534376075128,65.30759645167288,247.93675594924161,4923.902,4.5947,0.33184227,13.009372,81868129923.50737,143915554707.63925
2175184640872671488,326.874599483492,56.75874633969448,147.50189497456745,4620.3135,4.6205,0.21850501,12.498129,66432365498.94844,116781105666.57253
4540795491560303104,257.5585152839889,11.28575730656532,218.20793317308457,4985.9478,4.518,0.33174863,12.757529,81856578241.77927,143895248067.12778
6666213590457995648,302.2914032875858,-51.369480755301375,210.12929835457302,5261.876,4.4879,0.5135263,12.056373,101842807423.2476,179028935154.55106
1218998549960876672,240.89181917794608,24.387112758733146,240.27095084449275,4141.314,4.664,0.10712781,15.019481,46515761031.506714,81769811497.49075
3835024097289925632,152.9334156105689,1.376497486140834,214.005995405709,4178.5356,4.6603,0.11931769,14.518714,49090949904.55901,86296722463.80376
2611841665069127936,342.81374108624857,-6.243028633976103,190.4098538152214,4549.481,4.6404,0.18409277,13.330113,60977186714.67708,107191475593.16917
2168210374203284352,310.84782565772576,49.28442909722942,261.5573432571014,3960.4038,4.7008,0.077979445,15.468267,39686160759.12129,69764093123.92902
2629220172196085120,336.3225460148321,-2.2013379005872977,294.1388646755129,4290.57,4.2984,0.109737895,14.829449,47079010894.99174,82759945468.0381
3222438065822565888,84.35182780689414,0.7976782270952567,282.52453403430957,4315.3755,4.4545,0.18695186,14.281433,61448871637.10686,108020648035.75626
197445423331194368,84.99279460927183,45.51418172017527,282.45283279095423,4691.11,4.5413,0.21887544,14.428946,66488652813.16517,116880052839.98509
4111861711975941504,255.4834407959509,-26.802098397044507,223.86993782808048,4146.726,4.6514,0.10975007,14.865992,47081622440.713036,82764536290.5166
4467958721740620288,269.32046228789903,1.268918234125948,289.7889207355048,4338.443,4.6615,0.127663,15.543717,50778695566.49981,89263601680.05756
4617473027298928384,16.331051743606594,-84.4364243014124,68.2368079792476,3973.154,4.7157,0.06698466,12.496823,36782114839.88487,64659086086.955505
3352406864280232320,101.50244033601432,12.44281265847111,215.6431489492954,5271.3423,4.454,0.6176824,11.876778,111694459476.34686,196347102447.89398
1725580076982641280,213.20607580130667,84.02551315237689,78.53687658493521,3993.0063,4.4526,0.14054026,11.769034,53278181580.59761,93657434989.05055
5806597738963929600,242.96117089032705,-72.33005007109541,201.21485045197602,5041.0757,4.565,0.33970106,12.542122,82831870442.00351,145609709092.78513
6632437898923938176,285.0422476950624,-60.53609558533884,209.41466607149255,4209.055,4.6377,0.1200678,14.448114,49245017248.79548,86567556637.35628
4364133900309051392,256.6293346046665,-6.427886613970134,210.84409837353053,4096.783,4.6598,0.09472782,15.22257,43740907459.04098,76891911006.94571
6170610850244608128,209.69780130634464,-33.185495801901006,210.5439559560227,4567.682,4.4092,0.28463084,12.944312,75821084945.18729,133285486166.80292
2038422917842619264,289.88684409592645,29.745308733762545,226.09880142007523,4992.7734,4.338,0.7146561,12.0105715,120142750376.3707,211198308556.35693
5492007224366295552,109.95233207834204,-52.48519043832428,279.98574382190463,4527.6323,4.5808,0.20003447,13.968894,63562568349.53386,111736304361.81215
1761771910959772032,312.82340841423843,14.146702825098949,220.63569071566545,4005.8923,4.6165,0.08578348,15.020071,41624674225.40157,73171795743.60066
2018591683764658176,293.27894554333363,22.48076634996932,97.80168543186942,4395.948,4.4121,0.25157252,11.48179,71282121612.83774,125306466414.14633
3394177040438703488,81.13355281677092,16.587271585502457,282.13009213618506,4370.3145,4.5692,0.15774816,14.840705,56445739672.66587,99225668687.73894
3965544236405358336,171.3345785789868,12.894534566699567,159.66086967318904,4367.4077,4.6083,0.16333154,13.1993065,57435981346.616,100966409314.57759
4210106443116131584,292.9362431939374,-4.773435652123545,287.38505797179096,4106.97,4.3925,0.13252908,15.923296,51737401063.44823,90948905027.32478
2229542953860197248,338.1929819903697,71.28627748904137,243.1346565141175,4630.4346,4.595,0.19047466,13.653658,62025121095.6808,109033633926.09152
6865606072789268224,298.2807243004213,-20.53321841398133,275.7972541431293,4432.5645,4.6667,0.14992152,14.655087,55027654989.973724,96732825087.63802
1232556387323219968,216.121246460129,17.2786343037159,291.6306472736184,4565.2827,4.5394,0.24526872,13.928436,70383376862.8834,123726567748.43713
6237689275814979712,234.43015862272827,-25.849560911510583,268.9973356297538,4331.8647,4.5897,0.14430504,15.16797,53987071135.11416,94903588205.93753
165134865398419072,67.18344885369109,30.00749157668768,246.14949085417183,4423.7695,4.5987,0.15365656,15.015931,55708898361.75522,97930379225.40128
764612789820983552,167.19571920829688,38.296995526986095,81.20075632140177,5227.616,4.2884,0.99524635,9.282941,141779785213.60703,249233938217.6039
3896764046011956992,175.58270186138546,3.905687951359151,270.49492970547294,4413.4043,4.2712,0.3961515,13.098349,89449860926.93979,157243439734.72574
4051816656069885056,277.54259054626897,-26.98140026107848,183.31835110150547,5020.073,4.6072,0.3434588,12.502899,83288749465.91998,146412854324.30145
5891220929869970560,216.0064936373736,-58.19260407066073,283.5257661623601,4414.2983,4.6537,0.1422755,15.186077,53606083387.586426,94233851849.75719
339438553964519168,34.98857313867565,43.04194437352969,207.12995338314568,4095.2766,4.6661,0.091643214,14.711108,43022849693.05013,75629641039.36182
2679304782267094016,335.1258843383252,1.2088284223347994,205.13604485172803,4551.257,4.3896,0.32516947,12.753813,81040833469.90341,142461254626.0407
6436008153761539968,271.1428098221522,-67.94131071449958,219.56800940789492,5218.386,4.5267,0.451947,12.374188,95541657487.18788,167952176845.8987
151661518631288064,69.36791877497878,27.37876519204655,207.5624330361329,3933.3196,4.5619,0.10758272,15.580533,46614419205.925095,81943242183.04729
3061516258405584128,111.97574117277432,-2.4648902676123727,233.40917372905815,4347.603,4.6449,0.13436332,14.442161,52094200894.58849,91576121572.59239
5990692956548535168,243.89842596577253,-44.87822656571965,284.31927620968673,4269.43,4.6381,0.113449775,15.776394,47868612213.9076,84147981470.76389
5424914853044682880,143.53977076116036,-43.405610256139845,211.12986394181078,4382.652,4.6714,0.14400384,14.123053,53930699577.27708,94804492941.10814
1987401734326647552,337.3294496216721,48.15330393855784,224.6702469173348,4771.5547,4.4718,0.32700622,12.999931,81269394505.65657,142863040867.8384
5467171112119132928,151.07097919769734,-25.951087857854333,275.5968337430771,4975.9233,4.5364,0.32584625,13.349117,81125125372.46893,142609430917.91904
3553456692884670720,160.58635718303725,-21.12999320515337,191.44615059685643,4313.767,4.4259,0.09603098,15.132627,44040749139.46525,77419001118.84944
4454023442646456064,244.4056646763301,11.650197713869668,267.6611694950423,4338.938,4.6804,0.11207294,14.773159,47577256999.708176,83635809673.17122
4582585179755236608,270.6541874440361,25.799467492478996,129.9516779633758,4324.188,4.5807,0.17483824,12.90779,59424731805.149506,104462423278.52597
2720215651431437440,332.16045260599736,5.282752204165223,203.3192084572021,4911.316,4.4646,0.39775977,12.548481,89631248370.3543,157562299766.8333
6171166000537414784,206.84736379223295,-33.33148262445394,166.21250853909456,5320.581,4.4865,0.58530384,11.436743,108727575540.36357,191131632792.00754
848863010034394624,156.3664568089026,53.3547647069164,299.03603218408807,4829.66,4.5186,0.26018032,13.7452135,72491358584.36386,127432177721.987
5309816360958272768,138.48996836363827,-56.87343705040023,293.47944302620874,4705.2,4.3793,0.42610165,13.224977,92769587454.66777,163079169525.57388
6841143446599305728,324.1714440601724,-15.743315463998972,141.04495548916802,5076.9165,4.5864,0.31562778,11.8214035,79842959741.56679,140355518703.59637
968512346406368384,94.96773125168237,46.68438025098182,215.2713250576495,4456.4614,4.6675,0.15772107,13.892541,56440892767.504234,99217148338.66534
5793370403619501056,226.62765015113104,-74.4701170440513,142.6634659015873,4572.514,4.639,0.19603205,12.614464,62923454605.24436,110612809674.48221
204214910266002048,68.90228463058166,41.97985643670447,194.54791763582043,4063.382,4.6948,0.08235918,15.072174,40785428017.55027,71696489251.90414
6138336339975619328,199.3340555325341,-39.78686198498808,293.1941651766676,4690.5693,4.2607,0.2361005,14.571015,69055372253.01395,121392075434.24556
5099854307689217664,50.18649755029677,-21.39293157674576,220.14560361190698,4375.375,4.6249,0.15066135,13.980288,55163262634.63796,96971209052.46884
2786019047237010176,19.75999103562137,19.17489119680794,261.9771581881275,4825.1177,4.3625,0.63495255,12.419995,113245160903.04811,199073072324.30563
5910525639608975488,263.43234699641323,-62.37504791544484,245.62150470156752,5302.0713,4.5235,0.5650416,12.394655,106829016174.07045,187794165274.41858
6184547439300692608,195.52504994333304,-28.983479285332898,232.0652494069659,4625.333,4.5629,0.2570315,13.331856,72051361654.47757,126658709434.7132
3888548456473828608,155.41380263216857,15.916229004502176,221.16130945264993,4391.2593,4.4473,0.11336906,15.321991,47851580877.79747,84118042174.6545
4864915645228643200,69.20836396324516,-38.04998448143981,197.3532506475517,4399.415,4.4362,0.32282957,13.02329,80748724533.42056,141947757864.013
6728211787018449280,275.1438872554805,-36.84639495222602,258.69236495666905,4290.7534,4.4288,0.17319006,14.14209,59143973509.85211,103968879748.89793
956108687013943168,94.55734038645416,38.64061603237627,184.32834378953626,5280.402,4.488,0.50754094,11.7866125,101247557989.97018,177982549308.68442
6718629611861917952,284.42210419072285,-38.47275639855179,217.24340855802268,4510.5713,4.6061,0.20140864,13.692002,63780521481.63307,112119443025.60762
989158322916717312,113.37315081475508,56.58012672466118,185.59549936370126,4119.9663,4.6653,0.10241935,14.581517,45482049338.046715,79952655152.14528
4473750399235917824,265.4984442172716,5.640016530311964,269.4112081527387,4219.6396,4.6838,0.093631804,15.464769,43487126610.99823,76445790989.86005
6578377381789053824,323.9697122225759,-42.09303296222973,144.728615793127,4925.7944,4.6039,0.23019825,12.199067,68186755516.933945,119865138645.55756
6598698968010520960,335.1987263146749,-35.74421410052792,299.95484058963495,4935.9126,4.5922,0.24885695,13.666303,70896354516.85394,124628328466.46956
2276117815436302336,306.7275834044074,73.3057395451794,275.7095895843018,4395.922,4.6083,0.16325778,14.635857,57423010929.55164,100943608686.68553
4332301148900048384,246.9117501653552,-10.480003448155172,218.11474263825252,5052.9844,4.5273,0.3661168,12.932617,85992157682.66537,151165161400.0539
3946220938023419264,186.9117127478949,17.565492730991302,285.8223707394201,4231.2686,4.6877,0.08687719,15.300084,41889183966.15518,73636776024.7149
1161608986496659328,225.23209705040887,8.546527783826837,256.51642750603867,4382.2573,4.6516,0.1256886,14.680002,50384501000.46462,88570649127.13255
3883050455953488000,157.73413466185784,12.213020020984692,266.42551245764736,3908.7737,4.4159,0.11157436,15.22341,47471310329.26245,83449566578.80873
4462043143020193280,248.51418538138432,14.003116991801662,283.5071042165592,4859.7725,4.5477,0.26538646,13.501154,73213032878.23962,128700805164.90546
403966275762024064,18.672668681812823,51.25268680874691,195.87475608064787,5484.821,4.4889,0.6505379,11.722518,114626575790.51952,201501454284.38693
2496736374033111936,39.600611186669525,-1.88981849848333,216.07720059664175,4465.133,4.5858,0.16119651,13.664236,57059351935.79381,100304334455.55331
4283113186264192,47.23925162140586,6.081890457509546,137.7389333609849,4942.963,4.5561,0.34092668,11.659448,82981161986.85643,145872147913.7371
848008380262078080,155.5119169050747,51.440071917774674,299.25627889091896,4028.1147,4.6255,0.09201394,15.516278,43109782431.60451,75782459642.92581
1512208957871873536,209.51045770638123,50.78889215959327,222.38526786861945,5467.3276,4.6787,0.27303877,12.932896,74261065594.06581,130543136360.09462
2340302154600588160,1.5041524268848396,-22.36932124172788,232.34496864176208,4563.5166,4.549,0.1966612,13.492656,63024347746.00858,110790169195.6151
618899431530024448,143.6805918247949,15.595501722339174,226.94603902147867,4405.813,4.6269,0.22924249,13.670714,68045056005.21163,119616045819.6878
6335907618729570560,227.03098865053,-4.202917759791283,247.06771591624016,4602.2812,4.615,0.21013136,13.921891,65147004744.51444,114521576761.4096
6672700429890532224,304.52242417544835,-45.834121026231,163.1270207321695,4817.421,4.5651,0.25207126,12.3648,71352744673.69589,125430614321.12857
4278360620284878336,275.4954752496548,4.143969130288591,235.51893814772325,5146.6426,4.553,0.33871263,12.9439335,82711274484.11873,145397714093.135
908081812952774656,125.5038607652094,37.86843149406142,132.92738113722118,5163.796,4.2589,0.68497914,10.7437105,117621764532.21814,206766680809.2677
5537925196465380864,120.78742005890774,-38.74202405840073,64.51033013801793,5447.2964,4.5237,0.5852518,9.378472,108722741889.51524,191123135742.62155
6755038496304470144,299.02965097547093,-25.81511409062173,246.30732507546185,4724.486,4.5728,0.20706446,13.635756,64669841926.753426,113682774755.45074
6839040733689693568,328.63139472119593,-15.798149113294809,298.9902788931285,5492.9087,4.391,0.9492461,12.097958,138464495636.59628,243406008119.06924
4669202884722185344,58.27409034806871,-67.0995131988257,261.8813276074067,5061.577,4.3165,0.5955975,12.686648,109679497084.81079,192805010664.87793
3249569163777183232,56.761999235334976,-3.599962260165368,190.16331828132851,4457.2935,4.3417,0.30007553,13.226053,77851020216.0784,136853898695.63255
2828076161569578496,353.30632067430366,23.36121256194352,269.5933325242043,4212.638,4.645,0.12503965,14.866459,50254261121.117584,88341701128.70143
5058947458616094080,47.03633651765611,-29.41670880937949,201.13909233096433,5347.574,4.4895,0.55015105,11.893602,105411984725.26608,185303173148.62564
6007500434871346304,231.38412237297516,-36.75306318877095,279.8970176674145,4458.801,4.6077,0.18187347,14.453507,60608522047.29867,106543401914.72502
330277251282253184,28.79463580166107,35.797501445187336,188.98448980073863,4542.7773,4.6002,0.20920782,13.146331,65003684588.523125,114269635013.50906
6824936610845944704,328.6281888394225,-18.48552266336042,240.8606837613398,4617.686,4.601,0.20544678,13.5251255,64416731767.40756,113237833738.49539
2932810038602908160,104.91546994003885,-19.078817852874295,285.74852255372673,4317.892,4.666,0.12283138,14.94173,49808525219.98737,87558144334.08305
6198191171714436352,223.6074654141031,-39.2379307224633,200.02807479625378,4973.8477,4.5271,0.3836569,12.367319,88027937006.01768,154743847157.94687
6691173088524812800,299.08963151212174,-37.92882201229922,286.2815982714706,4867.815,4.5552,0.31489223,13.445049,79749871064.93756,140191878608.89023
1036548579743890176,138.21475424094328,57.14048023367485,286.82354545038504,4208.6577,4.5641,0.15078424,14.765018,55185755568.454666,97010749262.44135
1965804852059059968,320.411869793416,41.302066361639646,247.86683048940034,4217.0,4.6482,0.12025238,14.984961,49282854848.02189,86634071153.89111
4832198886470008704,59.84967271848329,-46.1752065886042,263.7580509398194,5484.839,4.6609,0.35191172,13.054263,84307436229.35266,148203598424.23047
6320696390755595136,227.8059277055328,-7.809531329056796,234.77963665154735,4499.2246,4.6097,0.16999301,14.007696,58595538422.55662,103004788595.44164
4898649039926298240,68.13640464508696,-21.45638806301307,262.8451021655509,5037.955,4.5244,0.3830571,12.911028,87959099707.64377,154622838433.43698
6017589240030360192,249.17404128008863,-38.845872689152095,264.17041314677164,4704.1333,4.3732,0.4955084,13.202902,100040194614.2067,175860131584.97388
2192906500570321664,320.18824406565267,61.7734291215626,220.7988824463596,4695.392,4.5861,0.20525384,13.363135,64386477013.38101,113184649065.62769
4072183017358689024,281.7248602472846,-27.270915953753292,252.7068503250535,4109.7764,4.673,0.09559998,15.467826,43941807585.59533,77245072282.04652
1559446210784246656,202.5269847535561,50.218883637544415,183.89681224452855,4513.157,4.7144,0.11517335,14.17175,48230861228.50193,84784777106.94548
6246955100822266880,239.3646240851246,-20.2830411528862,164.72586509426105,5363.727,4.6013,0.42374444,12.194297,92512629201.23653,162627463964.27893
5349322019887260288,168.890496512678,-51.52961303974232,237.1846965664097,4306.146,4.5944,0.15502918,14.355381,55957170012.47602,98366814653.51048
5522577564637900032,127.78468033998372,-46.01005348480107,201.70108569112946,4827.0386,4.5385,0.27920708,12.733039,75095209063.31389,132009472774.45705
1841105321333770880,317.3825571188855,24.96804709773203,87.47866113503282,4205.205,4.6583,0.11665468,12.614609,48540036735.72357,85328275103.85092
6056811401107802368,194.00938479542387,-59.805608399462045,216.20116872708158,5277.049,4.4853,0.51966155,12.671473,102449374107.17989,180095215535.7794
3056320584927636992,117.11424131227774,-5.222448623442107,235.92378538690332,4190.0854,4.6551,0.11607479,14.884272,48419240253.861046,85115927604.15575
6831996579303408512,318.2220175263694,-21.61630512715948,244.88086389240652,4504.066,4.5413,0.20095456,13.599409,63708583651.22166,111992983892.14754
6871964685972691072,298.0820120256472,-16.378518002938325,248.23054891663273,4517.1035,4.5994,0.18351987,14.335009,60882231732.69157,107024554730.09991
291145323211353344,26.431679168601896,24.11988458718128,258.0399324654848,5193.157,4.5053,0.45213258,12.801927,95561271292.58794,167986655851.18088
6756606606049698176,285.3040245245151,-33.52257771609162,278.6661592205791,4529.5093,4.5912,0.16600467,14.303856,57904080584.80867,101789278501.71631
2047811136558219520,295.79079460894326,35.60868387364417,246.2746265807424,4104.1304,4.6714,0.09454636,15.157402,43698992476.53187,76818228879.79811
4080918053102530304,287.6035958643527,-22.665154503114103,239.2504023711722,5141.5874,4.5437,0.3860173,13.091855,88298312092.62259,155219138099.66287
5675818974090628864,140.03698760772497,-22.264091655314587,198.6844873451277,3953.956,4.7455,0.05104219,15.240845,32108030529.011627,56442537877.31518
5923056739279519872,261.37902561237365,-53.9496525285964,188.25894331648541,4276.6245,4.4976,0.1727889,13.653144,59075436228.92815,103848398423.48424
3399329794307247360,86.12522949603414,19.53185054257615,274.84858018103006,5041.707,4.5357,0.39080054,13.059322,88843691398.21431,156177857510.54517
6206310725787586048,230.3311641595384,-33.94550318845976,170.3116756136417,4343.657,4.6566,0.14201884,13.74794,53557709816.78618,94148816204.24516
1012376538161669632,137.9600611012675,48.22407771133109,246.82365197068063,4816.8125,4.5785,0.24171548,13.31063,69871690294.93192,122827076623.72241
6246343325679748224,244.02277349640903,-17.85819476960627,113.33092987318197,5380.62,4.485,0.5866723,10.702501,108854605691.85577,191354938426.73596
335792573407437312,42.874422402193325,40.73867483889132,266.0111371019348,4299.8105,4.5903,0.13519593,14.879651,52255357844.92578,91859418527.39584
2092150557837591680,284.56341890982026,34.37455543941918,221.34253149624143,4146.567,4.4911,0.15760316,13.859113,56419791623.83101,99180054749.26082
2602914180407371904,337.05002724718605,-10.587978416853424,288.8054978024089,4500.608,4.5582,0.19314064,14.058302,62457680310.6961,109794027493.53944
5345558425950063232,173.7972268054675,-52.6393268727919,297.5909702331957,4391.869,4.6085,0.15784152,14.857562,56462440326.368065,99255026678.98386
202162839316482048,76.95661320968809,42.73086524108517,262.7150954798866,4856.1616,4.5362,0.28852165,13.320369,76337550608.15254,134193378437.4892
6413615706104299008,278.4786795292539,-75.88326402216045,131.47838494216273,4202.8623,4.6509,0.11697506,13.559281,48606646125.62247,85445367399.77846
6802092783606955648,313.61754259405103,-26.433864898098385,276.75875575385714,4577.346,4.6362,0.20592397,13.976136,64491498555.17853,113369265881.20857
4623829819415398016,83.42944400508236,-78.4484335988964,297.86646290190413,4805.392,4.5186,0.30939308,13.777106,79050444311.72787,138962360000.61636
4933840764999217536,20.670014172258828,-47.13505643224483,199.13727974928187,4305.9023,4.6506,0.12313739,14.058733,49870530651.99882,87667143356.67162
4586663062225730048,274.90115970225656,28.40728812993347,143.08498699732016,4485.961,4.6412,0.17002061,12.871097,58600295004.084,103013150165.07397
5203562920186762880,146.2590733654858,-76.96876617618716,229.39378804469854,3954.223,4.6657,0.07536036,15.879096,39014001789.27311,68582508408.51168
3318905608274039040,92.0581855732913,5.887052161739242,220.96844673445906,4150.042,4.4753,0.1968497,14.025088,63054544968.8048,110843252734.6358
1984817057365421568,345.0716279638329,48.71867758820955,252.84073065470136,4036.881,4.6466,0.084322594,15.6618,41268719764.4381,72546065270.11751
2271596215603285248,313.7143574687085,70.17578651904827,293.25362616379755,4529.3975,4.6628,0.17716429,14.380262,59818719396.12359,105155011991.08043
4149049050658154496,265.8952067339991,-14.983007606835852,126.56009591776662,3934.4102,4.6252,0.085383646,14.003721,41527555302.30076,73001070899.83397
3470826877932795648,190.36082412380551,-29.834885982384417,237.36394367502686,4110.5977,4.6756,0.09469746,14.918546,43733897478.39067,76879588198.85518
2904694942157487232,87.34966978351433,-28.298558155869948,264.4094783151994,4802.644,4.5544,0.31190223,13.216929,79370343024.13014,139524708263.4709
6732090898370258304,282.0749527250932,-35.81156381692894,252.379188046613,4759.5674,4.5443,0.28656074,13.306895,76077697881.96776,133736584697.77492
4393324112961055744,259.0523436758217,5.428898667230741,258.75470526543614,5353.593,4.5083,0.4950435,12.92812,99993253330.73093,175777613749.8112
5318418149651107840,131.59592295244812,-52.91127915348326,283.4274031086192,4805.867,4.5257,0.32297182,13.33145,80766512930.25871,141979027993.19162
6123057663836169600,213.09440040911497,-33.81571485268578,188.404522533827,5213.641,4.4901,0.5197884,11.841248,102461877351.00816,180117194922.29855
6519110685692302592,341.1657541025954,-47.07707822005228,299.43056568166253,4471.9355,4.6108,0.21433842,14.263216,65795929990.308426,115662319035.59482
3205001323233774848,68.83183021478881,-2.638705406509027,295.9503671360588,4305.884,4.5179,0.21162704,14.544781,65378446395.18472,114928426821.00893
4661793447683369600,77.55675105192853,-67.77223118974928,214.13694834064998,4674.9546,4.5635,0.25245735,13.022023,71407368196.4803,125526636724.33905
6102610046097687040,216.5665929965758,-43.38938415848772,187.00078091199487,4744.4966,4.5462,0.29818705,12.581,77605661759.8518,136422584356.79214
1729472799117114752,314.5336920527401,0.5715978026274693,285.2603340228531,4971.639,4.5646,0.3326981,13.318914,81973631981.44286,144101016220.01004
4924333837709492864,7.059821045510133,-52.48833012438437,230.16505144000752,4418.158,4.4213,0.28634492,13.182603,76049043954.38402,133686214109.28558
1266782809906504192,221.37311635655544,24.07847667080664,275.4559839252306,4104.081,4.6626,0.092572354,15.341748,43240396840.422264,76012066024.74228
2264610365396252032,288.6469710261418,72.56664435963715,254.2736159665658,5168.4614,4.6192,0.36526722,12.935027,85892326632.59329,150989668922.55872
3507627364610597760,198.32982743699736,-19.103827576996338,284.50505317207364,4720.6123,4.5674,0.2359189,13.841874,69028809691.84686,121345381247.77289
4241795433388261248,296.81251379952863,3.126553712459064,145.18339221784674,3949.5845,4.6639,0.08463201,14.229541,41344366806.96356,72679044808.0307
3090122973975100928,124.71565827769918,1.7778039029036,260.8065548982022,4266.279,4.5102,0.22866674,14.185791,67959553595.786415,119465741584.1719
5359826032429280896,163.00699384056617,-51.63108359792712,295.046906099788,4123.564,4.6795,0.09312951,15.418643,43370324970.591064,76240466000.93376
2856918206991076096,4.044524791566577,28.10799617470209,200.08772502537445,4766.7217,4.629,0.20020765,13.1462,63590077068.71137,111784661794.47157
3623861613570424192,202.09478883324127,-9.870542814842617,279.53117223244743,4035.3767,4.6675,0.08844633,15.42435,42265783667.10158,74298798656.90486
1550048474446861952,203.24673659890368,45.11040904825989,157.40526726538795,4686.8267,4.5003,0.32156178,12.162121,80590013653.12997,141668760842.87057
4535434994423583616,277.82382043943903,23.099398630889294,209.29328081561778,4486.525,4.5034,0.2452661,13.23961,70383000938.59137,123725906913.10274
6029136384281036928,257.2531651670866,-29.28458855949165,203.5904232893741,4511.7974,4.6688,0.16882573,13.665994,58394014783.58039,102650531251.13605
6896977196812862208,318.45045942327386,-7.958803266906719,266.62975700894907,4622.9775,4.5194,0.1451286,14.319354,54140906151.01031,95174013970.72339
1296971894512297472,224.5058451548199,40.80308486871301,199.48014866296273,4183.723,4.6916,0.09127905,14.592723,42937284337.08649,75479226150.4573
5893553367656984320,223.1771808363017,-55.27090052270054,148.0243169546603,5029.971,4.5398,0.3668893,11.905864,86082830847.28766,151324555278.91623
6729003465411266560,282.9603028819228,-39.39780878527178,161.96398578772767,4850.673,4.5988,0.2668083,12.459676,73408894721.69897,129045109668.67084
1598637783063211008,236.8273847532972,55.95185224124233,274.2408458995235,4601.3896,4.5998,0.19564727,13.869957,62861669862.72826,110504198600.79599
2458125099079156352,20.45290085401976,-12.459709385837265,267.8017093357026,5125.3438,4.7652,0.07959597,15.523462,40095400620.283264,70483493721.97163
4245571053224371456,307.00478360536255,4.749688671076843,264.191829244919,5212.6826,4.5225,0.46971777,12.758722,97401918809.75383,171222320433.9883
105150836745279872,29.460829837819418,24.90555434135795,128.79868711697515,4728.6714,4.5928,0.20257698,12.219037,63965244393.52951,112444166460.2045
629987284741215872,152.48867337032047,22.61120183927891,280.9805361716935,5264.7134,4.4507,0.6005754,12.555199,110136884433.71228,193609049478.21002
5074939477283670912,46.2547855005048,-23.90725767973764,208.73265261288046,4403.632,4.6602,0.1461607,13.99313,54333079966.62615,95511835309.75334
5399698790806374400,171.24511977364236,-33.85442773500748,178.3049014308,4449.367,4.6706,0.14609827,13.522693,54321475012.38861,95491435021.7779
5501878124363148928,102.65895710368672,-51.58441508186311,297.55907795818484,5099.327,4.5526,0.38164482,13.202132,87796803293.93387,154337538421.96796
5563016330984599680,105.21174788086768,-40.95288969109921,274.12533952511825,3912.5974,4.7618,0.05056285,16.01176,31956910762.567497,56176885235.25024
532928136323367936,12.947975759382294,69.50817506371777,210.6013287185085,4822.062,4.5418,0.3006527,12.800203,77925854188.29662,136985448941.53194
1742637526714190848,322.5527295397283,10.611034351413734,146.8349635744958,5451.8647,4.7814,0.083286926,14.208199,41014501172.62307,72099175745.55846
3613017340839352960,206.64789401318677,-13.137491279366918,245.59636898040782,5001.854,4.5178,0.4089884,12.785758,90887574272.08847,159770788457.25024
4643125630006835072,52.39970087076222,-70.20763007138811,260.881806166388,4002.1753,4.6453,0.10117548,15.375817,45205018786.53301,79465664603.69487
3594342238922218496,180.58297758597664,-7.772953366479786,290.8704624034224,4382.594,4.6679,0.14289293,14.7091675,53722274063.7501,94438102827.85544
1583950682834050176,185.52597120531675,63.43602143891934,216.40548016898504,4321.2715,4.6597,0.13043913,14.265032,51327837116.520996,90228934720.62111
1208817411587844352,231.03122914830064,17.874095277172305,237.1473902684013,5269.8174,4.3509,0.8488012,11.790398,130933871599.95651,230167963759.92352
3417054608940362624,82.39107547435788,25.181578895774337,185.6233907367623,4724.766,4.2712,0.45204252,12.833736,95551753424.28528,167969924440.5857
101752692980684032,35.86526078834926,23.91202496996873,285.2003350682137,5287.407,4.5614,0.486688,13.001885,99145803431.29688,174287886031.8587
1817885044506935168,310.8757782999246,21.70813738445692,249.9735908762665,4883.862,4.585,0.26872337,13.425097,73671877183.92238,129507405154.89514
1729677858035645184,314.3996538335283,0.9024145094113472,187.1386349537374,4203.924,4.4807,0.1596311,13.838234,56781618895.87533,99816109006.43346
2706329128810193280,340.488189665956,5.845969049272235,143.15154725606993,4085.3872,4.4582,0.13303284,13.200702,51835638041.697716,91121595294.35283
667201114779061888,119.17804163496476,16.615803208627938,227.7916624743351,4276.2515,4.643,0.119414054,14.592097,49110769453.29416,86331563144.21182
1490259510325296640,221.90610892172865,43.09046201529648,262.08473314523593,4238.9756,4.5597,0.17303433,14.567384,59117376826.384254,103922125579.01231
4618654757485497728,48.00276935361523,-82.93662588974304,219.19239515176466,4078.6511,4.6494,0.09961797,14.936465,44855722990.472206,78851639362.1985
1797305171831852416,322.57257234875584,23.41822201364801,172.71223198984123,4890.175,4.4613,0.39192244,12.119118,88971125081.75645,156401872512.1403
6487664824935493248,358.11139694202467,-62.03742050517538,273.0525852996607,4705.8384,4.3845,0.49022532,12.793579,99505454259.95384,174920114330.6557
5376737277169536000,170.99638912780196,-44.873539123751726,231.27184568258667,5137.437,4.5798,0.35622436,12.782054,84822452415.47745,149108942667.2077
5208661359900261120,125.52645577834484,-79.59190938595711,143.26990298547312,5153.094,4.8326,0.063654,14.605687,35856002315.06842,63031077753.857124
1731942057418949504,317.13452327035765,3.307522546077908,245.23788569498217,4942.0405,4.3359,0.6719057,12.309478,116493898695.2117,204784011390.53003
3593886250834126080,180.1248138570617,-9.323074377831269,260.9156352979651,4061.56,4.6892,0.07976746,15.347961,40138570272.35347,70559381426.13715
5305484285147712512,143.8786980727916,-58.67091765602645,214.29681131706428,4857.7773,4.6674,0.24010843,13.238907,69639031304.75984,122418086609.41992
1720236897147746432,188.711780395929,82.82721637986373,230.19622721464017,4942.3823,4.5704,0.3009257,12.92564,77961225450.73932,137047627897.61542
4997780183651678208,7.6074965188029156,-37.84078340406237,267.29593237424547,5236.552,4.5593,0.4919137,12.675398,99676659832.38428,175221075705.3492
6705792779246374016,280.9311726623639,-46.01767475984708,196.43891090847427,5225.6704,4.3863,0.770175,11.536596,124722189403.78604,219248480320.3397
605343277793175424,135.6610730232569,13.072244576212157,285.7837397186916,4076.1306,4.5041,0.1285552,15.14464,50955825479.26989,89574977421.45337
2915793068932230912,87.96620488881935,-22.861781584209133,244.5970212269443,4684.532,4.5861,0.21100469,13.544751,65282243579.924706,114759312398.39397
5894349968167517184,220.0891857357196,-54.11947711418068,235.51435373561847,5028.9277,4.5675,0.32254928,13.315759,80713662728.51349,141886122901.70264
6376182935814432640,312.65657807433195,-69.72258668079148,280.8691216759762,5400.8506,4.2392,0.87250394,12.098411,132749445512.70418,233359551585.4905
2637888584430547968,350.6924781183355,-1.8342006208105333,218.3262684150874,4159.8594,4.6575,0.11563027,14.675873,48326438161.96836,84952791295.24965
4384637764942880512,251.99883524563157,1.3446132426675417,183.59145990547296,4657.6577,4.755,0.16930558,13.769141,58476941970.70463,102796308516.92287
6626313580499870336,332.4515944588231,-24.47394195367465,219.51905215963896,4390.459,4.5826,0.17872053,13.918097,60080873644.0751,105615851563.7952
3692078858305838976,196.20006252662608,2.5796737371688407,206.47822118397838,4196.255,4.6802,0.09995966,14.690691,44932584784.46571,78986754305.32394
4600878063941953280,264.4802439077074,31.886073955965852,238.2787037522033,4127.2944,4.7084,0.08164618,15.009272,40608500430.55898,71385469177.93
5795696390416811136,231.80235564900167,-71.28265279974974,267.9294366901734,4160.8276,4.5578,0.13842897,15.0695505,52876476922.450485,92951280484.72873
3061163280815610752,113.36590050354545,-1.9759505212791413,239.0406634985754,4434.0444,4.6087,0.17541428,14.090563,59522544713.817505,104634368075.86867
4139776555502754944,256.48246663486515,-14.240837486203295,269.8263394758136,4747.016,4.39,0.24153511,14.564488,69845616026.2809,122781240804.09378
5644397680561818112,125.94015748044694,-29.617180781847345,289.5943601971203,4692.1196,4.6025,0.21534634,13.917301,65950450241.65455,115933949372.17168
2944708163158375936,94.31108711650468,-16.344496331502533,285.4964370950647,4884.9585,4.6807,0.20894997,13.940358,64963613505.54846,114199194267.64835
3304721324159105152,61.6713494859905,12.16000013650843,252.81911362986068,3956.0164,4.6496,0.06318786,16.292757,35724473828.30815,62799864519.236435
1908301287271886592,339.173213867944,39.32751176344039,244.25573790821616,3999.9175,4.4621,0.15293565,14.809733,55578060086.20299,97700379309.43053
2634813559645217280,346.9503355857834,-5.796085020382338,244.91114924929045,4065.4304,4.4433,0.13469392,14.895629,52158250227.26942,91688713557.41045
2685610515812505600,318.66426070740454,-2.410805359650603,297.2309028702169,4078.4001,4.668,0.07703199,15.702853,39444329313.90746,69338978899.1847
6161364958184447872,202.3621813337268,-39.93087154699733,203.71717784007254,4356.481,4.5719,0.1734324,13.644459,59185338297.534424,104041594691.45526
4074526725143309440,285.8210994564858,-24.23041691619539,141.47974671899644,5418.4346,4.361,0.880385,10.673645,133347640198.23062,234411114874.78436
1854155321772801920,321.14014150223926,32.69073788962032,294.3721436380421,5445.894,4.5623,0.5845456,12.837678,108657126391.92255,191007790604.74808
4369719556819364224,262.5589230736588,-2.83139658890518,263.91524982402893,4652.7437,4.529,0.244546,14.182047,70279602925.5837,123544144090.23659
6233778927135044992,237.79678753094356,-27.265685359398383,285.32009871557085,5361.943,4.2946,0.9329634,12.119018,137271797548.57736,241309370427.49915
3147867434882059392,120.24804393199136,11.178431531365096,248.03985154248795,4471.5376,4.6729,0.14797397,14.167181,54669069268.855515,96102469135.7776
4794235155145058944,89.81152564008431,-50.05504825884542,189.7995794767924,5333.9434,4.4247,0.6612872,11.554429,115569723860.12665,203159409312.01212
6270938984176694272,214.08645902632065,-25.81540396676855,202.42860342426883,4908.8735,4.5496,0.33088443,12.602215,81749891162.9742,143707703412.80728
4323083427551608064,293.59660131207823,18.24645151147864,228.10865717004532,4122.3193,4.6915,0.087435275,15.047627,42023513251.31469,73872912768.10057
6804799746873848448,317.74028943327545,-23.241886403739063,256.8032547667275,4120.0547,4.6596,0.104280636,15.183549,45893465462.35927,80675881391.7263
819733339242668032,146.0298966512862,42.503370969446834,288.20389421422306,4598.0083,4.5565,0.25099742,13.703782,71200598791.02982,125163157874.75769
3716104626186160000,200.6939518451521,3.988177070804829,274.4441888444438,5340.618,4.4457,0.593058,12.442563,109445422381.09239,192393531975.18347
4260004685970144128,281.87634642555264,-1.4591894069772384,85.28978065463588,4054.7473,4.6671,0.07917899,12.899386,39990238674.5521,70298630091.05473
6743900237357436288,289.2602222083884,-34.37868868003057,229.58528449422113,5269.311,4.473,0.54084647,12.273836,104516778979.97737,183729495680.5918
6762414982381344896,287.7064365726456,-28.303284065961044,238.70390872595368,4441.436,4.6576,0.14023726,14.335424,53220717621.49388,93556419397.784
3027543685575566080,113.93642726615214,-15.771614407641152,233.9678406772773,4478.864,4.6116,0.17925553,14.0771675,60170732509.52016,105773813990.41965
678698742230985984,127.6779521135324,24.724596624612115,143.12653255208295,4399.456,4.6418,0.15372506,13.20599,55721314474.45911,97952205444.57547
909264917528317952,123.50948113194796,39.67550010822015,124.33503324885922,4708.898,4.5688,0.256851,11.816346,72026058228.995,126614228676.2333
1843294135449075584,311.726945524727,24.57933001008324,144.63560762867945,4327.788,4.6629,0.12780724,13.313077,50807373614.84404,89314014670.30478
3543363313580527744,176.68596865341445,-19.745175726842405,291.06034373605877,4346.3237,4.6004,0.15354046,14.769856,55687848088.0178,97893375059.98918
6531831657266959616,355.1599684184505,-44.04610018429601,277.48625034409264,5050.9653,4.3373,0.46871907,12.928397,97298317175.39452,171040199666.2198
5240882032799875456,165.5897071711749,-63.29160285728922,195.01568524902106,4203.448,4.396,0.26437476,13.91237,73073349128.25163,128455255835.97919
2003730267969167744,344.1041329949183,55.88872105806352,84.99952097115252,4149.937,4.4591,0.20137978,11.97076,63775951737.76874,112111409896.91978
2835808270932840576,344.7510570224739,21.941627306091757,242.39705025331244,5151.954,4.6272,0.32481134,13.005353,80996193440.56796,142382782153.4195
3654212846076279808,216.18655347830415,0.836762507095204,211.52243201327116,4749.0176,4.5847,0.23851942,13.0626135,69408217241.98326,122012339783.27583
6875619114723864448,307.34804900706007,-14.631388203880649,203.9457126970483,5372.848,4.5287,0.4663592,12.309787,97053073135.15735,170609086458.64502
4155172295270230784,280.24590919635165,-10.351762124012184,230.38784587378984,5416.133,4.4472,0.6371438,12.653547,113440399692.59564,199416281564.87866
1250485023926069760,210.13989578243056,21.87507604976477,252.1159177106904,5350.2314,4.38,0.8828999,11.831142,133537964220.1423,234745684471.19754
5578737423120515456,106.02013841474718,-35.10912956958231,180.986375010387,4321.207,4.6692,0.12922765,13.822756,51088922206.451454,89808947457.65677
3773533806427540608,151.65379389827845,-6.67725488472362,145.85266094336131,5469.615,4.5001,0.54698455,11.217225,105108187494.7601,184769129596.05197
1870422905545395200,310.0047695849338,35.37735571800962,284.0246553658697,4493.0566,4.635,0.17535529,14.431637,59512535465.53888,104616772870.99992
4015907052982371968,185.98767912214325,33.00924347751673,258.9839230024842,5106.123,4.5035,0.4463816,12.696701,94951572081.47786,166914868816.9137
4067213224805499392,267.5007990966101,-25.434037191836204,207.60468748502757,4644.475,4.563,0.24620579,13.459148,70517701523.50539,123962696362.37262
3817015982317241472,169.157562001651,5.869520102054658,276.6419769480406,5024.0186,4.4268,0.57108253,12.786894,107398559104.81783,188795361794.785
4582874660550401792,270.29281603216066,26.413663912387392,223.9700749307778,5173.04,4.5148,0.43817106,12.542855,94074271187.90128,165372666193.46854
3354668216108222976,104.54716768530388,15.118403970464634,238.56322709194555,5051.3926,4.5545,0.3811928,12.703815,87744794637.05753,154246112677.7748
6855105285766264448,311.1167238306752,-22.526110203240307,254.93018179198634,5479.0186,4.4191,0.7528792,12.059526,123313795955.9126,216772672890.92004
1020752789540778496,147.62640838491114,53.84594344912603,153.9025037614631,4787.14,4.5765,0.2932269,12.1365185,76957494834.26935,135283175129.71559
2550880999509272064,12.066653725773463,3.277591132027792,241.61066681127713,5282.121,4.5257,0.4322824,12.557237,93439992373.43549,164257670803.82867
245046270998192512,57.759834046389386,46.13258281199586,277.19134157184607,4696.6606,4.4825,0.28134218,13.7740755,75381789233.24402,132513250546.86057
4077746992892574208,277.50805852696607,-23.726994743723136,56.28361292904608,4678.1997,4.5494,0.28263536,9.968936,75554835557.93237,132817447770.26007
4606812093839123456,274.01648425896985,37.2605679875707,232.3666985145435,3907.2397,4.5688,0.08260884,14.945706,40847198817.9916,71805075816.8905
6031116875182393600,251.82918972990024,-29.99199312209162,200.05597020780405,4660.8193,4.6663,0.16639896,13.543837,57972805937.86573,101910090438.14293
6140559793005351296,194.46033890289968,-39.56802907504512,274.28776879668436,4764.1553,4.5772,0.23985684,13.71797,69602537217.76997,122353933845.9746
2027225530100743296,299.92478590668827,26.533577155948304,253.20385044348103,4242.6865,4.6397,0.11481048,14.918063,48154822198.469246,84651108496.25647
5584895993907434496,112.59226749559149,-39.93593594885522,281.80408942597495,4202.7563,4.6644,0.10359355,15.238661,45742023778.00196,80409662851.8561
4586694844983368960,275.1713007901876,28.723303854500443,230.7580594637572,5492.441,4.3927,0.2569675,15.163187,72042390819.71515,126642939651.49927
2390350824385230976,356.18349299172377,-19.92289779627188,74.9020487349128,5463.346,4.4074,0.78377163,9.334454,125818292502.83363,221175314189.19174
6117333808162284032,212.13909415899525,-38.86914194060196,215.9802174873988,4907.354,4.5951,0.28865117,12.887285,76354682996.9798,134223495373.63815
5669795402716391808,154.55012169310496,-18.277616718136244,276.2241609923905,4953.2803,4.6989,0.17591353,14.006757,59607188667.01872,104783163235.70659
6173873827095371648,210.95409966901104,-29.892888491723166,237.00702441440882,4267.103,4.3384,0.20211324,13.74072,63891987703.16887,112315388909.78107
1051478607619369856,149.65188893638154,62.47311122959154,252.21202704974363,4526.1934,4.6653,0.17704499,14.080282,59798575452.294525,105119601058.24406
2195169574675988864,311.0535671982024,62.02636285191963,215.69007144105646,4443.2944,4.6366,0.15365696,13.98584,55708970872.63547,97930506691.89604
5253250301656112256,152.4888129746079,-61.93782918726816,234.6395760490598,4236.9634,4.6103,0.1296343,14.5527115,51169241674.022,89950140626.965
4351206254906013056,249.40224654027696,-7.418353573572487,225.80474461392663,3999.4673,4.7085,0.07029233,15.989785,37679313969.32525,66236267714.49808
2805683847059679360,14.01491131191833,26.597500071376093,127.94131149132986,4449.8657,4.6681,0.15438572,12.965574,55840922090.7972,98162463043.82246
5447553934894686848,157.4450689539155,-33.76026879671572,275.9586676508195,4366.619,4.6751,0.09603279,15.015138,44041164179.384315,77419730715.33875
6489721736313254784,349.1618282538036,-62.76146517804092,158.54507885623613,4308.0117,4.6316,0.14566617,13.582106,54241084976.00649,95350117799.9272
4256790779154551680,279.7458115512475,-4.8563419874953935,76.53700454245353,5169.7495,4.5532,0.3677633,10.296675,86185302683.62231,151504689980.68344
5466864932490300672,152.01466448080842,-26.61072692938916,102.42390597386216,5071.6323,4.4597,0.45136276,10.83203,95479883308.71228,167843584342.6837
6575587611551790848,321.00884986127767,-46.54365316597755,137.08305035428018,4491.091,4.4966,0.23791954,12.210022,69320880928.8557,121858811738.0937
6637050899958156800,285.1271364190158,-57.03411545876584,268.5900350500744,4762.453,4.5412,0.26463342,13.545752,73109087281.92422,128518079748.2247
14235450059992576,49.784253844175225,9.274853532024537,182.76771345047544,4164.4907,4.697,0.08369763,14.604836,41115502045.585,72276724648.55469
3924369965486742016,177.7229906818066,15.05288431138326,217.81850398292207,4116.288,4.6987,0.08627016,14.715271,41742582971.45365,73379066907.71326
4576863905365412736,268.374383389089,21.3255487943113,24.522546770268672,4783.7324,4.5561,0.26435292,8.209442,73070330771.07922,128449949881.79189
1062044811282898176,168.9957570429658,69.17662672349876,217.081249540393,4254.4653,4.6688,0.15878232,13.857456,56630459947.73205,99550387487.06581
6109463817469397632,210.2660477036693,-43.36984743422643,297.28918936677314,4232.1416,4.2099,0.09852482,15.704553,44608933708.72338,78417809782.70322
6731564713329758336,284.3143659899827,-35.69833296068819,251.0471596011501,4599.8643,4.5556,0.25340837,13.537263,71541739409.09828,125762847171.7833
511693233900675712,25.352386456160083,62.93268050486183,299.7903344284624,4350.7476,4.6682,0.13577573,15.407209,52367288885.9904,92056181515.3726
2979516811506312832,72.09336505907036,-17.979853719093963,287.2742500297442,4127.1694,4.3541,0.075544395,15.505846,39061610131.97413,68666198863.575584
910406382399113472,130.94708219685742,38.248688138334245,201.95407999538486,4792.483,4.4683,0.308993,12.695097,78999317226.8384,138872483967.17908
2493811810542024704,34.95470468862305,-1.8009083303851412,218.4671125071013,5273.348,4.5851,0.19121125,14.103832,62144934932.57008,109244254039.36005
5265851117194477184,91.86208865402588,-73.3579013933695,105.17166128282659,5082.583,4.5553,0.36555272,10.99074,85925887636.72069,151048665635.07745
6595748467212678016,340.83238774015405,-37.11416146669071,285.7481577111061,4611.905,4.4307,0.2970294,13.782279,77454871240.0477,136157510495.6628
234186497728861696,64.18973071303824,48.05298758617421,199.07532706660638,4753.1807,4.4963,0.301687,13.303593,78059778665.62077,137220874075.35443
990109847151585664,107.97872339062624,57.826637806274505,154.67477593128626,4112.209,4.6849,0.09455834,14.052667,43701760945.60494,76823095557.0108
1382501907604892544,246.03821987995187,43.94427183913536,226.79242984465327,4826.26,4.572,0.26721284,13.026776,73464525648.59518,129142902982.26732
3051700879446210944,106.3325715528784,-7.817699761685134,84.12640116134507,4151.409,4.6366,0.112838484,12.5582075,47739475001.65307,83920971845.0112
3524922098400058624,194.9511341726703,-14.795320680302664,298.5155794815647,4907.6426,4.3866,0.3589057,13.430762,85141087910.20747,149669070326.36472
3855693610222093824,159.39048591072094,1.8096890106483905,169.0161962101958,4746.9585,4.4768,0.3466109,12.215565,83670068654.22684,147083173318.48297
1948435901227966208,330.75119500712003,35.08386704569947,297.9962917712575,4707.9106,4.5555,0.23605745,14.019663,69049076270.36525,121381007759.48418
3602632934551750272,179.28671973724286,-1.2519404007222616,298.3719943745561,5340.952,4.596,0.45765582,13.045706,96143186541.17574,169009601603.96158
6725415793326982272,270.8070938079573,-41.28323879933416,211.65888493671443,5067.135,4.5584,0.3548468,12.598181,84658284526.11807,148820352798.54437
2012403254353893376,352.8622627076944,61.035689388020266,263.57989510248086,3902.1123,4.6382,0.0790072,15.6328535,39946832883.02299,70222327278.57724
2939358759912216960,100.7888361403339,-19.45463849535504,235.85252431068994,5444.8687,4.3652,0.6267914,12.185898,112515027806.21255,197789575196.18417
2069939254719819264,309.0983035749276,44.50719501216792,136.56714473894263,4599.0635,4.5829,0.2221203,12.253683,66979691517.7915,117743247194.43347
4913149536712199424,25.87991719302533,-53.34695766958768,282.7962312427206,5052.9233,4.5582,0.34224012,13.224579,83140853222.79057,146152868296.90552
5419112146067824640,148.5233815536155,-42.15119408981191,211.8693417415431,5165.988,4.6037,0.36128917,12.573391,85423328383.86581,150165219369.53253
5568961871394326016,98.29627820718969,-43.0085234721177,203.58263749257404,4250.7646,4.638,0.13061936,14.284348,51363285155.718025,90291248642.15695
1047557302478025856,157.88801107552007,59.72082349092107,234.8226298968233,4467.408,4.6672,0.13857172,14.053728,52903733399.72867,92999194502.68091
4473452839603625472,266.4293839404587,4.976050495458907,249.4294548671163,4486.6772,4.6047,0.18203789,14.367476,60635911973.87189,106591550522.49059
6278152605089881600,219.51848248520983,-23.49973791277561,227.0651537368906,4530.3945,4.5731,0.19605984,13.647439,62927914541.34886,110620649772.68695
6817238208384876928,327.93349220879423,-21.444904357449456,200.99622125909525,4611.5503,4.5525,0.26068422,12.96388,72561522857.84354,127555519129.05127
1553180609413537152,202.45970970685292,48.25863403168679,250.7655853073414,4339.2524,4.6597,0.1260232,14.492165,50451521593.19142,88688464274.34703
5871350796274962304,210.36755353460785,-57.233847855263846,200.3680319381174,4886.005,4.3615,0.6817805,11.780173,117346814605.73137,206283347780.60147
1962557272662421248,331.28060719595857,44.52615286278306,233.14053007415922,4198.4004,4.6627,0.11764724,14.790239,48746101548.680595,85690515353.99643
5533795430793014656,122.27858215827165,-40.396436906122176,170.83355765849942,4356.108,4.6344,0.14877537,13.581055,54816908219.97267,96362354449.8467
3084431214597461760,120.91547745159032,0.4167082081939702,294.8889663975058,4172.1636,4.6602,0.12985915,15.121437,51213598836.04242,90028115848.62195
6403911755776734976,322.83408973471035,-62.080915051072864,163.693028030538,4439.0737,4.4738,0.30602083,12.564423,78618456236.25578,138202970436.36545
87821330900896256,39.34199414154964,19.524808994614144,255.29457295135003,4881.0503,4.4925,0.34903032,13.013361,83961578540.84666,147595617013.9094
4334133691186509952,251.913807756278,-11.002282429368693,246.27623857223276,4997.262,4.4193,0.46863702,13.277575,97289800692.02605,171025228584.93
4551011397693822976,267.03835844420104,17.80880083999944,294.7862459304498,4122.4844,4.6754,0.10005869,15.50396,44954836622.57818,79025870694.42691
3323090246450194176,88.55755634238261,8.263028167784945,230.88871051363853,5231.147,4.4883,0.4893613,12.469841,99417726622.26218,174765898378.08194
5939793157364401024,253.43129414619796,-47.1849638976153,197.18209510635728,4583.0015,4.3726,0.40613782,12.737985,90570284928.98615,159213027190.9546
2048044198654336896,293.75083142233564,34.78972451554744,53.80110139743563,4851.136,4.5359,0.33111194,9.644305,81777991188.3658,143757100299.5483
5376138318209826304,171.73183558706617,-44.104865159661806,258.7559240392877,5099.3774,4.3644,0.94702625,11.894161,138302498489.29916,243121234186.45224
6321708456849491712,231.66132880340305,-7.139351180589347,181.18566171177773,5399.7954,4.444,0.6661752,11.499025,115996062640.4911,203908868010.12646
287062046265429120,88.21490250991333,64.32320711838825,178.46660808466407,3975.9753,4.7644,0.05419512,14.951354,33084845313.214294,58159675445.3346
1696529094286669568,233.90822711392275,72.2636691160052,285.77048482114725,5064.2397,4.5532,0.37532935,13.14747,87067340837.86647,153055220209.72318
1937706832402814720,348.8223071563521,44.04239129376095,164.8359228879268,4305.725,4.3334,0.116994336,14.621219,48610650838.74202,85452407263.89386
2499018754013908352,41.89006907120981,0.5533802365195364,235.29376411712371,5022.5596,4.5239,0.3143218,12.9459915,79677604531.40976,140064841649.95187
2717112932697260416,338.1738423197264,9.550506871787148,267.4108004916426,4539.6562,4.5096,0.24115859,13.804221,69791154941.53665,122685503949.85918
5633173178658594048,141.41065573000498,-30.34549693154477,267.51541279052765,4386.612,4.6109,0.15497273,14.373561,55946981382.6727,98348904114.80359
4317173621293662464,295.8909863366677,13.924235107974216,256.0961907674738,4250.662,4.6486,0.12216643,14.815641,49673522565.27446,87320823877.90352
4643007737449066240,49.42038652668023,-70.96878065547351,273.12055814378556,4001.5889,4.6226,0.0968195,15.488617,44221190992.4302,77736198902.48257
5337762265725010048,168.84974137531566,-60.08257440990917,270.04364497544856,4709.42,4.5572,0.25232756,14.003826,71389010335.62823,125494365537.36754
4790620063992107264,70.33755117152816,-44.17767072889493,262.54361053770054,3917.3386,4.6806,0.06573697,15.56042,36437943535.17402,64054069161.83223
2653567203630615808,340.4959520828847,0.153986735417221,280.4042083353269,5454.4546,4.3839,0.86379546,12.092904,132085296645.3663,232192047787.1176
3252588903743919104,63.1959593501433,-2.261479657671653,100.31165381369395,4805.1704,4.6279,0.25803655,11.41041,72192092594.48662,126906099613.46594
6885350995221154432,316.90525763291663,-13.834873515918042,167.7848278947428,4254.297,4.247,0.09119023,13.70385,42916388974.00073,75442494301.66444
6632496276119675264,284.1120015652133,-60.27997387503128,199.60233996365386,4636.9976,4.5414,0.24732432,12.969828,70677703411.82652,124243962839.73714
3402579572721979136,84.28921385617065,20.217862322691687,211.03145975595393,5487.185,4.5212,0.56439555,12.157974,106767926313.5227,187686775730.08728
3784844723061011456,168.76646830525524,-6.232890279373516,187.60452205691743,4286.4263,4.5298,0.22649606,13.174875,67636222347.605415,118897359284.73795
5764812345732426240,258.04141664671795,-88.39306702227609,195.6321670309172,4005.0745,4.7204,0.06282026,15.007487,35620407383.48917,62616926663.60728
2551755003879061120,14.443298384376908,4.1403118197702655,270.3874478667667,5254.3335,4.4166,0.7574576,12.211241,123688174843.15408,217430791566.38663
5856920427716120448,190.42077079538888,-66.77841389904668,149.80014750232306,4183.356,4.6609,0.11277914,13.885897,47726919781.60961,83898901089.7769
1507125499619968,42.692035438521245,2.538660385773176,179.46429140075298,4470.9146,4.5699,0.19040035,13.035001,62013020965.47763,109012363170.89224
4164426304833537536,268.01384433485714,-10.017437718572474,178.4175559741606,3996.0918,4.7231,0.051881805,15.331327,32371032802.97181,56904868190.48728
6206384663646033664,230.62600273871425,-34.06710944808375,260.7441815455726,4282.8413,4.6833,0.107632086,15.719033,46625112854.019684,81962040490.75038
1067739628680235648,138.38206377937482,65.25247974424879,146.8393127115733,4512.3496,4.3864,0.32525778,12.01151,81051837316.8541,142480598230.6804
3462745781002850304,183.11305208877437,-35.106975476535375,231.22328965037133,4657.134,4.5801,0.24607597,13.295006,70499107697.7953,123930010374.0191
5162354774859533184,48.841670890132775,-12.44426266009479,299.72420295292585,4219.5054,4.7001,0.08524632,15.552526,41494146633.37381,72942341976.56238
3690612796989330688,194.2768313236228,1.7147800201643988,126.26853375709443,4047.517,4.6684,0.08733229,13.701783,41998757415.48273,73829394614.58543
4585028603831285248,274.8171596784152,25.951439627307597,188.8143945628071,5289.454,4.4454,0.6714531,11.654364,116454656566.04143,204715027858.19913
1004876112218938112,98.49584946693572,59.21561014679305,233.49994858447897,5408.7163,4.5652,0.48466232,12.4662075,98939257258.539,173924799601.85278
1420994946403417984,263.5716054896879,55.312665046767535,202.23904328838515,4692.0576,4.5585,0.23770568,12.986581,69289718510.37172,121804031486.65343
2136178714261393024,292.03491697453103,51.45900351810408,121.7430692496907,4577.62,4.6308,0.19808184,12.166406,63251575575.77348,111189611801.62286
6708475415822469760,276.91404881814395,-46.56113983526404,261.04494034899926,4099.5054,4.4804,0.172461,14.302374,59019356138.60865,103749815527.86993
6621907566824565504,336.3339818518895,-26.399157388626445,192.88026627165422,4579.1885,4.5963,0.19168283,13.138163,62221521067.77692,109378884403.35521
3349828685610797440,89.3336354547603,17.45149482791572,197.53116462174532,4792.3228,4.5551,0.27628848,12.754476,74701686353.41702,131317701273.90152
4637901644105995008,21.538879635911982,-75.49017096035814,158.91430845429434,3925.9697,4.7583,0.053358905,14.624153,32828608266.05748,57709237688.75367
278637004058988160,68.7668579844781,58.55714376426079,165.40842334163278,5026.3857,4.6723,0.23261046,13.998166,68543083431.36261,120491525610.92163
930047267841407616,126.0001387084884,45.662751148257904,205.72139319419747,5113.475,4.5763,0.36358172,12.468735,85693925428.55637,150640900490.19907
1556164374733737600,199.3145464230761,49.49113585774772,93.57326120298,5119.967,4.5948,0.33929694,10.861551,82782585966.90128,145523072173.39487
5150464930994671872,35.532192056743924,-12.883341185415022,281.66956539726203,5199.0815,4.6009,0.41011322,13.013852,91012470194.32863,159990342341.60925
182279137894957824,78.50109874847365,34.66247441841343,226.3601948019831,3935.447,4.6881,0.061245628,15.542045,35171149565.306564,61827178709.5389
1017424155526906880,135.78898257562224,52.67149533258519,266.4496910667721,4259.202,4.6394,0.12237571,14.83357,49716051541.829704,87395585341.95328
1732563938619377280,318.2782005024365,4.821867595428062,230.9271539749464,4737.7734,4.2996,0.6057896,12.370382,110613955803.93509,194447690729.0227
2102186006620617344,288.0677464968132,41.48580322503326,293.2554081775313,4178.4897,4.6621,0.10741032,15.214382,46577054711.041885,81877559334.14731
5886954515538398336,232.2659594811361,-54.36198025649886,129.78061609468463,5333.399,4.4603,0.6784325,10.726171,117058334188.76515,205776229573.93454
1180002755172632832,225.14804605256944,10.229641271056236,229.8108524934998,4499.156,4.6006,0.20152394,13.772816,63798775023.19098,112151530830.24098
3415602501975332352,79.98141380378172,23.213931143491347,89.57142037342912,4781.43,4.285,0.52921176,10.4544115,103386482709.40276,181742553815.47644
5508882185231253248,107.3315479190583,-47.561592224004976,241.02535384366513,4976.885,4.5335,0.32250598,12.951061,80708244922.44121,141876598968.92297
2744600723392426368,357.5029575912195,5.944979839180514,261.59559030976357,4485.813,4.6046,0.16021128,14.237742,56884711841.24375,99997335552.50218
5875901606195520640,230.37813081846204,-60.22881442162686,227.30014556698924,4472.046,4.6044,0.17852896,14.016138,60048664756.49103,105559231729.8316
865976599284989184,111.60095398176225,21.61769877275786,215.98699431679637,4445.285,4.6234,0.1707949,13.828033,58733579082.904655,103247449545.73766
5344355938191386752,178.2072718709402,-53.84681653984956,276.02465133967087,4547.658,4.5715,0.22851247,13.84408,67936625273.96812,119425436007.9229
4603717621441203584,271.6231100667664,33.418042684267874,78.5235649698347,4523.7095,4.669,0.16939703,11.567933,58492732928.09414,102824067357.80759
879426439697611520,113.56795702177924,29.447977643505105,143.28423963805727,4790.413,4.6013,0.23114885,12.245548,68327398530.161964,120112374258.28471
390634976451573504,10.104029403988443,48.81025910160611,279.7094661295121,4232.453,4.6174,0.12563902,15.026065,50374562509.78573,88553178306.67596
3230979347025830272,71.408576812819,1.4135778533701735,217.32574193564574,5151.796,4.5516,0.4185742,12.468768,91946509117.25671,161632284448.23022
6683757874729977728,295.9281983569417,-46.02586047903552,175.66465151822499,5038.254,4.555,0.37179992,12.087686,86657002657.39137,152333888881.9406
6728099018349775616,275.0197076680945,-37.7575165258207,296.0023140222528,4281.217,4.5688,0.13886279,14.907313,52959266418.73985,93096815704.52164
1905629164778474880,336.4614574158782,34.90183748479322,280.06893537208987,4351.9824,4.6788,0.12287632,14.820198,49817636045.0138,87574160205.44531
5829488402847869056,245.6293429033826,-62.6003741818834,209.45301433911234,4249.3228,4.6397,0.12925065,14.423751,51093468419.78745,89816939222.15268
102056364348351744,38.6069859920837,24.35611033089491,292.33559932887744,5312.012,4.4276,0.6408828,12.655336,113772768304.0964,200000550597.72736
2726941153605043328,332.18936237561314,9.873613593116504,235.27492303264395,3933.9177,4.6593,0.0748724,15.299467,38887488399.62089,68360111186.70197
3954448411734584960,190.459252893596,20.322506519272537,288.08306922084955,4392.1973,4.6732,0.12716775,14.684058,50680105583.31386,89090290867.50963
5354916678655411840,154.53906052095212,-56.10543507182859,245.8505213674606,4500.9688,4.6344,0.18066683,14.0865345,60407133766.70577,106189382516.20909
6472069691309306240,302.55152125348525,-55.601485526596754,154.7332079059434,4218.5073,4.4298,0.25518474,12.886558,71792052103.80438,126202870540.37192
4449993801250004352,241.95129769662051,6.321202175896032,267.04106752235356,5469.1494,4.3639,0.9563166,11.863106,138979218277.59485,244310836340.61407
443831651106795776,56.56999397233445,52.884673228833975,196.73632708171425,4644.5005,4.5691,0.24212244,14.165876,69930484677.13867,122930430958.75957
4823928703604103936,77.52549007602634,-36.858567652226505,157.38346465332043,4312.9834,4.2927,0.08566529,14.2997265,41595989705.12624,73121371376.37982
4345770917956169728,243.65071020797944,-8.431585038672623,256.4816480329903,5492.5767,4.582,0.5188415,13.006766,102368507262.4461,179953060135.03683
6055336543673174272,193.1738765344749,-61.88559666660538,162.09411764695344,4106.107,4.7074,0.07578096,14.442546,39122722454.95094,68773627894.49272
2947344551524906624,100.43629346261744,-16.074144342570353,264.858219529804,5303.451,4.4241,0.64214236,12.451664,113884515168.46014,200196989822.451
2537748497051234304,13.98778016840623,1.9396166843465463,151.95670635520958,5125.631,4.6197,0.34614572,11.878788,83613903787.06744,146984441394.108
4576203648633323008,269.8631618529172,21.65214717194418,189.65685906364803,5265.907,4.4052,0.62295973,11.633308,112170589964.32681,197184089726.76398
6702224108101601792,273.5060834439935,-51.64117360764005,291.4760538447725,4379.2896,4.6716,0.06787226,16.193003,37025008985.05802,65086068426.36516
367101338805368576,11.401926052864969,36.44070460871108,130.43039539293588,4465.606,4.6185,0.17436945,12.554372,59345011205.481544,104322282855.95178
3139365392502908544,108.55071703416444,3.397755375986824,273.5486634494353,4545.1797,4.6197,0.191099,14.027299,62126691254.37924,109212183573.48772
2087702582323127296,301.1295965374629,49.09620692181886,231.8676472774776,4668.2993,4.584,0.2433783,13.303443,70111610621.46017,123248831302.98788
5201378401037684480,164.14879572952302,-77.41893583749953,257.21607457631706,5117.2495,4.7758,0.1687047,15.854249,58373079897.91161,102613729925.8025
1642532318764886528,243.36020733207468,66.8031796627597,225.79770596328026,4497.6885,4.6533,0.17296483,13.77248,59105503256.73648,103901253093.42099
2952461438123293696,100.2143666238146,-13.53686042145173,254.08359572668613,4628.747,4.5008,0.2533668,13.514607,71535871189.19066,125752531458.89304
4052841096052524416,276.0596181979131,-26.27001926995385,255.91869073158898,4011.3853,4.6858,0.09273991,15.763227,43279511717.24785,76080825860.84622
5020780386356843264,28.73392403579229,-29.825294139986504,227.93314888023602,4653.7627,4.2811,0.0799883,14.465818,40194094637.152176,70656987414.7833
1013398121903647872,131.4157465611712,45.654031188129096,291.48291727277945,4498.9233,4.6729,0.1603207,14.535328,56904133890.58609,100031477470.81975
1210789630506371200,231.87324128917243,19.862489825814,281.9319862396203,4887.5444,4.5599,0.28072026,13.547127,75298425658.9682,132366706158.39673
5808534975373915520,248.99724944630503,-70.39192602102277,263.4161242539239,4807.223,4.563,0.30921927,13.315971,79028236820.95444,138923321569.46725
2985564056739623296,82.0527644113404,-13.090844261559765,296.65161394155075,5131.208,4.549,0.3835512,13.186514,88015810032.80772,154722529215.5673
3289737656434425984,72.47191490080324,8.94464277957628,168.93120310874846,4392.243,4.5506,0.28395015,12.921813,75730368233.37213,133126015736.5594
1156250280355834240,228.7788846031413,5.381853549533998,221.71919376633346,4851.6367,4.5782,0.30004328,12.923329,77846836664.58463,136846544452.48036
1213907467525537664,231.95392073363797,20.71760356674791,265.68956452623866,4181.985,4.6207,0.11344798,14.952354,47868233524.31216,84147315774.31715
2076927063440539392,297.8474590753693,41.95231533413368,285.26792651847154,4593.301,4.5772,0.20351511,13.984592,64113184207.54098,112704229080.62466
4509273283474606464,277.5906959572081,13.750184370822446,227.26579688322315,4802.457,4.2462,0.29411024,14.696043,77073324101.03352,135486790788.1326
3454632617846035584,86.025386425482,34.1596032837181,279.0541678086435,4466.798,4.6522,0.08276708,16.328283,40886302189.75162,71873815428.3002
5822117070728929408,238.62601730896463,-67.30079130796649,220.099056587707,4803.588,4.5842,0.23831835,13.219162,69378955782.55594,121960901217.75624
1986410077915958912,336.1067663862136,46.39698358268662,132.82188544280783,4153.853,4.682,0.0886918,13.586884,42324394314.50336,74401830005.49538
3424531665968109824,89.97451893531286,22.77028101571467,142.0921597426004,4224.213,4.4415,0.220708,12.948407,66766414604.369896,117368328830.8397
6706938534781693184,274.75327505711687,-47.38064664075532,249.82868737001115,4489.3555,4.6698,0.16125378,14.210019,57069487077.34048,100322150967.53537
971575139123892608,94.784886742065,52.18988729220121,299.6187866137834,5455.961,4.4076,0.76489985,13.020611,124294326439.44135,218496342267.22845
5581200810201028352,97.24141877051454,-36.16551488736837,266.1239760882393,4292.1714,4.6137,0.15048125,14.625197,55130281799.0991,96913232215.25842
2191003731283615104,319.2166463029948,57.54359453326826,237.57168833238117,5317.3076,4.5356,0.500833,12.397966,100576260869.17235,176802479633.17667
4078351857379866112,280.6955725388416,-23.216850292467573,190.3635375550916,4284.6265,4.6197,0.14141,14.082745,53442784574.60089,93946789725.87738
6332250746134908032,226.18802193217425,-8.412997427116547,163.00984233027174,3965.5837,4.7163,0.06511316,14.679239,36264642759.508,63749424640.398285
2438585059465823488,351.5771787026096,-8.048904438251203,193.5297239786099,4874.4844,4.5621,0.27147752,12.637193,74048446884.122,130169375048.93025
803774031046784000,151.6413622350358,40.58438998513428,292.530693036705,4409.377,4.605,0.15186174,14.605954,55382582504.346886,97356750297.11505
4038963365142513792,270.3402246870656,-35.73047862220303,245.2488614937521,4964.8096,4.5092,0.41295737,12.874407,91327512315.6777,160544153228.6124
1675681563549495040,195.5725905442746,62.055272300919405,183.47297090306438,4378.631,4.635,0.15779236,13.487598,56453646981.86756,99239568904.9672
6216389433481662080,217.28771147580983,-33.171531722208414,295.43280146714335,4693.923,4.6453,0.1938725,14.123373,62575902601.28651,110001849835.94576
4023663355897392640,172.3992906395626,31.70745243662212,140.0835467654507,3910.0056,4.6596,0.07840014,14.135328,39793069135.67842,69952026796.40312
5873570160462132736,226.15269670942217,-63.60586307570093,248.27869967273176,4331.413,4.5838,0.14438868,14.458174,54002714471.34201,94931087544.35912
5931084960941920896,248.93238201365276,-52.44994825642406,110.49039413150412,4855.6445,4.6421,0.33222437,11.892572,81915249919.33926,143998386700.31216
6620082995997289472,330.9195655948528,-26.12841976415889,246.36386026313116,4543.0615,4.645,0.17169395,13.834489,58887960499.022865,103518835824.5981
6010941322155240192,240.06041354868955,-35.779490160722496,208.65186365007673,5349.3477,4.5747,0.41708553,12.979479,91782858408.28201,161344603728.2431
4162186251740404608,265.2311033679639,-12.274423993955413,136.33329421360472,4868.7905,4.2897,0.7279816,11.173159,121257669914.97752,213158219745.2763
4795567763237617792,83.97552324656944,-48.20360947944494,167.37101117130072,4501.478,4.5837,0.1894516,12.922282,61858325007.2475,108740423960.10875
3916732757720177152,175.09123644096195,11.67676349368374,186.93264630699275,4544.0244,4.6509,0.19669193,13.226413,63029271601.233086,110798824814.79921
4528558889226315392,276.73969161587013,20.707839331367254,293.7799167250487,4329.5156,4.384,0.29393914,13.887169,77050901957.13406,135447375019.38306
2538787745993191168,18.10705714270307,2.701590629172728,221.87312401760306,4505.1714,4.5511,0.20897564,13.523698,64967603850.08928,114206208873.31485
3844301707685769216,140.7312447234742,1.7344608926964171,197.76435293553124,4073.7861,4.6676,0.09306969,14.763334,43356393674.314804,76215976248.53233
4512813053776166016,288.011039496015,15.889443104750445,283.0828439865143,5126.965,4.4005,0.6181098,12.577366,111733095802.0906,196415021041.5698
4786469201438745472,72.59170723758763,-47.78063639876659,240.25680933174897,4199.495,4.68,0.10572201,14.86763,46209548272.19872,81231521699.54933
3723952429084677248,211.33059605062067,10.025833797238924,173.82364823454145,4382.784,4.6141,0.1654392,13.392943,57805375676.125244,101615765662.24121
3654066851547913600,214.88251059771412,0.734441452764109,265.3549097550958,5067.463,4.7868,0.20852478,15.930145,64897482974.383224,114082943754.96841
4821786167758251776,83.10213223101916,-36.01804167782627,137.97273967422103,4552.3667,4.644,0.18707709,12.617092,61469449003.81237,108056820880.38596
3644051228331922816,211.84414164148217,-5.525737419025318,201.3210512592585,5453.637,4.6147,0.44395918,12.190544,94693580382.82245,166461346567.6984
2126520191808836096,293.37468022181,45.40386354833972,289.9059918405861,4399.21,4.6723,0.1487725,14.861983,54816379485.66225,96361424990.58522
5409170739898063616,144.47745254482288,-49.57631455826903,177.00877016380858,4032.8718,4.1874,0.07887405,14.812672,39913157701.083984,70163129853.48447
5619335412517354752,113.97844233075637,-21.1809143991846,238.17505278758415,4601.7837,4.6458,0.19357231,13.726505,62527437921.33948,109916654030.14412
4075563328411263616,283.1085948071837,-23.246023671125307,217.41169814155265,4462.925,4.2887,0.46079582,12.853199,96472444404.15314,169588402268.35336
4159487878407209216,274.9366923254543,-8.042307534171517,180.01249930102608,4371.7183,4.6691,0.12886792,14.397108,51017764734.95331,89683860113.0232
4288963795046956800,290.1064898988582,2.7322798169521407,273.5602818386739,5326.306,4.3954,0.7275009,12.688146,121217628939.10266,213087831924.52783
1404335837710572544,236.33894698388505,51.16845121787789,182.77682033352843,4584.0205,4.6467,0.16354556,13.230297,57473599385.787315,101032537867.64719
5466901800489371904,151.3679851603423,-26.560555267456493,169.40491060032042,4039.384,4.6933,0.080236755,14.4516,40256470515.82129,70766637643.60162
4217480386562117632,303.74401832502826,-5.962822293595656,268.53875215461176,5350.631,4.3632,0.8313661,12.140142,129582147540.00404,227791775149.27026
4250445738028572928,302.95226562398426,7.0784017025715,294.7150211491699,4590.6587,4.6273,0.17759846,14.306752,59891972310.190315,105283782903.17667
3059279817397199104,109.36899227419548,-4.550260973949047,180.26280887629005,5352.5996,4.5936,0.47869185,11.86236,98327961145.44125,172850205381.98618
3073256706123506176,129.43284553733525,-1.566046758426169,251.89761568340197,5459.7153,4.5856,0.54073673,12.477679,104506174997.30249,183710854995.25806
3225279959783790976,74.49821690562,-2.487025718430737,299.41035061630674,4294.755,4.6686,0.13868901,15.082859,52926118076.8429,93038544408.76596
3729345739777378688,195.9230985729789,5.9406906493448695,299.27594190754564,4822.25,4.3743,0.5457254,12.858862,104987139078.26514,184556339221.79242
188679631300239360,78.28854430927514,39.443171568071584,180.28259467937033,5054.9683,4.4936,0.46330902,11.896779,96735169070.78117,170050244577.05743
5061487364838530048,50.703423542591146,-27.04469595188537,164.542849632857,4599.9497,4.5851,0.22181293,12.823139,66933332236.4145,117661752457.69707
5149065145317788928,29.12894118775344,-14.52912239894156,78.41213261340147,4819.2305,4.5262,0.33611366,10.4543495,82393338199.79149,144838815572.26505
6087007838661241856,199.37172774655943,-46.35730254151832,210.9327341911711,4967.1787,4.5484,0.36666647,12.556245,86056685698.59857,151278594859.6417
835361453922534784,158.46350594433332,50.47989909789663,105.48902328715091,4185.088,4.6803,0.09269556,12.890617,43269161934.29819,76062632031.87155
5186825024610845440,45.43265704980784,-2.339356313948848,107.93896100106583,4359.2705,4.6229,0.16154543,12.536082,57121072834.9311,100412833299.29993
91059942400461568,29.679659568267223,17.08982741871463,291.24610223085597,4500.045,4.5934,0.19547336,14.530897,62833724920.02971,110455074333.10487
345177111308618112,31.842169022469548,40.90407612470938,115.18971780915494,5073.4644,4.5189,0.4552159,10.915861,95886557903.98987,168558475473.32953
3311014172801383424,65.10825364712919,14.21524247104252,246.20709825159562,4732.489,4.3258,0.45465916,13.57274,95827904180.91075,168455368402.23257
3610835222574972160,200.82724207401927,-12.77400022294921,263.49611119909633,4520.5415,4.6701,0.14748986,14.364561,54579568646.06009,95945136462.02142
6769192505189604352,289.05171963064885,-26.5073516872647,209.8644573320012,5302.843,4.6763,0.12888533,13.66683,51021210857.48928,89689918033.69168
4572807532085011200,254.549053256583,25.337909414363484,152.07374517810516,5022.7,4.4912,0.408319,11.638145,90813165001.31264,159639984791.78116
6301115978450012672,212.52252982739253,-15.295483722516192,122.4015589352456,4786.9243,4.5612,0.27244985,11.767553,74180935151.97409,130402275477.68077
3526314217559736320,193.9720151917272,-12.228994211588049,184.50679774446934,5010.528,4.5206,0.40947846,12.090698,90942009838.3468,159866480452.6728
3920111763111212160,179.51743620249655,12.877162134556407,211.01965066140573,5197.966,4.6523,0.30719304,12.788519,78768885959.03319,138467410054.30045
4384529359968936832,253.9434510324364,1.612098017803194,249.69511146065838,4399.925,4.5099,0.2039673,14.053568,64184371193.79377,112829368309.09009
922886565222374144,120.93276726170714,43.08084800194875,299.1081666720061,4243.9214,4.6264,0.12886819,15.006098,51017818180.33081,89683954064.37099
3038190222301130752,120.42434154245534,-10.219729864458715,286.92279003660707,5316.187,4.4862,0.537162,12.708227,104160164813.24516,183102605513.8099
5885260649107717760,235.6515635213688,-54.52306596969149,240.24714812845338,4253.407,4.5171,0.18029095,14.296192,60344262082.687126,106078860713.77632
6388076387450862848,350.5332001054173,-68.54786048638012,268.0596232277773,4983.545,4.5949,0.34576762,13.124445,83568224968.67558,146904142839.6718
3348033148763847936,87.98849115156611,15.532262831048616,194.24849950527394,3987.0178,4.7141,0.062231928,15.084499,35453216711.07428,62323023060.52005
129115448588460288,44.355660397774486,30.0456494111209,210.05045436547718,4149.554,4.6803,0.099442765,14.75938,44816260203.25251,78782267936.2439
1704479692930694912,245.1367637083835,77.07605104774598,253.250199009803,4296.889,4.5648,0.1668858,14.363876,58057550660.27529,102059062739.64183
4641240379882275200,54.87226751583448,-73.20025053480792,227.6103352400734,4793.1196,4.5699,0.2890068,13.044624,76401704558.24529,134306154328.70488
6092517349687044480,214.63100188363552,-47.71248162260137,191.9657354104775,5053.4336,4.3103,0.5783576,11.800657,108080474025.12589,189994096444.16867
6076331924367595776,185.0387532266844,-53.81923042278494,234.06912352856892,4199.0938,4.6446,0.10844418,15.001991,46800677698.05131,82270665006.0481
2248159055809446656,299.54686161962644,65.96563897154007,294.7470551582348,5047.132,4.295,0.7882589,12.41259,126177947563.5772,221807549927.55148
6349931511585446784,311.34360614803694,-79.22857846556984,241.79469081969444,4287.544,4.6689,0.095950626,15.205458,44022319717.261055,77386604134.55365
1641092439568932608,234.2514431601489,64.21122462015362,228.302300687843,5274.06,4.5276,0.44885975,12.418151,95214775762.63121,167377553182.73065
2849559858565715200,4.838381987551723,25.31430666280309,174.47072003489032,5110.4976,4.5684,0.3343676,12.249579,82179049026.64189,144462117762.6231
6080631186618043776,200.36125909246357,-51.00271043194584,135.23461136253027,4043.2842,4.3933,0.2012729,13.158819,63759025315.48893,112081655028.28053
996960560506938368,90.85714126496774,55.45805955968918,206.43028512633978,4806.4844,4.5298,0.29526648,12.794316,77224675252.4911,135752850180.69489
105414272859589376,31.668266982078507,25.416896252759265,238.80597404733658,4426.07,4.5984,0.19015619,14.073998,61973246993.52045,108942444714.92542
4275997082596642048,272.07640794955324,1.3380952185595294,211.173941511362,4504.271,4.6513,0.17025314,13.825997,58640353885.01281,103083569461.02252
1742310795667221632,322.200553135243,10.5645301473275,250.8595911162625,4344.189,4.6579,0.11944253,14.620292,49116624689.18236,86341856032.56267
3101996806207987584,103.39228586896247,-5.273811328168447,115.5682318908491,5225.031,4.7693,0.0788636,13.873396,39910513572.1594,70158481753.16443
4807510143143038464,81.61570112737218,-39.48765038791721,192.4188963160386,4126.567,4.6916,0.08501682,14.648625,41438253753.288704,72844088176.83383
244932231026057856,57.70930522493502,45.75862103902721,116.15690567093131,3970.8035,4.7011,0.06566288,13.643083,36417403735.81983,64017962356.65171
144596606668438528,67.57555939421493,21.43169935893223,282.9905267434819,4488.7026,4.5947,0.16220854,15.212219,57238187767.6524,100618709023.13632
1094550085854069632,120.50075587268616,64.86270557022506,249.69560734792,4401.2705,4.5564,0.18667391,14.093945,61403175202.485275,107940318513.84253
2058813296577036416,301.98194615747866,35.282744531498906,112.86110996387205,4970.0806,4.5565,0.3380212,11.252729,82626810152.18573,145249234688.57913
1641404907029378432,233.91286014158763,65.20850994235968,281.9544252217896,4000.763,4.7351,0.062480368,15.7721195,35523913732.73007,62447300982.79918
2161367559282003840,274.50062798162713,65.00832067539221,281.87964666809046,3942.5527,4.6973,0.06515097,15.801993,36275170332.94973,63767931006.34321
3706463150457341824,188.47736950740148,2.4523442402335736,193.02646928621513,4173.7627,4.6702,0.109517805,14.47838,47031776436.77344,82676912262.53857
1443509272344486528,205.32225076458076,22.69105700117227,291.3161823849198,4967.484,4.5947,0.27152282,13.540175,74054624660.32066,130180234929.19525
5587875429902525184,113.8613971580742,-36.51941541528749,261.4599603157001,5334.5024,4.4293,0.7376006,12.102467,122056144673.83527,214561854321.3736
4408589251366073984,244.46289692144435,0.8737011640477259,202.74622199576558,4775.3022,4.5773,0.2764746,12.91563,74726843278.44478,131361924500.00293
5909353491489430400,268.84324955172684,-63.9675468983259,297.33287527677714,4173.1533,4.4081,0.1400062,15.206158,53176855353.68269,93479314148.05273
882556032039116928,117.42814138568096,34.61008633762954,290.2400909560613,4285.1836,4.6669,0.11068168,14.880539,47281025609.95551,83115066072.2376
2233608982217673728,352.0948327282917,77.10325900875416,208.51997376170047,4006.4004,4.7005,0.075320266,14.984432,39003622091.66271,68564261992.71235
3518747000580592000,180.68453076285,-19.681436264124287,247.08032053987458,4378.1455,4.6683,0.1223168,14.693372,49704083786.34538,87374547287.57556
5190675170736594176,168.94487374283344,-85.04975859788725,185.08136865693353,4967.5386,4.5564,0.30243477,12.674242,78156459390.33109,137390828612.47673
3527685613501285760,187.4275056171698,-14.31994633673268,132.35966137072228,4981.3813,4.6394,0.28616697,11.837641,76025409816.67014,133644667782.98856
2828236346670146048,354.54945207050474,24.28026649569273,293.99585616444654,4548.8716,4.4897,0.23388597,13.964641,68730753118.90103,120821429166.91022
4293304563871326848,288.96515596616814,4.882614700740241,239.8002995341173,4395.1763,4.6263,0.16091438,14.505811,57009396744.52809,100216518487.74939
3765888867720029568,152.57868918281793,-12.0359269426116,227.0504080658171,4205.334,4.6188,0.11912923,14.525096,49052165477.37206,86228543523.38037
2211593014220739840,341.01718254965084,64.79981382978872,283.5420979995845,4297.715,4.6406,0.1208291,15.268413,49400891645.58537,86841567419.08165
2849867554318190848,1.7840943292828748,24.47740537558402,222.88613460063837,4035.554,4.6948,0.075369276,15.146181,39016309624.26705,68586565339.50104
2938988125715345024,97.8370642881486,-20.629928580851026,73.2581187271731,5229.6997,4.3279,0.9165959,9.140872,136062351526.38759,239183291630.5971
4304377436228424832,297.06728861649174,11.4789477496539,264.33904904119436,4487.5986,4.6724,0.17138687,14.458346,58835275451.61021,103426221057.0411
101885351634665856,36.572581045318486,24.343574811649383,194.11692347999852,5183.4927,4.5095,0.46527115,12.073137,96939791076.51622,170409948523.98117
1197559550689521152,236.76488439576008,17.911777112274855,207.29963678243712,4801.8135,4.5612,0.28216597,12.834824,75492070196.40755,132707112871.57959
2006298903243536896,334.81613376788374,56.70141608243615,267.4067953776328,5343.85,4.4634,0.6287254,12.475405,112688479822.99307,198094485583.5773
6760812611677208832,285.1361381773632,-29.83177465075389,94.74690747567739,4505.745,4.6594,0.16704822,11.878053,58085795766.063286,102108714662.44809
6195258361886465664,202.67316423341927,-22.185907353291302,84.1006442678623,4598.6064,4.648,0.15734625,11.615023,56373787722.29926,99099184732.88396
3213086959947281664,75.66296565861649,-3.5694237469469368,223.4610749468966,3907.6775,4.6424,0.088741966,15.173591,42336362418.72303,74422868672.91312
246906919551064832,58.89132573908074,48.02252243322016,297.0929616497301,5376.436,4.4689,0.56099343,12.8651495,106445646714.53131,187120242119.22873
2404538441393594368,344.3180342786038,-15.836229172786355,270.4821526502505,5078.8203,4.5799,0.33526286,13.170303,82288991549.12048,144655385144.24338
4096236758424097920,276.0020461203551,-18.41696402303063,289.8738512606548,4865.2314,4.6126,0.30473188,16.183899,78452712306.83037,137911610055.16498
4512818658765924864,287.30383699690225,15.47264279043776,294.7997852033069,4968.253,4.4967,0.40480408,13.282834,90421448078.14424,158951387674.21146
3278376819398486912,55.95552667001376,8.208148111336072,227.82952077452666,5160.9673,4.495,0.4875481,12.4723835,99233372534.15349,174441823296.88034
6822948006628061696,334.7193995385477,-17.138091975858604,75.2097145089204,5090.1895,4.3318,0.8038396,9.362357,127418860230.3204,223988943773.30005
2244187108711391744,303.1169551257136,63.77114619695598,265.23718892274627,5216.805,4.5274,0.45328438,12.749915,95682914221.60521,168200491315.87442
3038736954455012352,122.0716583631666,-9.143985984031364,221.55480931465948,4337.9116,4.5705,0.16907053,13.961379,58436335573.87321,102724926745.6508
3128047672642025088,103.56754418796584,3.36245667759472,299.70367029370095,4527.978,4.6009,0.1903478,14.224182,62004462658.89689,108997318568.79768
5928952664269727744,247.2783060602898,-54.84485120543528,275.62277294051665,4402.3916,4.3348,0.14847015,15.922586,54760649557.099144,96263457642.47954
6008503155124917632,237.5620316283324,-38.82736482226204,268.7596463609096,4041.4312,4.6972,0.07286735,15.842398,38363259998.214005,67438572838.96566
4116745021085979904,264.2768298977951,-22.791754607328105,220.15091906232024,4763.504,4.479,0.29769364,13.543445,77541428147.2869,136309668427.33592
6344267617953404672,338.5737048777768,-83.92481675154744,290.8791148696487,4499.511,4.6408,0.14670426,14.690305,54434016408.15282,95689270949.06863
3110880276045362944,108.0739603112702,-0.9784347277560638,299.9323332167552,3927.8193,4.4278,0.16203628,15.073969,57207787181.7065,100565267993.10512
2364497423365981952,2.812119018999198,-21.251604290971343,256.7488508267345,5459.2983,4.5975,0.5153389,12.586097,102022386992.13918,179344617133.5499
3592418467233403392,175.85624156612025,-7.157447824718374,282.78499728384656,5007.8574,4.4801,0.40328693,12.998258,90251845443.40378,158653244095.24664
3107395060401163648,101.70169915599512,-0.5126351832504497,239.15572222662533,5352.9165,4.4333,0.7105127,11.9913645,119793965064.93253,210585180693.09195
5609482139061118848,107.6562897784849,-28.511856152453355,270.21288143849677,4510.0957,4.5431,0.19609489,13.876166,62933539162.98882,110630537265.46457
154576873712129152,71.64946589364355,27.288545907803314,255.1707814693578,5131.3374,4.6249,0.28235874,14.539552,75517853110.11241,132752436519.88182
4135154487815605248,259.32356853758995,-17.439762107988102,240.81956901704274,5251.2886,4.3935,0.62786484,12.1668215,112611332944.30647,197958869491.57034
4199814219706551936,290.683127004123,-10.655924821429355,252.55433960032215,4165.216,4.6787,0.10025102,15.180997,44998021341.78053,79101784885.02472
1271512496614178816,227.998985038295,27.24812964339742,240.61846032120098,5002.3374,4.5646,0.319791,13.002439,80367810329.44267,141278150789.65186
2016262437086571264,356.26345442527884,63.35905210064356,286.53091563759637,4173.0317,4.538,0.12884246,15.143741,51012724782.217514,89675000406.635
4509958584150275968,278.9111141090264,15.500860398434908,268.04614246166585,4891.2944,4.2508,0.609604,12.693386,110961653902.2465,195058907386.05438
3365033488313450496,104.7852226081987,18.86651065066336,231.57512881430875,4499.536,4.6132,0.18588991,13.68169,61274097869.42,107713414149.40147
5921747835097884544,265.0909659721669,-53.71531135157062,280.3171283284135,4907.3325,4.3537,0.6394264,12.721522,113643421016.2414,199773171681.18222
1330286272200295168,245.0091670467222,36.10730585772407,255.3006641463566,4496.701,4.5884,0.19185908,13.799513,62250120456.011604,109429159117.40988
4296836401362320512,297.50578949300234,6.335999998213652,298.83672837691415,4998.494,4.5168,0.31779945,13.603186,80117167744.00816,140837547507.88803
6053435144518951680,186.22945520654264,-64.29228596809294,299.15392802296594,4897.4795,4.8575,0.12177725,16.38467,49594338118.67754,87181625955.99104
6095520670000038528,210.14290979339955,-45.95419588629651,290.5483631906804,4149.9644,4.6551,0.102289,15.330715,45453097422.841965,79901760732.78534
1993022570902966144,355.8352763809308,52.643831539526296,204.16722608561554,5382.186,4.4929,0.68477213,11.791301,117603989741.73729,206735434598.6329
5380424317611957504,178.10330064938614,-41.98774418436532,270.2023208716324,4296.033,4.5533,0.16578764,14.5101385,57866217093.64947,101722718469.88905
6640872561856937216,294.40337503245246,-55.99327583096865,277.0010403593299,5205.0103,4.5036,0.47652635,12.752638,98105301664.51874,172458793452.3645
6130931507125950080,180.9883665002669,-47.7874633046306,231.7620108355205,4900.3384,4.5872,0.28718522,13.087253,76160547936.289,133882226372.21332
1251059037715044096,207.76755787609105,21.964101377373485,267.19153072632884,4339.269,4.663,0.14204414,14.610177,53562480133.5855,94157201919.03978
170915960101379456,61.32974640334203,34.32290030076219,276.90135404211054,4154.6924,4.6413,0.09825585,15.463103,44548001524.50452,78310697416.76057
429798137532712576,2.820467686676824,62.30977583608989,276.02987266073006,4246.821,4.5664,0.12797637,15.1046,50840979731.90657,89373090686.61472
6088553923810065280,202.7064733505809,-43.17621132703184,243.681629513463,4113.453,4.6593,0.1273561,14.683437,50717623216.40412,89156242917.25778
5822445515477211264,237.39893801934608,-65.86211371015284,217.16608563988171,4367.784,4.6663,0.115622744,14.382251,48324865430.65894,84950026599.15836
940150306529244288,102.42149131065912,34.64948238547774,262.92718808908296,5392.179,4.4457,0.63466966,12.353864,113219931070.83542,199028720935.04752
6891182740470671104,322.04742355284844,-12.440357031502938,87.87819660893004,5400.557,4.5748,0.46816188,10.32972,97240468269.7,170938507379.36734
6306280861307071232,223.73896312957905,-17.368618538243418,127.45254697391698,4291.936,4.5283,0.15115069,12.830205,55252773673.88555,97128560037.25143
5197561205902694656,164.56318443574884,-82.35604173550496,277.8838491925592,5168.731,4.4899,0.47823322,12.992506,98280846326.64511,172767382489.9972
1887967468982784896,341.20286047471814,30.23837946038513,223.61349198804743,4384.712,4.6238,0.14075258,13.933502,53318411171.57606,93728154375.29684
2501054705951154944,35.33509101529063,0.1536498068350918,252.94850182858892,4383.9346,4.6587,0.14416523,14.487795,53960912098.99887,94857603374.0296
5926350876104484096,259.89936541220544,-49.98017557153139,282.1530720215229,4299.5625,4.4271,0.2797692,14.065479,75170764622.20378,132142291493.76874
332638315065542400,31.943619238749303,39.25321610041031,165.71367203760548,5260.487,4.597,0.43661693,11.801099,93907289007.07149,165079129096.64148
5091976440019709184,65.47753355774104,-20.073987563297443,271.1662335526686,5327.675,4.42,0.7556207,12.149194,123538106560.62083,217166987322.35452
684213445877750656,123.96174091314973,28.51604825168284,231.9107839292389,4450.7183,4.606,0.16580278,14.11166,57868859252.395775,101727363106.84311
6633995116630118400,274.5542035932268,-61.82602426605691,249.65167760473597,4439.4297,4.5977,0.17041565,14.129742,58668333900.34756,103132755382.71623
6263160012431525632,239.96907458609425,-14.389044511483714,226.92537060797662,5013.15,4.5241,0.38336742,12.872081,87994720953.0766,154685456833.30307
1368880813963038720,267.90233611479545,53.055629663113805,224.64236361357234,3965.6448,4.7163,0.06039051,15.293238,34924754821.2189,61394042685.72164
3741331859629249536,206.7180827036052,15.188332865624243,218.71108924239212,4448.359,4.3437,0.3329404,14.157772,82003476750.60956,144153480182.65048
120977756871736576,51.83997372418853,30.679111730013368,147.00992202847652,4149.614,4.6611,0.10586746,13.83256,46241324383.30743,81287380758.02464
3317111407158590336,93.80124173995443,3.7955183960347263,212.76433827375564,4926.3516,4.4938,0.3629382,12.805275,85618055033.08955,150507528321.32584
2073812215722854144,298.6243279523746,40.92817143755946,191.64188082637793,4292.141,4.6718,0.12259578,14.144763,49760734007.96648,87474132414.00423
713973274271926272,138.83448957301266,33.8937435926015,167.60930660364548,4178.788,4.6762,0.105867416,14.0122595,46241314774.03521,81287363865.9356
3641439437243858560,217.1871079592401,-5.483281045413519,281.63506501293756,5390.732,4.62,0.40691096,13.0918865,90656450527.76183,159364497243.5392
2155430956702489856,285.0481723699232,59.36974130520434,269.01784721621084,4101.1147,4.6507,0.09401661,15.315488,43576396220.24872,76602717566.12144
3414249518554971648,78.37599887706341,21.51511876205408,253.65096935291487,4801.068,4.5457,0.28186986,13.857409,75452448436.48137,132637461988.34093
6082653188500833536,202.4273888800178,-48.52669703463904,226.45197334937035,4096.6704,4.3689,0.23952207,14.109526,69553947864.73526,122268518878.0083
3426183033650886528,91.6768844146877,24.20849323323333,281.5949507826958,4108.8984,4.328,0.14354269,15.013949,53844277976.47369,94652572863.90637
5782934668180179328,182.68209566165655,-82.89560090867289,291.37460126328136,5234.557,4.4414,0.5521062,13.014409,105599127382.00104,185632150239.93866
4884163146028783616,64.90061052278669,-32.56030684997561,162.6769596552655,4557.33,4.6138,0.19741814,12.768971,63145520182.906,111003177584.6874
2876870803983117056,2.39442201613159,35.66748900419906,221.08530183785334,4497.7554,4.598,0.1936566,13.730131,62541050054.50428,109940582727.39174
3033023204850434432,108.8592548487958,-12.88413498861087,169.55210698827577,4246.716,4.673,0.11859163,13.929426,48941360336.34596,86033759749.15552
5100009648066438784,50.95199668085806,-20.48048310820122,215.83607356188259,4261.845,4.6321,0.135899,14.364439,52391055472.18283,92097960672.15297
5879789960286137344,224.01120952799013,-58.875194478447945,234.81600208346214,4645.23,4.191,0.31038085,13.626901,79176532190.11548,139184009218.4135
6750831627376224128,300.49787694098706,-28.097532486352332,229.141135687784,4325.4175,4.4001,0.25742394,13.490532,72106345287.98967,126755364874.67659
3103229564899382144,99.249910992265,-5.818465220525584,179.36650796268768,4173.802,4.6634,0.11950883,14.151163,49130254593.23854,86365815969.1667
6247226577117726464,241.21556290747,-19.59601822831861,199.0934354628866,4481.2324,4.5551,0.18089396,13.775916,60445093039.035095,106256110921.25116
2355091376268165760,20.192679688505898,-17.83495125450906,194.53181338894603,4389.153,4.6357,0.14702323,13.845536,54493160535.03177,95793240098.42427
6898457590436281600,319.62588153851016,-7.566302080296825,185.35062776196608,4649.161,4.6348,0.2125518,13.042415,65521134843.03625,115179258092.4953
278896243989585152,71.18953066747638,59.02205411407692,275.86658100581974,4502.2344,4.6731,0.1552188,14.962826,55991380849.55684,98426953703.95781
4175486842046699904,268.41046558611515,-5.303720526127051,201.20300325581,4044.5054,4.6803,0.08385309,15.188293,41153668303.46515,72343816912.40715
1955227408453996032,332.8818298623528,38.14158172404985,276.5828506992646,4450.061,4.6375,0.16014192,14.419202,56872397006.92623,99975687370.07033
922099452336163840,121.81784362831527,42.98669375116696,248.82239165137406,4918.585,4.5344,0.3684517,12.875455,86265928216.44936,151646421180.49518
1708594447695577088,237.94371420115627,78.86103116499294,278.64372018631263,4810.0137,4.5973,0.23105393,13.682887,68313367954.99804,120087709984.0492
4738441159147821184,38.02608080319259,-58.1768443020502,209.36309706407394,5356.1265,4.5653,0.4273736,12.501277,92907946868.67566,163322390811.25092
6346943657457140480,285.79636603691546,-83.83376563386699,174.52166819702506,5443.745,4.5263,0.59570485,11.518132,109689380910.31511,192822385389.71182
2697686245862053632,323.4605960795921,2.844883115580768,223.41912218748712,3925.3618,4.7567,0.052692723,15.471817,32623033224.93217,57347858405.9334
3831577334495217792,153.2316833829478,-0.0702583102683674,254.56636814611696,4989.222,4.4689,0.3467947,13.158022,83692249896.12184,147122165606.8668
2329022844631470336,352.60654305131646,-30.54749520471113,293.6093905075792,5388.031,4.5466,0.5149451,12.825476,101983398964.83597,179276080285.55377
2825544776564747008,351.29932716129304,20.194504304884973,272.5833455925368,4388.124,4.4751,0.102002494,14.806205,45389396942.76138,79789781994.11736
5883072071226233856,231.652475011852,-57.1062121006856,115.34899624506127,5337.7515,4.3202,0.85175765,10.239314,131161700539.76497,230568463054.11313
3365723152684432768,101.81487154224229,19.79733267939468,268.2247613983004,5301.4546,4.4943,0.54300916,12.552229,104725536817.21097,184096469983.9393
5627906483605390080,135.8552644043924,-33.43780539194655,229.03459000477343,4742.106,4.5835,0.24971002,13.254512,71017765254.0725,124841755762.42218
6489785336189078912,348.24050983427946,-62.59396114915826,210.56277170647982,4300.063,4.6615,0.11313552,14.33674,47802268396.132614,84031356022.67523
6515427940213346432,344.3298270136402,-47.74247262979623,113.33641902549287,5192.7324,4.6043,0.4012114,11.065388,90019303754.41864,158244460284.08328
5105228445647948544,50.20692747914509,-17.92166545787811,237.23262140760278,4464.1846,4.6768,0.14944835,14.166815,54940749480.01023,96580054349.07062
5636716938994689536,140.90065778417605,-28.15715630629416,287.9545860691489,5013.0947,4.5684,0.32458282,13.375104,80967696118.39632,142332686860.75983
5896398083441517312,211.8913810952877,-55.01334125933723,258.17427963429395,4836.16,4.4742,0.3456196,13.502056,83550335652.16022,146872695304.32373
3820925055391534976,147.2579721987128,-6.063196359452307,299.8236836421293,4728.9307,4.6622,0.20118096,14.126526,63744461322.09798,112056053060.95117
6558741684664937600,325.51357900209547,-51.2606674008943,246.55119105053308,5196.793,4.3724,0.77265877,11.998185,124923138459.28285,219601727607.3709
6674124645339542656,302.1733675753483,-43.7420623249572,266.11001196032663,4199.1816,4.6348,0.10617046,15.184687,46307450038.95814,81403622700.06325
260139576350461696,70.79915105590572,50.50816980829696,148.4220368937964,4403.7744,4.6568,0.14786924,13.280628,54649719564.812546,96068454392.881
1886223677899569280,343.9940650025113,30.06796118918441,231.58543251570464,4358.213,4.6646,0.14826886,14.235916,54723515797.4034,96198180401.75124
2237421538788241408,300.56750738231443,60.78541316047394,210.01781600142766,5213.235,4.5861,0.41126472,12.408409,91140151275.39124,160214792242.00354
4105409399796978944,280.1884954706602,-13.217815935865094,242.84476230667664,5179.513,4.7994,0.10065471,15.433257,45088529154.26975,79260888092.24261
5621737811060461824,133.70640630857966,-39.08336188673704,280.20886601636056,5302.703,4.5519,0.42050663,12.946758,92158509272.49525,162004958405.33374
3973716803255551872,172.35295145241892,17.39849392195273,105.71610164593152,5130.284,4.52,0.4515683,10.712904,95501620482.53249,167881796006.13608
4205087550512347136,287.60717188542606,-6.798141736923716,284.6023679779901,4397.8286,4.6365,0.14399491,15.258663,53929027369.73822,94801553376.27664
5749574935636091008,134.1025333372617,-9.765868856670425,74.456261647,4672.3325,4.5799,0.23519827,10.809191,68923302511.1527,121159910730.13158
1675869580038231168,195.8647567655208,62.852389664877904,218.0687953629968,3988.8699,4.6379,0.09466625,14.961312,43726690065.32357,76866918325.35829
6459205783220969600,325.0473388673583,-56.61392251544626,232.41695221103873,5373.7896,4.4437,0.6821462,11.92415,117378282194.65776,206338664489.55624
2735250648307729024,333.45870098645565,14.929403114817632,292.09216617605017,4686.9346,4.5083,0.2955532,13.521307,77262160859.14682,135818745931.3423
45577853644182272,61.98244886797417,16.64516602988185,278.65006486514136,4504.056,4.5266,0.22751373,14.656303,67788000288.07886,119164168927.46494
6206861027057868928,231.5703206194672,-32.784779948883155,141.92468351888414,4679.2812,4.5224,0.27745402,12.010706,74859087363.15704,131594395680.49713
6095231395362877056,210.17664115328031,-46.76534612977444,288.62850997646547,4483.6807,4.6039,0.17230663,14.417149,58992936085.102394,103703371854.8642
6809637220078096512,327.1802193216738,-28.681941271573628,292.2300663906055,5075.0996,4.5602,0.33809254,13.28448,82635528962.79982,145264561439.86914
1807247372600427520,300.59401827795193,14.30888358086246,240.10062264326538,5167.749,4.5106,0.47798717,12.560783,98255560428.02374,172722932541.89438
1881541923028060288,336.5377978549034,26.925297873106032,186.0875291587152,4418.156,4.6199,0.17977424,13.58681,60257727355.398674,105926741772.12189
5577169072861852416,101.00909248632844,-38.242749756312726,264.19746650426373,5496.3594,4.5993,0.4282843,12.7991085,93006884004.89891,163496311882.296
217245978480296064,57.116775531345176,33.34788529945585,227.19179441996167,4981.2036,4.5488,0.3286802,13.133193,81477142358.43869,143228239724.83435
5074662640871405312,46.70368454416435,-24.620021741794293,223.2735661500436,4933.9893,4.5506,0.33855307,12.70942,82691790466.68675,145363463241.4388
1961677182322466432,331.2466118390522,43.27520119032656,266.410563130158,4246.5967,4.5378,0.1416142,14.764549,53481357093.435036,94014596153.72266
5130329505835718272,38.48861358327906,-19.700095101421347,253.41764562345904,5033.438,4.5599,0.31895545,13.059174,80262749141.71976,141093464280.70734
1358336256934291456,254.12543099948644,44.13883341411078,280.28261592381887,4505.9854,4.5858,0.20938519,14.085336,65031234373.2311,114318064635.04836
2070617580376169216,307.4367020889079,44.36940223591358,124.61481486938155,4523.635,4.6345,0.18025991,12.397283,60339067239.23412,106069728725.81155
4702374772575064576,8.721267402065793,-70.22981874201581,293.8695495527603,5284.23,4.5856,0.37631848,13.178817,87181992481.09923,153256765729.9323
619039649326822400,142.2367325847921,15.562247024322309,166.63659992557592,4499.4443,4.6341,0.17332451,13.174765,59166926225.906975,104009228207.64699
663272972049301248,125.35095565125036,19.140297868011487,244.69199821611787,4518.294,4.6544,0.18516551,13.991284,61154590887.632095,107503333455.10063
5071594213156098560,45.08255457487768,-27.67942602107718,174.91015500909373,5403.4814,4.4785,0.62894464,11.420077,112708125656.39496,198129020890.71533
208791180739892224,79.6193202480784,45.67763936165042,270.62336137765465,5404.7983,4.4972,0.57864136,12.523975,108106984573.66367,190040699197.91403
983926984031397760,112.97645534207204,53.35071952163307,235.7091450387453,5241.467,4.448,0.54352313,12.316984,104775087595.84138,184183575036.90012
1001643792847221248,102.2977750523225,58.59861268694586,297.20943736379536,4400.048,4.6714,0.14612086,14.724705,54325674496.370155,95498817272.56648
2696729632090105600,328.3646190008843,4.783703068660261,180.93172964759373,4555.922,4.6243,0.19388601,13.112079,62578082863.35754,110005682507.16534
3217579491443356288,84.10897079783747,-1.3266171305387866,202.4451837701659,5012.016,4.5482,0.32648155,12.6531105,81204171387.89659,142748385492.4077
5723825163588686464,125.85444125129574,-13.403542551283868,177.78764539851474,4762.701,4.5796,0.25417313,12.626774,71649610833.84381,125952473781.59914
3248996081997501056,53.85571012034629,-3.796248655484832,210.44462428543738,4621.0947,4.3761,0.41233546,12.546423,91258717208.05302,160423218670.9985
3886872942487110144,155.28025176893522,13.532972431611498,232.4289087943611,4529.768,4.6653,0.17256354,13.95856,59036899077.26039,103780654167.39459
354250590499997056,37.90182518414261,47.71960100634087,99.1851785836144,5402.28,4.582,0.47229865,10.576701,97669141297.42995,171692069438.64
4950261215245502976,38.20032513959213,-41.64732421868186,269.58167412929714,5055.901,4.5302,0.36279157,13.020518,85600758088.78459,150477122113.9687
1159101962546395520,220.4732033972465,5.663242711399372,235.45471638084035,5158.9023,4.5311,0.408198,12.63135,90799708356.93352,159616329427.45154
1936294269205211136,345.0273474445784,46.2854485237358,74.19416371290045,4816.406,4.5726,0.28766564,10.562345,76224224195.73717,133994162533.55904
1156182866549195648,229.0509743714265,5.114343379186297,294.5598580811514,4177.5635,4.6594,0.11341221,15.313866,47860686533.60445,84134048959.07309
168709446421351936,58.33959089097548,31.4363335723225,234.80279463021745,4754.256,4.5039,0.2763019,13.706127,74703500552.21703,131320890444.4236
3677673808578030208,194.44553727322315,-5.295615390904151,265.1379504546387,4163.7617,4.5325,0.1412059,14.79057,53404203105.84952,93878967565.01968
2219922566417955072,335.48964180573324,68.26038491261718,209.19268114439942,4352.288,4.6429,0.13883013,14.11346,52953038143.49436,93085867052.24799
4074984091952494848,281.5957842257699,-24.89058937347066,194.80837717772548,4245.401,4.651,0.105413154,14.422878,46142000676.80768,81112780137.12506
4597097461930430336,266.38543090957995,29.361321027509963,85.50533982014142,5144.411,4.5783,0.35567904,10.695264,84757503045.32616,148994768511.25757
835027992660779648,158.97524061905344,49.53480461562459,245.1453406591957,4716.059,4.5571,0.25768042,13.243233,72142257315.49498,126818494438.81747
5001722242075596416,14.596074436320906,-36.27484735168545,242.9474730293372,3952.6604,4.6967,0.07447671,15.35152,38784594848.54803,68179235154.81601
4204649051543439872,287.1509850534796,-7.540366185340559,120.73296335315638,4206.8145,4.6451,0.12090308,13.284736,49416012666.60994,86868148582.35641
1522252927871673088,197.2667976061346,36.18460965381756,125.50779566740597,4208.1494,4.6403,0.11981423,13.322175,49192989732.59725,86476097740.46045
3393069935307639552,76.70949119278939,15.5457470045003,148.9473110789273,4199.956,4.6659,0.10906716,13.836387,46934913269.90538,82506637011.30736
6371315737139125632,323.497809621359,-71.95259155526513,195.5516069809973,4743.7256,4.3358,0.48033592,12.145651,98496670394.45747,173146778482.8884
3011926183748052352,86.61980729182845,-10.028521974078446,200.3738361605388,5426.627,4.5902,0.4440852,12.658458,94707019048.8385,166484970327.95822
3090305488610224384,125.85518930712112,2.7481320591378613,225.97182638281603,4542.665,4.6134,0.20747927,13.562411,64734585716.35005,113796587522.42589
6395437033683860224,328.5277314776272,-71.06625990578029,166.53071298744268,5008.248,4.6068,0.32844815,12.141814,81448375628.44792,143177670841.58737
4443372576586744576,257.3089453929148,8.656329639929853,248.42569239768636,5083.6045,4.4901,0.45467767,12.791779,95829854825.0519,168458797429.30176
6071248126214893952,181.59900599654287,-58.72094267629454,200.05692434941656,5461.334,4.4446,0.7429106,11.662348,122494698990.73976,215332786646.87936
1098059967485178240,117.15898760019137,69.2043011257516,124.96605021219366,4992.543,4.6063,0.33413222,11.501977,82150118726.6273,144411261340.4922
3479087032051653248,177.42283667403407,-32.077421272483264,282.48401533907366,4447.1304,4.6047,0.17921183,14.392962,60163397669.454994,105760920113.67352
1888975098372855552,340.9479192756514,31.93122332962708,252.66317846668701,5275.543,4.5645,0.46021882,12.765657,96412024979.24886,169482191279.31113
3867420550272488320,166.85127490279453,10.2485925280846,227.16288741226785,4975.967,4.4079,0.4594619,12.467482,96332708122.36995,169342760594.06082
417483641655183872,12.532173722155838,54.33380289954195,282.92613043062346,4380.4727,4.6571,0.14183678,14.739027,53523369853.0933,94088450162.80612
659138739609379072,128.3747003524879,17.748496524851987,229.5767806034138,4377.6045,4.6547,0.14343837,14.204464,53824708690.15893,94618172118.48991
6835984061300518016,320.4816777644666,-16.33903987719295,199.86203037074085,5207.28,4.5429,0.42379192,12.201011,92517812014.48824,162636574804.41617
960804044043985024,90.15262584181328,42.25097249346781,295.2948603363241,5438.885,4.4233,0.7911467,12.378463,126408863803.04514,222213476369.56354
6554646553607406848,346.4314187069685,-34.371790824716946,38.86415531276754,4172.5024,4.5696,0.13569061,10.203118,52350871362.51504,92027321237.26328
6012643194350600960,232.9704647465981,-37.18304283846219,263.28070248450183,4591.357,4.6438,0.19310607,14.380455,62452090449.77037,109784201106.43845
109184223353622784,46.40518943255447,22.911193229542818,102.58693973404057,5029.861,4.5719,0.33713007,10.996279,82517823168.28645,145057647043.1983
2859220923641671424,7.015202330259003,31.255168555831936,283.4504504046112,4069.0232,4.7092,0.06671337,15.868357,36707554904.23425,64528017568.495995
3605260870420897408,205.08209198176277,-15.980475162119566,284.01713191328236,4608.9185,4.6301,0.2177089,14.150454,66311233879.25831,116568169029.85408
423255734107316352,1.2597671288992394,59.69185298446155,123.1445887882003,4050.2444,4.667,0.09435786,13.608435,43655408726.19084,76741613234.46179
260952149802010624,72.51023409962916,52.49403350160063,292.6400807514873,4798.6934,4.5108,0.3064169,14.374097,78669316079.99449,138292376687.99033
1569905624380981376,191.49389088753597,53.20031183716967,231.2015324000735,4513.279,4.5511,0.20913027,13.440789,64991635557.60183,114248454085.46848
1922385481466982272,357.0344474431593,42.73681990894187,139.12967823268968,4490.152,4.6647,0.15933315,12.85112,56728602957.60176,99722912567.57362
2567935898029171584,29.0852374680369,6.982100304583496,288.2585803315273,4876.0312,4.4935,0.3851778,13.2283125,88202245441.04182,155050263038.46298
3431910698957365760,96.37967338367386,25.68561273685685,248.87048949291437,4678.7007,4.6381,0.19695629,13.715039,63071614017.8721,110873258326.15411
5197964554872010880,175.66976419386063,-81.12047320353429,239.6050402005598,5067.772,4.4223,0.5462091,12.772483,105033656091.69737,184638111234.87854
6808757920014463744,313.36002755646,-21.793231524912777,198.2520726480877,4895.203,4.625,0.26325083,12.836683,72917856213.70454,128181915659.88062
718512642386911872,136.27160832582155,37.19022777934731,241.51217072618658,4000.7607,4.7265,0.07794395,15.34458,39677127477.25732,69748213565.28392
3175153911868327040,64.89757350975327,-16.068653395202237,246.0075814318884,4348.159,4.6705,0.12778477,14.660043,50802907154.77491,89306163103.65695
449780490047427712,51.13698813029493,58.47436914482456,296.48894817230047,4408.307,4.4191,0.23602945,14.508848,69044981014.16626,121373808730.16595
3101609365796832768,105.0677107591293,-5.009438983695524,262.4213454112169,4813.8545,4.616,0.22372374,13.652805,67221012982.39202,118167464926.94177
3436058022456964352,97.15211713396307,31.361871656419925,294.6272898047055,4221.1016,4.2555,0.08429752,15.81628,41262583515.74037,72535278390.8278
4403435806003536896,235.12013181199728,-3.11590911594162,216.81835656425847,5365.762,4.5191,0.50205064,12.806531,100698448637.43822,177017272867.9177
6253304879252189184,233.73571271717768,-21.341599899880475,243.1548392520517,4968.7876,4.6478,0.26542884,13.577715,73218878399.6572,128711080976.23949
5621092496509808000,136.73804666635397,-39.6805806110953,251.8664516486364,4355.4243,4.4386,0.30056006,13.645157,77913847631.69733,136964342678.87846
6394282099797637888,341.76697235381056,-63.77718417224064,270.50059637728975,4815.713,4.6579,0.15660784,15.701445,56241353929.59516,98866380065.7094
6603306613221242240,345.05105101183545,-32.21016646928229,191.6598629629338,5371.8633,4.7125,0.09404138,14.762389,43582136249.84982,76612807933.94653
5489277961628581888,113.96783698103611,-53.55356657593578,197.1486504586718,5444.4834,4.3941,0.93478465,11.237947,137405717255.45418,241544787175.37735
5546241082093727104,123.88646185247774,-34.945206112152775,295.5168235294011,4864.468,4.6006,0.25240207,13.837164,71399549815.62155,125512892833.77682
1843157972106673792,310.96746922917794,24.02599787157129,134.41844873205943,4250.4707,4.6657,0.11971143,13.411402,49171881536.43968,86438991753.5308
2675633616021122560,331.6473690806002,-3.1461249765717474,278.449723155666,4249.363,4.5842,0.1310999,15.37072,51457679484.95312,90457183936.70706
883107776421715968,106.2367823231114,26.33764635413241,297.2860601054531,4945.5444,4.5412,0.3148831,13.375539,79748714920.81699,140189846229.22565
4616370418998077440,24.262729351960544,-85.82304123358114,289.9766723572839,5488.14,4.3566,0.9306447,12.147759,137101110184.80928,241009320009.0858
217625344349823104,54.631074012045545,32.699353560526674,213.1357216046189,4249.5166,4.4684,0.23776275,14.031306,69298035785.15495,121818652380.21976
5870561827963328128,207.8595261030332,-59.289251490207725,221.22065324123534,4150.5522,4.6817,0.087502465,15.223657,42039656722.12556,73901291290.47334
544629173422511872,55.7463363644953,74.14721644512407,240.3637383082814,4353.619,4.4358,0.2845524,13.497856,75810636647.11533,133267119158.61325
3618736416211395456,207.5106206444576,-8.966493278342373,180.53473493512377,4058.0276,4.5037,0.15766168,13.59919,56430265334.42634,99198466429.99156
3127069961986710016,99.56223165150068,2.7025108188307123,138.54987610659427,5422.062,4.5699,0.53353965,11.150454,103808368879.40471,182484185293.26935
486045063591684992,87.15705228639953,70.83872584436419,178.39411131275267,4093.5884,4.6089,0.112500004,14.159424,47667819512.2833,83795009037.38223
3496515940618707712,191.32514654397949,-26.68207504665996,70.77724780962087,4339.7983,4.6487,0.14217414,11.727626,53586984945.85316,94200278799.55238
3704093702899400960,190.98818373647995,3.9173901883188256,118.0274826908333,5495.5625,4.4871,0.6600186,10.56024,115458817333.07607,202964447311.82846
5542424402354434944,128.95717951649516,-35.833973793666445,99.04473269572323,4200.881,4.6527,0.11631956,12.797683,48470264839.30999,85205623454.36597
6430022275016974208,301.8491552291127,-64.67075009719649,258.3438357609319,4223.7256,4.6102,0.14353715,14.676488,53843238912.14298,94650746298.18819
3395738720610550784,84.2052315579166,14.832987938107609,240.43559251160517,4646.344,4.5629,0.21916309,13.496153,66532328753.58156,116956830545.76968
4326799639392209536,251.65183684108013,-13.779417788444322,287.66456144258166,4541.6353,4.5728,0.1720644,14.929665,58951455137.329796,103630452715.09554
4892464458818948992,66.14023034003709,-27.06077602999636,274.343406703797,4752.0664,4.4634,0.32806244,13.40898,81400537512.30434,143093576468.99814
112340096605881728,47.08617149172094,25.79178659842459,245.8213669144207,5021.6553,4.653,0.26801926,13.45492,73575296210.0367,129337625969.2224
900435564279494656,113.0750538045656,40.82829818622488,255.4114502187696,4397.7686,4.57,0.18524735,14.251568,61168104038.16755,107527088151.30507
4523070608210602752,273.9764241110633,16.95258905955742,247.07872731096447,4355.2207,4.6107,0.113584764,14.775355,47897082147.41551,84198028617.03569
5682349454683961472,141.83364439649188,-16.477667859858617,82.81161356374542,4955.725,4.5291,0.33934152,10.549786,82788024162.82047,145532631949.37912
6095040698814861312,207.99324433457696,-46.85596825596437,211.2454552154301,5033.336,4.3391,0.78158885,11.73545,125642970304.19016,220867116218.9448
928059423833841280,123.08035236468102,43.0939301898988,225.9299179481866,4240.2676,4.5883,0.15410106,14.168065,55789417939.8616,98071924167.96725
2152283982624877824,272.5749928568274,58.545845079027856,299.49061382662677,4229.299,4.6283,0.14281636,15.047301,53707878439.92403,94412796836.49803
5981231246665183616,239.34363388929904,-52.27706744539294,220.02632974075576,4457.0635,4.3981,0.2713276,13.38476,74027997905.09785,130133427896.32991
4557772191618233600,252.89342501289352,15.450418834632076,186.06382759433114,5252.609,4.7669,0.07052046,14.998268,37740407540.29223,66343663781.35581
5679552155368264704,137.41429371068588,-20.114626678257437,253.92896479521482,5150.973,4.4303,0.5101381,12.708036,101506276596.59381,178437349385.59122
4226097117452895616,309.31942068760947,-1.9229604199505483,292.30993378918504,4545.6113,4.667,0.18000956,14.350519,60297152389.73269,105996046832.47746
2183864361760511616,312.369759204693,55.65365110855912,273.42535308495576,4444.909,4.6766,0.14431837,14.5690155,53989564572.07192,94907971405.64223
3348002873536600192,87.236556119399,15.650153939017326,234.1255027873607,4830.257,4.3394,0.65600544,12.131635,115107265725.76987,202346456591.61652
2196425113875105920,315.3972284180504,63.226228717129466,252.8687768270003,4291.4316,4.6556,0.123176545,14.892535,49878458891.443016,87681080367.063
5269584955597969792,118.35308042261696,-70.87134113560845,299.2870368090017,4514.9688,4.5948,0.19390112,14.35043,62580521245.60709,110009968926.48827
5770162431875082112,217.2091378358788,-83.28238813731694,268.33769611033085,4880.6484,4.5816,0.26899198,13.685134,73708688385.41333,129572115372.25291
1806366629423693440,300.9742306379806,13.335919543319823,235.3340697156964,4464.567,4.6755,0.15155661,14.261682,55326915472.90572,97258893515.52902
3394759781601050240,77.97617513104207,16.74447085660733,120.10403680170535,5359.024,4.5417,0.4851677,10.957497,98990828106.66173,174015455724.34222
5550942314626558464,99.68524038827206,-49.430599961112925,122.06338495981787,4550.0703,4.6442,0.18616658,12.39201,61319679691.04958,107793542193.73979
4123929401870343936,265.5057356221023,-17.04704347988948,270.4483558260286,4473.168,4.3817,0.3687748,13.685814,86303743774.96349,151712896951.77795
6022296494136776192,245.4109733486877,-35.054510131738546,193.87603637076094,4120.24,4.6837,0.09188707,14.907347,43080052019.58039,75730196708.10448
6321719589404598912,231.05560765901944,-7.342022293108375,258.40468302965394,5176.918,4.4275,0.6496667,12.336949,114549796152.28162,201366483762.4319
876641621554557952,122.14172784902854,29.680585839373546,216.5450422141249,4601.3945,4.6095,0.20902947,13.290151,64975970808.393776,114220917105.2817
4292510128031971584,291.2490770770455,3.97414918292079,266.02979010169923,5303.0,4.4499,0.6922369,12.388866,118243258752.09985,207859202227.37552
1433669502269176064,255.40293870844616,57.77670331527518,278.8593253586497,5152.905,4.4836,0.44331786,12.850412,94625160990.90654,166341072478.7515
3683905638620831744,190.8883721703337,-0.4466297686860851,238.5698730525102,4551.0923,4.587,0.21093985,13.526859,65272212461.8781,114741678748.77519
3050776984743231232,104.9458899273865,-8.756161306634288,111.74702297018378,5281.4717,4.5906,0.45600984,10.869562,95970139133.24399,168705402476.3342
5480210873348183936,102.00481662043278,-59.778709050099,294.40479510230335,5118.2974,4.3612,0.76510596,12.725634,124311071493.10893,218525778308.93884
6727544211660604032,273.6592227335461,-39.11513644825086,196.86519341492314,5244.4634,4.7465,0.08189512,15.01955,40670361170.10121,71494213846.38846
5875282856001119104,229.10602101026012,-61.95368946497068,162.72831324064052,4206.0522,4.6744,0.11154179,14.026898,47464381078.543434,83437385685.43953
1772516136723741312,325.9107126274389,15.884679287776471,257.07559978294944,3997.36,4.5217,0.12748858,15.12737,50743995428.97347,89202602490.93233
1342370386026596608,263.86670475856323,36.87222911699288,271.96770222997526,4469.032,4.484,0.27743953,14.779474,74857132584.5987,131590959385.5577
1572317952892045184,183.86923178687488,54.25466589063236,272.88861616299005,4591.972,4.5717,0.2365011,13.704626,69113931759.72104,121495016882.87804
2715701499069127552,340.2388842338499,7.580352660571527,144.438617912989,4258.414,4.6351,0.11877353,13.290801,48978879941.83826,86099715266.17882
5670512009419955456,149.22667440450627,-20.11494730429131,134.01145439080446,4636.1245,4.6381,0.21132816,12.310432,65332263227.59503,114847241673.77232
4368071801203742976,259.5715428341891,-1.683716574240868,186.03577747072003,4235.7793,4.6562,0.13594785,14.631442,52400470821.48845,92114511865.14285
4591997858283287168,277.13494328380585,31.79795505203923,216.91564786572403,4831.243,4.4271,0.3323284,12.919312,81928074048.48766,144020930169.44675
6569656231653428864,333.7397880617999,-42.78841099096043,265.1295026614025,5030.0073,4.5149,0.43417954,12.77525,93644806031.97221,164617711656.2038
158532572951835648,71.41739616633964,30.06601503623231,275.9727742508957,4414.197,4.4097,0.05036901,17.31621,31895596221.417747,56069100726.071205
2578087040348960128,16.307481723167353,8.362111916678508,244.1015896922921,5186.3564,4.4923,0.48632368,12.497269,99108687700.71246,174222640484.41034
6098863838183735552,220.40355335948428,-44.83354479466073,224.19711984849582,4594.317,4.6477,0.19572751,13.612583,62874559138.732574,110526856591.24568
3330917772808899328,95.3480093255883,11.356055144998765,245.00554867557912,4348.0923,4.6623,0.13087285,14.546402,51413100773.91555,90378819255.19891
5717003312423450880,116.0324638822576,-18.15941005371996,231.29859721413982,4349.7803,4.6431,0.12811908,14.497458,50869318927.01616,89422908008.5442
528581629418278016,1.0436206784932571,67.42186846241025,102.18411402988436,4458.1377,4.5713,0.17400476,11.939717,59282919307.47454,104213131835.24472
932250727799373824,119.806782455497,45.17656236479742,185.9156541663877,4112.857,4.6793,0.09620308,14.376613,44080194848.251396,77488342522.7156
2845271179102110208,347.46293834892543,27.01041274197718,277.494506192914,5434.3364,4.4185,0.71730465,12.301501,120365171906.55463,211589302193.6276
4303953540115583360,300.4420416059283,12.12078261177497,128.66250309883748,4613.024,4.5482,0.1753837,13.855305,59517356200.2222,104625247215.12746
4176783509853733504,268.161707630461,-3.292540068736466,293.0991774178391,4560.8916,4.5943,0.20407377,15.185402,64201120982.7117,112858812674.87216
2326167863906481280,357.21098012357,-32.08750155342324,287.5763171888665,4056.3525,4.3504,0.106994815,14.944878,46486878312.521515,81719038717.80096
5890217827340504704,231.40903881531287,-50.70288065956008,258.32528655955883,5262.6733,4.4952,0.54499805,12.623828,104917151629.65039,184433308654.22754
5900949821063497088,223.4166146388664,-51.84906863482116,154.6507621616719,5241.792,4.5624,0.38676035,13.629292,88383254552.09953,155368458002.11185
3155881122302517632,110.9107131313801,10.426407385761806,228.46114163648429,5245.169,4.536,0.4285123,12.472055,93031637128.0843,163539825267.26398
3669065839418179840,217.6901900460149,4.683617139661163,232.1598520018571,4389.953,4.4467,0.2288438,13.380832,67985859542.47733,119511984669.40752
5206768138315619200,113.18602777879704,-82.10827890570387,105.84625436483934,4443.0527,4.4031,0.33514214,11.341179,82274175083.22531,144629339356.82764
510283350760181632,21.153949758622584,60.53540227528608,267.31293896950825,4735.1865,4.5689,0.23982319,14.199285,69597654706.33417,122345350904.819
5749576030851478528,134.33477464240084,-9.806103042901688,110.1687884283763,4789.4243,4.5581,0.28323153,11.409413,75634478456.23618,132957451602.01518
6018219161424483840,245.4622812763883,-39.28136919833087,156.49453418645345,5464.7856,4.5173,0.5519679,11.456495,105585900511.86963,185608898794.54977
246855689181011584,58.46726145330981,47.52890355981123,291.883742486901,4490.63,4.5995,0.16885425,14.572994,58398946872.34734,102659201344.02113
1683112544166751488,188.3018739258744,70.05233692121274,138.548295361385,4478.3184,4.6726,0.15529825,12.880817,56005708837.21684,98452140798.05486
2529656989119695488,12.247953000654247,-2.5079267060448576,156.3560379126262,4970.834,4.5561,0.33290404,11.960654,81998998880.35928,144145608558.10526
3118354584288672896,96.36996170922907,-1.2463126218317455,278.70548071278256,4811.807,4.5846,0.26889476,13.534188,73695367158.72067,129548698057.96161
5408147541242806912,149.3036243416328,-47.62752990733375,186.14438995891268,4191.0425,4.6687,0.1128878,14.286926,47749906118.25158,83939308649.9791
5669773893520217728,153.6469777143183,-18.53053413638188,126.8396851677406,5316.9224,4.5471,0.5049331,11.009019,100987108582.49675,177524706666.07324
331851610198119040,35.80078559556293,39.15927869999105,166.03680859994745,5446.262,4.4454,0.65271443,11.291768,114818170967.97983,201838258438.44876
5754020600448305152,130.81051120815476,-7.64048994602095,178.68405829710235,4870.039,4.5359,0.3302323,12.300369,81669292251.18814,143566019009.98334
3240442053332398848,78.3530322050691,5.534393365461306,271.25819241640056,4822.9517,4.5125,0.36319774,13.128874,85648662638.9631,150561333270.59833
3243688052176408064,57.52762676962222,-6.438193099531567,169.38088089370788,4218.19,4.6519,0.13078552,13.866186,51395944215.635056,90348659831.69531
2443436414005395840,2.8968355342388965,-5.987907886077608,215.62858781679705,5490.8403,4.5549,0.63120055,11.976497,112910076499.14543,198484029214.28723
4530075008373928064,275.7749879188188,22.4423796469108,285.80866391545584,5378.6504,4.4192,0.7331758,12.538986,121689492022.32289,213917317555.03076
5414631979783669120,152.7459150854822,-45.19857680857197,234.11920403696405,3987.8298,4.604,0.08762123,15.071328,42068176757.611824,73951426510.74922
4745280465069983744,40.58845840428052,-51.32913590210838,216.73572260600162,4374.1045,4.6369,0.15432414,13.910845,55829784315.39719,98142884007.06664
2401632466521484032,338.3826603736697,-20.249237065533496,283.0107743411421,4196.939,4.6521,0.14130054,14.971806,53422096576.32328,93910422402.58934
4729113898929831168,52.82997966880959,-59.08973238322685,260.012636251601,4918.3257,4.5077,0.4018676,12.890375,90092889068.35286,158373815520.15714
2096548329468018304,281.42493524589054,36.926159327542,258.78473489235483,4752.4136,4.5927,0.2509126,13.469692,71188567302.64243,125142007784.64511
3458384873071331712,91.12418319336692,40.14945291061988,136.19311018891915,4884.4624,4.6205,0.2738355,12.011125,74369333954.4222,130733460740.93166
4585686180504358912,277.3309931470582,27.707370774126343,158.7521686284169,4194.4033,4.6695,0.11200458,13.945272,47562744676.77206,83610298537.06245
5296363973611692928,134.75306777499915,-65.18772240997247,211.52455678738298,4422.9873,4.5633,0.18744792,13.723011,61530342165.17736,108163864648.25916
6561011836875721728,328.49838253877147,-47.93100074512956,275.94734476790165,5395.0156,4.5069,0.51792246,12.658926,102277802825.8397,179793611283.31824
394377301715973888,4.308879407310868,49.429969372344665,267.27978031425215,4293.819,4.6638,0.11056262,14.804835,47255588728.37709,83070350711.98921
6065404011423255168,205.5819764878602,-54.534317460674224,288.74463359551476,5405.1577,4.3442,0.98293793,12.319506,140900347561.9248,247687979398.33096
2157079330791543808,279.90855502395806,62.4669648273378,165.0273156112661,4728.1313,4.5854,0.23311566,12.549751,68617476440.747406,120622300690.57701
2274696151198328960,305.47494500226003,70.94370244166977,125.34626492429186,5479.049,4.4684,0.68773896,10.643377,117858478735.11456,207182799460.67508
5948866709600471936,266.2381610765629,-46.6800207300167,201.84465858294345,4330.6094,4.6345,0.13132617,14.091686,51502066664.342476,90535211925.73888
6153024028616629632,192.8618735274524,-37.46535475821944,169.7193119750702,4115.922,4.6504,0.107681744,14.164457,46635867281.20426,81980945641.69592
904798430714620800,126.42959205911284,36.99171791091707,294.7238743335254,4410.345,4.6308,0.16614018,14.624826,57927709381.87048,101830815439.70918
6212551038391919104,227.35506130949787,-28.34166092349999,225.39941111264605,5010.7974,4.3875,0.5681874,12.375459,107125982158.17496,188316200214.89703
953059913067875968,105.1826426572359,44.61669296663984,115.65849125973901,4790.321,4.5722,0.26985738,11.570815,73827160834.04327,129780377466.16028
2975637975003436160,77.21577057667525,-19.044191624792397,258.3577558867154,4405.0654,4.5659,0.17307448,14.236273,59124235075.28844,103934181658.66493
4529201725570353920,277.51922250713886,22.377297186961115,217.65665977720857,5454.679,4.4406,0.70131326,11.778863,119015915733.15404,209217451867.755
3572873209237573632,174.92375649566011,-14.325446410496593,187.21797044105367,4790.734,4.5626,0.1695142,14.850779,58512958810.41538,102859622329.88809
662248433371158784,126.8575470746186,18.157414281545645,114.83720217764323,3901.1292,4.7116,0.057414107,13.925583,34053231005.117702,59861995556.3648
1418379620557899264,266.73977912139986,55.57831352381446,183.3337323058217,4686.0264,4.683,0.2472216,12.943257,70663024775.15314,124218159341.585
2213115116269639168,345.4618250694637,67.45190579057585,265.94541214411163,5065.0796,4.5371,0.39995378,13.103768,89878107701.71104,157996252486.1657
1381639443812233984,243.7902942611469,41.35204843614198,292.44414385610895,4391.3774,4.6037,0.16806106,14.61674,58261621375.99514,102417797576.74934
3272740997672088064,59.72574719532604,4.62325632303944,262.7660024333036,5098.3193,4.4687,0.5042878,12.878995,100922557639.8189,177411232903.68164
69267278341534592,53.29240717794546,25.00240469577478,261.29246652328777,4528.997,4.6476,0.1736468,14.234547,59221909945.22324,104105883798.44507
6808447857735499008,313.35788314889925,-22.27679685121832,278.4628522179104,4151.3384,4.6778,0.105412066,15.30104,46141762553.64955,81112361541.67868
778963718665938688,166.6739506622316,43.92233725763354,225.1834264132276,5196.6704,4.5149,0.45335647,12.34174,95690522587.74126,168213866022.66095
845940439408124416,173.12289977190318,57.56106991371251,38.833507784295065,4854.794,4.5346,0.3219526,8.968694,80638972557.67004,141754825443.48312
6007815410602453504,236.32644522587455,-41.47222048764215,214.02923605921194,4347.932,4.6014,0.15357168,14.158026,55693509417.44343,97903327081.19003
4110258654026480384,263.5944878893987,-24.963183372551665,263.83221869878525,4040.564,4.659,0.09452617,17.12709,43694326354.19187,76810026327.8952
4429994268857798016,238.33422640592417,6.617423100275452,194.7760905122108,4268.659,4.6671,0.10574383,14.1102085,46214316628.01801,81239903967.14746
2557554004297619968,10.864688629437117,7.589143515677389,137.81604067679942,4878.457,4.5825,0.2825317,11.930478,75540978953.95404,132793089319.05606
3126637239743031936,99.92346474089638,1.4255837264899276,280.98108385554485,4129.9165,4.6649,0.09875223,15.260575,44660386076.74192,78508257629.64105
1438719245641963904,256.79764380962894,62.1617897584724,290.5459714792326,5156.8354,4.4601,0.5335489,12.779276,103809268740.59619,182485767154.5217
6152372598039680256,191.23845899025076,-39.5995136839405,276.5771189503283,4723.542,4.6014,0.24227007,13.704544,69951800884.41963,122967902607.34819
1685017929098386560,203.376214706385,68.8669390263272,271.83989447394106,4776.755,4.3404,0.5149632,12.779857,101985191275.60947,179279230979.22925
6446730999170158080,292.80864810131834,-58.69286615819565,255.91849412739893,5455.296,4.5316,0.5180856,12.601794,102293909761.04942,179821925579.95004
233562627962489728,61.3984705352648,45.77944608074844,287.61349911189325,5359.933,4.5376,0.46838856,13.732992,97264006924.53357,170979885856.81165
3351374908196073344,102.67678694824995,11.85037725828396,275.2632980856946,4192.8145,4.6613,0.11854869,15.082174,48932499119.578835,86018182662.8386
5823627932840427520,231.9242254411756,-67.1171313736089,84.37897894943141,4200.842,4.6303,0.11046537,12.580136,47234801336.521095,83033808665.25288
2467882818098285312,28.63211535575186,-5.3251239260452,164.76510960132498,5376.9824,4.4319,0.632819,11.283137,113054739176.9579,198738330974.23123
4499858023661281920,269.35920102072987,14.458653165101657,201.2037762486513,4848.4365,4.5315,0.32451996,12.66805,80959855475.71945,142318903836.26474
3954643437609403136,191.3544150581797,21.44819246421222,200.16034066480154,4348.5864,4.6846,0.11864471,14.068181,48952311854.53436,86053011365.33936
4891322512914419712,66.63182525486856,-28.149205237508,220.6988463337519,5217.401,4.4704,0.55507183,12.100706,105882359594.96544,186130042656.41293
3750556865265427840,159.95606119143818,-14.529548637678266,229.94648888184008,4324.3423,4.6188,0.16039339,14.231621,56917032701.33965,100054152222.35495
5355858753975763840,154.38544810280584,-53.5764837664763,163.2396631415803,4221.8315,4.5956,0.12375476,13.583632,49995391488.46218,87886635563.92825
2022148908802046848,289.62245226966854,22.556315115600167,277.70498991935546,5334.339,4.3679,0.80543846,12.3225565,127545517162.75772,224211593328.21622
5637834008449034240,139.16724417849468,-26.81285826128802,199.69801368374303,4251.031,4.6779,0.11409553,14.397848,48004652737.49229,84387126391.17065
2799845994366885504,6.362784572117937,21.69376462899793,187.86083324318102,4989.8086,4.6866,0.19332913,14.730078,62488149758.42323,109847589575.33348
1034218233568484352,128.7822977185149,56.4524408481269,233.47249970959433,4125.1787,4.6655,0.10627371,14.922914,46329961396.402115,81443195296.83318
3010308149308566656,84.73437527131821,-10.964576446012796,271.40503158587063,5474.7764,4.4442,0.7494205,12.1789255,123030220322.45532,216274176777.3688
2503976383224098816,39.48271977230402,4.393057840546757,136.12909450126546,4448.686,4.665,0.15793897,12.964403,56479867350.03426,99285661552.1655
5300846476362616320,130.30307019150592,-62.46509728943816,231.6239679088639,4147.5547,4.673,0.08620435,14.998179,41726658557.50704,73351073464.24922
6510068714381333376,337.05975657492934,-53.31454927637402,296.50798451421196,4524.1143,4.5977,0.18695478,14.212174,61449351520.0151,108021491619.39494
257464979956176000,70.16936735343582,48.11530889491687,295.98772157091366,4700.53,4.4976,0.28751144,14.56412,76203791879.04866,133958244671.5908
1584403956502384512,183.2980877455161,63.88596147980879,269.7725572833072,4524.3647,4.6032,0.19220163,13.894825,62305667134.4581,109526804331.10002
3731589499412346112,198.58595032079256,8.247761727128472,226.10593620828246,4475.4277,4.5983,0.17432198,13.736,59336932670.396965,104308081641.6452
3310511730346481024,63.767229931123765,13.256613230454423,196.97120317200208,4440.1733,4.6656,0.12971309,14.632332,51184789303.56784,89977471723.11398
867563641239033600,116.85614018004716,23.95207346147961,207.79565310067895,4714.56,4.5745,0.24461244,12.974726,70289149308.90024,123560925627.22462
1194730988304869760,232.9057931859437,14.10062464685194,202.87094975566058,4632.235,4.5352,0.24774067,12.966607,70737168424.99593,124348496073.41388
4053959780393319936,266.69643405760144,-33.03866384141903,119.42665094771368,5253.272,4.5506,0.46120864,10.979441,96515648831.08304,169664351103.0618
6519032276768447104,339.9490235356972,-47.66102131718678,135.49820154692273,4349.384,4.6682,0.1351406,13.190956,52244663792.11367,91840619508.24193
3171369117968323200,69.40096679522092,-16.540923143356267,234.16835299416627,5114.5674,4.5307,0.41084117,12.646894,91093207843.09416,160132270629.4392
2505678083626396928,26.491108092464664,-1.4794113891292888,199.404613997051,5353.0107,4.6552,0.25702405,12.869887,72050317450.6854,126656873834.36273
4728244013433961728,45.06614759854966,-56.9141606651681,295.99158889413536,4650.976,4.5501,0.25418723,13.686015,71651598151.50865,125955967276.86258
2166659306899432832,311.7687209591914,46.76726312043248,281.6371091308802,4323.117,4.6796,0.108639315,14.983359,46842765460.116974,82344650861.4688
3604222416048273152,201.31692046266264,-17.113903579108413,159.03423725593032,5074.2275,4.6628,0.091184705,14.479578,42915088853.13954,75440208826.0453
3872564928955658496,162.98778126358073,12.483190273521542,169.15515561829207,4415.92,4.6648,0.14642608,13.464986,54382383143.50564,95598505104.89938
2209921206790414720,356.40351415066453,66.56883553208259,271.85402507135086,4198.4556,4.6735,0.12126829,15.144746,49490591468.87267,86999250266.33406
501597518126861312,68.22919185659046,72.61116466206504,277.42717220261403,4347.503,4.6627,0.1210798,14.915161,49452114348.133156,86931611538.29724
5250393770416958976,141.6278246921504,-63.62850830841779,179.557151768313,5270.3843,4.4833,0.57911485,11.57667,108151206359.83174,190118436443.07263
1748265750642045184,309.88852911749854,6.942788008268364,291.7822397964396,5398.7134,4.381,0.8808509,12.186173,133382919336.55081,234473131886.3578
5930601072685735680,249.34476890121056,-53.44949280942079,294.43474128603833,4282.4297,4.4312,0.18939313,14.3184,61848778676.22761,108723642515.05273
119049896375359104,51.17538959170836,28.96558150257438,116.5284851744609,4714.7646,4.574,0.22736314,11.859659,67765562335.194214,119124725368.18352
5016625434996024704,23.61400482442232,-31.61689777158398,279.933018266161,4422.1694,4.5994,0.18733948,14.32489,61512541712.69821,108132573326.53264
1249781233404846080,208.01040286990224,19.96495051656387,271.4580605175244,4786.7876,4.5259,0.3271436,13.188944,81286463931.79994,142893047122.21674
3558700057679430912,169.7385268742484,-17.26144162597469,77.70977718040035,4854.5435,4.5559,0.29645917,10.639184,77380487510.1328,136026751728.33871
1066170037175553536,154.71028589143026,67.11096571706508,184.91786185887622,5292.0303,4.5016,0.59066695,11.579482,109224572333.03464,192005300838.0714
2011802439967071360,356.57881241618446,60.67285472988334,241.23391203265362,4248.973,4.656,0.12146476,14.671304,49530665759.52666,87069696650.95738
1257416615809962880,211.88064212318136,24.81702453284608,262.36099590662036,4144.6914,4.6575,0.0955464,15.148746,43929492038.927986,77223422847.37868
1541119654052521856,190.45702768034903,44.8495482661236,187.52300327270947,4327.895,4.6677,0.13300669,13.885843,51830543177.32657,91112639059.08987
4478494620124857984,276.1286391537448,8.45547858696044,272.3260439188633,4117.7505,4.6446,0.107008584,15.500636,46489869379.12671,81724296698.04381
6880250670016903296,305.33947332653594,-11.624469562727588,213.84319945781252,4657.011,4.5911,0.21802843,13.505845,66359878330.01408,116653680853.81422
6662174259617165952,284.95388727966656,-48.18242695905237,288.45792415962705,4397.213,4.6124,0.15995544,14.672069,56839274343.44565,99917461214.26761
266722485603404288,80.92519104931398,54.81534871149724,143.80799583276146,4694.9385,4.5927,0.22482422,12.384687,67386137688.437546,118457736778.62178
1335326291767977856,261.7577263709452,33.01758011962612,214.5985303790804,4544.5884,4.5273,0.22815625,13.229746,67883652621.5478,119332315661.03667
2993749023159565056,94.4305919282094,-13.46763215380761,91.65497758009528,5492.7305,4.4671,0.7033409,9.916385,119187841225.96275,209519678786.6924
4115365060901715328,258.2936673263074,-21.93602423229788,280.9204004212248,4980.6924,4.6954,0.21538772,15.532325,65956786310.6679,115945087514.54254
3142711721781011584,110.77861299718116,7.14080307184842,166.2273051822173,5103.884,4.6158,0.33990565,12.109142,82856810048.55153,145653550295.87476
3975102909461044224,178.56110608026904,19.052350177729892,206.4851281812278,5293.454,4.4642,0.5790809,11.887271,108148036187.91301,190112863614.5418
1713377937455497088,203.92038942921897,76.58603895220405,93.6624242814419,4442.077,4.6775,0.15392804,12.196184,55758089809.96544,98016852613.30768
3805281276966737408,165.128841900056,0.8985813279060536,184.79584111154617,4258.3813,4.411,0.28173533,13.130963,75434440428.56349,132605805806.0011
6877033503293244544,301.29435645430965,-16.552975245661656,196.76647366394266,5082.0894,4.5764,0.31984052,13.040357,80374032611.97995,141289088907.37527
3375396832081384320,92.2897543910148,21.320744680568,68.39491742309029,4149.978,4.6544,0.106165536,12.046029,46306376197.28965,81401734999.44601
4137834959711483904,261.1720008689656,-14.761589602373256,288.34548748375107,4239.9185,4.6722,0.08197218,16.107218,40689491254.54901,71527842521.15459
4650373056607170304,82.71717562787885,-73.54652571469566,242.68712269445555,4524.5786,4.4836,0.25006992,13.803692,71068924776.77324,124931688818.11717
5360852456584538240,160.6681380138647,-50.8420889816954,217.9367546198642,5106.381,4.5929,0.38680372,12.583767,88388209913.08205,155377169005.1021
4196512901685208576,296.07798799697287,-7.684871732866084,145.74630712003483,5024.7246,4.3972,0.49745026,11.627089,100236027921.77785,176204385925.6516
5449424032374745088,163.46526498938104,-34.73116553511641,152.05122662254175,5121.119,4.5529,0.3986829,11.71786,89735197222.39851,157745030906.74268
4511561538968417152,279.5871925325373,16.25995099399885,229.3792147001843,4850.1377,4.5946,0.28568974,13.254196,75961990992.82094,133533184166.32732
6097708904296879616,212.9190330680066,-43.035228846459134,76.1000254297589,4062.557,4.6951,0.08443061,12.60127,41295143615.864204,72592515619.46654
1921835004097171712,359.91932873759515,42.79692734843694,240.81899792932822,4201.1255,4.5576,0.13417439,14.814348,52057562846.32597,91511715740.38354
5621941907906392576,133.23608378088002,-38.80900742488631,198.2582834976452,5061.958,4.8494,0.05141655,15.4616165,32225560783.74831,56649143693.53651
417543530681254144,12.157611970155184,54.670357852042464,142.49432902004304,5288.853,4.4979,0.5263552,11.187225,103107077259.0745,181251388444.8994
4362223047882951424,262.0145030916121,-5.239269983009229,286.35280902089346,5131.129,4.4185,0.57098544,13.784655,107389429277.88214,188779312520.0665
3093330588694747776,125.3158740191242,5.492427798501551,80.3934168653689,4367.626,4.6123,0.15749267,11.84958,56400011196.40232,99145282839.99146
4469729210338028032,270.5830803239477,4.169511456762332,284.1884105971653,4530.0166,4.5901,0.21157601,14.400271,65370563510.125496,114914569538.8522
6900846313809492864,309.0929103455207,-11.870554390670872,296.5407608058981,4000.3586,4.6482,0.06661813,15.922731,36681343695.35184,64481941022.35534
1531521153762335616,185.1055008020287,36.85341113869461,239.23335019460794,5114.8677,4.3605,0.77647823,11.890513,125231522150.34569,220143833674.8182
1828098408049930624,298.8744781188672,23.35755716357949,211.3266032794102,5438.0312,4.4826,0.6004937,11.956681,110129392876.86636,193595880109.8598
1590522051517009664,224.85290734914463,48.1499843828664,77.36569816658096,5432.0757,4.581,0.43650058,10.125136,93894775931.73947,165057132427.3736
6791823654241059456,308.6923695695045,-33.922582391917935,63.02669564524215,5101.012,4.5384,0.3721421,9.856742,86696870167.05319,152403971767.34613
1670010694890662656,214.97909964364428,66.0340133809589,246.40595958184633,4444.6216,4.6407,0.15318936,14.164312,55624141122.36751,97781384920.37234
512730897997951232,21.8696448805202,63.84994432859591,183.2327227141988,3961.4104,4.6949,0.066885516,14.79369,36754884154.73196,64611217408.8446
6127274428374756608,187.94688936333185,-50.04748869599691,215.22501377691,4862.9297,4.5203,0.2975633,12.871769,77524451203.71956,136279824747.59125
6418582681163665280,280.12905175384566,-72.17081489600372,150.32581330130301,4795.636,4.6316,0.22999117,12.401139,68156079153.67373,119811212828.03696
3423484729037468672,92.60901463429954,21.950226718915708,226.11952411752844,4521.286,4.6064,0.18715908,13.582881,61482917590.58478,108080497238.18588
946280530530040832,106.41969630623336,38.10138408724357,238.05460521021394,4768.2476,4.57,0.24405512,13.406014,70209030964.9564,123420086012.08127
4638249257281909760,27.03000990461281,-74.32987587127649,248.79880843625997,4977.322,4.4935,0.3797224,12.83632,87575399247.30246,153948333413.67908
4624696406376719104,77.98675274813343,-77.44456982940838,224.8824630935765,3939.4373,4.5601,0.0957934,15.0668745,43986237144.1148,77323174769.12813
2808870304771409024,11.937576356093562,27.109628392266806,294.4232012036457,4644.4775,4.3946,0.5317359,12.995545,103632746628.29524,182175459862.37164
6574445910462105088,329.7848269577529,-38.71767159303207,223.29939381219697,4446.0566,4.6768,0.14375675,14.153691,53884411027.84457,94723122543.68466
1779112862892930304,330.23553481596764,18.259547422794046,140.75585553945555,4412.433,4.6698,0.13187438,13.263739,51609450227.908844,90723980926.95554
1911404521400683136,349.8816532888208,34.182279558828945,292.54586788069685,4097.471,4.6206,0.10153074,15.497467,45284313997.72704,79605057238.10965
2591728848618027904,20.336824446191574,16.38069861429561,253.20737432329688,4641.7095,4.5949,0.24933398,13.504715,70964272042.1677,124747720326.75795
4012105392745667200,186.63552990139357,30.84798307392864,217.46940858132263,5157.8545,4.5122,0.4060153,12.400977,90556622684.57645,159189010403.41333
6150388533603910400,187.5479046383693,-39.101943580429634,144.8171202473127,4300.535,4.6632,0.12453872,13.423619,50153496562.250374,88164567641.00856
4658104410138545280,81.74254870412382,-69.13653151107323,193.25807565774548,4081.6145,4.6391,0.07347452,14.502054,38522760097.960106,67718957224.83514
5846216059190121344,212.49992801061603,-69.72584207971511,287.39580048462733,4269.1675,4.6645,0.11246862,15.544625,47661170129.4221,83783320122.24727
5989994182555016448,244.76753532090956,-46.28826239802879,291.6694381474953,5380.4194,4.4622,0.6005343,13.237392,110133115795.00589,193602424608.06302
4336890166836139776,256.44150857723747,-7.64856197086238,237.76224626937935,4741.4893,4.5886,0.24505658,14.231637,70352931970.53023,123673048832.40575
5543459833072602368,126.05556179431956,-34.936325845759654,130.74404344486368,4426.67,4.6726,0.15176737,12.877613,55365371893.82777,97326495855.46567
1315096278545392128,242.3608072335172,25.194587913530626,163.8124992863986,4192.023,4.6464,0.11153305,14.207554,47462521475.89027,83434116699.72287
5192204419612830976,155.87849318432384,-83.07207951111877,137.51516564356922,5014.87,4.2224,0.93416625,10.562676,137360259858.7676,241464877856.99142
5542704292477188864,128.23516262551618,-35.18056580822467,120.58609543347231,4871.1084,4.589,0.2836244,11.640693,75686916510.0989,133049632180.9107
6341245404086031232,354.8547839511328,-88.81318876079409,242.5076088098204,3929.7454,4.3777,0.22213598,14.14442,66982055603.8946,117747403008.95155
3574479320848550272,180.7942011916796,-12.249263378706942,288.48275533889847,4881.463,4.3851,0.57114506,12.796454,107404438682.39908,188805697473.26996
3981350811270648704,163.78337470687325,15.501669116256217,226.37869780944467,4228.8857,4.3338,0.22701275,13.526095,67713325348.6402,119032898244.45172
5462878481287577216,149.29569108838265,-32.46789646530278,291.3082414067824,5469.438,4.495,0.61525214,12.661616,111474513024.88342,195960459738.47928
549725238019506816,58.582228697579566,73.2634412577182,231.5926694831149,5371.415,4.5472,0.50310284,12.404492,100803915538.70656,177202672578.56836
2097002840086425088,282.7874140799484,37.58509922509872,272.83448059858773,4200.6504,4.6548,0.10506202,15.173703,46065086461.11247,80977573042.16612
517112589273062144,35.8658647206985,66.35110100296649,291.84789499428325,5036.8296,4.5594,0.33980015,13.621029,82843950492.00345,145630944549.1008
5951309927528198400,258.09088233182604,-46.5658397826826,51.95992133021481,4905.587,4.3428,0.5962107,8.929177,109735943061.9413,192904236750.99155
1460953677154867456,196.5452467364498,28.067084389315124,140.14270116659085,4931.3843,4.5842,0.33118218,11.738336,81786664662.21399,143772347353.57617
5723349345635707008,124.7284616751645,-14.12153433123879,191.89414312878392,4477.1235,4.6566,0.15634389,13.751699,56193938788.62314,98783029238.94804
2630421178195977728,348.5057778982602,-8.589432578693009,170.8583668207492,4351.1895,4.6294,0.13983135,13.5881815,53143639403.352394,93420924003.78789
4727303896632542976,47.53054554311847,-57.62699583509246,235.802106853077,5173.3667,4.4892,0.5206696,12.301934,102548692650.94417,180269807081.13345
4442063947294061312,251.03836768262207,7.2824698949854225,253.98229378243943,4245.811,4.8434,0.07624769,15.756936,39243014671.815254,68985088949.40155
6565227330096945280,325.1778658688406,-45.46065539365527,182.5453076234366,5462.242,4.3931,0.85497195,11.163311,131408951655.50174,231003104489.14514
5108178607145128704,57.5336440704905,-16.16968059604675,182.75442341058667,4801.4526,4.6041,0.2260373,12.787864,67567690203.52419,118776886989.35304
2099586039576863488,288.0198385180516,38.82873316673616,252.45056601661275,4931.3057,4.586,0.29455224,13.2471695,77131216712.64203,135588559905.38127
812752986594950912,140.0593304285895,40.7945026007034,182.7056913344303,4571.1387,4.5893,0.20348527,12.991471,64108483800.899445,112695966260.5285
3294349940210659840,70.28146988378782,11.535682188907533,132.67994503086248,4922.8745,4.3572,0.5351094,11.250119,103960966259.13618,182752435423.95517
507333361059380992,34.14027803418153,59.92706586871228,296.9250194855593,4633.9746,4.5306,0.22508298,14.975238,67424905359.17472,118525886262.9703
665238383443503360,130.11639955404286,22.269128951995075,292.20032356593543,3922.6152,4.7264,0.06292231,15.768096,35649327890.21296,62667765870.16383
3134048978905505792,101.27706296181309,7.876690712353899,293.27824121121523,4165.7783,4.7039,0.0774441,15.567555,39549699300.47139,69524208243.98656
5308703483392358528,144.21305310200262,-55.052202027237584,227.12536554620866,4596.1436,4.6025,0.20368254,13.566232,64139551447.67406,112750579913.27965
1645126169773897728,230.29045440559716,66.37757331965167,244.13488701787085,5361.8457,4.6029,0.45059213,12.593074,95398340144.07326,167700240042.73932
5687945316034144384,149.34083478014077,-12.836999571389924,297.0042355829669,4296.599,4.5927,0.14315668,15.058769,53771831160.29484,94525218987.0446
487073931599072128,57.667156257209896,63.16093076422635,155.8211991722773,5025.111,4.548,0.3443579,11.910408,83397694076.75142,146604367482.28934
868492758627894016,113.89307868829287,24.732598787635563,215.01031027607573,5288.856,4.5529,0.43731397,12.342269,93982218571.40613,165210847383.41922
2553545769018556032,8.32558583457887,2.5049604174385065,294.2429378373802,5028.188,4.5069,0.42296422,13.063117,92427420461.2089,162477675968.65143
3967660933727770240,171.43680143482234,16.712340834317658,165.76634018665726,4575.429,4.6471,0.16405022,13.037037,57562205539.0103,101188298158.0497
3700218680325646848,185.03848987788425,1.7202801808696515,247.8835615336878,4832.1953,4.5617,0.31160468,13.085771,79332474938.45541,139458140154.969
4808168784967920640,85.87359348887563,-39.90646939329381,191.01636653987913,4571.041,4.3262,0.39020738,12.4276285,88776241983.05525,156059288538.63394
2744403773372304640,356.9848107838603,5.076301422884448,234.31343918431293,4214.739,4.6644,0.10448213,14.933125,45937782392.33465,80753785889.68301
6639960860560111872,289.05133872205533,-56.52477537107104,161.50003308543327,3910.843,4.7799,0.051591456,14.749868,32280325821.792564,56745414865.67745
6767351892664045440,296.5993705148342,-24.87367530175471,257.96718311168854,5100.3794,4.4919,0.42304584,12.820394,92436337955.63982,162493351985.17737
2960008382853402112,74.69861122911269,-25.468060616382417,232.44980746588013,3937.7378,4.7552,0.053399663,15.606328,32841143877.510216,57731273974.149536
6634571874898608640,278.88617194156893,-60.166157424075976,204.04500200447745,4518.0703,4.5938,0.18386476,13.372729,60939413052.88857,107125073471.9199
6180703821528296320,196.39067682589973,-32.25092282611084,293.2523699273823,4531.285,4.5872,0.2135432,14.080646,65673761365.44702,115447559452.94371
6396907115089939584,327.31461687048244,-68.59764707883939,287.75458821085925,4511.77,4.6489,0.18374722,14.323141,60919931441.16592,107090826849.20744
6149021149160162176,181.6162915689127,-40.96733859316389,293.5430412020864,4355.111,4.6453,0.14181755,14.8615055,53519741424.37826,94082071767.06494
706015657648474752,130.3473242426201,29.15000564535856,243.6911905598186,5280.382,4.5638,0.45677838,12.578175,96050977125.89711,168847507158.15598
1847133634351879552,321.48099618246926,26.64645063271292,121.49676823764587,4404.8936,4.671,0.14945018,12.826015,54941085854.62984,96580645660.24405
5351997681448672896,159.01270410063577,-56.80055800854724,254.4068921742377,4818.281,4.5578,0.29401043,13.244278,77060245091.54054,135463799266.18182
1947153423995270400,325.30411800170833,33.55606583847984,189.1587764723287,4598.3164,4.5951,0.21487926,13.117254,65878889104.93229,115808152426.56519
2227669248606385280,353.00041709662594,71.47618413563531,222.1835517218602,4500.6157,4.6519,0.1837783,13.839911,60925083386.89696,107099883427.49254
2876729448019642240,1.689008919973644,34.91116207907135,146.05221106223254,5302.546,4.6112,0.39691463,11.741242,89535975746.36763,157394820522.56204
4071116074437604736,270.1327030693533,-20.610281141333413,252.59690092204843,4230.5044,4.5749,0.12830336,15.586343,50905889708.16329,89487195592.24493
918752160984638080,117.96959132565492,35.9355882756332,123.95413238018328,5459.5684,4.5641,0.5548205,10.867287,105858385736.97574,186087899137.63104
5672823904415951104,152.08376353517593,-17.265957581524805,243.7407492631953,4533.2456,4.553,0.21644664,13.525804,66118720629.70972,116229751001.70024
4265498872551747584,285.53155953485015,-0.8301094317676694,284.5675641047228,4351.8965,4.671,0.1387411,15.781188,52936056364.931526,93056014873.09015
2650632508312045440,346.4860026360331,-0.9948223848383808,295.35088083992855,4328.841,4.4393,0.23560323,14.141212,68982612421.63597,121264171309.61272
5534326151315773952,119.49828493788456,-40.96158954082343,260.7789836516278,4012.4292,4.7196,0.06517566,15.522271,36282043209.269905,63780012799.453415
3053492331785862272,112.98553655110705,-8.916090648361699,259.3170391776905,4496.6987,4.6715,0.15604883,14.30067,56140887742.3174,98689771083.8632
3567403723004367872,179.85659497951983,-17.183724541466805,286.509115053435,4629.522,4.6447,0.43586785,13.258777,93826698603.33157,164937459650.06708
3274826805589059456,55.48357935043469,4.364494030736993,233.27932647268707,4715.9346,4.5328,0.30676782,13.203563,78714350699.30817,138371542808.2575
5557582613241614464,103.94613860914365,-46.59395160416474,246.56537086407798,4050.4736,4.694,0.085155144,15.20446,41471950470.167915,72903323458.08466
1900800964403932800,336.805376339004,30.754631131611752,289.84636327411135,4299.6455,4.6454,0.14230534,14.863329,53611704600.17816,94243733349.78687
2427128182664541952,9.074208805403632,-8.26483175030726,227.07622207131084,4480.155,4.6279,0.17103912,13.851926,58775555719.056,103321240053.49844
1777418786056438144,337.36877797437626,19.421459020222525,86.62551098421467,4103.279,4.6597,0.10271679,12.720951,45548044548.24385,80068667784.80762
3485316486977851264,173.8043691288465,-26.59164072147519,171.24669026528025,5479.939,4.4522,0.6781865,11.315812,117037109556.19159,205738918904.04208
2291118285072007296,311.173834746051,79.17754751577888,206.97866951481518,4434.965,4.647,0.13392927,14.060471,52009989747.505684,91428087240.3521
6008172236481952896,235.02710448336012,-40.3285890195974,178.01380710778128,5440.148,4.5863,0.45123118,13.020602,95465965281.02704,167819117915.06857
2012699847619034240,358.7291462550295,61.62147557714098,281.80539398604867,4268.884,4.51,0.17960475,14.454833,60229315357.795525,105876796471.07211
2811446219997215360,347.0287213971992,11.284526617835247,284.061309170811,4505.5303,4.6488,0.1759903,14.325122,59620193763.12418,104806024825.70251
425092193402372480,11.90569600245778,58.33851265745485,294.5480584338123,4476.3516,4.3684,0.29279232,14.504516,76900445858.07805,135182889034.72667
1996714902748724480,346.8759498278823,54.859446120499946,240.69848158234308,5151.6006,4.5794,0.32675403,13.110346,81238050634.47864,142807941641.66245
6390382746232955136,351.13989103445914,-64.9595810584389,219.47052561780745,4919.738,4.142,0.5892014,12.2028475,109088985359.33217,191766953210.6155
936306379517962752,120.85729934633456,52.45625770192911,286.8315406326391,3900.6924,4.6697,0.05434175,16.162638,33129572162.55362,58238300538.383736
6424224825080915072,302.1123729891065,-67.49187629010137,247.78396375550213,4886.155,4.7465,0.14182705,15.578302,53521533970.607834,94085222874.64746
1040073682742102528,138.07341808159848,61.58289953062179,299.9031135067844,4198.573,4.655,0.105229676,15.367131,46101826709.88108,81042158532.10675
3465518714967503488,177.24567309306562,-32.863658100504765,242.9430968982731,4451.317,4.6503,0.15220857,14.08789,55445789294.73274,97467861181.26704
3590485319633666432,172.74757731948088,-8.602200055073297,241.5974381288856,5297.553,4.5324,0.47343028,12.475197,97786079176.4034,171897633920.6249
3767367195463325312,154.73241748723572,-11.36612900828253,260.2848825560507,4270.71,4.489,0.19063602,14.278038,62051387725.57511,109079807896.53731
5329175084223500800,129.56572346025337,-48.661553810629854,239.68620292754534,4920.5835,4.3554,0.45208433,12.68585,95556172175.02448,167977692139.25357
5945148053870483584,267.29367313999154,-52.50295030841168,294.6844444294165,4396.199,4.6266,0.15477534,14.86404,55911339972.06786,98286250266.68771
1714396192597717760,221.1306158430523,78.05092001222177,298.95116187762807,4938.5854,4.4824,0.44298238,13.018229,94589350503.82489,166278121411.98694
5013191969419827200,21.281356527328484,-35.94175856967847,104.80233097749482,4392.7544,4.6685,0.148189,12.5201645,54708776328.17884,96172269966.37755
690487396665701504,130.23469253924443,24.444128376353294,288.8067008105699,4833.814,4.5376,0.30954075,13.447449,79069307026.02832,138995518666.80768
916761941858008064,129.8755431779297,44.03228040742125,295.9083211024985,5245.059,4.5338,0.4719801,12.941531,97636198420.26727,171634159328.2593
1055364934546455936,161.84750501630276,63.72682956519701,295.74468279385894,4821.649,4.5773,0.281589,13.577921,75414848005.89201,132571364389.3049
3979174813335511936,174.74515899290296,20.964634768405706,238.02763507973944,5109.7544,4.7035,0.095324576,15.060997,43878468253.20395,77133728403.00063
5905042100253594496,224.34916840529664,-47.78341808076346,248.53150045399863,4270.5176,4.5904,0.15162495,14.744756,55339388090.43825,97280819064.24406
223426951815258240,55.83581381347202,37.77088027361372,179.40289568756486,4454.3164,4.6188,0.1766901,13.521161,59738611705.09418,105014191102.63924
1834258799865370496,300.3093001727188,24.385524008510075,180.6471582648692,5387.729,4.6016,0.45380998,11.925436,95738372088.48547,168297980408.17972
6256628462384708224,226.49207395157643,-20.60406458618704,296.0247185193162,5221.0483,4.4269,0.5833575,12.72681,108546646391.82237,190813578394.04565
5693176788064835968,125.61537775787664,-27.83716938788841,194.11947062337856,5015.5806,4.6058,0.2772043,12.702742,74825391654.78423,131535162172.09438
1596029741482350976,232.48551345537288,52.21319071231577,176.7563690418099,4176.8433,4.4066,0.27430427,12.7327175,74432961945.69447,130845312051.90503
2628416253102253568,339.0687685137102,-3.4391921175068214,285.0709183855537,4964.1606,4.393,0.4745497,12.926309,97901617902.35161,172100738838.87073
1482918689662187264,209.68019565243972,35.14026470870366,255.477189987516,4951.339,4.5508,0.33510557,13.035383,82269686168.9622,144621448318.0704
3038130092759361920,121.00803554744844,-10.336706802898384,272.62203389109067,3984.8755,4.7161,0.07562802,15.608938,39083224069.47728,68704193890.554794
6095406355150460800,209.2631567154326,-46.33474382933796,215.6357146448766,4448.6714,4.6754,0.15517162,14.100612,55982870688.035,98411993735.8089
3506431576995903872,198.6662470205906,-20.647659900488247,244.2584581486503,5389.1875,4.673,0.22577737,13.310975,67528829533.85966,118708574022.67961
4118904702454090752,266.39129366168936,-20.81357351549714,206.34000437134867,4433.017,4.3917,0.37702742,13.595941,87264074179.47896,153401056715.50513
4012293718472000512,189.14010356700095,30.998130587316624,266.0690060596448,5491.437,4.4856,0.58693373,12.39238,108878856615.2074,191397568997.2593
5707084618020140800,128.39032544525094,-18.983679514255165,212.94699134467265,4369.2134,4.3359,0.31959897,13.065433,80343676835.78131,141235726648.16293
1965710633351054720,320.6791000175881,40.8482968767603,207.30110374569313,3913.272,4.6786,0.059797686,15.363537,34752912468.76475,61091961918.77593
1973408760934272384,329.1040233523097,45.39071411032537,237.66374597236876,4989.047,4.5475,0.36138192,12.82248,85434292600.25056,150184493307.8089
936299262755474688,120.7436150851585,52.341198474322965,189.1301793960236,4609.804,4.4608,0.23826331,12.920461,69370943730.12549,121946816872.95743
2269362798248658048,276.079243729826,76.27485477066676,164.820840741149,3988.3464,4.727,0.062308595,14.68296,35475048391.578026,62361400856.77401
2164155066091141888,318.8626682619464,46.489432094624846,143.6022314525304,4258.412,4.627,0.13670102,13.425539,52545423283.34001,92369323034.92403
5870520493194663424,206.75106838372648,-59.77654049451,283.0549790933373,5018.249,4.3023,0.9061883,12.709291,135287677929.78955,237821496992.36688
3159838260353887872,108.31041859417842,10.846530355894544,57.711101379562116,4053.7214,4.6906,0.08451811,11.921127,41316536268.24589,72630121650.4954
2744551211009482880,358.01576829689094,5.834123834516134,234.82244854614368,4956.408,4.6119,0.29528248,13.077541,77226767562.5728,135756528241.57536
5775203589609349760,247.2845984932233,-80.68691784157022,221.9739863949287,4374.897,4.8375,0.064544335,14.965981,36105892323.59438,63470358084.634346
2958485353091488256,82.63601109857338,-23.411605360801328,130.0170689059458,4219.383,4.6826,0.105509885,13.44021,46163166623.51965,81149987643.45035
6468032666864740864,307.4087311191243,-57.84477645415198,156.34363860922227,4141.0117,4.5232,0.09421172,14.122145,43621589214.066605,76682162092.09602
6618342533514761472,331.04695527927004,-28.93715534846317,298.35860297000147,5097.429,4.5263,0.46402854,12.938455,96810254902.74979,170182237565.88647
4073813352573209600,283.2263816619368,-26.15207268395078,123.20372159008457,4254.629,4.531,0.140909,12.6435795,53348029634.19577,93780220514.84941
4257920664749971200,278.1586180138675,-3.6240831473436455,251.90557355466802,4423.153,4.6031,0.18575913,14.785312,61252539850.35846,107675517421.15645
3444533844060333440,84.85390404673807,30.262129021128608,283.37493262160245,5390.4536,4.6298,0.40128273,13.700575,90027305510.55875,158258526529.0875
1486730215438665984,219.39443703830383,38.281716730393065,152.85880524361065,4202.7334,4.6252,0.13162461,13.685192,51560552929.5226,90638024623.47656
3114393250054030976,107.70512868167366,0.8546546748632107,289.78163447957064,4448.6396,4.4027,0.3472362,13.4794235,83745506730.24065,147215785515.26517
4726134050619940096,41.767486911673046,-59.14138359946626,278.48719520248466,4726.3716,4.6273,0.21876146,13.896854,66471338482.42104,116849616069.09805
6841314046995665024,323.2093439213452,-15.54792727153196,245.8128948738987,4373.4277,4.6054,0.15879524,14.3990555,56632763890.19668,99554437575.39838
4223090301046277376,304.60700754188895,-2.067401785500913,183.70513601224204,4390.0615,4.6649,0.15099895,13.774325,55225032612.564255,97079794171.56032
5566200963338933888,106.15884948341032,-37.30413137252277,274.60414431242225,4356.663,4.6321,0.13447173,14.66184,52115212557.63548,91613057864.475
6752782710759820544,296.1008706022604,-28.67732265202844,245.12495744333197,4047.0771,4.6611,0.08342128,15.669696,41047569038.434715,72157305572.82735
3839450215707343232,143.28129331873492,-1.3865319853096587,236.6986418499655,4199.4004,4.6294,0.1272789,14.680052,50702249025.27373,89129216707.58644
5249683756480911744,148.78554467000578,-63.51871343894991,159.57119924150334,4624.1396,4.5679,0.22828738,12.610704,67903157466.83864,119366603125.91634
32722191892755712,40.50846346612115,13.628201753822944,255.1622028106537,4290.977,4.5674,0.15745984,14.357191,56394132481.94626,99134948678.78975
6300764581405737344,211.1139997239397,-15.860078917386977,288.5382228869919,4171.5176,4.5763,0.13013971,15.086304,51268892340.20314,90125316008.56763
3680292673475850752,189.1861819573533,-5.155831717356855,277.57466340499707,5142.4233,4.5032,0.44673964,12.846621,94989644491.3973,166981796105.92996
6270498634066259712,211.41305441261372,-27.366729935131325,206.30845274438877,4613.488,4.5888,0.2219268,13.171618,66950510496.99423,117691950031.55827
63607988913852288,56.31748964710852,21.84992582043428,250.51173937535322,4463.7925,4.5986,0.18423252,14.185268,61000327072.70855,107232153906.76134
2081188426911426176,302.655021683962,44.46346731680527,220.4127628893312,4695.1523,4.5097,0.25977853,13.156511,72435363656.66736,127333744533.29948
3286409198515372288,69.49785753287422,7.808996033683534,249.13228734580466,4842.5522,4.5388,0.30891538,13.294173,78989394166.86407,138855040272.27686
6109650867586926336,210.1679921984599,-42.51922169421484,280.9661873987335,4963.406,4.5865,0.28758928,13.497197,76214106775.96414,133976377174.58961
209106740575881216,83.0705995645184,46.80316184104634,266.4139171598894,4245.1797,4.5105,0.15747347,14.670908,56396573216.651955,99139239233.48293
4348450672610902144,242.33502902845115,-8.37803789266271,141.22175734322641,5023.9136,4.3504,0.72984314,10.884301,121412606444.042,213430581854.2633
1898286931067984896,331.71902902832306,30.322366723670957,165.66070685141696,5228.5977,4.5122,0.45175883,11.671629,95521765834.63756,167917209414.5734
316072523123775232,24.862367267870475,33.10649989119218,278.6169193508415,4928.2393,4.8519,0.055946782,16.145899,33615267612.874825,59092102014.21154
3856245870001394560,156.49214892795146,1.6428431031587871,259.02730229556255,5449.89,4.5111,0.57206696,12.379173,107491085871.55934,188958014111.05695
4255450745019190784,283.9885478445669,-3.9779592983116463,244.46336916281007,5288.923,4.5677,0.40053824,13.3656845,89943754014.65326,158111651794.17993
5499999024632200960,97.25166336929236,-53.09681550619817,279.4694192887533,4951.665,4.6948,0.080399565,15.492141,40297292421.82596,70838398257.31511
2972610675893881600,73.24430897329697,-23.26912962336886,251.49177843125906,4025.999,4.6048,0.10066513,15.29786,45090862926.40595,79264990617.99783
158747939791663488,71.64290463924874,31.196251630273697,297.6612805046264,4580.536,4.5242,0.2564604,14.908568,71971271441.56802,126517919270.96693
3407384919570124160,75.11503303408662,18.57597658847341,263.9312488816734,4507.6997,4.5903,0.15972403,14.673486,56798144335.15745,99845158989.17151
2639759162947729408,355.650028445362,-2.880435028336929,268.67685333385504,4010.0818,4.6904,0.07650748,15.546795,39309811931.70388,69102511500.99525
5029523943339980160,17.97941833126391,-30.336348743360134,250.27796425485954,4308.286,4.6725,0.1333262,14.417292,51892759759.824905,91222009262.008
73888147754901632,34.49586591565752,12.719592212728452,287.5020202190478,4783.3413,4.6632,0.21941587,14.312159,66570686479.388565,117024259390.08305
1811054397236550528,311.3039377634361,16.222831743027673,173.81352776830755,5444.6445,4.4575,0.6920007,11.285464,118223083982.0458,207823737105.28052
2001614537032481024,336.3074507356963,52.754525875065305,257.64050129826745,4310.4907,4.6576,0.1363281,14.757843,52473702452.54513,92243245363.94775
138316917803756928,48.55587954168108,35.93432142219559,191.43550853829495,4248.1567,4.6328,0.13107963,14.189731,51453701268.783844,90450190651.44109
2576596338804343936,17.122110673975108,6.817625421060785,163.968019647993,4841.186,4.6181,0.24660563,12.466016,70574938925.43211,124063313689.97012
6180542330757900800,195.77870743449373,-32.13000403932121,159.35026025578483,4201.289,4.6575,0.114102274,13.88876,48006071454.74711,84389620346.76596
305139357454212224,26.69586571313656,31.726265597244574,279.6348059870086,4543.0615,4.5957,0.20224331,13.981562,63912543244.76998,112351523388.17459
2239427357233007104,291.446297493524,59.29677294667715,278.9331570859093,4496.0,4.652,0.16198511,14.34193,57198753545.49268,100549387811.5503
5047793497266427904,45.209568771581615,-35.48286912607044,292.6181630239759,5103.2617,4.5085,0.45853767,12.93203,96235770380.89175,169172354248.51498
3414534326427765248,80.46577177623104,22.20096177360236,263.7906538111162,4368.4414,4.6577,0.16036138,15.38421,56911352900.175385,100044167729.78198
93260168246666240,31.218617954515764,19.500752526574814,220.99693521060655,4503.5,4.6514,0.17161202,13.832396,58873908558.607635,103494133992.49973
1056607451405321472,172.4211067269576,65.7026456124829,222.35826513996568,4393.4487,4.6662,0.14561126,14.103842,54230860712.16522,95332144620.33255
1024841289168763136,143.72470506150938,56.40732268126301,245.83475335826594,4474.875,4.6031,0.17080759,13.836977,58735760984.339226,103251285098.7858
1024278682812883072,139.9638785895014,56.27622400883538,279.42160287099944,4390.903,4.6661,0.1291025,14.7045965,51064177783.05796,89765449366.00714
6630527463114119680,270.8402496562088,-63.97936111736752,255.53667272783161,5326.774,4.5802,0.401747,12.848864,90079369668.30339,158350049837.96494
1543030570903398400,189.93805900322792,47.6788510764086,100.01726097924015,4599.652,4.5909,0.22428025,11.584636,67304566768.67355,118314343688.0893
6608447689074437120,339.0310043211571,-29.019520046870145,230.86471543268195,4282.322,4.4801,0.22660585,13.677757,67652613098.92854,118926172500.22176
1323285372428942976,239.376838695078,32.50353888412538,289.3577424569251,5111.704,4.544,0.39307827,13.116958,89102222178.80057,156632327409.04944
6425906390677097728,305.23319122535884,-66.11663130865445,261.6057001012566,5484.2666,4.5761,0.55910784,12.480195,106266605590.87343,186805506670.27225
5246437826354421632,149.29900005836816,-65.20659522508936,206.3535574044992,5302.773,4.4145,0.64624083,11.83932,114247370747.11052,200834851734.39432
885355045046278272,109.1766511631698,28.94175644264915,259.0953808186009,4234.8774,4.5472,0.14031847,14.605663,53236125184.877815,93583504272.36415
4192742440091957376,300.8180677400844,-7.945104954410108,285.73279941076095,5350.54,4.3824,0.8032255,12.47244,127370179577.91309,223903368310.64725
5622479947046393856,134.49619705449012,-37.38878060971393,274.1568442941543,4571.8843,4.393,0.43242818,13.0471735,93455746581.63452,164285365043.5049
533952915518203904,25.444700856963845,71.46486661290466,221.12398435082903,4501.579,4.5962,0.20188265,13.635764,63855530274.64197,112251300588.05482
3594216860237062656,179.62008511456924,-8.315509433209401,131.4586589136672,5332.4766,4.4394,0.72817737,10.646796,121273973224.22127,213186879246.78897
6774232155391905408,317.2624545315555,-38.44802349252174,121.29294920106291,4247.14,4.6621,0.12095672,13.157338,49426973433.63203,86887416457.0163
6808448751088861056,313.585709657248,-22.31964654314671,292.01488890233026,4397.121,4.6466,0.16212203,14.63596,57222922430.77805,100591874167.78879
2537970259097963520,18.146913433611797,1.243786310450799,196.09722716638115,4373.377,4.6168,0.14256877,13.717518,53661303587.23242,94330923148.08224
3160661489623060992,106.30800299815232,12.344562761095077,203.39519675514464,5453.3345,4.5115,0.6447975,11.755211,114119718002.20947,200610451645.9893
41664588681000576,51.965288263661016,13.452258582169302,163.1505431811382,4159.156,4.6834,0.10091727,14.202053,45147298058.664444,79364197639.96802
3756487596626084736,163.46706289002222,-12.536336047437404,151.74876448903888,5062.058,4.553,0.37754676,11.771244,87324154860.74965,153506672228.89676
5918709716969449088,266.3392210568948,-56.83733019462997,247.26107074856904,4892.774,4.541,0.32677135,13.130309,81240203667.43736,142811726446.96884
6294080890738703104,207.22493618202455,-18.58427615343061,228.73136065317055,4589.026,4.6015,0.1879262,13.692843,61608790578.605286,108301768701.33772
6495951878434302464,354.7366764182607,-56.88143122471102,276.600702348435,4378.874,4.5967,0.25527608,14.031978,71804899461.66914,126225454843.14471
2950183245731324672,98.27632956868976,-15.847086859928046,96.62089939688647,5006.472,4.5192,0.35848117,10.801697,85090718633.7534,149580526440.38754
2189812891464127872,316.5250682061516,58.08132909516687,279.6208252298055,4504.781,4.67,0.1534336,14.700664,55668466098.38901,97859303562.43121
4398435570721131136,240.44447983174183,-5.263984531092431,290.0893477645424,5246.8105,4.5315,0.43939692,13.549351,94205773871.39021,165603834068.65436
4509155429571620864,280.1490877921235,15.283603299665538,241.26556333500454,4708.678,4.506,0.29247904,14.739704,76859294130.78862,135110548629.91263
5904027766412231552,226.75331046296887,-46.58904546848787,148.90941699147194,4251.591,4.6381,0.13056366,13.579671,51352332567.81195,90271995145.52206
4223010483373768320,304.7500535938421,-2.4962654065775243,188.66552754634415,4320.5977,4.5753,0.17437631,13.712904,59346178562.414986,104324334946.56107
6080022263333965696,196.4263353500693,-53.26505474725792,296.6478906115721,5262.659,4.4803,0.5267976,12.932552,103150398755.92398,181327543076.20322
1223108799303614976,235.32716224152196,26.13925118728021,276.209677068068,4327.8237,4.6699,0.14391926,14.826134,53914859275.53583,94776647358.04718
4836465506982171136,57.31213464500677,-43.76999865008425,159.20693637885216,4497.7603,4.6562,0.1666762,13.087814,58021080553.51241,101994952130.91129
1515599164536252288,193.93581805603415,34.068582077359586,289.8561637020692,4275.4697,4.6284,0.14007425,14.81832,53189777086.42836,93502029194.03723
2284077970384075776,336.4750121067125,78.28236281234224,289.1591634167375,4894.058,4.4169,0.5069265,12.8285885,101186253192.27739,177874781927.4771
2759424545317270272,357.8020770791673,9.833056290708992,128.12795571257394,5227.9946,4.5421,0.49045545,11.107644,99528807300.33386,174961166517.42902
3173461935273292928,71.72720816622528,-14.857488211353774,282.82389363309403,4164.852,4.6194,0.1426828,15.034492,53682759111.48868,94368639701.24854
1730308148780111488,315.6122882322906,2.3374865538348457,106.40059272245443,3920.512,4.6625,0.07747952,13.558739,39558742534.3127,69540105297.16023
2645422919140508032,351.7551772916584,0.9218535376479456,145.6086844999424,4221.783,4.6377,0.124986425,13.504286,50243564243.17072,88322897143.258
5545242931686518016,120.708854968375,-35.79921959859077,215.7520266309339,3933.259,4.6879,0.07374934,15.111031,38594737048.66628,67845485127.65547
6618019075233337984,329.0951473977998,-27.613625431785003,246.8598469895483,3955.719,4.6007,0.09310652,15.349433,43364971429.51785,76231055039.25769
1673306790232794880,213.84795033640535,67.89221620674533,279.3215414231569,3905.9165,4.7365,0.052920237,15.939739,32693386414.249214,57471531907.153885
3456028795750103680,86.8422282924932,36.38698877726089,124.71430960124354,4524.862,4.662,0.14651112,13.460265,54398172702.94719,95626261488.33875
4127817687246337664,256.3455306627354,-20.468736213090235,184.09022257535915,4628.046,4.5374,0.21917315,13.2806635,66533855715.86961,116959514784.73921
4603893989978425984,268.02882893854394,31.996132096897966,236.94460282168043,4534.279,4.6165,0.18363978,13.820791,60902118397.54364,107059513393.5767
5845517701839985536,199.63981220623745,-67.55749510836188,254.2976312440622,4490.827,4.6432,0.1616768,14.326851,57144293765.35752,100453653250.68112
2384127206319239552,345.877720953888,-24.06929203789141,237.82674305722355,5323.558,4.5718,0.40961006,12.646959,90956622337.21858,159892167687.53162
2695294533193273472,326.15897876377613,3.986526428765497,265.70039533090517,5158.265,4.4951,0.44724703,12.72663,95043572007.72388,167076595003.05145
3447701369559265024,85.3644719297852,31.33164682984029,213.06865663857954,4140.866,4.6421,0.104758084,14.610225,45998406900.70946,80860357393.87872
756334330552927488,157.05103860017633,39.76157693941097,215.52480207925234,4196.672,4.6483,0.12111739,14.486244,49459790115.36888,86945104729.12215
2054611375443906304,304.39573971904434,33.111700339668545,289.6417699264715,4448.1436,4.61,0.17034176,14.493456,58655613609.71115,103110394450.75539
4119237643940290944,268.61107220248834,-19.710034360366745,198.41670022327398,4548.462,4.5604,0.21083048,13.6711235,65255288804.57213,114711928740.66888
6639592730322737152,289.0165870381134,-57.8026610067707,219.32030694360253,4398.988,4.6635,0.14583956,14.030786,54273357619.26773,95406849709.66013
4833913299976091392,53.15797240159599,-47.96592330274586,167.55484610125913,4037.7122,4.6777,0.090488926,14.334241,42751044915.87265,75151836852.11298
5591132595660463360,109.81693642469511,-33.56604906366998,220.28634904172432,4881.0635,4.4158,0.43468714,12.631798,93699530188.95094,164713910963.7348
3188970649861110656,61.189772448273374,-12.655697714142375,267.04410336513837,5109.0444,4.5383,0.39843038,12.956191,89706774231.02126,157695066279.79523
3439146997296272896,96.76472054836702,32.174968875608535,227.5037668373596,4287.5605,4.4406,0.20959343,13.511208,65063564116.584785,114374896920.73326
4050062557195998976,272.2672529183444,-29.93850300621068,298.1421994956501,4765.2354,4.5733,0.17353895,15.887333,59203516070.325005,104073549302.57133
3301132105887718016,64.80230724472175,11.833846182259578,284.10151093668776,4651.1523,4.6063,0.20921281,14.53932,65004459813.97101,114270997778.24377
5046635264845989888,46.767903140412336,-37.530339728516495,258.4561340034554,4770.4077,4.5585,0.28874132,13.247204,76366605410.65186,134244453721.88274
5700668521001529984,122.47978647604964,-21.906940208969058,298.2347002497024,5045.8936,4.565,0.38281113,13.262646,87930854866.3333,154573186975.55432
483382286947912320,67.83438505355521,66.38460908117025,179.41163323233422,4100.0454,4.6251,0.10390428,14.253148,45810574265.346855,80530167392.76762
397371374955880960,22.33348638305241,46.07948724832693,293.23340363007213,4104.7793,4.7004,0.07088656,15.856212,37838243526.51614,66515649146.61258
2448118821712195968,359.0833539395662,-3.222934062085572,87.4825491714492,5066.167,4.5061,0.3966039,10.45908,89500921658.05093,157333199125.20532
3204085979806237440,64.23428406445156,-3.5721142314441305,160.96424839522322,4405.5854,4.6694,0.15286332,13.437351,55564915876.522,97677273172.41235
3167443620939855616,107.46402350704491,14.01576342452428,195.7615105055431,4727.34,4.5717,0.2606486,12.783388,72556565270.18854,127546804211.80513
5009832102402985984,22.473735237280454,-37.23454118017344,173.21851562215036,5226.7607,4.599,0.4370035,11.856103,93948851423.23479,165152191449.26538
5045249811475516672,43.15204462865693,-39.37275827374704,221.5493138823235,4711.466,4.5938,0.21200518,13.299116,65436830172.66817,115031059356.16403
6630651020733447808,273.40693275039945,-63.36140876567128,280.34290439234303,3973.0276,4.7295,0.05746269,16.016489,34067635638.161713,59887317384.97902
3646195825761827072,213.827840843798,-2.799197513434639,244.10883985950193,4803.182,4.6044,0.23213346,13.503152,68472768817.31138,120367919920.9579
5728367005604998784,123.34324217373184,-10.558723552016971,162.38101989790317,4350.196,4.6477,0.13606352,13.620917,52422758315.32077,92153690933.2481
3333346039939243776,85.90695466542412,6.865487753043809,270.2103224759111,5135.985,4.5462,0.82400835,12.261024,129007459716.35806,226781534448.75577
4537720982176980864,280.86577305194385,26.018329822764105,287.555892861225,4563.9272,4.2557,0.40346366,13.181716,90271618538.43942,158688003114.9409
361098344619226880,13.333030133807943,32.865229253450664,224.59043608725872,5350.1494,4.5305,0.4522661,12.377435,95575380427.44243,168011458225.083
3025650017305396992,87.53034773948207,-2.5427619862296478,172.72779459925954,4627.1284,4.5851,0.23663096,12.711779,69132903983.27707,121528368054.81339
4148919510087660544,268.655115420446,-13.59286631534462,242.75156003529827,4770.4336,4.4355,0.3455069,13.640943,83536712451.16414,146848747150.99377
5893293612388842368,220.74871611588364,-55.772673645299726,277.2216096311432,4199.352,4.6574,0.09002117,15.605627,42640407250.62131,74957347482.67114
2205092392240442880,336.9777767734324,62.465324330374585,276.2302189175298,4641.8877,4.6053,0.20658195,13.968396,64594449836.88172,113550243397.46576
1341534035634447488,258.57444072803736,39.10613061267696,236.33501114412732,5200.5205,4.4107,0.5985117,12.185374,109947495159.78087,193276123070.35165
2977759242169325568,71.34340276432462,-19.75232568418657,209.58123901461337,5078.748,4.6263,0.31686622,12.705847,79999447724.72272,140630608105.56522
3297620952943930880,63.32117546245577,7.258013176065121,262.29225959419034,4425.992,4.4937,0.18863751,14.125549,61725276622.35842,108506538904.56691
4153865907955943168,273.4771762345645,-11.51461110409879,274.78658166971996,4500.1855,4.6347,0.16682167,15.667857,58046394562.87671,102039451494.74117
2085521219978136448,298.54023942202383,46.34333520337572,257.28815038769335,5210.7397,4.3345,0.7996139,12.032277,127083505163.03798,223399424865.55096
5352694428225953920,163.30359532587002,-56.14416541416538,265.3790272938226,4224.505,4.6601,0.1257824,14.912786,50403298189.58955,88603692606.96266
5168204898273696000,50.32147714263619,-8.429299189203997,142.59235678589127,4325.408,4.6081,0.12080507,13.706349,49395979077.11598,86832931640.82494
5930756992852994688,250.5757965005707,-53.74150682339085,167.57360460542762,5098.5654,4.5693,0.3413696,12.25328,83035047600.37402,145966873150.13116
4554414145664236672,260.86891010427667,19.09161088548225,255.81506248325343,4300.894,4.6746,0.12207745,14.766021,49655429398.6432,87289017995.50964
1951207701316896128,321.71300486181855,34.55741035979151,154.93359691311116,4839.1533,4.5267,0.31504327,12.0407,79768995030.70975,140225496527.6687
5034196455440687360,14.902544590188802,-27.55998812385138,281.628552168865,4246.3286,4.6386,0.11581678,15.090925,48365397390.821556,85021277518.60211
6103153410999616384,218.29378174980127,-42.06584713638976,190.2647297157372,4190.7207,4.6828,0.10048873,14.599627,45051338237.83558,79195510375.98465
1090921663120959232,127.93956073864304,64.41747514166781,297.98993737036534,4143.3994,4.4,0.21961692,14.718669,66601178740.46334,117077861575.34084
4319891785805673856,289.92025023765194,14.554180439904927,75.56224847870797,4831.4053,4.5513,0.31265685,10.48323,79466299799.87094,139693390174.50998
4587258757009926272,277.9218931501884,28.743521091106757,267.5574857651201,5065.583,4.5952,0.30864602,13.308978,78954949097.65709,138794489466.4077
6898425361001576576,319.4906141983583,-8.003649765210238,295.39825416366307,4405.3027,4.6643,0.13969693,14.777577,53118089747.950294,93376010399.02841
5748656431110249472,128.08570695564225,-10.824711244994567,186.6864202976516,4981.1733,4.7531,0.06456619,15.135504,36112004614.39673,63481102848.465836
2170688639046032896,314.14530594831587,53.61561335350308,220.39060454014086,4499.321,4.6165,0.18302166,13.778611,60799535644.57713,106879183712.04613
2781347531567961856,9.96348588589548,15.72301138162192,212.25480485378836,4951.8823,4.5689,0.30794924,12.739741,78865776858.04387,138637734055.7192
4408326880403740928,243.1754071854801,0.2062229517461606,184.99012125988168,4437.6704,4.3502,0.2691468,13.36916,73729897080.19846,129609398025.19098
4065667861263172864,271.70476161294573,-25.354669849347683,206.35947789471916,4376.322,4.6416,0.14656937,14.377854,54408985461.28818,95645269179.31711
4104716707492147072,279.22974771151905,-13.14011423033126,260.95956345137506,5088.5493,4.5126,0.414096,13.259294,91453332401.41006,160765331695.1103
5209699745553486208,119.9612303979364,-78.69578264720671,253.7182344651244,4686.8496,4.438,0.3498018,13.287984,84054319659.15433,147758646137.6713
6091400181458205824,213.9851266705004,-50.42733083544327,203.64518556438196,3934.747,4.7417,0.05389439,15.323837,32992923322.73832,57998086262.076836
4511592668892508544,279.77960175049947,16.517879815617324,238.05824822113837,3918.6099,4.5027,0.08803483,15.68954,42167347435.51408,74125758123.48265
2334131867144366336,359.33669824430194,-27.885966621489118,271.24804660378635,4545.948,4.6282,0.1892608,14.074191,61827167863.28123,108685652980.71541
2475054657569180544,16.657882769508475,-8.473872351502704,194.90174652680844,5120.765,4.543,0.36927488,12.26388,86362240389.49454,151815727842.5851
802439223927509504,153.4797992018966,38.74997106227131,264.50413604955764,4345.4194,4.6511,0.15713838,14.550767,56336537733.465866,99033703173.56631
5468239390744183808,158.05368415129016,-27.54261123553897,268.329507869657,4399.5527,4.5998,0.17259204,14.331415,59041774041.45715,103789223841.29837
4041490115981458176,266.8220186449959,-35.168313912464946,278.30187491313717,4716.67,4.5609,0.25410494,13.764637,71639999049.35161,125935577276.22862
6235265883471669120,238.92066025733,-26.769434070163705,103.27054000992554,4235.103,4.6692,0.110308826,12.976803,47201320498.67272,82974952876.61415
11159635000886656,50.90133911532808,8.867446566729312,269.31254056165227,4325.361,4.6544,0.12973988,14.99412,51190074698.09216,89986762890.33043
5306091971478654848,144.41246699650597,-57.89611115795141,294.4240660548785,4284.7627,4.6318,0.13344078,15.1322155,51915053185.63769,91261198757.91046
5899015848811939072,216.54361421741956,-51.01849748508828,74.54532269249533,4352.379,4.6226,0.15175085,11.746337,55362358529.24631,97321198677.72772
308391502395329408,17.212997967561716,29.03451078198691,170.82239987836553,4934.55,4.5687,0.30142996,12.301378,78026517767.55467,137162404917.70135
2036950263764311168,286.3964803070817,27.31594933995468,273.9379098152742,4162.5776,4.6467,0.10525498,15.447268,46107369302.74433,81051901826.9295
5684704161914074752,145.15694122377172,-17.854255485173603,266.6140015041794,4698.0864,4.6581,0.22291614,13.745748,67099575778.72192,117953991105.75327
6278877423770129536,220.1379305691696,-22.31554740992092,182.4159084756954,5460.084,4.4497,0.6986041,11.419867,118785815171.90022,208812959302.1825
621870346308037248,150.72939602676493,15.75025965563583,160.51098423237914,4662.1553,4.5566,0.222529,12.622549,67041284310.572174,117851520840.69003
1462619918307390208,197.78906035651133,29.116235419888028,163.87635015243666,5460.68,4.5059,0.6278443,11.287177,112609490943.01193,197955631447.18942
5066318069170961024,41.87532485124446,-28.611355664326496,168.16006208076453,4115.2124,4.7015,0.083208814,14.321558,40995263602.04447,72065358121.48871
2063956360978317184,308.8927784132025,38.51243852761469,276.5339177471099,5445.619,4.4612,0.64987284,12.358208,114567968102.71747,201398428138.46124
3155741449966031360,110.3340660566047,9.84922228365128,205.67687862476944,4026.9626,4.5734,0.12740697,14.5301695,50727751305.717415,89174047032.15588
4327561257352883328,250.85357290368333,-13.534762736152093,261.5293719485341,3924.638,4.6802,0.06559551,16.357067,36398716845.150894,63985112769.896835
2745425185315549696,0.1200349489578533,6.622415660379758,172.7356583922982,4517.8623,4.6074,0.19548193,13.049243,62835102292.17032,110457495608.3415
6486272289163828608,355.39481806066465,-62.45946490557619,278.0443622597957,4195.877,4.6637,0.1039702,15.286474,45825103764.22419,80555708722.37305
6371488841500547456,318.56417222915394,-73.49303296600408,209.667719569704,4255.2524,4.4318,0.24564092,13.374566,70436760681.87553,123820410882.87595
282862599042390400,85.20397027447768,60.82866503915036,200.13059784394125,5180.8813,4.2457,0.32688302,12.58984,81254083890.73033,142836126418.44174
3711757402023633408,204.4416693789555,2.4955521489528407,276.2962261104398,4412.552,4.4672,0.21086347,13.886692,65260394062.051346,114720903245.92184
5803487735960276224,269.542963948237,-73.3888730316505,278.7577316120548,4843.0205,4.636,0.21738543,13.856314,66261953238.4803,116481538850.8022
5961102659153748864,265.55558938398764,-39.738495268757525,271.90492766117285,4592.7334,4.3986,0.25985426,14.502054,72445920977.10089,127352303191.32472
2631795911327689088,348.65139544406014,-7.047063827060793,279.1584595400894,5378.196,4.519,0.49704298,12.759576,100194986141.12668,176132238795.45428
4119673673401420416,265.6483774976561,-20.58046247606929,285.04809047041704,4672.0835,4.5285,0.23075297,14.354873,68268862564.90771,120009474193.0483
4787111316229424256,72.3552374410352,-46.41832217025177,238.83515863464305,4600.533,4.5628,0.24070808,13.360763,69725935802.9249,122570855569.35219
6028594496840254464,255.60431669448337,-30.446941792060784,220.52314684806692,4451.847,4.6608,0.15527159,14.1380205,56000901389.98668,98443689811.87134
4844988405724450560,60.854965496248056,-38.482828607060206,258.80550100025727,5009.477,4.605,0.32766065,13.099091,81350675141.38338,143005923669.58972
2318940396019629440,9.316530311679536,-29.12945201866561,253.76354986307587,4986.862,4.6039,0.31777772,13.096489,80114428633.20097,140832732439.41644
6701381534294750848,270.2577642642069,-53.89346715173645,161.26796309893484,4865.9873,4.5487,0.32145795,12.178199,80577001633.02739,141645887081.21655
3919307981455362304,179.00752713966125,11.461143049074574,126.99463199039339,5176.6904,4.3233,0.74157184,10.590006,122384278605.19989,215138679232.29877
4086458011176562944,284.16803298258645,-19.2541694977904,264.5417026664556,4843.8765,4.4296,0.4242373,12.895007,92566414595.97244,162722013026.60422
1113142655680083968,104.09276856628134,72.40392236042885,293.88669787065885,4684.6914,4.583,0.22394468,13.869555,67254197090.758194,118225799096.38545
3262545810462284288,51.2718419676025,-1.0906977655029528,90.44924379194477,4653.275,4.5727,0.24391057,11.204229,70188236034.28214,123383530712.89597
3824223182253097472,144.55409934620786,-5.148470475753223,125.89818232477812,4829.082,4.5578,0.27519214,11.696514,74553327193.28224,131056901487.13826
225788771512592768,63.821443160588,37.87239517461025,76.08744411615614,4827.9766,4.6336,0.24718165,10.797057,70657315116.50114,124208122362.69148
